gate,family,block,block_label,baseline,split_seed,estimate,ci_low,ci_high,unit,unit_label,n_units,interval_retained,source_path,source_sha256,source_pointer,qualified,source_document,source_document_sha256,arm
ranking,control_set,C,"Composition, identity, position, length",,20260923,0.30023916190983563,0.27329713104041126,0.32840899657691036,held-cluster Spearman,dimensionless Spearman,163,True,archive/logs/shared/crossed_controls_20260923/reports/crossed_controls_proteinglm_20260923/crossed_controls_proteinglm-7b-clm_fold20260923.json,ac6acadd001de02af244fda2b45b9ee24fb5e274df9660cccb10823ecf8bfbc6,summaries.C_spearman,,,,
ranking,control_set,C_L,C + dipeptide and tripeptide differences,,20260923,0.2527720592998479,0.22628245206121902,0.2792836319852184,held-cluster Spearman,dimensionless Spearman,163,True,archive/logs/shared/crossed_controls_20260923/reports/crossed_controls_proteinglm_20260923/crossed_controls_proteinglm-7b-clm_fold20260923.json,ac6acadd001de02af244fda2b45b9ee24fb5e274df9660cccb10823ecf8bfbc6,summaries.C_L_spearman,,,,
ranking,control_set,C_P,C + mutation-local profile,,20260923,0.4465876059906235,0.41803174424855116,0.4732575598326267,held-cluster Spearman,dimensionless Spearman,163,True,archive/logs/shared/crossed_controls_20260923/reports/crossed_controls_proteinglm_20260923/crossed_controls_proteinglm-7b-clm_fold20260923.json,ac6acadd001de02af244fda2b45b9ee24fb5e274df9660cccb10823ecf8bfbc6,summaries.C_P_spearman,,,,
ranking,control_set,C_L_P,C + both,,20260923,0.4297460151562348,0.40266859204143673,0.45584446412566526,held-cluster Spearman,dimensionless Spearman,163,True,archive/logs/shared/crossed_controls_20260923/reports/crossed_controls_proteinglm_20260923/crossed_controls_proteinglm-7b-clm_fold20260923.json,ac6acadd001de02af244fda2b45b9ee24fb5e274df9660cccb10823ecf8bfbc6,summaries.C_L_P_spearman,,,,
ranking,control_set,C_L_P_T,C + both + tokenisation,,20260923,0.42972428592452844,0.4026550512805815,0.4558532197646581,held-cluster Spearman,dimensionless Spearman,163,True,archive/logs/shared/crossed_controls_20260923/reports/crossed_controls_proteinglm_20260923/crossed_controls_proteinglm-7b-clm_fold20260923.json,ac6acadd001de02af244fda2b45b9ee24fb5e274df9660cccb10823ecf8bfbc6,summaries.C_L_P_T_spearman,,,,
ranking,control_set,C,"Composition, identity, position, length",,20260924,0.2972472474395941,0.26985457961493614,0.32420185511517546,held-cluster Spearman,dimensionless Spearman,163,True,archive/logs/shared/crossed_controls_20260923/reports/crossed_controls_proteinglm_20260924/crossed_controls_proteinglm-7b-clm_fold20260924.json,d979a7fe101fb8c46ab19d199518e8e203b17dcd1b6f31780f2f5fb0be27c0c1,summaries.C_spearman,,,,
ranking,control_set,C_L,C + dipeptide and tripeptide differences,,20260924,0.253825550645196,0.22616691951261378,0.28082666315112537,held-cluster Spearman,dimensionless Spearman,163,True,archive/logs/shared/crossed_controls_20260923/reports/crossed_controls_proteinglm_20260924/crossed_controls_proteinglm-7b-clm_fold20260924.json,d979a7fe101fb8c46ab19d199518e8e203b17dcd1b6f31780f2f5fb0be27c0c1,summaries.C_L_spearman,,,,
ranking,control_set,C_P,C + mutation-local profile,,20260924,0.4458955452485646,0.4183243516229816,0.4722185494227307,held-cluster Spearman,dimensionless Spearman,163,True,archive/logs/shared/crossed_controls_20260923/reports/crossed_controls_proteinglm_20260924/crossed_controls_proteinglm-7b-clm_fold20260924.json,d979a7fe101fb8c46ab19d199518e8e203b17dcd1b6f31780f2f5fb0be27c0c1,summaries.C_P_spearman,,,,
ranking,control_set,C_L_P,C + both,,20260924,0.42854706310360496,0.40115313552403237,0.4550276392793273,held-cluster Spearman,dimensionless Spearman,163,True,archive/logs/shared/crossed_controls_20260923/reports/crossed_controls_proteinglm_20260924/crossed_controls_proteinglm-7b-clm_fold20260924.json,d979a7fe101fb8c46ab19d199518e8e203b17dcd1b6f31780f2f5fb0be27c0c1,summaries.C_L_P_spearman,,,,
ranking,control_set,C_L_P_T,C + both + tokenisation,,20260924,0.4285273918948138,0.40118231680676025,0.454938105617715,held-cluster Spearman,dimensionless Spearman,163,True,archive/logs/shared/crossed_controls_20260923/reports/crossed_controls_proteinglm_20260924/crossed_controls_proteinglm-7b-clm_fold20260924.json,d979a7fe101fb8c46ab19d199518e8e203b17dcd1b6f31780f2f5fb0be27c0c1,summaries.C_L_P_T_spearman,,,,
ranking,control_set,C,"Composition, identity, position, length",,20260925,0.30194015525377105,0.2745831811891547,0.32848195310479467,held-cluster Spearman,dimensionless Spearman,163,True,archive/logs/shared/crossed_controls_20260923/reports/crossed_controls_proteinglm_20260925/crossed_controls_proteinglm-7b-clm_fold20260925.json,c4b83a1a5a958d01aaf60af7f0dc16e04d2c52cb6ca5d4da7960e5eee95d9782,summaries.C_spearman,,,,
ranking,control_set,C_L,C + dipeptide and tripeptide differences,,20260925,0.2588713748113799,0.23233757972185937,0.2843831857185497,held-cluster Spearman,dimensionless Spearman,163,True,archive/logs/shared/crossed_controls_20260923/reports/crossed_controls_proteinglm_20260925/crossed_controls_proteinglm-7b-clm_fold20260925.json,c4b83a1a5a958d01aaf60af7f0dc16e04d2c52cb6ca5d4da7960e5eee95d9782,summaries.C_L_spearman,,,,
ranking,control_set,C_P,C + mutation-local profile,,20260925,0.4531628585686449,0.42463281550120213,0.4798998119270053,held-cluster Spearman,dimensionless Spearman,163,True,archive/logs/shared/crossed_controls_20260923/reports/crossed_controls_proteinglm_20260925/crossed_controls_proteinglm-7b-clm_fold20260925.json,c4b83a1a5a958d01aaf60af7f0dc16e04d2c52cb6ca5d4da7960e5eee95d9782,summaries.C_P_spearman,,,,
ranking,control_set,C_L_P,C + both,,20260925,0.4326935096016781,0.4055382553696979,0.4592018804134951,held-cluster Spearman,dimensionless Spearman,163,True,archive/logs/shared/crossed_controls_20260923/reports/crossed_controls_proteinglm_20260925/crossed_controls_proteinglm-7b-clm_fold20260925.json,c4b83a1a5a958d01aaf60af7f0dc16e04d2c52cb6ca5d4da7960e5eee95d9782,summaries.C_L_P_spearman,,,,
ranking,control_set,C_L_P_T,C + both + tokenisation,,20260925,0.4329206083862746,0.4056473161257989,0.4596322686388568,held-cluster Spearman,dimensionless Spearman,163,True,archive/logs/shared/crossed_controls_20260923/reports/crossed_controls_proteinglm_20260925/crossed_controls_proteinglm-7b-clm_fold20260925.json,c4b83a1a5a958d01aaf60af7f0dc16e04d2c52cb6ca5d4da7960e5eee95d9782,summaries.C_L_P_T_spearman,,,,
ranking,refused_block,dipeptide_tripeptide,400 dipeptide + projected tripeptide differences,C,20260923,-0.04746710260998771,,,held-cluster Spearman,dimensionless Spearman,163,False,archive/logs/shared/crossed_controls_20260923/reports/crossed_controls_proteinglm_20260923/crossed_controls_proteinglm-7b-clm_fold20260923.json,ac6acadd001de02af244fda2b45b9ee24fb5e274df9660cccb10823ecf8bfbc6,summaries.C_L_spearman minus summaries.C_spearman,,,,
ranking,refused_block,dipeptide_tripeptide,400 dipeptide + projected tripeptide differences,C_P,20260923,-0.016841590834388742,,,held-cluster Spearman,dimensionless Spearman,163,False,archive/logs/shared/crossed_controls_20260923/reports/crossed_controls_proteinglm_20260923/crossed_controls_proteinglm-7b-clm_fold20260923.json,ac6acadd001de02af244fda2b45b9ee24fb5e274df9660cccb10823ecf8bfbc6,summaries.C_L_P_spearman minus summaries.C_P_spearman,,,,
ranking,refused_block,dipeptide_tripeptide,400 dipeptide + projected tripeptide differences,C,20260924,-0.04342169679439806,,,held-cluster Spearman,dimensionless Spearman,163,False,archive/logs/shared/crossed_controls_20260923/reports/crossed_controls_proteinglm_20260924/crossed_controls_proteinglm-7b-clm_fold20260924.json,d979a7fe101fb8c46ab19d199518e8e203b17dcd1b6f31780f2f5fb0be27c0c1,summaries.C_L_spearman minus summaries.C_spearman,,,,
ranking,refused_block,dipeptide_tripeptide,400 dipeptide + projected tripeptide differences,C_P,20260924,-0.017348482144959654,,,held-cluster Spearman,dimensionless Spearman,163,False,archive/logs/shared/crossed_controls_20260923/reports/crossed_controls_proteinglm_20260924/crossed_controls_proteinglm-7b-clm_fold20260924.json,d979a7fe101fb8c46ab19d199518e8e203b17dcd1b6f31780f2f5fb0be27c0c1,summaries.C_L_P_spearman minus summaries.C_P_spearman,,,,
ranking,refused_block,dipeptide_tripeptide,400 dipeptide + projected tripeptide differences,C,20260925,-0.04306878044239115,,,held-cluster Spearman,dimensionless Spearman,163,False,archive/logs/shared/crossed_controls_20260923/reports/crossed_controls_proteinglm_20260925/crossed_controls_proteinglm-7b-clm_fold20260925.json,c4b83a1a5a958d01aaf60af7f0dc16e04d2c52cb6ca5d4da7960e5eee95d9782,summaries.C_L_spearman minus summaries.C_spearman,,,,
ranking,refused_block,dipeptide_tripeptide,400 dipeptide + projected tripeptide differences,C_P,20260925,-0.020469348966966838,,,held-cluster Spearman,dimensionless Spearman,163,False,archive/logs/shared/crossed_controls_20260923/reports/crossed_controls_proteinglm_20260925/crossed_controls_proteinglm-7b-clm_fold20260925.json,c4b83a1a5a958d01aaf60af7f0dc16e04d2c52cb6ca5d4da7960e5eee95d9782,summaries.C_L_P_spearman minus summaries.C_P_spearman,,,,
ranking,candidate_contribution,wcomp,Window chemical-class fractions and entropy,C,20260923,0.02409,0.01453,0.03359,held-cluster Spearman,dimensionless Spearman,163,True,,,"candidate qualification table, wcomp at split seed 20260923",True,archive/docs/R1/gate-local-context.md,360cbef9b717eb567153c3636d1529b8ed307e1b92009adaf31e8e359f3606aa,
ranking,candidate_contribution,wcomp,Window chemical-class fractions and entropy,C+P,20260923,0.02542,0.01863,0.033,held-cluster Spearman,dimensionless Spearman,163,True,,,"candidate qualification table, wcomp at split seed 20260923",True,archive/docs/R1/gate-local-context.md,360cbef9b717eb567153c3636d1529b8ed307e1b92009adaf31e8e359f3606aa,
ranking,candidate_alone,wcomp,Window chemical-class fractions and entropy,,20260923,0.10872,0.08781,0.13007,held-cluster Spearman,dimensionless Spearman,163,True,,,"candidate qualification table, wcomp at split seed 20260923",True,archive/docs/R1/gate-local-context.md,360cbef9b717eb567153c3636d1529b8ed307e1b92009adaf31e8e359f3606aa,
ranking,candidate_contribution,wcomp,Window chemical-class fractions and entropy,C,20260924,0.02659,0.01705,0.03611,held-cluster Spearman,dimensionless Spearman,163,True,,,"candidate qualification table, wcomp at split seed 20260924",True,archive/docs/R1/gate-local-context.md,360cbef9b717eb567153c3636d1529b8ed307e1b92009adaf31e8e359f3606aa,
ranking,candidate_contribution,wcomp,Window chemical-class fractions and entropy,C+P,20260924,0.02363,0.01687,0.03113,held-cluster Spearman,dimensionless Spearman,163,True,,,"candidate qualification table, wcomp at split seed 20260924",True,archive/docs/R1/gate-local-context.md,360cbef9b717eb567153c3636d1529b8ed307e1b92009adaf31e8e359f3606aa,
ranking,candidate_alone,wcomp,Window chemical-class fractions and entropy,,20260924,0.10933,0.08815,0.13188,held-cluster Spearman,dimensionless Spearman,163,True,,,"candidate qualification table, wcomp at split seed 20260924",True,archive/docs/R1/gate-local-context.md,360cbef9b717eb567153c3636d1529b8ed307e1b92009adaf31e8e359f3606aa,
ranking,candidate_contribution,wcomp,Window chemical-class fractions and entropy,C,20260925,0.02533,0.01582,0.03492,held-cluster Spearman,dimensionless Spearman,163,True,,,"candidate qualification table, wcomp at split seed 20260925",True,archive/docs/R1/gate-local-context.md,360cbef9b717eb567153c3636d1529b8ed307e1b92009adaf31e8e359f3606aa,
ranking,candidate_contribution,wcomp,Window chemical-class fractions and entropy,C+P,20260925,0.02221,0.01603,0.02891,held-cluster Spearman,dimensionless Spearman,163,True,,,"candidate qualification table, wcomp at split seed 20260925",True,archive/docs/R1/gate-local-context.md,360cbef9b717eb567153c3636d1529b8ed307e1b92009adaf31e8e359f3606aa,
ranking,candidate_alone,wcomp,Window chemical-class fractions and entropy,,20260925,0.11029,0.08849,0.13243,held-cluster Spearman,dimensionless Spearman,163,True,,,"candidate qualification table, wcomp at split seed 20260925",True,archive/docs/R1/gate-local-context.md,360cbef9b717eb567153c3636d1529b8ed307e1b92009adaf31e8e359f3606aa,
ranking,candidate_contribution,wchem,Window physicochemical scales,C,20260923,0.01072,0.00078,0.02076,held-cluster Spearman,dimensionless Spearman,163,True,,,"candidate qualification table, wchem at split seed 20260923",True,archive/docs/R1/gate-local-context.md,360cbef9b717eb567153c3636d1529b8ed307e1b92009adaf31e8e359f3606aa,
ranking,candidate_contribution,wchem,Window physicochemical scales,C+P,20260923,0.00995,0.00269,0.01701,held-cluster Spearman,dimensionless Spearman,163,True,,,"candidate qualification table, wchem at split seed 20260923",True,archive/docs/R1/gate-local-context.md,360cbef9b717eb567153c3636d1529b8ed307e1b92009adaf31e8e359f3606aa,
ranking,candidate_alone,wchem,Window physicochemical scales,,20260923,0.19938,0.16881,0.23016,held-cluster Spearman,dimensionless Spearman,163,True,,,"candidate qualification table, wchem at split seed 20260923",True,archive/docs/R1/gate-local-context.md,360cbef9b717eb567153c3636d1529b8ed307e1b92009adaf31e8e359f3606aa,
ranking,candidate_contribution,wchem,Window physicochemical scales,C,20260924,0.01194,0.00204,0.02176,held-cluster Spearman,dimensionless Spearman,163,True,,,"candidate qualification table, wchem at split seed 20260924",True,archive/docs/R1/gate-local-context.md,360cbef9b717eb567153c3636d1529b8ed307e1b92009adaf31e8e359f3606aa,
ranking,candidate_contribution,wchem,Window physicochemical scales,C+P,20260924,0.01005,0.00325,0.01705,held-cluster Spearman,dimensionless Spearman,163,True,,,"candidate qualification table, wchem at split seed 20260924",True,archive/docs/R1/gate-local-context.md,360cbef9b717eb567153c3636d1529b8ed307e1b92009adaf31e8e359f3606aa,
ranking,candidate_alone,wchem,Window physicochemical scales,,20260924,0.20486,0.17428,0.2357,held-cluster Spearman,dimensionless Spearman,163,True,,,"candidate qualification table, wchem at split seed 20260924",True,archive/docs/R1/gate-local-context.md,360cbef9b717eb567153c3636d1529b8ed307e1b92009adaf31e8e359f3606aa,
ranking,candidate_contribution,wchem,Window physicochemical scales,C,20260925,0.01068,0.00027,0.02088,held-cluster Spearman,dimensionless Spearman,163,True,,,"candidate qualification table, wchem at split seed 20260925",True,archive/docs/R1/gate-local-context.md,360cbef9b717eb567153c3636d1529b8ed307e1b92009adaf31e8e359f3606aa,
ranking,candidate_contribution,wchem,Window physicochemical scales,C+P,20260925,0.00801,0.00209,0.01418,held-cluster Spearman,dimensionless Spearman,163,True,,,"candidate qualification table, wchem at split seed 20260925",True,archive/docs/R1/gate-local-context.md,360cbef9b717eb567153c3636d1529b8ed307e1b92009adaf31e8e359f3606aa,
ranking,candidate_alone,wchem,Window physicochemical scales,,20260925,0.19939,0.16869,0.2302,held-cluster Spearman,dimensionless Spearman,163,True,,,"candidate qualification table, wchem at split seed 20260925",True,archive/docs/R1/gate-local-context.md,360cbef9b717eb567153c3636d1529b8ed307e1b92009adaf31e8e359f3606aa,
ranking,candidate_contribution,wsub,Window substitution scores,C,20260923,-0.01245,-0.0226,-0.00291,held-cluster Spearman,dimensionless Spearman,163,True,,,"candidate qualification table, wsub at split seed 20260923",False,archive/docs/R1/gate-local-context.md,360cbef9b717eb567153c3636d1529b8ed307e1b92009adaf31e8e359f3606aa,
ranking,candidate_contribution,wsub,Window substitution scores,C+P,20260923,0.0029,0.00012,0.00563,held-cluster Spearman,dimensionless Spearman,163,True,,,"candidate qualification table, wsub at split seed 20260923",False,archive/docs/R1/gate-local-context.md,360cbef9b717eb567153c3636d1529b8ed307e1b92009adaf31e8e359f3606aa,
ranking,candidate_alone,wsub,Window substitution scores,,20260923,0.12395,0.10061,0.14818,held-cluster Spearman,dimensionless Spearman,163,True,,,"candidate qualification table, wsub at split seed 20260923",False,archive/docs/R1/gate-local-context.md,360cbef9b717eb567153c3636d1529b8ed307e1b92009adaf31e8e359f3606aa,
ranking,candidate_contribution,wsub,Window substitution scores,C,20260924,-0.00164,-0.0083,0.00514,held-cluster Spearman,dimensionless Spearman,163,True,,,"candidate qualification table, wsub at split seed 20260924",False,archive/docs/R1/gate-local-context.md,360cbef9b717eb567153c3636d1529b8ed307e1b92009adaf31e8e359f3606aa,
ranking,candidate_contribution,wsub,Window substitution scores,C+P,20260924,0.00391,0.00116,0.0067,held-cluster Spearman,dimensionless Spearman,163,True,,,"candidate qualification table, wsub at split seed 20260924",False,archive/docs/R1/gate-local-context.md,360cbef9b717eb567153c3636d1529b8ed307e1b92009adaf31e8e359f3606aa,
ranking,candidate_alone,wsub,Window substitution scores,,20260924,0.1242,0.10046,0.14794,held-cluster Spearman,dimensionless Spearman,163,True,,,"candidate qualification table, wsub at split seed 20260924",False,archive/docs/R1/gate-local-context.md,360cbef9b717eb567153c3636d1529b8ed307e1b92009adaf31e8e359f3606aa,
ranking,candidate_contribution,wsub,Window substitution scores,C,20260925,-0.00127,-0.00792,0.00539,held-cluster Spearman,dimensionless Spearman,163,True,,,"candidate qualification table, wsub at split seed 20260925",False,archive/docs/R1/gate-local-context.md,360cbef9b717eb567153c3636d1529b8ed307e1b92009adaf31e8e359f3606aa,
ranking,candidate_contribution,wsub,Window substitution scores,C+P,20260925,0.00279,0.00031,0.00528,held-cluster Spearman,dimensionless Spearman,163,True,,,"candidate qualification table, wsub at split seed 20260925",False,archive/docs/R1/gate-local-context.md,360cbef9b717eb567153c3636d1529b8ed307e1b92009adaf31e8e359f3606aa,
ranking,candidate_alone,wsub,Window substitution scores,,20260925,0.12395,0.10053,0.14761,held-cluster Spearman,dimensionless Spearman,163,True,,,"candidate qualification table, wsub at split seed 20260925",False,archive/docs/R1/gate-local-context.md,360cbef9b717eb567153c3636d1529b8ed307e1b92009adaf31e8e359f3606aa,
ranking,candidate_contribution,wall,"Union of the three window blocks, 111 columns",C,20260923,0.03485,0.02295,0.0467,held-cluster Spearman,dimensionless Spearman,163,True,,,"candidate qualification table, wall at split seed 20260923",True,archive/docs/R1/gate-local-context.md,360cbef9b717eb567153c3636d1529b8ed307e1b92009adaf31e8e359f3606aa,
ranking,candidate_contribution,wall,"Union of the three window blocks, 111 columns",C+P,20260923,0.03296,0.02296,0.04344,held-cluster Spearman,dimensionless Spearman,163,True,,,"candidate qualification table, wall at split seed 20260923",True,archive/docs/R1/gate-local-context.md,360cbef9b717eb567153c3636d1529b8ed307e1b92009adaf31e8e359f3606aa,
ranking,candidate_alone,wall,"Union of the three window blocks, 111 columns",,20260923,0.25613,0.2262,0.28571,held-cluster Spearman,dimensionless Spearman,163,True,,,"candidate qualification table, wall at split seed 20260923",True,archive/docs/R1/gate-local-context.md,360cbef9b717eb567153c3636d1529b8ed307e1b92009adaf31e8e359f3606aa,
ranking,candidate_contribution,wall,"Union of the three window blocks, 111 columns",C,20260924,0.03661,0.02524,0.04857,held-cluster Spearman,dimensionless Spearman,163,True,,,"candidate qualification table, wall at split seed 20260924",True,archive/docs/R1/gate-local-context.md,360cbef9b717eb567153c3636d1529b8ed307e1b92009adaf31e8e359f3606aa,
ranking,candidate_contribution,wall,"Union of the three window blocks, 111 columns",C+P,20260924,0.03316,0.02372,0.0436,held-cluster Spearman,dimensionless Spearman,163,True,,,"candidate qualification table, wall at split seed 20260924",True,archive/docs/R1/gate-local-context.md,360cbef9b717eb567153c3636d1529b8ed307e1b92009adaf31e8e359f3606aa,
ranking,candidate_alone,wall,"Union of the three window blocks, 111 columns",,20260924,0.25981,0.23101,0.28977,held-cluster Spearman,dimensionless Spearman,163,True,,,"candidate qualification table, wall at split seed 20260924",True,archive/docs/R1/gate-local-context.md,360cbef9b717eb567153c3636d1529b8ed307e1b92009adaf31e8e359f3606aa,
ranking,candidate_contribution,wall,"Union of the three window blocks, 111 columns",C,20260925,0.03387,0.02228,0.04622,held-cluster Spearman,dimensionless Spearman,163,True,,,"candidate qualification table, wall at split seed 20260925",True,archive/docs/R1/gate-local-context.md,360cbef9b717eb567153c3636d1529b8ed307e1b92009adaf31e8e359f3606aa,
ranking,candidate_contribution,wall,"Union of the three window blocks, 111 columns",C+P,20260925,0.02973,0.02058,0.03926,held-cluster Spearman,dimensionless Spearman,163,True,,,"candidate qualification table, wall at split seed 20260925",True,archive/docs/R1/gate-local-context.md,360cbef9b717eb567153c3636d1529b8ed307e1b92009adaf31e8e359f3606aa,
ranking,candidate_alone,wall,"Union of the three window blocks, 111 columns",,20260925,0.25498,0.22534,0.28468,held-cluster Spearman,dimensionless Spearman,163,True,,,"candidate qualification table, wall at split seed 20260925",True,archive/docs/R1/gate-local-context.md,360cbef9b717eb567153c3636d1529b8ed307e1b92009adaf31e8e359f3606aa,
ranking,candidate_contribution,rf3,"Bounded window, radius 3 residues",C,20260923,0.01892,0.00706,0.03109,held-cluster Spearman,dimensionless Spearman,163,True,,,"candidate qualification table, rf3 at split seed 20260923",True,archive/docs/R1/gate-local-context.md,360cbef9b717eb567153c3636d1529b8ed307e1b92009adaf31e8e359f3606aa,
ranking,candidate_contribution,rf3,"Bounded window, radius 3 residues",C+P,20260923,0.00496,-0.00081,0.01092,held-cluster Spearman,dimensionless Spearman,163,True,,,"candidate qualification table, rf3 at split seed 20260923",True,archive/docs/R1/gate-local-context.md,360cbef9b717eb567153c3636d1529b8ed307e1b92009adaf31e8e359f3606aa,
ranking,candidate_alone,rf3,"Bounded window, radius 3 residues",,20260923,0.27559,0.24053,0.30991,held-cluster Spearman,dimensionless Spearman,163,True,,,"candidate qualification table, rf3 at split seed 20260923",True,archive/docs/R1/gate-local-context.md,360cbef9b717eb567153c3636d1529b8ed307e1b92009adaf31e8e359f3606aa,
ranking,candidate_contribution,rf3,"Bounded window, radius 3 residues",C,20260924,0.01936,0.00733,0.03146,held-cluster Spearman,dimensionless Spearman,163,True,,,"candidate qualification table, rf3 at split seed 20260924",True,archive/docs/R1/gate-local-context.md,360cbef9b717eb567153c3636d1529b8ed307e1b92009adaf31e8e359f3606aa,
ranking,candidate_contribution,rf3,"Bounded window, radius 3 residues",C+P,20260924,0.00871,0.00273,0.01435,held-cluster Spearman,dimensionless Spearman,163,True,,,"candidate qualification table, rf3 at split seed 20260924",True,archive/docs/R1/gate-local-context.md,360cbef9b717eb567153c3636d1529b8ed307e1b92009adaf31e8e359f3606aa,
ranking,candidate_alone,rf3,"Bounded window, radius 3 residues",,20260924,0.27076,0.23579,0.30355,held-cluster Spearman,dimensionless Spearman,163,True,,,"candidate qualification table, rf3 at split seed 20260924",True,archive/docs/R1/gate-local-context.md,360cbef9b717eb567153c3636d1529b8ed307e1b92009adaf31e8e359f3606aa,
ranking,candidate_contribution,rf3,"Bounded window, radius 3 residues",C,20260925,0.01763,0.00456,0.03056,held-cluster Spearman,dimensionless Spearman,163,True,,,"candidate qualification table, rf3 at split seed 20260925",True,archive/docs/R1/gate-local-context.md,360cbef9b717eb567153c3636d1529b8ed307e1b92009adaf31e8e359f3606aa,
ranking,candidate_contribution,rf3,"Bounded window, radius 3 residues",C+P,20260925,0.00082,-0.00545,0.00701,held-cluster Spearman,dimensionless Spearman,163,True,,,"candidate qualification table, rf3 at split seed 20260925",True,archive/docs/R1/gate-local-context.md,360cbef9b717eb567153c3636d1529b8ed307e1b92009adaf31e8e359f3606aa,
ranking,candidate_alone,rf3,"Bounded window, radius 3 residues",,20260925,0.2738,0.23866,0.30722,held-cluster Spearman,dimensionless Spearman,163,True,,,"candidate qualification table, rf3 at split seed 20260925",True,archive/docs/R1/gate-local-context.md,360cbef9b717eb567153c3636d1529b8ed307e1b92009adaf31e8e359f3606aa,
ranking,candidate_contribution,rf7,"Bounded window, radius 7 residues",C,20260923,0.02559,0.01289,0.03828,held-cluster Spearman,dimensionless Spearman,163,True,,,"candidate qualification table, rf7 at split seed 20260923",False,archive/docs/R1/gate-local-context.md,360cbef9b717eb567153c3636d1529b8ed307e1b92009adaf31e8e359f3606aa,
ranking,candidate_contribution,rf7,"Bounded window, radius 7 residues",C+P,20260923,0.00085,-0.00495,0.00669,held-cluster Spearman,dimensionless Spearman,163,True,,,"candidate qualification table, rf7 at split seed 20260923",False,archive/docs/R1/gate-local-context.md,360cbef9b717eb567153c3636d1529b8ed307e1b92009adaf31e8e359f3606aa,
ranking,candidate_alone,rf7,"Bounded window, radius 7 residues",,20260923,0.2826,0.24773,0.31588,held-cluster Spearman,dimensionless Spearman,163,True,,,"candidate qualification table, rf7 at split seed 20260923",False,archive/docs/R1/gate-local-context.md,360cbef9b717eb567153c3636d1529b8ed307e1b92009adaf31e8e359f3606aa,
ranking,candidate_contribution,rf7,"Bounded window, radius 7 residues",C,20260924,0.03111,0.01742,0.04537,held-cluster Spearman,dimensionless Spearman,163,True,,,"candidate qualification table, rf7 at split seed 20260924",False,archive/docs/R1/gate-local-context.md,360cbef9b717eb567153c3636d1529b8ed307e1b92009adaf31e8e359f3606aa,
ranking,candidate_contribution,rf7,"Bounded window, radius 7 residues",C+P,20260924,0.01102,0.00441,0.01742,held-cluster Spearman,dimensionless Spearman,163,True,,,"candidate qualification table, rf7 at split seed 20260924",False,archive/docs/R1/gate-local-context.md,360cbef9b717eb567153c3636d1529b8ed307e1b92009adaf31e8e359f3606aa,
ranking,candidate_alone,rf7,"Bounded window, radius 7 residues",,20260924,0.28659,0.25282,0.31997,held-cluster Spearman,dimensionless Spearman,163,True,,,"candidate qualification table, rf7 at split seed 20260924",False,archive/docs/R1/gate-local-context.md,360cbef9b717eb567153c3636d1529b8ed307e1b92009adaf31e8e359f3606aa,
ranking,candidate_contribution,rf7,"Bounded window, radius 7 residues",C,20260925,0.02657,0.01223,0.04054,held-cluster Spearman,dimensionless Spearman,163,True,,,"candidate qualification table, rf7 at split seed 20260925",False,archive/docs/R1/gate-local-context.md,360cbef9b717eb567153c3636d1529b8ed307e1b92009adaf31e8e359f3606aa,
ranking,candidate_contribution,rf7,"Bounded window, radius 7 residues",C+P,20260925,-0.00161,-0.00807,0.00458,held-cluster Spearman,dimensionless Spearman,163,True,,,"candidate qualification table, rf7 at split seed 20260925",False,archive/docs/R1/gate-local-context.md,360cbef9b717eb567153c3636d1529b8ed307e1b92009adaf31e8e359f3606aa,
ranking,candidate_alone,rf7,"Bounded window, radius 7 residues",,20260925,0.2813,0.24712,0.31475,held-cluster Spearman,dimensionless Spearman,163,True,,,"candidate qualification table, rf7 at split seed 20260925",False,archive/docs/R1/gate-local-context.md,360cbef9b717eb567153c3636d1529b8ed307e1b92009adaf31e8e359f3606aa,
interaction,control_rung,C,Sequence and profile control over the additive null,ADDITIVE_NULL,20260923,0.5261801933248502,0.3754884542637422,0.6674454022313269,group-equal squared error reduction,kcal$^2$/mol$^2$,64,True,archive/logs/R3/pairwise_epistasis_20260924/panel/panel.json,65b5cc3cdf654ed523d97aa6c9e2c540246f3d7f7f8e48571a39419391d43ba0,panel.all.C|ADDITIVE_NULL.arms.*.per_seed.20260923,,,,
interaction,control_rung,C,Sequence and profile control over the additive null,ADDITIVE_NULL,20260924,0.520005677412651,0.3686535140558055,0.6608658873153008,group-equal squared error reduction,kcal$^2$/mol$^2$,64,True,archive/logs/R3/pairwise_epistasis_20260924/panel/panel.json,65b5cc3cdf654ed523d97aa6c9e2c540246f3d7f7f8e48571a39419391d43ba0,panel.all.C|ADDITIVE_NULL.arms.*.per_seed.20260924,,,,
interaction,control_rung,C,Sequence and profile control over the additive null,ADDITIVE_NULL,20260925,0.5170894111996069,0.3593904189239082,0.6619193191105394,group-equal squared error reduction,kcal$^2$/mol$^2$,64,True,archive/logs/R3/pairwise_epistasis_20260924/panel/panel.json,65b5cc3cdf654ed523d97aa6c9e2c540246f3d7f7f8e48571a39419391d43ba0,panel.all.C|ADDITIVE_NULL.arms.*.per_seed.20260925,,,,
interaction,control_rung,G,Nonlinear-additive global response over C,C,20260923,0.002151238370772493,-0.0008447760367322338,0.005346207666463043,group-equal squared error reduction,kcal$^2$/mol$^2$,64,True,archive/logs/R3/pairwise_epistasis_20260924/panel/panel.json,65b5cc3cdf654ed523d97aa6c9e2c540246f3d7f7f8e48571a39419391d43ba0,panel.all.C_G|C.arms.*.per_seed.20260923,,,,
interaction,control_rung,G,Nonlinear-additive global response over C,C,20260924,0.001667938362300935,-0.0019386823545206235,0.004845745485216155,group-equal squared error reduction,kcal$^2$/mol$^2$,64,True,archive/logs/R3/pairwise_epistasis_20260924/panel/panel.json,65b5cc3cdf654ed523d97aa6c9e2c540246f3d7f7f8e48571a39419391d43ba0,panel.all.C_G|C.arms.*.per_seed.20260924,,,,
interaction,control_rung,G,Nonlinear-additive global response over C,C,20260925,0.0010674239702028448,-0.002310474618501985,0.0046255922240635945,group-equal squared error reduction,kcal$^2$/mol$^2$,64,True,archive/logs/R3/pairwise_epistasis_20260924/panel/panel.json,65b5cc3cdf654ed523d97aa6c9e2c540246f3d7f7f8e48571a39419391d43ba0,panel.all.C_G|C.arms.*.per_seed.20260925,,,,
interaction,control_rung_per_arm,T,Tokenisation descriptors over C+G,C_G,20260923,-0.001004601717727662,-0.0035685089102690383,0.0014255002084138351,group-equal squared error reduction,kcal$^2$/mol$^2$,64,True,archive/logs/R3/pairwise_epistasis_20260924/panel/panel.json,65b5cc3cdf654ed523d97aa6c9e2c540246f3d7f7f8e48571a39419391d43ba0,panel.all.C_G_T|C_G.arms.bygpt5-base-en.per_seed.20260923,,,,bygpt5-base-en
interaction,control_rung_per_arm,T,Tokenisation descriptors over C+G,C_G,20260924,-0.0005437872794090213,-0.002969438140843178,0.0018505204424129672,group-equal squared error reduction,kcal$^2$/mol$^2$,64,True,archive/logs/R3/pairwise_epistasis_20260924/panel/panel.json,65b5cc3cdf654ed523d97aa6c9e2c540246f3d7f7f8e48571a39419391d43ba0,panel.all.C_G_T|C_G.arms.bygpt5-base-en.per_seed.20260924,,,,bygpt5-base-en
interaction,control_rung_per_arm,T,Tokenisation descriptors over C+G,C_G,20260925,-0.0008356695528908555,-0.0034318390499772826,0.0014385653239081036,group-equal squared error reduction,kcal$^2$/mol$^2$,64,True,archive/logs/R3/pairwise_epistasis_20260924/panel/panel.json,65b5cc3cdf654ed523d97aa6c9e2c540246f3d7f7f8e48571a39419391d43ba0,panel.all.C_G_T|C_G.arms.bygpt5-base-en.per_seed.20260925,,,,bygpt5-base-en
interaction,control_rung_per_arm,T,Tokenisation descriptors over C+G,C_G,20260923,-0.001004601717727662,-0.0035685089102690383,0.0014255002084138351,group-equal squared error reduction,kcal$^2$/mol$^2$,64,True,archive/logs/R3/pairwise_epistasis_20260924/panel/panel.json,65b5cc3cdf654ed523d97aa6c9e2c540246f3d7f7f8e48571a39419391d43ba0,panel.all.C_G_T|C_G.arms.bygpt5-medium-en.per_seed.20260923,,,,bygpt5-medium-en
interaction,control_rung_per_arm,T,Tokenisation descriptors over C+G,C_G,20260924,-0.0005437872794090213,-0.002969438140843178,0.0018505204424129672,group-equal squared error reduction,kcal$^2$/mol$^2$,64,True,archive/logs/R3/pairwise_epistasis_20260924/panel/panel.json,65b5cc3cdf654ed523d97aa6c9e2c540246f3d7f7f8e48571a39419391d43ba0,panel.all.C_G_T|C_G.arms.bygpt5-medium-en.per_seed.20260924,,,,bygpt5-medium-en
interaction,control_rung_per_arm,T,Tokenisation descriptors over C+G,C_G,20260925,-0.0008356695528908555,-0.0034318390499772826,0.0014385653239081036,group-equal squared error reduction,kcal$^2$/mol$^2$,64,True,archive/logs/R3/pairwise_epistasis_20260924/panel/panel.json,65b5cc3cdf654ed523d97aa6c9e2c540246f3d7f7f8e48571a39419391d43ba0,panel.all.C_G_T|C_G.arms.bygpt5-medium-en.per_seed.20260925,,,,bygpt5-medium-en
interaction,control_rung_per_arm,T,Tokenisation descriptors over C+G,C_G,20260923,-0.001004601717727662,-0.0035685089102690383,0.0014255002084138351,group-equal squared error reduction,kcal$^2$/mol$^2$,64,True,archive/logs/R3/pairwise_epistasis_20260924/panel/panel.json,65b5cc3cdf654ed523d97aa6c9e2c540246f3d7f7f8e48571a39419391d43ba0,panel.all.C_G_T|C_G.arms.bygpt5-small-en.per_seed.20260923,,,,bygpt5-small-en
interaction,control_rung_per_arm,T,Tokenisation descriptors over C+G,C_G,20260924,-0.0005437872794090213,-0.002969438140843178,0.0018505204424129672,group-equal squared error reduction,kcal$^2$/mol$^2$,64,True,archive/logs/R3/pairwise_epistasis_20260924/panel/panel.json,65b5cc3cdf654ed523d97aa6c9e2c540246f3d7f7f8e48571a39419391d43ba0,panel.all.C_G_T|C_G.arms.bygpt5-small-en.per_seed.20260924,,,,bygpt5-small-en
interaction,control_rung_per_arm,T,Tokenisation descriptors over C+G,C_G,20260925,-0.0008356695528908555,-0.0034318390499772826,0.0014385653239081036,group-equal squared error reduction,kcal$^2$/mol$^2$,64,True,archive/logs/R3/pairwise_epistasis_20260924/panel/panel.json,65b5cc3cdf654ed523d97aa6c9e2c540246f3d7f7f8e48571a39419391d43ba0,panel.all.C_G_T|C_G.arms.bygpt5-small-en.per_seed.20260925,,,,bygpt5-small-en
interaction,control_rung_per_arm,T,Tokenisation descriptors over C+G,C_G,20260923,-0.0004350175173906453,-0.003540750387973504,0.0024922657472780997,group-equal squared error reduction,kcal$^2$/mol$^2$,64,True,archive/logs/R3/pairwise_epistasis_20260924/panel/panel.json,65b5cc3cdf654ed523d97aa6c9e2c540246f3d7f7f8e48571a39419391d43ba0,panel.all.C_G_T|C_G.arms.dialogpt-small.per_seed.20260923,,,,dialogpt-small
interaction,control_rung_per_arm,T,Tokenisation descriptors over C+G,C_G,20260924,-0.00045342444221433136,-0.003476407084336132,0.002522118299770169,group-equal squared error reduction,kcal$^2$/mol$^2$,64,True,archive/logs/R3/pairwise_epistasis_20260924/panel/panel.json,65b5cc3cdf654ed523d97aa6c9e2c540246f3d7f7f8e48571a39419391d43ba0,panel.all.C_G_T|C_G.arms.dialogpt-small.per_seed.20260924,,,,dialogpt-small
interaction,control_rung_per_arm,T,Tokenisation descriptors over C+G,C_G,20260925,-0.001466901947563306,-0.004689609610616121,0.0014735801004256827,group-equal squared error reduction,kcal$^2$/mol$^2$,64,True,archive/logs/R3/pairwise_epistasis_20260924/panel/panel.json,65b5cc3cdf654ed523d97aa6c9e2c540246f3d7f7f8e48571a39419391d43ba0,panel.all.C_G_T|C_G.arms.dialogpt-small.per_seed.20260925,,,,dialogpt-small
interaction,control_rung_per_arm,T,Tokenisation descriptors over C+G,C_G,20260923,-0.0010046017177276622,-0.003568508910269037,0.0014255002084138215,group-equal squared error reduction,kcal$^2$/mol$^2$,64,True,archive/logs/R3/pairwise_epistasis_20260924/panel/panel.json,65b5cc3cdf654ed523d97aa6c9e2c540246f3d7f7f8e48571a39419391d43ba0,panel.all.C_G_T|C_G.arms.galactica-1.3b.per_seed.20260923,,,,galactica-1.3b
interaction,control_rung_per_arm,T,Tokenisation descriptors over C+G,C_G,20260924,-0.0005437872794090272,-0.0029694381408432017,0.001850520442412966,group-equal squared error reduction,kcal$^2$/mol$^2$,64,True,archive/logs/R3/pairwise_epistasis_20260924/panel/panel.json,65b5cc3cdf654ed523d97aa6c9e2c540246f3d7f7f8e48571a39419391d43ba0,panel.all.C_G_T|C_G.arms.galactica-1.3b.per_seed.20260924,,,,galactica-1.3b
interaction,control_rung_per_arm,T,Tokenisation descriptors over C+G,C_G,20260925,-0.0008356695528908956,-0.0034318390499772818,0.0014385653239080622,group-equal squared error reduction,kcal$^2$/mol$^2$,64,True,archive/logs/R3/pairwise_epistasis_20260924/panel/panel.json,65b5cc3cdf654ed523d97aa6c9e2c540246f3d7f7f8e48571a39419391d43ba0,panel.all.C_G_T|C_G.arms.galactica-1.3b.per_seed.20260925,,,,galactica-1.3b
interaction,control_rung_per_arm,T,Tokenisation descriptors over C+G,C_G,20260923,-0.0010046017177276622,-0.003568508910269037,0.0014255002084138215,group-equal squared error reduction,kcal$^2$/mol$^2$,64,True,archive/logs/R3/pairwise_epistasis_20260924/panel/panel.json,65b5cc3cdf654ed523d97aa6c9e2c540246f3d7f7f8e48571a39419391d43ba0,panel.all.C_G_T|C_G.arms.galactica-125m.per_seed.20260923,,,,galactica-125m
interaction,control_rung_per_arm,T,Tokenisation descriptors over C+G,C_G,20260924,-0.0005437872794090272,-0.0029694381408432017,0.001850520442412966,group-equal squared error reduction,kcal$^2$/mol$^2$,64,True,archive/logs/R3/pairwise_epistasis_20260924/panel/panel.json,65b5cc3cdf654ed523d97aa6c9e2c540246f3d7f7f8e48571a39419391d43ba0,panel.all.C_G_T|C_G.arms.galactica-125m.per_seed.20260924,,,,galactica-125m
interaction,control_rung_per_arm,T,Tokenisation descriptors over C+G,C_G,20260925,-0.0008356695528908956,-0.0034318390499772818,0.0014385653239080622,group-equal squared error reduction,kcal$^2$/mol$^2$,64,True,archive/logs/R3/pairwise_epistasis_20260924/panel/panel.json,65b5cc3cdf654ed523d97aa6c9e2c540246f3d7f7f8e48571a39419391d43ba0,panel.all.C_G_T|C_G.arms.galactica-125m.per_seed.20260925,,,,galactica-125m
interaction,control_rung_per_arm,T,Tokenisation descriptors over C+G,C_G,20260923,-0.0010046017177276622,-0.003568508910269037,0.0014255002084138215,group-equal squared error reduction,kcal$^2$/mol$^2$,64,True,archive/logs/R3/pairwise_epistasis_20260924/panel/panel.json,65b5cc3cdf654ed523d97aa6c9e2c540246f3d7f7f8e48571a39419391d43ba0,panel.all.C_G_T|C_G.arms.galactica-30b.per_seed.20260923,,,,galactica-30b
interaction,control_rung_per_arm,T,Tokenisation descriptors over C+G,C_G,20260924,-0.0005437872794090272,-0.0029694381408432017,0.001850520442412966,group-equal squared error reduction,kcal$^2$/mol$^2$,64,True,archive/logs/R3/pairwise_epistasis_20260924/panel/panel.json,65b5cc3cdf654ed523d97aa6c9e2c540246f3d7f7f8e48571a39419391d43ba0,panel.all.C_G_T|C_G.arms.galactica-30b.per_seed.20260924,,,,galactica-30b
interaction,control_rung_per_arm,T,Tokenisation descriptors over C+G,C_G,20260925,-0.0008356695528908956,-0.0034318390499772818,0.0014385653239080622,group-equal squared error reduction,kcal$^2$/mol$^2$,64,True,archive/logs/R3/pairwise_epistasis_20260924/panel/panel.json,65b5cc3cdf654ed523d97aa6c9e2c540246f3d7f7f8e48571a39419391d43ba0,panel.all.C_G_T|C_G.arms.galactica-30b.per_seed.20260925,,,,galactica-30b
interaction,control_rung_per_arm,T,Tokenisation descriptors over C+G,C_G,20260923,-0.0010046017177276622,-0.003568508910269037,0.0014255002084138215,group-equal squared error reduction,kcal$^2$/mol$^2$,64,True,archive/logs/R3/pairwise_epistasis_20260924/panel/panel.json,65b5cc3cdf654ed523d97aa6c9e2c540246f3d7f7f8e48571a39419391d43ba0,panel.all.C_G_T|C_G.arms.galactica-6.7b.per_seed.20260923,,,,galactica-6.7b
interaction,control_rung_per_arm,T,Tokenisation descriptors over C+G,C_G,20260924,-0.0005437872794090272,-0.0029694381408432017,0.001850520442412966,group-equal squared error reduction,kcal$^2$/mol$^2$,64,True,archive/logs/R3/pairwise_epistasis_20260924/panel/panel.json,65b5cc3cdf654ed523d97aa6c9e2c540246f3d7f7f8e48571a39419391d43ba0,panel.all.C_G_T|C_G.arms.galactica-6.7b.per_seed.20260924,,,,galactica-6.7b
interaction,control_rung_per_arm,T,Tokenisation descriptors over C+G,C_G,20260925,-0.0008356695528908956,-0.0034318390499772818,0.0014385653239080622,group-equal squared error reduction,kcal$^2$/mol$^2$,64,True,archive/logs/R3/pairwise_epistasis_20260924/panel/panel.json,65b5cc3cdf654ed523d97aa6c9e2c540246f3d7f7f8e48571a39419391d43ba0,panel.all.C_G_T|C_G.arms.galactica-6.7b.per_seed.20260925,,,,galactica-6.7b
interaction,control_rung_per_arm,T,Tokenisation descriptors over C+G,C_G,20260923,-0.0004350175173906453,-0.003540750387973504,0.0024922657472780997,group-equal squared error reduction,kcal$^2$/mol$^2$,64,True,archive/logs/R3/pairwise_epistasis_20260924/panel/panel.json,65b5cc3cdf654ed523d97aa6c9e2c540246f3d7f7f8e48571a39419391d43ba0,panel.all.C_G_T|C_G.arms.gpt2.per_seed.20260923,,,,gpt2
interaction,control_rung_per_arm,T,Tokenisation descriptors over C+G,C_G,20260924,-0.00045342444221433136,-0.003476407084336132,0.002522118299770169,group-equal squared error reduction,kcal$^2$/mol$^2$,64,True,archive/logs/R3/pairwise_epistasis_20260924/panel/panel.json,65b5cc3cdf654ed523d97aa6c9e2c540246f3d7f7f8e48571a39419391d43ba0,panel.all.C_G_T|C_G.arms.gpt2.per_seed.20260924,,,,gpt2
interaction,control_rung_per_arm,T,Tokenisation descriptors over C+G,C_G,20260925,-0.001466901947563306,-0.004689609610616121,0.0014735801004256827,group-equal squared error reduction,kcal$^2$/mol$^2$,64,True,archive/logs/R3/pairwise_epistasis_20260924/panel/panel.json,65b5cc3cdf654ed523d97aa6c9e2c540246f3d7f7f8e48571a39419391d43ba0,panel.all.C_G_T|C_G.arms.gpt2.per_seed.20260925,,,,gpt2
interaction,control_rung_per_arm,T,Tokenisation descriptors over C+G,C_G,20260923,-0.0004350175173906453,-0.003540750387973504,0.0024922657472780997,group-equal squared error reduction,kcal$^2$/mol$^2$,64,True,archive/logs/R3/pairwise_epistasis_20260924/panel/panel.json,65b5cc3cdf654ed523d97aa6c9e2c540246f3d7f7f8e48571a39419391d43ba0,panel.all.C_G_T|C_G.arms.gpt2-large.per_seed.20260923,,,,gpt2-large
interaction,control_rung_per_arm,T,Tokenisation descriptors over C+G,C_G,20260924,-0.00045342444221433136,-0.003476407084336132,0.002522118299770169,group-equal squared error reduction,kcal$^2$/mol$^2$,64,True,archive/logs/R3/pairwise_epistasis_20260924/panel/panel.json,65b5cc3cdf654ed523d97aa6c9e2c540246f3d7f7f8e48571a39419391d43ba0,panel.all.C_G_T|C_G.arms.gpt2-large.per_seed.20260924,,,,gpt2-large
interaction,control_rung_per_arm,T,Tokenisation descriptors over C+G,C_G,20260925,-0.001466901947563306,-0.004689609610616121,0.0014735801004256827,group-equal squared error reduction,kcal$^2$/mol$^2$,64,True,archive/logs/R3/pairwise_epistasis_20260924/panel/panel.json,65b5cc3cdf654ed523d97aa6c9e2c540246f3d7f7f8e48571a39419391d43ba0,panel.all.C_G_T|C_G.arms.gpt2-large.per_seed.20260925,,,,gpt2-large
interaction,control_rung_per_arm,T,Tokenisation descriptors over C+G,C_G,20260923,-0.0004350175173906453,-0.003540750387973504,0.0024922657472780997,group-equal squared error reduction,kcal$^2$/mol$^2$,64,True,archive/logs/R3/pairwise_epistasis_20260924/panel/panel.json,65b5cc3cdf654ed523d97aa6c9e2c540246f3d7f7f8e48571a39419391d43ba0,panel.all.C_G_T|C_G.arms.gpt2-medium.per_seed.20260923,,,,gpt2-medium
interaction,control_rung_per_arm,T,Tokenisation descriptors over C+G,C_G,20260924,-0.00045342444221433136,-0.003476407084336132,0.002522118299770169,group-equal squared error reduction,kcal$^2$/mol$^2$,64,True,archive/logs/R3/pairwise_epistasis_20260924/panel/panel.json,65b5cc3cdf654ed523d97aa6c9e2c540246f3d7f7f8e48571a39419391d43ba0,panel.all.C_G_T|C_G.arms.gpt2-medium.per_seed.20260924,,,,gpt2-medium
interaction,control_rung_per_arm,T,Tokenisation descriptors over C+G,C_G,20260925,-0.001466901947563306,-0.004689609610616121,0.0014735801004256827,group-equal squared error reduction,kcal$^2$/mol$^2$,64,True,archive/logs/R3/pairwise_epistasis_20260924/panel/panel.json,65b5cc3cdf654ed523d97aa6c9e2c540246f3d7f7f8e48571a39419391d43ba0,panel.all.C_G_T|C_G.arms.gpt2-medium.per_seed.20260925,,,,gpt2-medium
interaction,control_rung_per_arm,T,Tokenisation descriptors over C+G,C_G,20260923,-0.0004350175173906453,-0.003540750387973504,0.0024922657472780997,group-equal squared error reduction,kcal$^2$/mol$^2$,64,True,archive/logs/R3/pairwise_epistasis_20260924/panel/panel.json,65b5cc3cdf654ed523d97aa6c9e2c540246f3d7f7f8e48571a39419391d43ba0,panel.all.C_G_T|C_G.arms.gpt2-xl.per_seed.20260923,,,,gpt2-xl
interaction,control_rung_per_arm,T,Tokenisation descriptors over C+G,C_G,20260924,-0.00045342444221433136,-0.003476407084336132,0.002522118299770169,group-equal squared error reduction,kcal$^2$/mol$^2$,64,True,archive/logs/R3/pairwise_epistasis_20260924/panel/panel.json,65b5cc3cdf654ed523d97aa6c9e2c540246f3d7f7f8e48571a39419391d43ba0,panel.all.C_G_T|C_G.arms.gpt2-xl.per_seed.20260924,,,,gpt2-xl
interaction,control_rung_per_arm,T,Tokenisation descriptors over C+G,C_G,20260925,-0.001466901947563306,-0.004689609610616121,0.0014735801004256827,group-equal squared error reduction,kcal$^2$/mol$^2$,64,True,archive/logs/R3/pairwise_epistasis_20260924/panel/panel.json,65b5cc3cdf654ed523d97aa6c9e2c540246f3d7f7f8e48571a39419391d43ba0,panel.all.C_G_T|C_G.arms.gpt2-xl.per_seed.20260925,,,,gpt2-xl
interaction,control_rung_per_arm,T,Tokenisation descriptors over C+G,C_G,20260923,-0.0010046017177276804,-0.003568508910269042,0.0014255002084138184,group-equal squared error reduction,kcal$^2$/mol$^2$,64,True,archive/logs/R3/pairwise_epistasis_20260924/panel/panel.json,65b5cc3cdf654ed523d97aa6c9e2c540246f3d7f7f8e48571a39419391d43ba0,panel.all.C_G_T|C_G.arms.instructprotein.per_seed.20260923,,,,instructprotein
interaction,control_rung_per_arm,T,Tokenisation descriptors over C+G,C_G,20260924,-0.0005437872794090313,-0.0029694381408432,0.0018505204424129468,group-equal squared error reduction,kcal$^2$/mol$^2$,64,True,archive/logs/R3/pairwise_epistasis_20260924/panel/panel.json,65b5cc3cdf654ed523d97aa6c9e2c540246f3d7f7f8e48571a39419391d43ba0,panel.all.C_G_T|C_G.arms.instructprotein.per_seed.20260924,,,,instructprotein
interaction,control_rung_per_arm,T,Tokenisation descriptors over C+G,C_G,20260925,-0.0008356695528909228,-0.0034318390499773616,0.0014385653239080043,group-equal squared error reduction,kcal$^2$/mol$^2$,64,True,archive/logs/R3/pairwise_epistasis_20260924/panel/panel.json,65b5cc3cdf654ed523d97aa6c9e2c540246f3d7f7f8e48571a39419391d43ba0,panel.all.C_G_T|C_G.arms.instructprotein.per_seed.20260925,,,,instructprotein
interaction,control_rung_per_arm,T,Tokenisation descriptors over C+G,C_G,20260923,-0.0014490585210490895,-0.004175457812207408,0.0012646225071084184,group-equal squared error reduction,kcal$^2$/mol$^2$,64,True,archive/logs/R3/pairwise_epistasis_20260924/panel/panel.json,65b5cc3cdf654ed523d97aa6c9e2c540246f3d7f7f8e48571a39419391d43ba0,panel.all.C_G_T|C_G.arms.llama-2-7b.per_seed.20260923,,,,llama-2-7b
interaction,control_rung_per_arm,T,Tokenisation descriptors over C+G,C_G,20260924,-0.001256528922078885,-0.004650684383361781,0.0020702248546291997,group-equal squared error reduction,kcal$^2$/mol$^2$,64,True,archive/logs/R3/pairwise_epistasis_20260924/panel/panel.json,65b5cc3cdf654ed523d97aa6c9e2c540246f3d7f7f8e48571a39419391d43ba0,panel.all.C_G_T|C_G.arms.llama-2-7b.per_seed.20260924,,,,llama-2-7b
interaction,control_rung_per_arm,T,Tokenisation descriptors over C+G,C_G,20260925,-0.0014789642294920375,-0.00481244673775007,0.0017343269900342534,group-equal squared error reduction,kcal$^2$/mol$^2$,64,True,archive/logs/R3/pairwise_epistasis_20260924/panel/panel.json,65b5cc3cdf654ed523d97aa6c9e2c540246f3d7f7f8e48571a39419391d43ba0,panel.all.C_G_T|C_G.arms.llama-2-7b.per_seed.20260925,,,,llama-2-7b
interaction,control_rung_per_arm,T,Tokenisation descriptors over C+G,C_G,20260923,-0.001471215086987463,-0.003985812652595606,0.0010581947129491918,group-equal squared error reduction,kcal$^2$/mol$^2$,64,True,archive/logs/R3/pairwise_epistasis_20260924/panel/panel.json,65b5cc3cdf654ed523d97aa6c9e2c540246f3d7f7f8e48571a39419391d43ba0,panel.all.C_G_T|C_G.arms.llama-3.2-3b.per_seed.20260923,,,,llama-3.2-3b
interaction,control_rung_per_arm,T,Tokenisation descriptors over C+G,C_G,20260924,-0.0009167650943785913,-0.0037558277865431854,0.0017308098062145518,group-equal squared error reduction,kcal$^2$/mol$^2$,64,True,archive/logs/R3/pairwise_epistasis_20260924/panel/panel.json,65b5cc3cdf654ed523d97aa6c9e2c540246f3d7f7f8e48571a39419391d43ba0,panel.all.C_G_T|C_G.arms.llama-3.2-3b.per_seed.20260924,,,,llama-3.2-3b
interaction,control_rung_per_arm,T,Tokenisation descriptors over C+G,C_G,20260925,-0.0015466789467149095,-0.004530676737573976,0.0009949600500752313,group-equal squared error reduction,kcal$^2$/mol$^2$,64,True,archive/logs/R3/pairwise_epistasis_20260924/panel/panel.json,65b5cc3cdf654ed523d97aa6c9e2c540246f3d7f7f8e48571a39419391d43ba0,panel.all.C_G_T|C_G.arms.llama-3.2-3b.per_seed.20260925,,,,llama-3.2-3b
interaction,control_rung_per_arm,T,Tokenisation descriptors over C+G,C_G,20260923,-0.0010046017177276613,-0.0035685089102690196,0.0014255002084138236,group-equal squared error reduction,kcal$^2$/mol$^2$,64,True,archive/logs/R3/pairwise_epistasis_20260924/panel/panel.json,65b5cc3cdf654ed523d97aa6c9e2c540246f3d7f7f8e48571a39419391d43ba0,panel.all.C_G_T|C_G.arms.progen2-base.per_seed.20260923,,,,progen2-base
interaction,control_rung_per_arm,T,Tokenisation descriptors over C+G,C_G,20260924,-0.0005437872794090146,-0.002969438140843197,0.001850520442412976,group-equal squared error reduction,kcal$^2$/mol$^2$,64,True,archive/logs/R3/pairwise_epistasis_20260924/panel/panel.json,65b5cc3cdf654ed523d97aa6c9e2c540246f3d7f7f8e48571a39419391d43ba0,panel.all.C_G_T|C_G.arms.progen2-base.per_seed.20260924,,,,progen2-base
interaction,control_rung_per_arm,T,Tokenisation descriptors over C+G,C_G,20260925,-0.000835669552890872,-0.0034318390499772857,0.0014385653239081028,group-equal squared error reduction,kcal$^2$/mol$^2$,64,True,archive/logs/R3/pairwise_epistasis_20260924/panel/panel.json,65b5cc3cdf654ed523d97aa6c9e2c540246f3d7f7f8e48571a39419391d43ba0,panel.all.C_G_T|C_G.arms.progen2-base.per_seed.20260925,,,,progen2-base
interaction,control_rung_per_arm,T,Tokenisation descriptors over C+G,C_G,20260923,-0.0010046017177276613,-0.0035685089102690196,0.0014255002084138236,group-equal squared error reduction,kcal$^2$/mol$^2$,64,True,archive/logs/R3/pairwise_epistasis_20260924/panel/panel.json,65b5cc3cdf654ed523d97aa6c9e2c540246f3d7f7f8e48571a39419391d43ba0,panel.all.C_G_T|C_G.arms.progen2-large.per_seed.20260923,,,,progen2-large
interaction,control_rung_per_arm,T,Tokenisation descriptors over C+G,C_G,20260924,-0.0005437872794090146,-0.002969438140843197,0.001850520442412976,group-equal squared error reduction,kcal$^2$/mol$^2$,64,True,archive/logs/R3/pairwise_epistasis_20260924/panel/panel.json,65b5cc3cdf654ed523d97aa6c9e2c540246f3d7f7f8e48571a39419391d43ba0,panel.all.C_G_T|C_G.arms.progen2-large.per_seed.20260924,,,,progen2-large
interaction,control_rung_per_arm,T,Tokenisation descriptors over C+G,C_G,20260925,-0.000835669552890872,-0.0034318390499772857,0.0014385653239081028,group-equal squared error reduction,kcal$^2$/mol$^2$,64,True,archive/logs/R3/pairwise_epistasis_20260924/panel/panel.json,65b5cc3cdf654ed523d97aa6c9e2c540246f3d7f7f8e48571a39419391d43ba0,panel.all.C_G_T|C_G.arms.progen2-large.per_seed.20260925,,,,progen2-large
interaction,control_rung_per_arm,T,Tokenisation descriptors over C+G,C_G,20260923,-0.0010046017177276613,-0.0035685089102690196,0.0014255002084138236,group-equal squared error reduction,kcal$^2$/mol$^2$,64,True,archive/logs/R3/pairwise_epistasis_20260924/panel/panel.json,65b5cc3cdf654ed523d97aa6c9e2c540246f3d7f7f8e48571a39419391d43ba0,panel.all.C_G_T|C_G.arms.progen2-medium.per_seed.20260923,,,,progen2-medium
interaction,control_rung_per_arm,T,Tokenisation descriptors over C+G,C_G,20260924,-0.0005437872794090146,-0.002969438140843197,0.001850520442412976,group-equal squared error reduction,kcal$^2$/mol$^2$,64,True,archive/logs/R3/pairwise_epistasis_20260924/panel/panel.json,65b5cc3cdf654ed523d97aa6c9e2c540246f3d7f7f8e48571a39419391d43ba0,panel.all.C_G_T|C_G.arms.progen2-medium.per_seed.20260924,,,,progen2-medium
interaction,control_rung_per_arm,T,Tokenisation descriptors over C+G,C_G,20260925,-0.000835669552890872,-0.0034318390499772857,0.0014385653239081028,group-equal squared error reduction,kcal$^2$/mol$^2$,64,True,archive/logs/R3/pairwise_epistasis_20260924/panel/panel.json,65b5cc3cdf654ed523d97aa6c9e2c540246f3d7f7f8e48571a39419391d43ba0,panel.all.C_G_T|C_G.arms.progen2-medium.per_seed.20260925,,,,progen2-medium
interaction,control_rung_per_arm,T,Tokenisation descriptors over C+G,C_G,20260923,-0.0010046017177276613,-0.0035685089102690196,0.0014255002084138236,group-equal squared error reduction,kcal$^2$/mol$^2$,64,True,archive/logs/R3/pairwise_epistasis_20260924/panel/panel.json,65b5cc3cdf654ed523d97aa6c9e2c540246f3d7f7f8e48571a39419391d43ba0,panel.all.C_G_T|C_G.arms.progen2-small.per_seed.20260923,,,,progen2-small
interaction,control_rung_per_arm,T,Tokenisation descriptors over C+G,C_G,20260924,-0.0005437872794090146,-0.002969438140843197,0.001850520442412976,group-equal squared error reduction,kcal$^2$/mol$^2$,64,True,archive/logs/R3/pairwise_epistasis_20260924/panel/panel.json,65b5cc3cdf654ed523d97aa6c9e2c540246f3d7f7f8e48571a39419391d43ba0,panel.all.C_G_T|C_G.arms.progen2-small.per_seed.20260924,,,,progen2-small
interaction,control_rung_per_arm,T,Tokenisation descriptors over C+G,C_G,20260925,-0.000835669552890872,-0.0034318390499772857,0.0014385653239081028,group-equal squared error reduction,kcal$^2$/mol$^2$,64,True,archive/logs/R3/pairwise_epistasis_20260924/panel/panel.json,65b5cc3cdf654ed523d97aa6c9e2c540246f3d7f7f8e48571a39419391d43ba0,panel.all.C_G_T|C_G.arms.progen2-small.per_seed.20260925,,,,progen2-small
interaction,control_rung_per_arm,T,Tokenisation descriptors over C+G,C_G,20260923,-0.0010046017177276613,-0.0035685089102690196,0.0014255002084138236,group-equal squared error reduction,kcal$^2$/mol$^2$,64,True,archive/logs/R3/pairwise_epistasis_20260924/panel/panel.json,65b5cc3cdf654ed523d97aa6c9e2c540246f3d7f7f8e48571a39419391d43ba0,panel.all.C_G_T|C_G.arms.progen2-xlarge.per_seed.20260923,,,,progen2-xlarge
interaction,control_rung_per_arm,T,Tokenisation descriptors over C+G,C_G,20260924,-0.0005437872794090146,-0.002969438140843197,0.001850520442412976,group-equal squared error reduction,kcal$^2$/mol$^2$,64,True,archive/logs/R3/pairwise_epistasis_20260924/panel/panel.json,65b5cc3cdf654ed523d97aa6c9e2c540246f3d7f7f8e48571a39419391d43ba0,panel.all.C_G_T|C_G.arms.progen2-xlarge.per_seed.20260924,,,,progen2-xlarge
interaction,control_rung_per_arm,T,Tokenisation descriptors over C+G,C_G,20260925,-0.000835669552890872,-0.0034318390499772857,0.0014385653239081028,group-equal squared error reduction,kcal$^2$/mol$^2$,64,True,archive/logs/R3/pairwise_epistasis_20260924/panel/panel.json,65b5cc3cdf654ed523d97aa6c9e2c540246f3d7f7f8e48571a39419391d43ba0,panel.all.C_G_T|C_G.arms.progen2-xlarge.per_seed.20260925,,,,progen2-xlarge
interaction,control_rung_per_arm,T,Tokenisation descriptors over C+G,C_G,20260923,-0.00100460171772765,-0.003568508910269044,0.0014255002084138393,group-equal squared error reduction,kcal$^2$/mol$^2$,64,True,archive/logs/R3/pairwise_epistasis_20260924/panel/panel.json,65b5cc3cdf654ed523d97aa6c9e2c540246f3d7f7f8e48571a39419391d43ba0,panel.all.C_G_T|C_G.arms.progen3-112m.per_seed.20260923,,,,progen3-112m
interaction,control_rung_per_arm,T,Tokenisation descriptors over C+G,C_G,20260924,-0.0005437872794090217,-0.0029694381408432095,0.00185052044241298,group-equal squared error reduction,kcal$^2$/mol$^2$,64,True,archive/logs/R3/pairwise_epistasis_20260924/panel/panel.json,65b5cc3cdf654ed523d97aa6c9e2c540246f3d7f7f8e48571a39419391d43ba0,panel.all.C_G_T|C_G.arms.progen3-112m.per_seed.20260924,,,,progen3-112m
interaction,control_rung_per_arm,T,Tokenisation descriptors over C+G,C_G,20260925,-0.0008356695528909323,-0.003431839049977368,0.001438565323908008,group-equal squared error reduction,kcal$^2$/mol$^2$,64,True,archive/logs/R3/pairwise_epistasis_20260924/panel/panel.json,65b5cc3cdf654ed523d97aa6c9e2c540246f3d7f7f8e48571a39419391d43ba0,panel.all.C_G_T|C_G.arms.progen3-112m.per_seed.20260925,,,,progen3-112m
interaction,control_rung_per_arm,T,Tokenisation descriptors over C+G,C_G,20260923,-0.00100460171772765,-0.003568508910269044,0.0014255002084138393,group-equal squared error reduction,kcal$^2$/mol$^2$,64,True,archive/logs/R3/pairwise_epistasis_20260924/panel/panel.json,65b5cc3cdf654ed523d97aa6c9e2c540246f3d7f7f8e48571a39419391d43ba0,panel.all.C_G_T|C_G.arms.progen3-3b.per_seed.20260923,,,,progen3-3b
interaction,control_rung_per_arm,T,Tokenisation descriptors over C+G,C_G,20260924,-0.0005437872794090217,-0.0029694381408432095,0.00185052044241298,group-equal squared error reduction,kcal$^2$/mol$^2$,64,True,archive/logs/R3/pairwise_epistasis_20260924/panel/panel.json,65b5cc3cdf654ed523d97aa6c9e2c540246f3d7f7f8e48571a39419391d43ba0,panel.all.C_G_T|C_G.arms.progen3-3b.per_seed.20260924,,,,progen3-3b
interaction,control_rung_per_arm,T,Tokenisation descriptors over C+G,C_G,20260925,-0.0008356695528909323,-0.003431839049977368,0.001438565323908008,group-equal squared error reduction,kcal$^2$/mol$^2$,64,True,archive/logs/R3/pairwise_epistasis_20260924/panel/panel.json,65b5cc3cdf654ed523d97aa6c9e2c540246f3d7f7f8e48571a39419391d43ba0,panel.all.C_G_T|C_G.arms.progen3-3b.per_seed.20260925,,,,progen3-3b
interaction,control_rung_per_arm,T,Tokenisation descriptors over C+G,C_G,20260923,-0.0014490585210490895,-0.004175457812207408,0.0012646225071084184,group-equal squared error reduction,kcal$^2$/mol$^2$,64,True,archive/logs/R3/pairwise_epistasis_20260924/panel/panel.json,65b5cc3cdf654ed523d97aa6c9e2c540246f3d7f7f8e48571a39419391d43ba0,panel.all.C_G_T|C_G.arms.prollama.per_seed.20260923,,,,prollama
interaction,control_rung_per_arm,T,Tokenisation descriptors over C+G,C_G,20260924,-0.001256528922078885,-0.004650684383361781,0.0020702248546291997,group-equal squared error reduction,kcal$^2$/mol$^2$,64,True,archive/logs/R3/pairwise_epistasis_20260924/panel/panel.json,65b5cc3cdf654ed523d97aa6c9e2c540246f3d7f7f8e48571a39419391d43ba0,panel.all.C_G_T|C_G.arms.prollama.per_seed.20260924,,,,prollama
interaction,control_rung_per_arm,T,Tokenisation descriptors over C+G,C_G,20260925,-0.0014789642294920375,-0.00481244673775007,0.0017343269900342534,group-equal squared error reduction,kcal$^2$/mol$^2$,64,True,archive/logs/R3/pairwise_epistasis_20260924/panel/panel.json,65b5cc3cdf654ed523d97aa6c9e2c540246f3d7f7f8e48571a39419391d43ba0,panel.all.C_G_T|C_G.arms.prollama.per_seed.20260925,,,,prollama
interaction,control_rung_per_arm,T,Tokenisation descriptors over C+G,C_G,20260923,-0.0014490585210490895,-0.004175457812207408,0.0012646225071084184,group-equal squared error reduction,kcal$^2$/mol$^2$,64,True,archive/logs/R3/pairwise_epistasis_20260924/panel/panel.json,65b5cc3cdf654ed523d97aa6c9e2c540246f3d7f7f8e48571a39419391d43ba0,panel.all.C_G_T|C_G.arms.prollama-stage-1.per_seed.20260923,,,,prollama-stage-1
interaction,control_rung_per_arm,T,Tokenisation descriptors over C+G,C_G,20260924,-0.001256528922078885,-0.004650684383361781,0.0020702248546291997,group-equal squared error reduction,kcal$^2$/mol$^2$,64,True,archive/logs/R3/pairwise_epistasis_20260924/panel/panel.json,65b5cc3cdf654ed523d97aa6c9e2c540246f3d7f7f8e48571a39419391d43ba0,panel.all.C_G_T|C_G.arms.prollama-stage-1.per_seed.20260924,,,,prollama-stage-1
interaction,control_rung_per_arm,T,Tokenisation descriptors over C+G,C_G,20260925,-0.0014789642294920375,-0.00481244673775007,0.0017343269900342534,group-equal squared error reduction,kcal$^2$/mol$^2$,64,True,archive/logs/R3/pairwise_epistasis_20260924/panel/panel.json,65b5cc3cdf654ed523d97aa6c9e2c540246f3d7f7f8e48571a39419391d43ba0,panel.all.C_G_T|C_G.arms.prollama-stage-1.per_seed.20260925,,,,prollama-stage-1
interaction,control_rung_per_arm,T,Tokenisation descriptors over C+G,C_G,20260923,-0.0010046017177276333,-0.003568508910269028,0.001425500208413845,group-equal squared error reduction,kcal$^2$/mol$^2$,64,True,archive/logs/R3/pairwise_epistasis_20260924/panel/panel.json,65b5cc3cdf654ed523d97aa6c9e2c540246f3d7f7f8e48571a39419391d43ba0,panel.all.C_G_T|C_G.arms.proteinglm-7b-clm.per_seed.20260923,,,,proteinglm-7b-clm
interaction,control_rung_per_arm,T,Tokenisation descriptors over C+G,C_G,20260924,-0.0005437872794090313,-0.002969438140843199,0.0018505204424129683,group-equal squared error reduction,kcal$^2$/mol$^2$,64,True,archive/logs/R3/pairwise_epistasis_20260924/panel/panel.json,65b5cc3cdf654ed523d97aa6c9e2c540246f3d7f7f8e48571a39419391d43ba0,panel.all.C_G_T|C_G.arms.proteinglm-7b-clm.per_seed.20260924,,,,proteinglm-7b-clm
interaction,control_rung_per_arm,T,Tokenisation descriptors over C+G,C_G,20260925,-0.0008356695528908742,-0.00343183904997732,0.0014385653239080945,group-equal squared error reduction,kcal$^2$/mol$^2$,64,True,archive/logs/R3/pairwise_epistasis_20260924/panel/panel.json,65b5cc3cdf654ed523d97aa6c9e2c540246f3d7f7f8e48571a39419391d43ba0,panel.all.C_G_T|C_G.arms.proteinglm-7b-clm.per_seed.20260925,,,,proteinglm-7b-clm
interaction,control_rung_per_arm,T,Tokenisation descriptors over C+G,C_G,20260923,0.003934386556097301,-0.0012924020239971237,0.00896009696130119,group-equal squared error reduction,kcal$^2$/mol$^2$,64,True,archive/logs/R3/pairwise_epistasis_20260924/panel/panel.json,65b5cc3cdf654ed523d97aa6c9e2c540246f3d7f7f8e48571a39419391d43ba0,panel.all.C_G_T|C_G.arms.protgpt2.per_seed.20260923,,,,protgpt2
interaction,control_rung_per_arm,T,Tokenisation descriptors over C+G,C_G,20260924,0.0036686284386882708,-0.0011182615978326607,0.00814690603545629,group-equal squared error reduction,kcal$^2$/mol$^2$,64,True,archive/logs/R3/pairwise_epistasis_20260924/panel/panel.json,65b5cc3cdf654ed523d97aa6c9e2c540246f3d7f7f8e48571a39419391d43ba0,panel.all.C_G_T|C_G.arms.protgpt2.per_seed.20260924,,,,protgpt2
interaction,control_rung_per_arm,T,Tokenisation descriptors over C+G,C_G,20260925,0.0033592740880485127,-0.0020103398317029802,0.00809988777123165,group-equal squared error reduction,kcal$^2$/mol$^2$,64,True,archive/logs/R3/pairwise_epistasis_20260924/panel/panel.json,65b5cc3cdf654ed523d97aa6c9e2c540246f3d7f7f8e48571a39419391d43ba0,panel.all.C_G_T|C_G.arms.protgpt2.per_seed.20260925,,,,protgpt2
interaction,control_rung_per_arm,T,Tokenisation descriptors over C+G,C_G,20260923,-0.001004601717727644,-0.0035685089102690457,0.0014255002084138347,group-equal squared error reduction,kcal$^2$/mol$^2$,64,True,archive/logs/R3/pairwise_epistasis_20260924/panel/panel.json,65b5cc3cdf654ed523d97aa6c9e2c540246f3d7f7f8e48571a39419391d43ba0,panel.all.C_G_T|C_G.arms.protgpt3-1.3b.per_seed.20260923,,,,protgpt3-1.3b
interaction,control_rung_per_arm,T,Tokenisation descriptors over C+G,C_G,20260924,-0.0005437872794090274,-0.0029694381408431896,0.0018505204424129507,group-equal squared error reduction,kcal$^2$/mol$^2$,64,True,archive/logs/R3/pairwise_epistasis_20260924/panel/panel.json,65b5cc3cdf654ed523d97aa6c9e2c540246f3d7f7f8e48571a39419391d43ba0,panel.all.C_G_T|C_G.arms.protgpt3-1.3b.per_seed.20260924,,,,protgpt3-1.3b
interaction,control_rung_per_arm,T,Tokenisation descriptors over C+G,C_G,20260925,-0.0008356695528909314,-0.003431839049977358,0.0014385653239080162,group-equal squared error reduction,kcal$^2$/mol$^2$,64,True,archive/logs/R3/pairwise_epistasis_20260924/panel/panel.json,65b5cc3cdf654ed523d97aa6c9e2c540246f3d7f7f8e48571a39419391d43ba0,panel.all.C_G_T|C_G.arms.protgpt3-1.3b.per_seed.20260925,,,,protgpt3-1.3b
interaction,control_rung_per_arm,T,Tokenisation descriptors over C+G,C_G,20260923,-0.0015264849049251036,-0.004035749745040315,0.0009984637362095313,group-equal squared error reduction,kcal$^2$/mol$^2$,64,True,archive/logs/R3/pairwise_epistasis_20260924/panel/panel.json,65b5cc3cdf654ed523d97aa6c9e2c540246f3d7f7f8e48571a39419391d43ba0,panel.all.C_G_T|C_G.arms.qwen2.5-0.5b.per_seed.20260923,,,,qwen2.5-0.5b
interaction,control_rung_per_arm,T,Tokenisation descriptors over C+G,C_G,20260924,-0.0008037888982830126,-0.003619253345293145,0.0017562216630904288,group-equal squared error reduction,kcal$^2$/mol$^2$,64,True,archive/logs/R3/pairwise_epistasis_20260924/panel/panel.json,65b5cc3cdf654ed523d97aa6c9e2c540246f3d7f7f8e48571a39419391d43ba0,panel.all.C_G_T|C_G.arms.qwen2.5-0.5b.per_seed.20260924,,,,qwen2.5-0.5b
interaction,control_rung_per_arm,T,Tokenisation descriptors over C+G,C_G,20260925,-0.0016135490147107954,-0.004674873527177142,0.0009087562395005374,group-equal squared error reduction,kcal$^2$/mol$^2$,64,True,archive/logs/R3/pairwise_epistasis_20260924/panel/panel.json,65b5cc3cdf654ed523d97aa6c9e2c540246f3d7f7f8e48571a39419391d43ba0,panel.all.C_G_T|C_G.arms.qwen2.5-0.5b.per_seed.20260925,,,,qwen2.5-0.5b
interaction,control_rung_per_arm,T,Tokenisation descriptors over C+G,C_G,20260923,-0.0015264849049251036,-0.004035749745040315,0.0009984637362095313,group-equal squared error reduction,kcal$^2$/mol$^2$,64,True,archive/logs/R3/pairwise_epistasis_20260924/panel/panel.json,65b5cc3cdf654ed523d97aa6c9e2c540246f3d7f7f8e48571a39419391d43ba0,panel.all.C_G_T|C_G.arms.qwen2.5-0.5b-instruct.per_seed.20260923,,,,qwen2.5-0.5b-instruct
interaction,control_rung_per_arm,T,Tokenisation descriptors over C+G,C_G,20260924,-0.0008037888982830126,-0.003619253345293145,0.0017562216630904288,group-equal squared error reduction,kcal$^2$/mol$^2$,64,True,archive/logs/R3/pairwise_epistasis_20260924/panel/panel.json,65b5cc3cdf654ed523d97aa6c9e2c540246f3d7f7f8e48571a39419391d43ba0,panel.all.C_G_T|C_G.arms.qwen2.5-0.5b-instruct.per_seed.20260924,,,,qwen2.5-0.5b-instruct
interaction,control_rung_per_arm,T,Tokenisation descriptors over C+G,C_G,20260925,-0.0016135490147107954,-0.004674873527177142,0.0009087562395005374,group-equal squared error reduction,kcal$^2$/mol$^2$,64,True,archive/logs/R3/pairwise_epistasis_20260924/panel/panel.json,65b5cc3cdf654ed523d97aa6c9e2c540246f3d7f7f8e48571a39419391d43ba0,panel.all.C_G_T|C_G.arms.qwen2.5-0.5b-instruct.per_seed.20260925,,,,qwen2.5-0.5b-instruct
interaction,control_rung_per_arm,T,Tokenisation descriptors over C+G,C_G,20260923,-0.0015264849049251036,-0.004035749745040315,0.0009984637362095313,group-equal squared error reduction,kcal$^2$/mol$^2$,64,True,archive/logs/R3/pairwise_epistasis_20260924/panel/panel.json,65b5cc3cdf654ed523d97aa6c9e2c540246f3d7f7f8e48571a39419391d43ba0,panel.all.C_G_T|C_G.arms.qwen2.5-32b.per_seed.20260923,,,,qwen2.5-32b
interaction,control_rung_per_arm,T,Tokenisation descriptors over C+G,C_G,20260924,-0.0008037888982830126,-0.003619253345293145,0.0017562216630904288,group-equal squared error reduction,kcal$^2$/mol$^2$,64,True,archive/logs/R3/pairwise_epistasis_20260924/panel/panel.json,65b5cc3cdf654ed523d97aa6c9e2c540246f3d7f7f8e48571a39419391d43ba0,panel.all.C_G_T|C_G.arms.qwen2.5-32b.per_seed.20260924,,,,qwen2.5-32b
interaction,control_rung_per_arm,T,Tokenisation descriptors over C+G,C_G,20260925,-0.0016135490147107954,-0.004674873527177142,0.0009087562395005374,group-equal squared error reduction,kcal$^2$/mol$^2$,64,True,archive/logs/R3/pairwise_epistasis_20260924/panel/panel.json,65b5cc3cdf654ed523d97aa6c9e2c540246f3d7f7f8e48571a39419391d43ba0,panel.all.C_G_T|C_G.arms.qwen2.5-32b.per_seed.20260925,,,,qwen2.5-32b
interaction,control_rung_per_arm,T,Tokenisation descriptors over C+G,C_G,20260923,-0.0015264849049251036,-0.004035749745040315,0.0009984637362095313,group-equal squared error reduction,kcal$^2$/mol$^2$,64,True,archive/logs/R3/pairwise_epistasis_20260924/panel/panel.json,65b5cc3cdf654ed523d97aa6c9e2c540246f3d7f7f8e48571a39419391d43ba0,panel.all.C_G_T|C_G.arms.qwen2.5-7b.per_seed.20260923,,,,qwen2.5-7b
interaction,control_rung_per_arm,T,Tokenisation descriptors over C+G,C_G,20260924,-0.0008037888982830126,-0.003619253345293145,0.0017562216630904288,group-equal squared error reduction,kcal$^2$/mol$^2$,64,True,archive/logs/R3/pairwise_epistasis_20260924/panel/panel.json,65b5cc3cdf654ed523d97aa6c9e2c540246f3d7f7f8e48571a39419391d43ba0,panel.all.C_G_T|C_G.arms.qwen2.5-7b.per_seed.20260924,,,,qwen2.5-7b
interaction,control_rung_per_arm,T,Tokenisation descriptors over C+G,C_G,20260925,-0.0016135490147107954,-0.004674873527177142,0.0009087562395005374,group-equal squared error reduction,kcal$^2$/mol$^2$,64,True,archive/logs/R3/pairwise_epistasis_20260924/panel/panel.json,65b5cc3cdf654ed523d97aa6c9e2c540246f3d7f7f8e48571a39419391d43ba0,panel.all.C_G_T|C_G.arms.qwen2.5-7b.per_seed.20260925,,,,qwen2.5-7b
interaction,control_rung_per_arm,T,Tokenisation descriptors over C+G,C_G,20260923,-0.0015264849049251036,-0.004035749745040315,0.0009984637362095313,group-equal squared error reduction,kcal$^2$/mol$^2$,64,True,archive/logs/R3/pairwise_epistasis_20260924/panel/panel.json,65b5cc3cdf654ed523d97aa6c9e2c540246f3d7f7f8e48571a39419391d43ba0,panel.all.C_G_T|C_G.arms.qwen3-8b-base.per_seed.20260923,,,,qwen3-8b-base
interaction,control_rung_per_arm,T,Tokenisation descriptors over C+G,C_G,20260924,-0.0008037888982830126,-0.003619253345293145,0.0017562216630904288,group-equal squared error reduction,kcal$^2$/mol$^2$,64,True,archive/logs/R3/pairwise_epistasis_20260924/panel/panel.json,65b5cc3cdf654ed523d97aa6c9e2c540246f3d7f7f8e48571a39419391d43ba0,panel.all.C_G_T|C_G.arms.qwen3-8b-base.per_seed.20260924,,,,qwen3-8b-base
interaction,control_rung_per_arm,T,Tokenisation descriptors over C+G,C_G,20260925,-0.0016135490147107954,-0.004674873527177142,0.0009087562395005374,group-equal squared error reduction,kcal$^2$/mol$^2$,64,True,archive/logs/R3/pairwise_epistasis_20260924/panel/panel.json,65b5cc3cdf654ed523d97aa6c9e2c540246f3d7f7f8e48571a39419391d43ba0,panel.all.C_G_T|C_G.arms.qwen3-8b-base.per_seed.20260925,,,,qwen3-8b-base
interaction,control_rung_per_arm,T,Tokenisation descriptors over C+G,C_G,20260923,-0.0010046017177276622,-0.003568508910269037,0.0014255002084138215,group-equal squared error reduction,kcal$^2$/mol$^2$,64,True,archive/logs/R3/pairwise_epistasis_20260924/panel/panel.json,65b5cc3cdf654ed523d97aa6c9e2c540246f3d7f7f8e48571a39419391d43ba0,panel.all.C_G_T|C_G.arms.rita-xl.per_seed.20260923,,,,rita-xl
interaction,control_rung_per_arm,T,Tokenisation descriptors over C+G,C_G,20260924,-0.0005437872794090272,-0.0029694381408432017,0.001850520442412966,group-equal squared error reduction,kcal$^2$/mol$^2$,64,True,archive/logs/R3/pairwise_epistasis_20260924/panel/panel.json,65b5cc3cdf654ed523d97aa6c9e2c540246f3d7f7f8e48571a39419391d43ba0,panel.all.C_G_T|C_G.arms.rita-xl.per_seed.20260924,,,,rita-xl
interaction,control_rung_per_arm,T,Tokenisation descriptors over C+G,C_G,20260925,-0.0008356695528908956,-0.0034318390499772818,0.0014385653239080622,group-equal squared error reduction,kcal$^2$/mol$^2$,64,True,archive/logs/R3/pairwise_epistasis_20260924/panel/panel.json,65b5cc3cdf654ed523d97aa6c9e2c540246f3d7f7f8e48571a39419391d43ba0,panel.all.C_G_T|C_G.arms.rita-xl.per_seed.20260925,,,,rita-xl
interaction,control_rung_per_arm,Q,Pseudolikelihood coupling comparator over C+G+T,C_G_T,20260923,0.005875710515873618,0.00021601954493573016,0.012851235901585179,group-equal squared error reduction,kcal$^2$/mol$^2$,45,True,archive/logs/R3/pairwise_epistasis_20260924/panel/panel.json,65b5cc3cdf654ed523d97aa6c9e2c540246f3d7f7f8e48571a39419391d43ba0,panel.q.C_G_T_Q|C_G_T.arms.bygpt5-base-en.per_seed.20260923,,,,bygpt5-base-en
interaction,control_rung_per_arm,Q,Pseudolikelihood coupling comparator over C+G+T,C_G_T,20260924,-0.003791262851525539,-0.036801005464577166,0.0274578726561169,group-equal squared error reduction,kcal$^2$/mol$^2$,45,True,archive/logs/R3/pairwise_epistasis_20260924/panel/panel.json,65b5cc3cdf654ed523d97aa6c9e2c540246f3d7f7f8e48571a39419391d43ba0,panel.q.C_G_T_Q|C_G_T.arms.bygpt5-base-en.per_seed.20260924,,,,bygpt5-base-en
interaction,control_rung_per_arm,Q,Pseudolikelihood coupling comparator over C+G+T,C_G_T,20260925,0.007863084683747237,-0.0009309522740715078,0.0176363524297614,group-equal squared error reduction,kcal$^2$/mol$^2$,45,True,archive/logs/R3/pairwise_epistasis_20260924/panel/panel.json,65b5cc3cdf654ed523d97aa6c9e2c540246f3d7f7f8e48571a39419391d43ba0,panel.q.C_G_T_Q|C_G_T.arms.bygpt5-base-en.per_seed.20260925,,,,bygpt5-base-en
interaction,control_rung_per_arm,Q,Pseudolikelihood coupling comparator over C+G+T,C_G_T,20260923,0.005875710515873618,0.00021601954493573016,0.012851235901585179,group-equal squared error reduction,kcal$^2$/mol$^2$,45,True,archive/logs/R3/pairwise_epistasis_20260924/panel/panel.json,65b5cc3cdf654ed523d97aa6c9e2c540246f3d7f7f8e48571a39419391d43ba0,panel.q.C_G_T_Q|C_G_T.arms.bygpt5-medium-en.per_seed.20260923,,,,bygpt5-medium-en
interaction,control_rung_per_arm,Q,Pseudolikelihood coupling comparator over C+G+T,C_G_T,20260924,-0.003791262851525539,-0.036801005464577166,0.0274578726561169,group-equal squared error reduction,kcal$^2$/mol$^2$,45,True,archive/logs/R3/pairwise_epistasis_20260924/panel/panel.json,65b5cc3cdf654ed523d97aa6c9e2c540246f3d7f7f8e48571a39419391d43ba0,panel.q.C_G_T_Q|C_G_T.arms.bygpt5-medium-en.per_seed.20260924,,,,bygpt5-medium-en
interaction,control_rung_per_arm,Q,Pseudolikelihood coupling comparator over C+G+T,C_G_T,20260925,0.007863084683747237,-0.0009309522740715078,0.0176363524297614,group-equal squared error reduction,kcal$^2$/mol$^2$,45,True,archive/logs/R3/pairwise_epistasis_20260924/panel/panel.json,65b5cc3cdf654ed523d97aa6c9e2c540246f3d7f7f8e48571a39419391d43ba0,panel.q.C_G_T_Q|C_G_T.arms.bygpt5-medium-en.per_seed.20260925,,,,bygpt5-medium-en
interaction,control_rung_per_arm,Q,Pseudolikelihood coupling comparator over C+G+T,C_G_T,20260923,0.005875710515873618,0.00021601954493573016,0.012851235901585179,group-equal squared error reduction,kcal$^2$/mol$^2$,45,True,archive/logs/R3/pairwise_epistasis_20260924/panel/panel.json,65b5cc3cdf654ed523d97aa6c9e2c540246f3d7f7f8e48571a39419391d43ba0,panel.q.C_G_T_Q|C_G_T.arms.bygpt5-small-en.per_seed.20260923,,,,bygpt5-small-en
interaction,control_rung_per_arm,Q,Pseudolikelihood coupling comparator over C+G+T,C_G_T,20260924,-0.003791262851525539,-0.036801005464577166,0.0274578726561169,group-equal squared error reduction,kcal$^2$/mol$^2$,45,True,archive/logs/R3/pairwise_epistasis_20260924/panel/panel.json,65b5cc3cdf654ed523d97aa6c9e2c540246f3d7f7f8e48571a39419391d43ba0,panel.q.C_G_T_Q|C_G_T.arms.bygpt5-small-en.per_seed.20260924,,,,bygpt5-small-en
interaction,control_rung_per_arm,Q,Pseudolikelihood coupling comparator over C+G+T,C_G_T,20260925,0.007863084683747237,-0.0009309522740715078,0.0176363524297614,group-equal squared error reduction,kcal$^2$/mol$^2$,45,True,archive/logs/R3/pairwise_epistasis_20260924/panel/panel.json,65b5cc3cdf654ed523d97aa6c9e2c540246f3d7f7f8e48571a39419391d43ba0,panel.q.C_G_T_Q|C_G_T.arms.bygpt5-small-en.per_seed.20260925,,,,bygpt5-small-en
interaction,control_rung_per_arm,Q,Pseudolikelihood coupling comparator over C+G+T,C_G_T,20260923,0.0057771474223565775,4.392018860042393e-05,0.012690421043601716,group-equal squared error reduction,kcal$^2$/mol$^2$,45,True,archive/logs/R3/pairwise_epistasis_20260924/panel/panel.json,65b5cc3cdf654ed523d97aa6c9e2c540246f3d7f7f8e48571a39419391d43ba0,panel.q.C_G_T_Q|C_G_T.arms.dialogpt-small.per_seed.20260923,,,,dialogpt-small
interaction,control_rung_per_arm,Q,Pseudolikelihood coupling comparator over C+G+T,C_G_T,20260924,-0.0032275368065967937,-0.03624606977301876,0.0278150438298206,group-equal squared error reduction,kcal$^2$/mol$^2$,45,True,archive/logs/R3/pairwise_epistasis_20260924/panel/panel.json,65b5cc3cdf654ed523d97aa6c9e2c540246f3d7f7f8e48571a39419391d43ba0,panel.q.C_G_T_Q|C_G_T.arms.dialogpt-small.per_seed.20260924,,,,dialogpt-small
interaction,control_rung_per_arm,Q,Pseudolikelihood coupling comparator over C+G+T,C_G_T,20260925,0.007699885020264568,-0.0010900292775891597,0.017410828981270502,group-equal squared error reduction,kcal$^2$/mol$^2$,45,True,archive/logs/R3/pairwise_epistasis_20260924/panel/panel.json,65b5cc3cdf654ed523d97aa6c9e2c540246f3d7f7f8e48571a39419391d43ba0,panel.q.C_G_T_Q|C_G_T.arms.dialogpt-small.per_seed.20260925,,,,dialogpt-small
interaction,control_rung_per_arm,Q,Pseudolikelihood coupling comparator over C+G+T,C_G_T,20260923,0.005875710515873661,0.0002160195449357389,0.01285123590158519,group-equal squared error reduction,kcal$^2$/mol$^2$,45,True,archive/logs/R3/pairwise_epistasis_20260924/panel/panel.json,65b5cc3cdf654ed523d97aa6c9e2c540246f3d7f7f8e48571a39419391d43ba0,panel.q.C_G_T_Q|C_G_T.arms.galactica-1.3b.per_seed.20260923,,,,galactica-1.3b
interaction,control_rung_per_arm,Q,Pseudolikelihood coupling comparator over C+G+T,C_G_T,20260924,-0.0037912628515257155,-0.03680100546457736,0.027457872656116697,group-equal squared error reduction,kcal$^2$/mol$^2$,45,True,archive/logs/R3/pairwise_epistasis_20260924/panel/panel.json,65b5cc3cdf654ed523d97aa6c9e2c540246f3d7f7f8e48571a39419391d43ba0,panel.q.C_G_T_Q|C_G_T.arms.galactica-1.3b.per_seed.20260924,,,,galactica-1.3b
interaction,control_rung_per_arm,Q,Pseudolikelihood coupling comparator over C+G+T,C_G_T,20260925,0.00786308468374737,-0.0009309522740711301,0.017636352429761273,group-equal squared error reduction,kcal$^2$/mol$^2$,45,True,archive/logs/R3/pairwise_epistasis_20260924/panel/panel.json,65b5cc3cdf654ed523d97aa6c9e2c540246f3d7f7f8e48571a39419391d43ba0,panel.q.C_G_T_Q|C_G_T.arms.galactica-1.3b.per_seed.20260925,,,,galactica-1.3b
interaction,control_rung_per_arm,Q,Pseudolikelihood coupling comparator over C+G+T,C_G_T,20260923,0.005875710515873661,0.0002160195449357389,0.01285123590158519,group-equal squared error reduction,kcal$^2$/mol$^2$,45,True,archive/logs/R3/pairwise_epistasis_20260924/panel/panel.json,65b5cc3cdf654ed523d97aa6c9e2c540246f3d7f7f8e48571a39419391d43ba0,panel.q.C_G_T_Q|C_G_T.arms.galactica-125m.per_seed.20260923,,,,galactica-125m
interaction,control_rung_per_arm,Q,Pseudolikelihood coupling comparator over C+G+T,C_G_T,20260924,-0.0037912628515257155,-0.03680100546457736,0.027457872656116697,group-equal squared error reduction,kcal$^2$/mol$^2$,45,True,archive/logs/R3/pairwise_epistasis_20260924/panel/panel.json,65b5cc3cdf654ed523d97aa6c9e2c540246f3d7f7f8e48571a39419391d43ba0,panel.q.C_G_T_Q|C_G_T.arms.galactica-125m.per_seed.20260924,,,,galactica-125m
interaction,control_rung_per_arm,Q,Pseudolikelihood coupling comparator over C+G+T,C_G_T,20260925,0.00786308468374737,-0.0009309522740711301,0.017636352429761273,group-equal squared error reduction,kcal$^2$/mol$^2$,45,True,archive/logs/R3/pairwise_epistasis_20260924/panel/panel.json,65b5cc3cdf654ed523d97aa6c9e2c540246f3d7f7f8e48571a39419391d43ba0,panel.q.C_G_T_Q|C_G_T.arms.galactica-125m.per_seed.20260925,,,,galactica-125m
interaction,control_rung_per_arm,Q,Pseudolikelihood coupling comparator over C+G+T,C_G_T,20260923,0.005875710515873661,0.0002160195449357389,0.01285123590158519,group-equal squared error reduction,kcal$^2$/mol$^2$,45,True,archive/logs/R3/pairwise_epistasis_20260924/panel/panel.json,65b5cc3cdf654ed523d97aa6c9e2c540246f3d7f7f8e48571a39419391d43ba0,panel.q.C_G_T_Q|C_G_T.arms.galactica-30b.per_seed.20260923,,,,galactica-30b
interaction,control_rung_per_arm,Q,Pseudolikelihood coupling comparator over C+G+T,C_G_T,20260924,-0.0037912628515257155,-0.03680100546457736,0.027457872656116697,group-equal squared error reduction,kcal$^2$/mol$^2$,45,True,archive/logs/R3/pairwise_epistasis_20260924/panel/panel.json,65b5cc3cdf654ed523d97aa6c9e2c540246f3d7f7f8e48571a39419391d43ba0,panel.q.C_G_T_Q|C_G_T.arms.galactica-30b.per_seed.20260924,,,,galactica-30b
interaction,control_rung_per_arm,Q,Pseudolikelihood coupling comparator over C+G+T,C_G_T,20260925,0.00786308468374737,-0.0009309522740711301,0.017636352429761273,group-equal squared error reduction,kcal$^2$/mol$^2$,45,True,archive/logs/R3/pairwise_epistasis_20260924/panel/panel.json,65b5cc3cdf654ed523d97aa6c9e2c540246f3d7f7f8e48571a39419391d43ba0,panel.q.C_G_T_Q|C_G_T.arms.galactica-30b.per_seed.20260925,,,,galactica-30b
interaction,control_rung_per_arm,Q,Pseudolikelihood coupling comparator over C+G+T,C_G_T,20260923,0.005875710515873661,0.0002160195449357389,0.01285123590158519,group-equal squared error reduction,kcal$^2$/mol$^2$,45,True,archive/logs/R3/pairwise_epistasis_20260924/panel/panel.json,65b5cc3cdf654ed523d97aa6c9e2c540246f3d7f7f8e48571a39419391d43ba0,panel.q.C_G_T_Q|C_G_T.arms.galactica-6.7b.per_seed.20260923,,,,galactica-6.7b
interaction,control_rung_per_arm,Q,Pseudolikelihood coupling comparator over C+G+T,C_G_T,20260924,-0.0037912628515257155,-0.03680100546457736,0.027457872656116697,group-equal squared error reduction,kcal$^2$/mol$^2$,45,True,archive/logs/R3/pairwise_epistasis_20260924/panel/panel.json,65b5cc3cdf654ed523d97aa6c9e2c540246f3d7f7f8e48571a39419391d43ba0,panel.q.C_G_T_Q|C_G_T.arms.galactica-6.7b.per_seed.20260924,,,,galactica-6.7b
interaction,control_rung_per_arm,Q,Pseudolikelihood coupling comparator over C+G+T,C_G_T,20260925,0.00786308468374737,-0.0009309522740711301,0.017636352429761273,group-equal squared error reduction,kcal$^2$/mol$^2$,45,True,archive/logs/R3/pairwise_epistasis_20260924/panel/panel.json,65b5cc3cdf654ed523d97aa6c9e2c540246f3d7f7f8e48571a39419391d43ba0,panel.q.C_G_T_Q|C_G_T.arms.galactica-6.7b.per_seed.20260925,,,,galactica-6.7b
interaction,control_rung_per_arm,Q,Pseudolikelihood coupling comparator over C+G+T,C_G_T,20260923,0.0057771474223565775,4.392018860042393e-05,0.012690421043601716,group-equal squared error reduction,kcal$^2$/mol$^2$,45,True,archive/logs/R3/pairwise_epistasis_20260924/panel/panel.json,65b5cc3cdf654ed523d97aa6c9e2c540246f3d7f7f8e48571a39419391d43ba0,panel.q.C_G_T_Q|C_G_T.arms.gpt2.per_seed.20260923,,,,gpt2
interaction,control_rung_per_arm,Q,Pseudolikelihood coupling comparator over C+G+T,C_G_T,20260924,-0.0032275368065967937,-0.03624606977301876,0.0278150438298206,group-equal squared error reduction,kcal$^2$/mol$^2$,45,True,archive/logs/R3/pairwise_epistasis_20260924/panel/panel.json,65b5cc3cdf654ed523d97aa6c9e2c540246f3d7f7f8e48571a39419391d43ba0,panel.q.C_G_T_Q|C_G_T.arms.gpt2.per_seed.20260924,,,,gpt2
interaction,control_rung_per_arm,Q,Pseudolikelihood coupling comparator over C+G+T,C_G_T,20260925,0.007699885020264568,-0.0010900292775891597,0.017410828981270502,group-equal squared error reduction,kcal$^2$/mol$^2$,45,True,archive/logs/R3/pairwise_epistasis_20260924/panel/panel.json,65b5cc3cdf654ed523d97aa6c9e2c540246f3d7f7f8e48571a39419391d43ba0,panel.q.C_G_T_Q|C_G_T.arms.gpt2.per_seed.20260925,,,,gpt2
interaction,control_rung_per_arm,Q,Pseudolikelihood coupling comparator over C+G+T,C_G_T,20260923,0.0057771474223565775,4.392018860042393e-05,0.012690421043601716,group-equal squared error reduction,kcal$^2$/mol$^2$,45,True,archive/logs/R3/pairwise_epistasis_20260924/panel/panel.json,65b5cc3cdf654ed523d97aa6c9e2c540246f3d7f7f8e48571a39419391d43ba0,panel.q.C_G_T_Q|C_G_T.arms.gpt2-large.per_seed.20260923,,,,gpt2-large
interaction,control_rung_per_arm,Q,Pseudolikelihood coupling comparator over C+G+T,C_G_T,20260924,-0.0032275368065967937,-0.03624606977301876,0.0278150438298206,group-equal squared error reduction,kcal$^2$/mol$^2$,45,True,archive/logs/R3/pairwise_epistasis_20260924/panel/panel.json,65b5cc3cdf654ed523d97aa6c9e2c540246f3d7f7f8e48571a39419391d43ba0,panel.q.C_G_T_Q|C_G_T.arms.gpt2-large.per_seed.20260924,,,,gpt2-large
interaction,control_rung_per_arm,Q,Pseudolikelihood coupling comparator over C+G+T,C_G_T,20260925,0.007699885020264568,-0.0010900292775891597,0.017410828981270502,group-equal squared error reduction,kcal$^2$/mol$^2$,45,True,archive/logs/R3/pairwise_epistasis_20260924/panel/panel.json,65b5cc3cdf654ed523d97aa6c9e2c540246f3d7f7f8e48571a39419391d43ba0,panel.q.C_G_T_Q|C_G_T.arms.gpt2-large.per_seed.20260925,,,,gpt2-large
interaction,control_rung_per_arm,Q,Pseudolikelihood coupling comparator over C+G+T,C_G_T,20260923,0.0057771474223565775,4.392018860042393e-05,0.012690421043601716,group-equal squared error reduction,kcal$^2$/mol$^2$,45,True,archive/logs/R3/pairwise_epistasis_20260924/panel/panel.json,65b5cc3cdf654ed523d97aa6c9e2c540246f3d7f7f8e48571a39419391d43ba0,panel.q.C_G_T_Q|C_G_T.arms.gpt2-medium.per_seed.20260923,,,,gpt2-medium
interaction,control_rung_per_arm,Q,Pseudolikelihood coupling comparator over C+G+T,C_G_T,20260924,-0.0032275368065967937,-0.03624606977301876,0.0278150438298206,group-equal squared error reduction,kcal$^2$/mol$^2$,45,True,archive/logs/R3/pairwise_epistasis_20260924/panel/panel.json,65b5cc3cdf654ed523d97aa6c9e2c540246f3d7f7f8e48571a39419391d43ba0,panel.q.C_G_T_Q|C_G_T.arms.gpt2-medium.per_seed.20260924,,,,gpt2-medium
interaction,control_rung_per_arm,Q,Pseudolikelihood coupling comparator over C+G+T,C_G_T,20260925,0.007699885020264568,-0.0010900292775891597,0.017410828981270502,group-equal squared error reduction,kcal$^2$/mol$^2$,45,True,archive/logs/R3/pairwise_epistasis_20260924/panel/panel.json,65b5cc3cdf654ed523d97aa6c9e2c540246f3d7f7f8e48571a39419391d43ba0,panel.q.C_G_T_Q|C_G_T.arms.gpt2-medium.per_seed.20260925,,,,gpt2-medium
interaction,control_rung_per_arm,Q,Pseudolikelihood coupling comparator over C+G+T,C_G_T,20260923,0.0057771474223565775,4.392018860042393e-05,0.012690421043601716,group-equal squared error reduction,kcal$^2$/mol$^2$,45,True,archive/logs/R3/pairwise_epistasis_20260924/panel/panel.json,65b5cc3cdf654ed523d97aa6c9e2c540246f3d7f7f8e48571a39419391d43ba0,panel.q.C_G_T_Q|C_G_T.arms.gpt2-xl.per_seed.20260923,,,,gpt2-xl
interaction,control_rung_per_arm,Q,Pseudolikelihood coupling comparator over C+G+T,C_G_T,20260924,-0.0032275368065967937,-0.03624606977301876,0.0278150438298206,group-equal squared error reduction,kcal$^2$/mol$^2$,45,True,archive/logs/R3/pairwise_epistasis_20260924/panel/panel.json,65b5cc3cdf654ed523d97aa6c9e2c540246f3d7f7f8e48571a39419391d43ba0,panel.q.C_G_T_Q|C_G_T.arms.gpt2-xl.per_seed.20260924,,,,gpt2-xl
interaction,control_rung_per_arm,Q,Pseudolikelihood coupling comparator over C+G+T,C_G_T,20260925,0.007699885020264568,-0.0010900292775891597,0.017410828981270502,group-equal squared error reduction,kcal$^2$/mol$^2$,45,True,archive/logs/R3/pairwise_epistasis_20260924/panel/panel.json,65b5cc3cdf654ed523d97aa6c9e2c540246f3d7f7f8e48571a39419391d43ba0,panel.q.C_G_T_Q|C_G_T.arms.gpt2-xl.per_seed.20260925,,,,gpt2-xl
interaction,control_rung_per_arm,Q,Pseudolikelihood coupling comparator over C+G+T,C_G_T,20260923,0.00587571051587367,0.00021601954493556208,0.012851235901585288,group-equal squared error reduction,kcal$^2$/mol$^2$,45,True,archive/logs/R3/pairwise_epistasis_20260924/panel/panel.json,65b5cc3cdf654ed523d97aa6c9e2c540246f3d7f7f8e48571a39419391d43ba0,panel.q.C_G_T_Q|C_G_T.arms.instructprotein.per_seed.20260923,,,,instructprotein
interaction,control_rung_per_arm,Q,Pseudolikelihood coupling comparator over C+G+T,C_G_T,20260924,-0.0037912628515257463,-0.03680100546457737,0.027457872656116617,group-equal squared error reduction,kcal$^2$/mol$^2$,45,True,archive/logs/R3/pairwise_epistasis_20260924/panel/panel.json,65b5cc3cdf654ed523d97aa6c9e2c540246f3d7f7f8e48571a39419391d43ba0,panel.q.C_G_T_Q|C_G_T.arms.instructprotein.per_seed.20260924,,,,instructprotein
interaction,control_rung_per_arm,Q,Pseudolikelihood coupling comparator over C+G+T,C_G_T,20260925,0.007863084683747254,-0.0009309522740712073,0.01763635242976089,group-equal squared error reduction,kcal$^2$/mol$^2$,45,True,archive/logs/R3/pairwise_epistasis_20260924/panel/panel.json,65b5cc3cdf654ed523d97aa6c9e2c540246f3d7f7f8e48571a39419391d43ba0,panel.q.C_G_T_Q|C_G_T.arms.instructprotein.per_seed.20260925,,,,instructprotein
interaction,control_rung_per_arm,Q,Pseudolikelihood coupling comparator over C+G+T,C_G_T,20260923,0.006270013115679046,0.00041815046665658246,0.013461664247849768,group-equal squared error reduction,kcal$^2$/mol$^2$,45,True,archive/logs/R3/pairwise_epistasis_20260924/panel/panel.json,65b5cc3cdf654ed523d97aa6c9e2c540246f3d7f7f8e48571a39419391d43ba0,panel.q.C_G_T_Q|C_G_T.arms.llama-2-7b.per_seed.20260923,,,,llama-2-7b
interaction,control_rung_per_arm,Q,Pseudolikelihood coupling comparator over C+G+T,C_G_T,20260924,-0.0044749889958904596,-0.038366964636483064,0.027061398513467734,group-equal squared error reduction,kcal$^2$/mol$^2$,45,True,archive/logs/R3/pairwise_epistasis_20260924/panel/panel.json,65b5cc3cdf654ed523d97aa6c9e2c540246f3d7f7f8e48571a39419391d43ba0,panel.q.C_G_T_Q|C_G_T.arms.llama-2-7b.per_seed.20260924,,,,llama-2-7b
interaction,control_rung_per_arm,Q,Pseudolikelihood coupling comparator over C+G+T,C_G_T,20260925,0.007798443006584705,-0.0010574386942216677,0.017721077995076617,group-equal squared error reduction,kcal$^2$/mol$^2$,45,True,archive/logs/R3/pairwise_epistasis_20260924/panel/panel.json,65b5cc3cdf654ed523d97aa6c9e2c540246f3d7f7f8e48571a39419391d43ba0,panel.q.C_G_T_Q|C_G_T.arms.llama-2-7b.per_seed.20260925,,,,llama-2-7b
interaction,control_rung_per_arm,Q,Pseudolikelihood coupling comparator over C+G+T,C_G_T,20260923,0.006112314012942607,0.0001966785927801837,0.013470741896518576,group-equal squared error reduction,kcal$^2$/mol$^2$,45,True,archive/logs/R3/pairwise_epistasis_20260924/panel/panel.json,65b5cc3cdf654ed523d97aa6c9e2c540246f3d7f7f8e48571a39419391d43ba0,panel.q.C_G_T_Q|C_G_T.arms.llama-3.2-3b.per_seed.20260923,,,,llama-3.2-3b
interaction,control_rung_per_arm,Q,Pseudolikelihood coupling comparator over C+G+T,C_G_T,20260924,0.0034237889460419298,0.0010309564490247382,0.005739975712279771,group-equal squared error reduction,kcal$^2$/mol$^2$,45,True,archive/logs/R3/pairwise_epistasis_20260924/panel/panel.json,65b5cc3cdf654ed523d97aa6c9e2c540246f3d7f7f8e48571a39419391d43ba0,panel.q.C_G_T_Q|C_G_T.arms.llama-3.2-3b.per_seed.20260924,,,,llama-3.2-3b
interaction,control_rung_per_arm,Q,Pseudolikelihood coupling comparator over C+G+T,C_G_T,20260925,0.007882182917256507,-0.001023550106237382,0.01778112094617565,group-equal squared error reduction,kcal$^2$/mol$^2$,45,True,archive/logs/R3/pairwise_epistasis_20260924/panel/panel.json,65b5cc3cdf654ed523d97aa6c9e2c540246f3d7f7f8e48571a39419391d43ba0,panel.q.C_G_T_Q|C_G_T.arms.llama-3.2-3b.per_seed.20260925,,,,llama-3.2-3b
interaction,control_rung_per_arm,Q,Pseudolikelihood coupling comparator over C+G+T,C_G_T,20260923,0.005875710515873653,0.00021601954493573452,0.012851235901585179,group-equal squared error reduction,kcal$^2$/mol$^2$,45,True,archive/logs/R3/pairwise_epistasis_20260924/panel/panel.json,65b5cc3cdf654ed523d97aa6c9e2c540246f3d7f7f8e48571a39419391d43ba0,panel.q.C_G_T_Q|C_G_T.arms.progen2-base.per_seed.20260923,,,,progen2-base
interaction,control_rung_per_arm,Q,Pseudolikelihood coupling comparator over C+G+T,C_G_T,20260924,-0.003791262851525511,-0.036801005464577076,0.02745787265611689,group-equal squared error reduction,kcal$^2$/mol$^2$,45,True,archive/logs/R3/pairwise_epistasis_20260924/panel/panel.json,65b5cc3cdf654ed523d97aa6c9e2c540246f3d7f7f8e48571a39419391d43ba0,panel.q.C_G_T_Q|C_G_T.arms.progen2-base.per_seed.20260924,,,,progen2-base
interaction,control_rung_per_arm,Q,Pseudolikelihood coupling comparator over C+G+T,C_G_T,20260925,0.007863084683747008,-0.0009309522740718194,0.01763635242976112,group-equal squared error reduction,kcal$^2$/mol$^2$,45,True,archive/logs/R3/pairwise_epistasis_20260924/panel/panel.json,65b5cc3cdf654ed523d97aa6c9e2c540246f3d7f7f8e48571a39419391d43ba0,panel.q.C_G_T_Q|C_G_T.arms.progen2-base.per_seed.20260925,,,,progen2-base
interaction,control_rung_per_arm,Q,Pseudolikelihood coupling comparator over C+G+T,C_G_T,20260923,0.005875710515873653,0.00021601954493573452,0.012851235901585179,group-equal squared error reduction,kcal$^2$/mol$^2$,45,True,archive/logs/R3/pairwise_epistasis_20260924/panel/panel.json,65b5cc3cdf654ed523d97aa6c9e2c540246f3d7f7f8e48571a39419391d43ba0,panel.q.C_G_T_Q|C_G_T.arms.progen2-large.per_seed.20260923,,,,progen2-large
interaction,control_rung_per_arm,Q,Pseudolikelihood coupling comparator over C+G+T,C_G_T,20260924,-0.003791262851525511,-0.036801005464577076,0.02745787265611689,group-equal squared error reduction,kcal$^2$/mol$^2$,45,True,archive/logs/R3/pairwise_epistasis_20260924/panel/panel.json,65b5cc3cdf654ed523d97aa6c9e2c540246f3d7f7f8e48571a39419391d43ba0,panel.q.C_G_T_Q|C_G_T.arms.progen2-large.per_seed.20260924,,,,progen2-large
interaction,control_rung_per_arm,Q,Pseudolikelihood coupling comparator over C+G+T,C_G_T,20260925,0.007863084683747008,-0.0009309522740718194,0.01763635242976112,group-equal squared error reduction,kcal$^2$/mol$^2$,45,True,archive/logs/R3/pairwise_epistasis_20260924/panel/panel.json,65b5cc3cdf654ed523d97aa6c9e2c540246f3d7f7f8e48571a39419391d43ba0,panel.q.C_G_T_Q|C_G_T.arms.progen2-large.per_seed.20260925,,,,progen2-large
interaction,control_rung_per_arm,Q,Pseudolikelihood coupling comparator over C+G+T,C_G_T,20260923,0.005875710515873653,0.00021601954493573452,0.012851235901585179,group-equal squared error reduction,kcal$^2$/mol$^2$,45,True,archive/logs/R3/pairwise_epistasis_20260924/panel/panel.json,65b5cc3cdf654ed523d97aa6c9e2c540246f3d7f7f8e48571a39419391d43ba0,panel.q.C_G_T_Q|C_G_T.arms.progen2-medium.per_seed.20260923,,,,progen2-medium
interaction,control_rung_per_arm,Q,Pseudolikelihood coupling comparator over C+G+T,C_G_T,20260924,-0.003791262851525511,-0.036801005464577076,0.02745787265611689,group-equal squared error reduction,kcal$^2$/mol$^2$,45,True,archive/logs/R3/pairwise_epistasis_20260924/panel/panel.json,65b5cc3cdf654ed523d97aa6c9e2c540246f3d7f7f8e48571a39419391d43ba0,panel.q.C_G_T_Q|C_G_T.arms.progen2-medium.per_seed.20260924,,,,progen2-medium
interaction,control_rung_per_arm,Q,Pseudolikelihood coupling comparator over C+G+T,C_G_T,20260925,0.007863084683747008,-0.0009309522740718194,0.01763635242976112,group-equal squared error reduction,kcal$^2$/mol$^2$,45,True,archive/logs/R3/pairwise_epistasis_20260924/panel/panel.json,65b5cc3cdf654ed523d97aa6c9e2c540246f3d7f7f8e48571a39419391d43ba0,panel.q.C_G_T_Q|C_G_T.arms.progen2-medium.per_seed.20260925,,,,progen2-medium
interaction,control_rung_per_arm,Q,Pseudolikelihood coupling comparator over C+G+T,C_G_T,20260923,0.005875710515873653,0.00021601954493573452,0.012851235901585179,group-equal squared error reduction,kcal$^2$/mol$^2$,45,True,archive/logs/R3/pairwise_epistasis_20260924/panel/panel.json,65b5cc3cdf654ed523d97aa6c9e2c540246f3d7f7f8e48571a39419391d43ba0,panel.q.C_G_T_Q|C_G_T.arms.progen2-small.per_seed.20260923,,,,progen2-small
interaction,control_rung_per_arm,Q,Pseudolikelihood coupling comparator over C+G+T,C_G_T,20260924,-0.003791262851525511,-0.036801005464577076,0.02745787265611689,group-equal squared error reduction,kcal$^2$/mol$^2$,45,True,archive/logs/R3/pairwise_epistasis_20260924/panel/panel.json,65b5cc3cdf654ed523d97aa6c9e2c540246f3d7f7f8e48571a39419391d43ba0,panel.q.C_G_T_Q|C_G_T.arms.progen2-small.per_seed.20260924,,,,progen2-small
interaction,control_rung_per_arm,Q,Pseudolikelihood coupling comparator over C+G+T,C_G_T,20260925,0.007863084683747008,-0.0009309522740718194,0.01763635242976112,group-equal squared error reduction,kcal$^2$/mol$^2$,45,True,archive/logs/R3/pairwise_epistasis_20260924/panel/panel.json,65b5cc3cdf654ed523d97aa6c9e2c540246f3d7f7f8e48571a39419391d43ba0,panel.q.C_G_T_Q|C_G_T.arms.progen2-small.per_seed.20260925,,,,progen2-small
interaction,control_rung_per_arm,Q,Pseudolikelihood coupling comparator over C+G+T,C_G_T,20260923,0.005875710515873653,0.00021601954493573452,0.012851235901585179,group-equal squared error reduction,kcal$^2$/mol$^2$,45,True,archive/logs/R3/pairwise_epistasis_20260924/panel/panel.json,65b5cc3cdf654ed523d97aa6c9e2c540246f3d7f7f8e48571a39419391d43ba0,panel.q.C_G_T_Q|C_G_T.arms.progen2-xlarge.per_seed.20260923,,,,progen2-xlarge
interaction,control_rung_per_arm,Q,Pseudolikelihood coupling comparator over C+G+T,C_G_T,20260924,-0.003791262851525511,-0.036801005464577076,0.02745787265611689,group-equal squared error reduction,kcal$^2$/mol$^2$,45,True,archive/logs/R3/pairwise_epistasis_20260924/panel/panel.json,65b5cc3cdf654ed523d97aa6c9e2c540246f3d7f7f8e48571a39419391d43ba0,panel.q.C_G_T_Q|C_G_T.arms.progen2-xlarge.per_seed.20260924,,,,progen2-xlarge
interaction,control_rung_per_arm,Q,Pseudolikelihood coupling comparator over C+G+T,C_G_T,20260925,0.007863084683747008,-0.0009309522740718194,0.01763635242976112,group-equal squared error reduction,kcal$^2$/mol$^2$,45,True,archive/logs/R3/pairwise_epistasis_20260924/panel/panel.json,65b5cc3cdf654ed523d97aa6c9e2c540246f3d7f7f8e48571a39419391d43ba0,panel.q.C_G_T_Q|C_G_T.arms.progen2-xlarge.per_seed.20260925,,,,progen2-xlarge
interaction,control_rung_per_arm,Q,Pseudolikelihood coupling comparator over C+G+T,C_G_T,20260923,0.005875710515873586,0.00021601954493552164,0.012851235901585246,group-equal squared error reduction,kcal$^2$/mol$^2$,45,True,archive/logs/R3/pairwise_epistasis_20260924/panel/panel.json,65b5cc3cdf654ed523d97aa6c9e2c540246f3d7f7f8e48571a39419391d43ba0,panel.q.C_G_T_Q|C_G_T.arms.progen3-112m.per_seed.20260923,,,,progen3-112m
interaction,control_rung_per_arm,Q,Pseudolikelihood coupling comparator over C+G+T,C_G_T,20260924,-0.0037912628515256847,-0.036801005464577215,0.027457872656116707,group-equal squared error reduction,kcal$^2$/mol$^2$,45,True,archive/logs/R3/pairwise_epistasis_20260924/panel/panel.json,65b5cc3cdf654ed523d97aa6c9e2c540246f3d7f7f8e48571a39419391d43ba0,panel.q.C_G_T_Q|C_G_T.arms.progen3-112m.per_seed.20260924,,,,progen3-112m
interaction,control_rung_per_arm,Q,Pseudolikelihood coupling comparator over C+G+T,C_G_T,20260925,0.007863084683746791,-0.0009309522740720468,0.01763635242976057,group-equal squared error reduction,kcal$^2$/mol$^2$,45,True,archive/logs/R3/pairwise_epistasis_20260924/panel/panel.json,65b5cc3cdf654ed523d97aa6c9e2c540246f3d7f7f8e48571a39419391d43ba0,panel.q.C_G_T_Q|C_G_T.arms.progen3-112m.per_seed.20260925,,,,progen3-112m
interaction,control_rung_per_arm,Q,Pseudolikelihood coupling comparator over C+G+T,C_G_T,20260923,0.005875710515873586,0.00021601954493552164,0.012851235901585246,group-equal squared error reduction,kcal$^2$/mol$^2$,45,True,archive/logs/R3/pairwise_epistasis_20260924/panel/panel.json,65b5cc3cdf654ed523d97aa6c9e2c540246f3d7f7f8e48571a39419391d43ba0,panel.q.C_G_T_Q|C_G_T.arms.progen3-3b.per_seed.20260923,,,,progen3-3b
interaction,control_rung_per_arm,Q,Pseudolikelihood coupling comparator over C+G+T,C_G_T,20260924,-0.0037912628515256847,-0.036801005464577215,0.027457872656116707,group-equal squared error reduction,kcal$^2$/mol$^2$,45,True,archive/logs/R3/pairwise_epistasis_20260924/panel/panel.json,65b5cc3cdf654ed523d97aa6c9e2c540246f3d7f7f8e48571a39419391d43ba0,panel.q.C_G_T_Q|C_G_T.arms.progen3-3b.per_seed.20260924,,,,progen3-3b
interaction,control_rung_per_arm,Q,Pseudolikelihood coupling comparator over C+G+T,C_G_T,20260925,0.007863084683746791,-0.0009309522740720468,0.01763635242976057,group-equal squared error reduction,kcal$^2$/mol$^2$,45,True,archive/logs/R3/pairwise_epistasis_20260924/panel/panel.json,65b5cc3cdf654ed523d97aa6c9e2c540246f3d7f7f8e48571a39419391d43ba0,panel.q.C_G_T_Q|C_G_T.arms.progen3-3b.per_seed.20260925,,,,progen3-3b
interaction,control_rung_per_arm,Q,Pseudolikelihood coupling comparator over C+G+T,C_G_T,20260923,0.006270013115679046,0.00041815046665658246,0.013461664247849768,group-equal squared error reduction,kcal$^2$/mol$^2$,45,True,archive/logs/R3/pairwise_epistasis_20260924/panel/panel.json,65b5cc3cdf654ed523d97aa6c9e2c540246f3d7f7f8e48571a39419391d43ba0,panel.q.C_G_T_Q|C_G_T.arms.prollama.per_seed.20260923,,,,prollama
interaction,control_rung_per_arm,Q,Pseudolikelihood coupling comparator over C+G+T,C_G_T,20260924,-0.0044749889958904596,-0.038366964636483064,0.027061398513467734,group-equal squared error reduction,kcal$^2$/mol$^2$,45,True,archive/logs/R3/pairwise_epistasis_20260924/panel/panel.json,65b5cc3cdf654ed523d97aa6c9e2c540246f3d7f7f8e48571a39419391d43ba0,panel.q.C_G_T_Q|C_G_T.arms.prollama.per_seed.20260924,,,,prollama
interaction,control_rung_per_arm,Q,Pseudolikelihood coupling comparator over C+G+T,C_G_T,20260925,0.007798443006584705,-0.0010574386942216677,0.017721077995076617,group-equal squared error reduction,kcal$^2$/mol$^2$,45,True,archive/logs/R3/pairwise_epistasis_20260924/panel/panel.json,65b5cc3cdf654ed523d97aa6c9e2c540246f3d7f7f8e48571a39419391d43ba0,panel.q.C_G_T_Q|C_G_T.arms.prollama.per_seed.20260925,,,,prollama
interaction,control_rung_per_arm,Q,Pseudolikelihood coupling comparator over C+G+T,C_G_T,20260923,0.006270013115679046,0.00041815046665658246,0.013461664247849768,group-equal squared error reduction,kcal$^2$/mol$^2$,45,True,archive/logs/R3/pairwise_epistasis_20260924/panel/panel.json,65b5cc3cdf654ed523d97aa6c9e2c540246f3d7f7f8e48571a39419391d43ba0,panel.q.C_G_T_Q|C_G_T.arms.prollama-stage-1.per_seed.20260923,,,,prollama-stage-1
interaction,control_rung_per_arm,Q,Pseudolikelihood coupling comparator over C+G+T,C_G_T,20260924,-0.0044749889958904596,-0.038366964636483064,0.027061398513467734,group-equal squared error reduction,kcal$^2$/mol$^2$,45,True,archive/logs/R3/pairwise_epistasis_20260924/panel/panel.json,65b5cc3cdf654ed523d97aa6c9e2c540246f3d7f7f8e48571a39419391d43ba0,panel.q.C_G_T_Q|C_G_T.arms.prollama-stage-1.per_seed.20260924,,,,prollama-stage-1
interaction,control_rung_per_arm,Q,Pseudolikelihood coupling comparator over C+G+T,C_G_T,20260925,0.007798443006584705,-0.0010574386942216677,0.017721077995076617,group-equal squared error reduction,kcal$^2$/mol$^2$,45,True,archive/logs/R3/pairwise_epistasis_20260924/panel/panel.json,65b5cc3cdf654ed523d97aa6c9e2c540246f3d7f7f8e48571a39419391d43ba0,panel.q.C_G_T_Q|C_G_T.arms.prollama-stage-1.per_seed.20260925,,,,prollama-stage-1
interaction,control_rung_per_arm,Q,Pseudolikelihood coupling comparator over C+G+T,C_G_T,20260923,0.005875710515873416,0.00021601954493554636,0.012851235901585191,group-equal squared error reduction,kcal$^2$/mol$^2$,45,True,archive/logs/R3/pairwise_epistasis_20260924/panel/panel.json,65b5cc3cdf654ed523d97aa6c9e2c540246f3d7f7f8e48571a39419391d43ba0,panel.q.C_G_T_Q|C_G_T.arms.proteinglm-7b-clm.per_seed.20260923,,,,proteinglm-7b-clm
interaction,control_rung_per_arm,Q,Pseudolikelihood coupling comparator over C+G+T,C_G_T,20260924,-0.003791262851525587,-0.036801005464577166,0.027457872656116832,group-equal squared error reduction,kcal$^2$/mol$^2$,45,True,archive/logs/R3/pairwise_epistasis_20260924/panel/panel.json,65b5cc3cdf654ed523d97aa6c9e2c540246f3d7f7f8e48571a39419391d43ba0,panel.q.C_G_T_Q|C_G_T.arms.proteinglm-7b-clm.per_seed.20260924,,,,proteinglm-7b-clm
interaction,control_rung_per_arm,Q,Pseudolikelihood coupling comparator over C+G+T,C_G_T,20260925,0.00786308468374727,-0.000930952274071475,0.017636352429761467,group-equal squared error reduction,kcal$^2$/mol$^2$,45,True,archive/logs/R3/pairwise_epistasis_20260924/panel/panel.json,65b5cc3cdf654ed523d97aa6c9e2c540246f3d7f7f8e48571a39419391d43ba0,panel.q.C_G_T_Q|C_G_T.arms.proteinglm-7b-clm.per_seed.20260925,,,,proteinglm-7b-clm
interaction,control_rung_per_arm,Q,Pseudolikelihood coupling comparator over C+G+T,C_G_T,20260923,0.00505012458762815,-8.26245415981928e-05,0.011300284853913996,group-equal squared error reduction,kcal$^2$/mol$^2$,45,True,archive/logs/R3/pairwise_epistasis_20260924/panel/panel.json,65b5cc3cdf654ed523d97aa6c9e2c540246f3d7f7f8e48571a39419391d43ba0,panel.q.C_G_T_Q|C_G_T.arms.protgpt2.per_seed.20260923,,,,protgpt2
interaction,control_rung_per_arm,Q,Pseudolikelihood coupling comparator over C+G+T,C_G_T,20260924,-0.00038470825399533365,-0.014092151305475214,0.013071531258077605,group-equal squared error reduction,kcal$^2$/mol$^2$,45,True,archive/logs/R3/pairwise_epistasis_20260924/panel/panel.json,65b5cc3cdf654ed523d97aa6c9e2c540246f3d7f7f8e48571a39419391d43ba0,panel.q.C_G_T_Q|C_G_T.arms.protgpt2.per_seed.20260924,,,,protgpt2
interaction,control_rung_per_arm,Q,Pseudolikelihood coupling comparator over C+G+T,C_G_T,20260925,0.006918677139258859,-0.0009130563991033081,0.015124490200474976,group-equal squared error reduction,kcal$^2$/mol$^2$,45,True,archive/logs/R3/pairwise_epistasis_20260924/panel/panel.json,65b5cc3cdf654ed523d97aa6c9e2c540246f3d7f7f8e48571a39419391d43ba0,panel.q.C_G_T_Q|C_G_T.arms.protgpt2.per_seed.20260925,,,,protgpt2
interaction,control_rung_per_arm,Q,Pseudolikelihood coupling comparator over C+G+T,C_G_T,20260923,0.005875710515873663,0.00021601954493555766,0.012851235901585278,group-equal squared error reduction,kcal$^2$/mol$^2$,45,True,archive/logs/R3/pairwise_epistasis_20260924/panel/panel.json,65b5cc3cdf654ed523d97aa6c9e2c540246f3d7f7f8e48571a39419391d43ba0,panel.q.C_G_T_Q|C_G_T.arms.protgpt3-1.3b.per_seed.20260923,,,,protgpt3-1.3b
interaction,control_rung_per_arm,Q,Pseudolikelihood coupling comparator over C+G+T,C_G_T,20260924,-0.0037912628515257255,-0.03680100546457725,0.027457872656116666,group-equal squared error reduction,kcal$^2$/mol$^2$,45,True,archive/logs/R3/pairwise_epistasis_20260924/panel/panel.json,65b5cc3cdf654ed523d97aa6c9e2c540246f3d7f7f8e48571a39419391d43ba0,panel.q.C_G_T_Q|C_G_T.arms.protgpt3-1.3b.per_seed.20260924,,,,protgpt3-1.3b
interaction,control_rung_per_arm,Q,Pseudolikelihood coupling comparator over C+G+T,C_G_T,20260925,0.007863084683746791,-0.0009309522740720409,0.01763635242976059,group-equal squared error reduction,kcal$^2$/mol$^2$,45,True,archive/logs/R3/pairwise_epistasis_20260924/panel/panel.json,65b5cc3cdf654ed523d97aa6c9e2c540246f3d7f7f8e48571a39419391d43ba0,panel.q.C_G_T_Q|C_G_T.arms.protgpt3-1.3b.per_seed.20260925,,,,protgpt3-1.3b
interaction,control_rung_per_arm,Q,Pseudolikelihood coupling comparator over C+G+T,C_G_T,20260923,0.006125613009182105,0.00017135481565050116,0.0135132845087865,group-equal squared error reduction,kcal$^2$/mol$^2$,45,True,archive/logs/R3/pairwise_epistasis_20260924/panel/panel.json,65b5cc3cdf654ed523d97aa6c9e2c540246f3d7f7f8e48571a39419391d43ba0,panel.q.C_G_T_Q|C_G_T.arms.qwen2.5-0.5b.per_seed.20260923,,,,qwen2.5-0.5b
interaction,control_rung_per_arm,Q,Pseudolikelihood coupling comparator over C+G+T,C_G_T,20260924,0.0034315800439323235,0.0010406325326202447,0.005744751700136039,group-equal squared error reduction,kcal$^2$/mol$^2$,45,True,archive/logs/R3/pairwise_epistasis_20260924/panel/panel.json,65b5cc3cdf654ed523d97aa6c9e2c540246f3d7f7f8e48571a39419391d43ba0,panel.q.C_G_T_Q|C_G_T.arms.qwen2.5-0.5b.per_seed.20260924,,,,qwen2.5-0.5b
interaction,control_rung_per_arm,Q,Pseudolikelihood coupling comparator over C+G+T,C_G_T,20260925,0.007888494813123679,-0.0010309521172003828,0.01780041331077959,group-equal squared error reduction,kcal$^2$/mol$^2$,45,True,archive/logs/R3/pairwise_epistasis_20260924/panel/panel.json,65b5cc3cdf654ed523d97aa6c9e2c540246f3d7f7f8e48571a39419391d43ba0,panel.q.C_G_T_Q|C_G_T.arms.qwen2.5-0.5b.per_seed.20260925,,,,qwen2.5-0.5b
interaction,control_rung_per_arm,Q,Pseudolikelihood coupling comparator over C+G+T,C_G_T,20260923,0.006125613009182105,0.00017135481565050116,0.0135132845087865,group-equal squared error reduction,kcal$^2$/mol$^2$,45,True,archive/logs/R3/pairwise_epistasis_20260924/panel/panel.json,65b5cc3cdf654ed523d97aa6c9e2c540246f3d7f7f8e48571a39419391d43ba0,panel.q.C_G_T_Q|C_G_T.arms.qwen2.5-0.5b-instruct.per_seed.20260923,,,,qwen2.5-0.5b-instruct
interaction,control_rung_per_arm,Q,Pseudolikelihood coupling comparator over C+G+T,C_G_T,20260924,0.0034315800439323235,0.0010406325326202447,0.005744751700136039,group-equal squared error reduction,kcal$^2$/mol$^2$,45,True,archive/logs/R3/pairwise_epistasis_20260924/panel/panel.json,65b5cc3cdf654ed523d97aa6c9e2c540246f3d7f7f8e48571a39419391d43ba0,panel.q.C_G_T_Q|C_G_T.arms.qwen2.5-0.5b-instruct.per_seed.20260924,,,,qwen2.5-0.5b-instruct
interaction,control_rung_per_arm,Q,Pseudolikelihood coupling comparator over C+G+T,C_G_T,20260925,0.007888494813123679,-0.0010309521172003828,0.01780041331077959,group-equal squared error reduction,kcal$^2$/mol$^2$,45,True,archive/logs/R3/pairwise_epistasis_20260924/panel/panel.json,65b5cc3cdf654ed523d97aa6c9e2c540246f3d7f7f8e48571a39419391d43ba0,panel.q.C_G_T_Q|C_G_T.arms.qwen2.5-0.5b-instruct.per_seed.20260925,,,,qwen2.5-0.5b-instruct
interaction,control_rung_per_arm,Q,Pseudolikelihood coupling comparator over C+G+T,C_G_T,20260923,0.006125613009182105,0.00017135481565050116,0.0135132845087865,group-equal squared error reduction,kcal$^2$/mol$^2$,45,True,archive/logs/R3/pairwise_epistasis_20260924/panel/panel.json,65b5cc3cdf654ed523d97aa6c9e2c540246f3d7f7f8e48571a39419391d43ba0,panel.q.C_G_T_Q|C_G_T.arms.qwen2.5-32b.per_seed.20260923,,,,qwen2.5-32b
interaction,control_rung_per_arm,Q,Pseudolikelihood coupling comparator over C+G+T,C_G_T,20260924,0.0034315800439323235,0.0010406325326202447,0.005744751700136039,group-equal squared error reduction,kcal$^2$/mol$^2$,45,True,archive/logs/R3/pairwise_epistasis_20260924/panel/panel.json,65b5cc3cdf654ed523d97aa6c9e2c540246f3d7f7f8e48571a39419391d43ba0,panel.q.C_G_T_Q|C_G_T.arms.qwen2.5-32b.per_seed.20260924,,,,qwen2.5-32b
interaction,control_rung_per_arm,Q,Pseudolikelihood coupling comparator over C+G+T,C_G_T,20260925,0.007888494813123679,-0.0010309521172003828,0.01780041331077959,group-equal squared error reduction,kcal$^2$/mol$^2$,45,True,archive/logs/R3/pairwise_epistasis_20260924/panel/panel.json,65b5cc3cdf654ed523d97aa6c9e2c540246f3d7f7f8e48571a39419391d43ba0,panel.q.C_G_T_Q|C_G_T.arms.qwen2.5-32b.per_seed.20260925,,,,qwen2.5-32b
interaction,control_rung_per_arm,Q,Pseudolikelihood coupling comparator over C+G+T,C_G_T,20260923,0.006125613009182105,0.00017135481565050116,0.0135132845087865,group-equal squared error reduction,kcal$^2$/mol$^2$,45,True,archive/logs/R3/pairwise_epistasis_20260924/panel/panel.json,65b5cc3cdf654ed523d97aa6c9e2c540246f3d7f7f8e48571a39419391d43ba0,panel.q.C_G_T_Q|C_G_T.arms.qwen2.5-7b.per_seed.20260923,,,,qwen2.5-7b
interaction,control_rung_per_arm,Q,Pseudolikelihood coupling comparator over C+G+T,C_G_T,20260924,0.0034315800439323235,0.0010406325326202447,0.005744751700136039,group-equal squared error reduction,kcal$^2$/mol$^2$,45,True,archive/logs/R3/pairwise_epistasis_20260924/panel/panel.json,65b5cc3cdf654ed523d97aa6c9e2c540246f3d7f7f8e48571a39419391d43ba0,panel.q.C_G_T_Q|C_G_T.arms.qwen2.5-7b.per_seed.20260924,,,,qwen2.5-7b
interaction,control_rung_per_arm,Q,Pseudolikelihood coupling comparator over C+G+T,C_G_T,20260925,0.007888494813123679,-0.0010309521172003828,0.01780041331077959,group-equal squared error reduction,kcal$^2$/mol$^2$,45,True,archive/logs/R3/pairwise_epistasis_20260924/panel/panel.json,65b5cc3cdf654ed523d97aa6c9e2c540246f3d7f7f8e48571a39419391d43ba0,panel.q.C_G_T_Q|C_G_T.arms.qwen2.5-7b.per_seed.20260925,,,,qwen2.5-7b
interaction,control_rung_per_arm,Q,Pseudolikelihood coupling comparator over C+G+T,C_G_T,20260923,0.006125613009182105,0.00017135481565050116,0.0135132845087865,group-equal squared error reduction,kcal$^2$/mol$^2$,45,True,archive/logs/R3/pairwise_epistasis_20260924/panel/panel.json,65b5cc3cdf654ed523d97aa6c9e2c540246f3d7f7f8e48571a39419391d43ba0,panel.q.C_G_T_Q|C_G_T.arms.qwen3-8b-base.per_seed.20260923,,,,qwen3-8b-base
interaction,control_rung_per_arm,Q,Pseudolikelihood coupling comparator over C+G+T,C_G_T,20260924,0.0034315800439323235,0.0010406325326202447,0.005744751700136039,group-equal squared error reduction,kcal$^2$/mol$^2$,45,True,archive/logs/R3/pairwise_epistasis_20260924/panel/panel.json,65b5cc3cdf654ed523d97aa6c9e2c540246f3d7f7f8e48571a39419391d43ba0,panel.q.C_G_T_Q|C_G_T.arms.qwen3-8b-base.per_seed.20260924,,,,qwen3-8b-base
interaction,control_rung_per_arm,Q,Pseudolikelihood coupling comparator over C+G+T,C_G_T,20260925,0.007888494813123679,-0.0010309521172003828,0.01780041331077959,group-equal squared error reduction,kcal$^2$/mol$^2$,45,True,archive/logs/R3/pairwise_epistasis_20260924/panel/panel.json,65b5cc3cdf654ed523d97aa6c9e2c540246f3d7f7f8e48571a39419391d43ba0,panel.q.C_G_T_Q|C_G_T.arms.qwen3-8b-base.per_seed.20260925,,,,qwen3-8b-base
interaction,control_rung_per_arm,Q,Pseudolikelihood coupling comparator over C+G+T,C_G_T,20260923,0.005875710515873661,0.0002160195449357389,0.01285123590158519,group-equal squared error reduction,kcal$^2$/mol$^2$,45,True,archive/logs/R3/pairwise_epistasis_20260924/panel/panel.json,65b5cc3cdf654ed523d97aa6c9e2c540246f3d7f7f8e48571a39419391d43ba0,panel.q.C_G_T_Q|C_G_T.arms.rita-xl.per_seed.20260923,,,,rita-xl
interaction,control_rung_per_arm,Q,Pseudolikelihood coupling comparator over C+G+T,C_G_T,20260924,-0.0037912628515257155,-0.03680100546457736,0.027457872656116697,group-equal squared error reduction,kcal$^2$/mol$^2$,45,True,archive/logs/R3/pairwise_epistasis_20260924/panel/panel.json,65b5cc3cdf654ed523d97aa6c9e2c540246f3d7f7f8e48571a39419391d43ba0,panel.q.C_G_T_Q|C_G_T.arms.rita-xl.per_seed.20260924,,,,rita-xl
interaction,control_rung_per_arm,Q,Pseudolikelihood coupling comparator over C+G+T,C_G_T,20260925,0.00786308468374737,-0.0009309522740711301,0.017636352429761273,group-equal squared error reduction,kcal$^2$/mol$^2$,45,True,archive/logs/R3/pairwise_epistasis_20260924/panel/panel.json,65b5cc3cdf654ed523d97aa6c9e2c540246f3d7f7f8e48571a39419391d43ba0,panel.q.C_G_T_Q|C_G_T.arms.rita-xl.per_seed.20260925,,,,rita-xl
interaction,refused_block,W,"Bounded receptive field, +/-5 residues",C_G_T,20260923,-0.00269,-0.00607,0.00093,group-equal squared error reduction,kcal$^2$/mol$^2$,64,True,,,"declared-block contribution table, W over C+G+T at split seed 20260923",False,archive/docs/R5/gate-global-context.md,a03f0efb09e32eb91314018451aa594fbaf170a311326bda6d533c52b482a0ec,
interaction,refused_block,W,"Bounded receptive field, +/-5 residues",C_G_T,20260924,-0.01033,-0.01745,-0.00401,group-equal squared error reduction,kcal$^2$/mol$^2$,64,True,,,"declared-block contribution table, W over C+G+T at split seed 20260924",False,archive/docs/R5/gate-global-context.md,a03f0efb09e32eb91314018451aa594fbaf170a311326bda6d533c52b482a0ec,
interaction,refused_block,W,"Bounded receptive field, +/-5 residues",C_G_T,20260925,-0.00261,-0.00688,0.00167,group-equal squared error reduction,kcal$^2$/mol$^2$,64,True,,,"declared-block contribution table, W over C+G+T at split seed 20260925",False,archive/docs/R5/gate-global-context.md,a03f0efb09e32eb91314018451aa594fbaf170a311326bda6d533c52b482a0ec,
interaction,refused_block,X,Long-range additive block,C_G_T,20260923,0.00434,-0.00391,0.01268,group-equal squared error reduction,kcal$^2$/mol$^2$,64,True,,,"declared-block contribution table, X over C+G+T at split seed 20260923",False,archive/docs/R5/gate-global-context.md,a03f0efb09e32eb91314018451aa594fbaf170a311326bda6d533c52b482a0ec,
interaction,refused_block,X,Long-range additive block,C_G_T,20260924,0.00322,-0.0054,0.012,group-equal squared error reduction,kcal$^2$/mol$^2$,64,True,,,"declared-block contribution table, X over C+G+T at split seed 20260924",False,archive/docs/R5/gate-global-context.md,a03f0efb09e32eb91314018451aa594fbaf170a311326bda6d533c52b482a0ec,
interaction,refused_block,X,Long-range additive block,C_G_T,20260925,-0.00051,-0.01106,0.00989,group-equal squared error reduction,kcal$^2$/mol$^2$,64,True,,,"declared-block contribution table, X over C+G+T at split seed 20260925",False,archive/docs/R5/gate-global-context.md,a03f0efb09e32eb91314018451aa594fbaf170a311326bda6d533c52b482a0ec,
interaction,additive_null,ADDITIVE_NULL,Zero-interaction additive null,,20260923,1.15441,0.92605,1.3905,group-equal mean squared error,kcal$^2$/mol$^2$,64,True,,,additive null on 64 groups,,archive/docs/R3/pairwise-epistasis-results.md,15056229ac22983c43e26fe069ea00b3867edc0fcb4e56b19806e61b89d990d6,
