cell,arm,condition,endpoint,cohort,model_rate,control_rate,difference,ci_low,ci_high,qualified,n_attempts,n_clusters,resamples,verdict,interval_level,unit,source_path,source_sha256,source_pointer,panel,estimate,n_streams,df,stream1,stream2,stream3,class_key,primary_class,n_target_profile,target_profile_known,target_profile_rate,n_distinct_target_groups,distinct_target_groups_per_attempt
galactica-1.3b__unconditioned,galactica-1.3b,unconditioned,any_family,shuffle,0.11,0.0,0.11,0.055829250978486,0.1950848488729508,True,800.0,545.0,4000.0,satisfied_beyond_some_but_not_all_qualified_matched_generators,97.5% percentile,frozen near-duplicate sequence group of the attempt ledger,results/R6/generative_control_20260924/gate_endpoints.json,32e1364dbe3541ff7ed6fc101aeb6fef59a20d129ba3b64714fa2705be896be4,cells[cell=galactica-1.3b__unconditioned].endpoints.any_family.controls.shuffle,b/c,,,,,,,,,,,,,
galactica-1.3b__unconditioned,galactica-1.3b,unconditioned,any_family,hydropathy,0.11,0.0,0.11,0.055829250978486,0.1950848488729508,True,800.0,545.0,4000.0,satisfied_beyond_some_but_not_all_qualified_matched_generators,97.5% percentile,frozen near-duplicate sequence group of the attempt ledger,results/R6/generative_control_20260924/gate_endpoints.json,32e1364dbe3541ff7ed6fc101aeb6fef59a20d129ba3b64714fa2705be896be4,cells[cell=galactica-1.3b__unconditioned].endpoints.any_family.controls.hydropathy,b/c,,,,,,,,,,,,,
galactica-1.3b__unconditioned,galactica-1.3b,unconditioned,any_family,markov_0,0.11,0.0,0.11,0.055829250978486,0.1950848488729508,False,800.0,545.0,4000.0,satisfied_beyond_some_but_not_all_qualified_matched_generators,97.5% percentile,frozen near-duplicate sequence group of the attempt ledger,results/R6/generative_control_20260924/gate_endpoints.json,32e1364dbe3541ff7ed6fc101aeb6fef59a20d129ba3b64714fa2705be896be4,cells[cell=galactica-1.3b__unconditioned].endpoints.any_family.controls.markov_0,b/c,,,,,,,,,,,,,
galactica-1.3b__unconditioned,galactica-1.3b,unconditioned,any_family,markov_2,0.11,0.0,0.11,0.055829250978486,0.1950848488729508,False,800.0,545.0,4000.0,satisfied_beyond_some_but_not_all_qualified_matched_generators,97.5% percentile,frozen near-duplicate sequence group of the attempt ledger,results/R6/generative_control_20260924/gate_endpoints.json,32e1364dbe3541ff7ed6fc101aeb6fef59a20d129ba3b64714fa2705be896be4,cells[cell=galactica-1.3b__unconditioned].endpoints.any_family.controls.markov_2,b/c,,,,,,,,,,,,,
galactica-1.3b__unconditioned,galactica-1.3b,unconditioned,any_family,markov_4,0.11,0.0,0.11,0.055829250978486,0.1950848488729508,True,800.0,545.0,4000.0,satisfied_beyond_some_but_not_all_qualified_matched_generators,97.5% percentile,frozen near-duplicate sequence group of the attempt ledger,results/R6/generative_control_20260924/gate_endpoints.json,32e1364dbe3541ff7ed6fc101aeb6fef59a20d129ba3b64714fa2705be896be4,cells[cell=galactica-1.3b__unconditioned].endpoints.any_family.controls.markov_4,b/c,,,,,,,,,,,,,
galactica-1.3b__unconditioned,galactica-1.3b,unconditioned,any_family,fragment,0.11,0.49125,-0.38125,-0.565369510069522,-0.2163852644124401,True,800.0,545.0,4000.0,satisfied_beyond_some_but_not_all_qualified_matched_generators,97.5% percentile,frozen near-duplicate sequence group of the attempt ledger,results/R6/generative_control_20260924/gate_endpoints.json,32e1364dbe3541ff7ed6fc101aeb6fef59a20d129ba3b64714fa2705be896be4,cells[cell=galactica-1.3b__unconditioned].endpoints.any_family.controls.fragment,b/c,,,,,,,,,,,,,
galactica-1.3b__unconditioned,galactica-1.3b,unconditioned,any_family,natural,0.11,0.48,-0.37,-0.5547826086956522,-0.2101482308791994,True,800.0,545.0,4000.0,satisfied_beyond_some_but_not_all_qualified_matched_generators,97.5% percentile,frozen near-duplicate sequence group of the attempt ledger,results/R6/generative_control_20260924/gate_endpoints.json,32e1364dbe3541ff7ed6fc101aeb6fef59a20d129ba3b64714fa2705be896be4,cells[cell=galactica-1.3b__unconditioned].endpoints.any_family.controls.natural,b/c,,,,,,,,,,,,,
galactica-1.3b__unconditioned,galactica-1.3b,unconditioned,complete_domain,shuffle,0.0825,0.0,0.0825,0.0401622426440431,0.152489329490734,True,800.0,545.0,4000.0,satisfied_beyond_some_but_not_all_qualified_matched_generators,97.5% percentile,frozen near-duplicate sequence group of the attempt ledger,results/R6/generative_control_20260924/gate_endpoints.json,32e1364dbe3541ff7ed6fc101aeb6fef59a20d129ba3b64714fa2705be896be4,cells[cell=galactica-1.3b__unconditioned].endpoints.complete_domain.controls.shuffle,b/c,,,,,,,,,,,,,
galactica-1.3b__unconditioned,galactica-1.3b,unconditioned,complete_domain,hydropathy,0.0825,0.0,0.0825,0.0401622426440431,0.152489329490734,True,800.0,545.0,4000.0,satisfied_beyond_some_but_not_all_qualified_matched_generators,97.5% percentile,frozen near-duplicate sequence group of the attempt ledger,results/R6/generative_control_20260924/gate_endpoints.json,32e1364dbe3541ff7ed6fc101aeb6fef59a20d129ba3b64714fa2705be896be4,cells[cell=galactica-1.3b__unconditioned].endpoints.complete_domain.controls.hydropathy,b/c,,,,,,,,,,,,,
galactica-1.3b__unconditioned,galactica-1.3b,unconditioned,complete_domain,markov_0,0.0825,0.0,0.0825,0.0401622426440431,0.152489329490734,False,800.0,545.0,4000.0,satisfied_beyond_some_but_not_all_qualified_matched_generators,97.5% percentile,frozen near-duplicate sequence group of the attempt ledger,results/R6/generative_control_20260924/gate_endpoints.json,32e1364dbe3541ff7ed6fc101aeb6fef59a20d129ba3b64714fa2705be896be4,cells[cell=galactica-1.3b__unconditioned].endpoints.complete_domain.controls.markov_0,b/c,,,,,,,,,,,,,
galactica-1.3b__unconditioned,galactica-1.3b,unconditioned,complete_domain,markov_2,0.0825,0.0,0.0825,0.0401622426440431,0.152489329490734,False,800.0,545.0,4000.0,satisfied_beyond_some_but_not_all_qualified_matched_generators,97.5% percentile,frozen near-duplicate sequence group of the attempt ledger,results/R6/generative_control_20260924/gate_endpoints.json,32e1364dbe3541ff7ed6fc101aeb6fef59a20d129ba3b64714fa2705be896be4,cells[cell=galactica-1.3b__unconditioned].endpoints.complete_domain.controls.markov_2,b/c,,,,,,,,,,,,,
galactica-1.3b__unconditioned,galactica-1.3b,unconditioned,complete_domain,markov_4,0.0825,0.0,0.0825,0.0401622426440431,0.152489329490734,True,800.0,545.0,4000.0,satisfied_beyond_some_but_not_all_qualified_matched_generators,97.5% percentile,frozen near-duplicate sequence group of the attempt ledger,results/R6/generative_control_20260924/gate_endpoints.json,32e1364dbe3541ff7ed6fc101aeb6fef59a20d129ba3b64714fa2705be896be4,cells[cell=galactica-1.3b__unconditioned].endpoints.complete_domain.controls.markov_4,b/c,,,,,,,,,,,,,
galactica-1.3b__unconditioned,galactica-1.3b,unconditioned,complete_domain,fragment,0.0825,0.31375,-0.2312499999999999,-0.3648286926315106,-0.1250954322011319,True,800.0,545.0,4000.0,satisfied_beyond_some_but_not_all_qualified_matched_generators,97.5% percentile,frozen near-duplicate sequence group of the attempt ledger,results/R6/generative_control_20260924/gate_endpoints.json,32e1364dbe3541ff7ed6fc101aeb6fef59a20d129ba3b64714fa2705be896be4,cells[cell=galactica-1.3b__unconditioned].endpoints.complete_domain.controls.fragment,b/c,,,,,,,,,,,,,
galactica-1.3b__unconditioned,galactica-1.3b,unconditioned,complete_domain,natural,0.0825,0.375,-0.2925,-0.4451967867491628,-0.1645656037838864,True,800.0,545.0,4000.0,satisfied_beyond_some_but_not_all_qualified_matched_generators,97.5% percentile,frozen near-duplicate sequence group of the attempt ledger,results/R6/generative_control_20260924/gate_endpoints.json,32e1364dbe3541ff7ed6fc101aeb6fef59a20d129ba3b64714fa2705be896be4,cells[cell=galactica-1.3b__unconditioned].endpoints.complete_domain.controls.natural,b/c,,,,,,,,,,,,,
galactica-1.3b__unconditioned,galactica-1.3b,unconditioned,any_family_by_reference_identity,30_to_50,0.0909090909090909,,,0.0162321728858848,0.3773584364515956,,,,,,95% Wilson,"attempt, Wilson interval on the raw rate",results/R6/generative_control_20260924/gate_endpoints.json,32e1364dbe3541ff7ed6fc101aeb6fef59a20d129ba3b64714fa2705be896be4,cells[cell=galactica-1.3b__unconditioned].identity_strata.30_to_50.any_family,b/c,,,,,,,,,,,,,
galactica-1.3b__unconditioned,galactica-1.3b,unconditioned,any_family_by_reference_identity,50_to_70,0.5714285714285714,,,0.2504583645276572,0.8417801447485302,,,,,,95% Wilson,"attempt, Wilson interval on the raw rate",results/R6/generative_control_20260924/gate_endpoints.json,32e1364dbe3541ff7ed6fc101aeb6fef59a20d129ba3b64714fa2705be896be4,cells[cell=galactica-1.3b__unconditioned].identity_strata.50_to_70.any_family,b/c,,,,,,,,,,,,,
galactica-1.3b__unconditioned,galactica-1.3b,unconditioned,any_family_by_reference_identity,70_and_over,0.8404255319148937,,,0.7532755743045754,0.9008438631139476,,,,,,95% Wilson,"attempt, Wilson interval on the raw rate",results/R6/generative_control_20260924/gate_endpoints.json,32e1364dbe3541ff7ed6fc101aeb6fef59a20d129ba3b64714fa2705be896be4,cells[cell=galactica-1.3b__unconditioned].identity_strata.70_and_over.any_family,b/c,,,,,,,,,,,,,
galactica-1.3b__unconditioned,galactica-1.3b,unconditioned,any_family_by_reference_identity,no_reported_alignment,0.0042918454935622,,,0.0011777689508089,0.0155118157452207,,,,,,95% Wilson,"attempt, Wilson interval on the raw rate",results/R6/generative_control_20260924/gate_endpoints.json,32e1364dbe3541ff7ed6fc101aeb6fef59a20d129ba3b64714fa2705be896be4,cells[cell=galactica-1.3b__unconditioned].identity_strata.no_reported_alignment.any_family,b/c,,,,,,,,,,,,,
galactica-1.3b__unconditioned,galactica-1.3b,unconditioned,any_family_by_reference_identity,not_searched,0.0,,,0.0,0.0186622211225211,,,,,,95% Wilson,"attempt, Wilson interval on the raw rate",results/R6/generative_control_20260924/gate_endpoints.json,32e1364dbe3541ff7ed6fc101aeb6fef59a20d129ba3b64714fa2705be896be4,cells[cell=galactica-1.3b__unconditioned].identity_strata.not_searched.any_family,b/c,,,,,,,,,,,,,
galactica-1.3b__unconditioned,galactica-1.3b,unconditioned,any_family_by_reference_identity,under_30,0.1,,,0.0278664812137682,0.3010336452284873,,,,,,95% Wilson,"attempt, Wilson interval on the raw rate",results/R6/generative_control_20260924/gate_endpoints.json,32e1364dbe3541ff7ed6fc101aeb6fef59a20d129ba3b64714fa2705be896be4,cells[cell=galactica-1.3b__unconditioned].identity_strata.under_30.any_family,b/c,,,,,,,,,,,,,
galactica-125m__unconditioned,galactica-125m,unconditioned,any_family,shuffle,0.0,0.0,0.0,0.0,0.0,True,800.0,10.0,4000.0,not_detected_beyond_any_qualified_matched_generator,97.5% percentile,frozen near-duplicate sequence group of the attempt ledger,results/R6/generative_control_20260924/gate_endpoints.json,32e1364dbe3541ff7ed6fc101aeb6fef59a20d129ba3b64714fa2705be896be4,cells[cell=galactica-125m__unconditioned].endpoints.any_family.controls.shuffle,b/c,,,,,,,,,,,,,
galactica-125m__unconditioned,galactica-125m,unconditioned,any_family,hydropathy,0.0,0.0,0.0,0.0,0.0,True,800.0,10.0,4000.0,not_detected_beyond_any_qualified_matched_generator,97.5% percentile,frozen near-duplicate sequence group of the attempt ledger,results/R6/generative_control_20260924/gate_endpoints.json,32e1364dbe3541ff7ed6fc101aeb6fef59a20d129ba3b64714fa2705be896be4,cells[cell=galactica-125m__unconditioned].endpoints.any_family.controls.hydropathy,b/c,,,,,,,,,,,,,
galactica-125m__unconditioned,galactica-125m,unconditioned,any_family,markov_0,0.0,0.0,0.0,0.0,0.0,False,800.0,10.0,4000.0,not_detected_beyond_any_qualified_matched_generator,97.5% percentile,frozen near-duplicate sequence group of the attempt ledger,results/R6/generative_control_20260924/gate_endpoints.json,32e1364dbe3541ff7ed6fc101aeb6fef59a20d129ba3b64714fa2705be896be4,cells[cell=galactica-125m__unconditioned].endpoints.any_family.controls.markov_0,b/c,,,,,,,,,,,,,
galactica-125m__unconditioned,galactica-125m,unconditioned,any_family,markov_2,0.0,0.0,0.0,0.0,0.0,False,800.0,10.0,4000.0,not_detected_beyond_any_qualified_matched_generator,97.5% percentile,frozen near-duplicate sequence group of the attempt ledger,results/R6/generative_control_20260924/gate_endpoints.json,32e1364dbe3541ff7ed6fc101aeb6fef59a20d129ba3b64714fa2705be896be4,cells[cell=galactica-125m__unconditioned].endpoints.any_family.controls.markov_2,b/c,,,,,,,,,,,,,
galactica-125m__unconditioned,galactica-125m,unconditioned,any_family,markov_4,0.0,0.0,0.0,0.0,0.0,True,800.0,10.0,4000.0,not_detected_beyond_any_qualified_matched_generator,97.5% percentile,frozen near-duplicate sequence group of the attempt ledger,results/R6/generative_control_20260924/gate_endpoints.json,32e1364dbe3541ff7ed6fc101aeb6fef59a20d129ba3b64714fa2705be896be4,cells[cell=galactica-125m__unconditioned].endpoints.any_family.controls.markov_4,b/c,,,,,,,,,,,,,
galactica-125m__unconditioned,galactica-125m,unconditioned,any_family,fragment,0.0,0.00125,-0.00125,-0.3,0.0,True,800.0,10.0,4000.0,not_detected_beyond_any_qualified_matched_generator,97.5% percentile,frozen near-duplicate sequence group of the attempt ledger,results/R6/generative_control_20260924/gate_endpoints.json,32e1364dbe3541ff7ed6fc101aeb6fef59a20d129ba3b64714fa2705be896be4,cells[cell=galactica-125m__unconditioned].endpoints.any_family.controls.fragment,b/c,,,,,,,,,,,,,
galactica-125m__unconditioned,galactica-125m,unconditioned,any_family,natural,0.0,0.00125,-0.00125,-0.3,0.0,True,800.0,10.0,4000.0,not_detected_beyond_any_qualified_matched_generator,97.5% percentile,frozen near-duplicate sequence group of the attempt ledger,results/R6/generative_control_20260924/gate_endpoints.json,32e1364dbe3541ff7ed6fc101aeb6fef59a20d129ba3b64714fa2705be896be4,cells[cell=galactica-125m__unconditioned].endpoints.any_family.controls.natural,b/c,,,,,,,,,,,,,
galactica-125m__unconditioned,galactica-125m,unconditioned,complete_domain,shuffle,0.0,0.0,0.0,0.0,0.0,True,800.0,10.0,4000.0,not_detected_beyond_any_qualified_matched_generator,97.5% percentile,frozen near-duplicate sequence group of the attempt ledger,results/R6/generative_control_20260924/gate_endpoints.json,32e1364dbe3541ff7ed6fc101aeb6fef59a20d129ba3b64714fa2705be896be4,cells[cell=galactica-125m__unconditioned].endpoints.complete_domain.controls.shuffle,b/c,,,,,,,,,,,,,
galactica-125m__unconditioned,galactica-125m,unconditioned,complete_domain,hydropathy,0.0,0.0,0.0,0.0,0.0,True,800.0,10.0,4000.0,not_detected_beyond_any_qualified_matched_generator,97.5% percentile,frozen near-duplicate sequence group of the attempt ledger,results/R6/generative_control_20260924/gate_endpoints.json,32e1364dbe3541ff7ed6fc101aeb6fef59a20d129ba3b64714fa2705be896be4,cells[cell=galactica-125m__unconditioned].endpoints.complete_domain.controls.hydropathy,b/c,,,,,,,,,,,,,
galactica-125m__unconditioned,galactica-125m,unconditioned,complete_domain,markov_0,0.0,0.0,0.0,0.0,0.0,False,800.0,10.0,4000.0,not_detected_beyond_any_qualified_matched_generator,97.5% percentile,frozen near-duplicate sequence group of the attempt ledger,results/R6/generative_control_20260924/gate_endpoints.json,32e1364dbe3541ff7ed6fc101aeb6fef59a20d129ba3b64714fa2705be896be4,cells[cell=galactica-125m__unconditioned].endpoints.complete_domain.controls.markov_0,b/c,,,,,,,,,,,,,
galactica-125m__unconditioned,galactica-125m,unconditioned,complete_domain,markov_2,0.0,0.0,0.0,0.0,0.0,False,800.0,10.0,4000.0,not_detected_beyond_any_qualified_matched_generator,97.5% percentile,frozen near-duplicate sequence group of the attempt ledger,results/R6/generative_control_20260924/gate_endpoints.json,32e1364dbe3541ff7ed6fc101aeb6fef59a20d129ba3b64714fa2705be896be4,cells[cell=galactica-125m__unconditioned].endpoints.complete_domain.controls.markov_2,b/c,,,,,,,,,,,,,
galactica-125m__unconditioned,galactica-125m,unconditioned,complete_domain,markov_4,0.0,0.0,0.0,0.0,0.0,True,800.0,10.0,4000.0,not_detected_beyond_any_qualified_matched_generator,97.5% percentile,frozen near-duplicate sequence group of the attempt ledger,results/R6/generative_control_20260924/gate_endpoints.json,32e1364dbe3541ff7ed6fc101aeb6fef59a20d129ba3b64714fa2705be896be4,cells[cell=galactica-125m__unconditioned].endpoints.complete_domain.controls.markov_4,b/c,,,,,,,,,,,,,
galactica-125m__unconditioned,galactica-125m,unconditioned,complete_domain,fragment,0.0,0.00125,-0.00125,-0.3,0.0,True,800.0,10.0,4000.0,not_detected_beyond_any_qualified_matched_generator,97.5% percentile,frozen near-duplicate sequence group of the attempt ledger,results/R6/generative_control_20260924/gate_endpoints.json,32e1364dbe3541ff7ed6fc101aeb6fef59a20d129ba3b64714fa2705be896be4,cells[cell=galactica-125m__unconditioned].endpoints.complete_domain.controls.fragment,b/c,,,,,,,,,,,,,
galactica-125m__unconditioned,galactica-125m,unconditioned,complete_domain,natural,0.0,0.00125,-0.00125,-0.3,0.0,True,800.0,10.0,4000.0,not_detected_beyond_any_qualified_matched_generator,97.5% percentile,frozen near-duplicate sequence group of the attempt ledger,results/R6/generative_control_20260924/gate_endpoints.json,32e1364dbe3541ff7ed6fc101aeb6fef59a20d129ba3b64714fa2705be896be4,cells[cell=galactica-125m__unconditioned].endpoints.complete_domain.controls.natural,b/c,,,,,,,,,,,,,
galactica-125m__unconditioned,galactica-125m,unconditioned,any_family_by_reference_identity,no_reported_alignment,0.0,,,0.0,0.2991450484195441,,,,,,95% Wilson,"attempt, Wilson interval on the raw rate",results/R6/generative_control_20260924/gate_endpoints.json,32e1364dbe3541ff7ed6fc101aeb6fef59a20d129ba3b64714fa2705be896be4,cells[cell=galactica-125m__unconditioned].identity_strata.no_reported_alignment.any_family,b/c,,,,,,,,,,,,,
galactica-125m__unconditioned,galactica-125m,unconditioned,any_family_by_reference_identity,not_searched,0.0,,,0.0,0.0048329874820491,,,,,,95% Wilson,"attempt, Wilson interval on the raw rate",results/R6/generative_control_20260924/gate_endpoints.json,32e1364dbe3541ff7ed6fc101aeb6fef59a20d129ba3b64714fa2705be896be4,cells[cell=galactica-125m__unconditioned].identity_strata.not_searched.any_family,b/c,,,,,,,,,,,,,
galactica-30b__unconditioned,galactica-30b,unconditioned,any_family,shuffle,0.1725,0.0,0.1725,0.102137280755098,0.2632381891648634,True,800.0,581.0,4000.0,satisfied_beyond_some_but_not_all_qualified_matched_generators,97.5% percentile,frozen near-duplicate sequence group of the attempt ledger,results/R6/generative_control_20260924/gate_endpoints.json,32e1364dbe3541ff7ed6fc101aeb6fef59a20d129ba3b64714fa2705be896be4,cells[cell=galactica-30b__unconditioned].endpoints.any_family.controls.shuffle,b/c,,,,,,,,,,,,,
galactica-30b__unconditioned,galactica-30b,unconditioned,any_family,hydropathy,0.1725,0.0,0.1725,0.102137280755098,0.2632381891648634,True,800.0,581.0,4000.0,satisfied_beyond_some_but_not_all_qualified_matched_generators,97.5% percentile,frozen near-duplicate sequence group of the attempt ledger,results/R6/generative_control_20260924/gate_endpoints.json,32e1364dbe3541ff7ed6fc101aeb6fef59a20d129ba3b64714fa2705be896be4,cells[cell=galactica-30b__unconditioned].endpoints.any_family.controls.hydropathy,b/c,,,,,,,,,,,,,
galactica-30b__unconditioned,galactica-30b,unconditioned,any_family,markov_0,0.1725,0.0,0.1725,0.102137280755098,0.2632381891648634,False,800.0,581.0,4000.0,satisfied_beyond_some_but_not_all_qualified_matched_generators,97.5% percentile,frozen near-duplicate sequence group of the attempt ledger,results/R6/generative_control_20260924/gate_endpoints.json,32e1364dbe3541ff7ed6fc101aeb6fef59a20d129ba3b64714fa2705be896be4,cells[cell=galactica-30b__unconditioned].endpoints.any_family.controls.markov_0,b/c,,,,,,,,,,,,,
galactica-30b__unconditioned,galactica-30b,unconditioned,any_family,markov_2,0.1725,0.0,0.1725,0.102137280755098,0.2632381891648634,False,800.0,581.0,4000.0,satisfied_beyond_some_but_not_all_qualified_matched_generators,97.5% percentile,frozen near-duplicate sequence group of the attempt ledger,results/R6/generative_control_20260924/gate_endpoints.json,32e1364dbe3541ff7ed6fc101aeb6fef59a20d129ba3b64714fa2705be896be4,cells[cell=galactica-30b__unconditioned].endpoints.any_family.controls.markov_2,b/c,,,,,,,,,,,,,
galactica-30b__unconditioned,galactica-30b,unconditioned,any_family,markov_4,0.1725,0.0,0.1725,0.102137280755098,0.2632381891648634,True,800.0,581.0,4000.0,satisfied_beyond_some_but_not_all_qualified_matched_generators,97.5% percentile,frozen near-duplicate sequence group of the attempt ledger,results/R6/generative_control_20260924/gate_endpoints.json,32e1364dbe3541ff7ed6fc101aeb6fef59a20d129ba3b64714fa2705be896be4,cells[cell=galactica-30b__unconditioned].endpoints.any_family.controls.markov_4,b/c,,,,,,,,,,,,,
galactica-30b__unconditioned,galactica-30b,unconditioned,any_family,fragment,0.1725,0.4375,-0.265,-0.3713882410216929,-0.1652773326210826,True,800.0,581.0,4000.0,satisfied_beyond_some_but_not_all_qualified_matched_generators,97.5% percentile,frozen near-duplicate sequence group of the attempt ledger,results/R6/generative_control_20260924/gate_endpoints.json,32e1364dbe3541ff7ed6fc101aeb6fef59a20d129ba3b64714fa2705be896be4,cells[cell=galactica-30b__unconditioned].endpoints.any_family.controls.fragment,b/c,,,,,,,,,,,,,
galactica-30b__unconditioned,galactica-30b,unconditioned,any_family,natural,0.1725,0.42875,-0.25625,-0.3673849601068924,-0.149433137119556,True,800.0,581.0,4000.0,satisfied_beyond_some_but_not_all_qualified_matched_generators,97.5% percentile,frozen near-duplicate sequence group of the attempt ledger,results/R6/generative_control_20260924/gate_endpoints.json,32e1364dbe3541ff7ed6fc101aeb6fef59a20d129ba3b64714fa2705be896be4,cells[cell=galactica-30b__unconditioned].endpoints.any_family.controls.natural,b/c,,,,,,,,,,,,,
galactica-30b__unconditioned,galactica-30b,unconditioned,complete_domain,shuffle,0.11375,0.0,0.11375,0.0565275908479138,0.197756726090592,True,800.0,581.0,4000.0,satisfied_beyond_some_but_not_all_qualified_matched_generators,97.5% percentile,frozen near-duplicate sequence group of the attempt ledger,results/R6/generative_control_20260924/gate_endpoints.json,32e1364dbe3541ff7ed6fc101aeb6fef59a20d129ba3b64714fa2705be896be4,cells[cell=galactica-30b__unconditioned].endpoints.complete_domain.controls.shuffle,b/c,,,,,,,,,,,,,
galactica-30b__unconditioned,galactica-30b,unconditioned,complete_domain,hydropathy,0.11375,0.0,0.11375,0.0565275908479138,0.197756726090592,True,800.0,581.0,4000.0,satisfied_beyond_some_but_not_all_qualified_matched_generators,97.5% percentile,frozen near-duplicate sequence group of the attempt ledger,results/R6/generative_control_20260924/gate_endpoints.json,32e1364dbe3541ff7ed6fc101aeb6fef59a20d129ba3b64714fa2705be896be4,cells[cell=galactica-30b__unconditioned].endpoints.complete_domain.controls.hydropathy,b/c,,,,,,,,,,,,,
galactica-30b__unconditioned,galactica-30b,unconditioned,complete_domain,markov_0,0.11375,0.0,0.11375,0.0565275908479138,0.197756726090592,False,800.0,581.0,4000.0,satisfied_beyond_some_but_not_all_qualified_matched_generators,97.5% percentile,frozen near-duplicate sequence group of the attempt ledger,results/R6/generative_control_20260924/gate_endpoints.json,32e1364dbe3541ff7ed6fc101aeb6fef59a20d129ba3b64714fa2705be896be4,cells[cell=galactica-30b__unconditioned].endpoints.complete_domain.controls.markov_0,b/c,,,,,,,,,,,,,
galactica-30b__unconditioned,galactica-30b,unconditioned,complete_domain,markov_2,0.11375,0.0,0.11375,0.0565275908479138,0.197756726090592,False,800.0,581.0,4000.0,satisfied_beyond_some_but_not_all_qualified_matched_generators,97.5% percentile,frozen near-duplicate sequence group of the attempt ledger,results/R6/generative_control_20260924/gate_endpoints.json,32e1364dbe3541ff7ed6fc101aeb6fef59a20d129ba3b64714fa2705be896be4,cells[cell=galactica-30b__unconditioned].endpoints.complete_domain.controls.markov_2,b/c,,,,,,,,,,,,,
galactica-30b__unconditioned,galactica-30b,unconditioned,complete_domain,markov_4,0.11375,0.0,0.11375,0.0565275908479138,0.197756726090592,True,800.0,581.0,4000.0,satisfied_beyond_some_but_not_all_qualified_matched_generators,97.5% percentile,frozen near-duplicate sequence group of the attempt ledger,results/R6/generative_control_20260924/gate_endpoints.json,32e1364dbe3541ff7ed6fc101aeb6fef59a20d129ba3b64714fa2705be896be4,cells[cell=galactica-30b__unconditioned].endpoints.complete_domain.controls.markov_4,b/c,,,,,,,,,,,,,
galactica-30b__unconditioned,galactica-30b,unconditioned,complete_domain,fragment,0.11375,0.26375,-0.1499999999999999,-0.2378735490393848,-0.061709452474012,True,800.0,581.0,4000.0,satisfied_beyond_some_but_not_all_qualified_matched_generators,97.5% percentile,frozen near-duplicate sequence group of the attempt ledger,results/R6/generative_control_20260924/gate_endpoints.json,32e1364dbe3541ff7ed6fc101aeb6fef59a20d129ba3b64714fa2705be896be4,cells[cell=galactica-30b__unconditioned].endpoints.complete_domain.controls.fragment,b/c,,,,,,,,,,,,,
galactica-30b__unconditioned,galactica-30b,unconditioned,complete_domain,natural,0.11375,0.32,-0.20625,-0.3094103429286868,-0.1037291575594828,True,800.0,581.0,4000.0,satisfied_beyond_some_but_not_all_qualified_matched_generators,97.5% percentile,frozen near-duplicate sequence group of the attempt ledger,results/R6/generative_control_20260924/gate_endpoints.json,32e1364dbe3541ff7ed6fc101aeb6fef59a20d129ba3b64714fa2705be896be4,cells[cell=galactica-30b__unconditioned].endpoints.complete_domain.controls.natural,b/c,,,,,,,,,,,,,
galactica-30b__unconditioned,galactica-30b,unconditioned,any_family_by_reference_identity,30_to_50,0.2807017543859649,,,0.1807939934382354,0.4083019867604394,,,,,,95% Wilson,"attempt, Wilson interval on the raw rate",results/R6/generative_control_20260924/gate_endpoints.json,32e1364dbe3541ff7ed6fc101aeb6fef59a20d129ba3b64714fa2705be896be4,cells[cell=galactica-30b__unconditioned].identity_strata.30_to_50.any_family,b/c,,,,,,,,,,,,,
galactica-30b__unconditioned,galactica-30b,unconditioned,any_family_by_reference_identity,50_to_70,0.2903225806451613,,,0.1609580015630062,0.4659232933074992,,,,,,95% Wilson,"attempt, Wilson interval on the raw rate",results/R6/generative_control_20260924/gate_endpoints.json,32e1364dbe3541ff7ed6fc101aeb6fef59a20d129ba3b64714fa2705be896be4,cells[cell=galactica-30b__unconditioned].identity_strata.50_to_70.any_family,b/c,,,,,,,,,,,,,
galactica-30b__unconditioned,galactica-30b,unconditioned,any_family_by_reference_identity,70_and_over,0.8245614035087719,,,0.7444999446318382,0.8834624103878611,,,,,,95% Wilson,"attempt, Wilson interval on the raw rate",results/R6/generative_control_20260924/gate_endpoints.json,32e1364dbe3541ff7ed6fc101aeb6fef59a20d129ba3b64714fa2705be896be4,cells[cell=galactica-30b__unconditioned].identity_strata.70_and_over.any_family,b/c,,,,,,,,,,,,,
galactica-30b__unconditioned,galactica-30b,unconditioned,any_family_by_reference_identity,no_reported_alignment,0.0161290322580645,,,0.0078343869357047,0.0329142869535822,,,,,,95% Wilson,"attempt, Wilson interval on the raw rate",results/R6/generative_control_20260924/gate_endpoints.json,32e1364dbe3541ff7ed6fc101aeb6fef59a20d129ba3b64714fa2705be896be4,cells[cell=galactica-30b__unconditioned].identity_strata.no_reported_alignment.any_family,b/c,,,,,,,,,,,,,
galactica-30b__unconditioned,galactica-30b,unconditioned,any_family_by_reference_identity,not_searched,0.0,,,0.0,0.0305261783890128,,,,,,95% Wilson,"attempt, Wilson interval on the raw rate",results/R6/generative_control_20260924/gate_endpoints.json,32e1364dbe3541ff7ed6fc101aeb6fef59a20d129ba3b64714fa2705be896be4,cells[cell=galactica-30b__unconditioned].identity_strata.not_searched.any_family,b/c,,,,,,,,,,,,,
galactica-30b__unconditioned,galactica-30b,unconditioned,any_family_by_reference_identity,under_30,0.2857142857142857,,,0.1716702462604907,0.4356720926819536,,,,,,95% Wilson,"attempt, Wilson interval on the raw rate",results/R6/generative_control_20260924/gate_endpoints.json,32e1364dbe3541ff7ed6fc101aeb6fef59a20d129ba3b64714fa2705be896be4,cells[cell=galactica-30b__unconditioned].identity_strata.under_30.any_family,b/c,,,,,,,,,,,,,
galactica-6.7b__unconditioned,galactica-6.7b,unconditioned,any_family,shuffle,0.11375,0.0,0.11375,0.0611220479770441,0.1896846068518281,True,800.0,565.0,4000.0,satisfied_beyond_some_but_not_all_qualified_matched_generators,97.5% percentile,frozen near-duplicate sequence group of the attempt ledger,results/R6/generative_control_20260924/gate_endpoints.json,32e1364dbe3541ff7ed6fc101aeb6fef59a20d129ba3b64714fa2705be896be4,cells[cell=galactica-6.7b__unconditioned].endpoints.any_family.controls.shuffle,b/c,,,,,,,,,,,,,
galactica-6.7b__unconditioned,galactica-6.7b,unconditioned,any_family,hydropathy,0.11375,0.0,0.11375,0.0611220479770441,0.1896846068518281,True,800.0,565.0,4000.0,satisfied_beyond_some_but_not_all_qualified_matched_generators,97.5% percentile,frozen near-duplicate sequence group of the attempt ledger,results/R6/generative_control_20260924/gate_endpoints.json,32e1364dbe3541ff7ed6fc101aeb6fef59a20d129ba3b64714fa2705be896be4,cells[cell=galactica-6.7b__unconditioned].endpoints.any_family.controls.hydropathy,b/c,,,,,,,,,,,,,
galactica-6.7b__unconditioned,galactica-6.7b,unconditioned,any_family,markov_0,0.11375,0.0,0.11375,0.0611220479770441,0.1896846068518281,False,800.0,565.0,4000.0,satisfied_beyond_some_but_not_all_qualified_matched_generators,97.5% percentile,frozen near-duplicate sequence group of the attempt ledger,results/R6/generative_control_20260924/gate_endpoints.json,32e1364dbe3541ff7ed6fc101aeb6fef59a20d129ba3b64714fa2705be896be4,cells[cell=galactica-6.7b__unconditioned].endpoints.any_family.controls.markov_0,b/c,,,,,,,,,,,,,
galactica-6.7b__unconditioned,galactica-6.7b,unconditioned,any_family,markov_2,0.11375,0.0,0.11375,0.0611220479770441,0.1896846068518281,False,800.0,565.0,4000.0,satisfied_beyond_some_but_not_all_qualified_matched_generators,97.5% percentile,frozen near-duplicate sequence group of the attempt ledger,results/R6/generative_control_20260924/gate_endpoints.json,32e1364dbe3541ff7ed6fc101aeb6fef59a20d129ba3b64714fa2705be896be4,cells[cell=galactica-6.7b__unconditioned].endpoints.any_family.controls.markov_2,b/c,,,,,,,,,,,,,
galactica-6.7b__unconditioned,galactica-6.7b,unconditioned,any_family,markov_4,0.11375,0.0,0.11375,0.0611220479770441,0.1896846068518281,True,800.0,565.0,4000.0,satisfied_beyond_some_but_not_all_qualified_matched_generators,97.5% percentile,frozen near-duplicate sequence group of the attempt ledger,results/R6/generative_control_20260924/gate_endpoints.json,32e1364dbe3541ff7ed6fc101aeb6fef59a20d129ba3b64714fa2705be896be4,cells[cell=galactica-6.7b__unconditioned].endpoints.any_family.controls.markov_4,b/c,,,,,,,,,,,,,
galactica-6.7b__unconditioned,galactica-6.7b,unconditioned,any_family,fragment,0.11375,0.44625,-0.3324999999999999,-0.504216209484163,-0.1893161568563728,True,800.0,565.0,4000.0,satisfied_beyond_some_but_not_all_qualified_matched_generators,97.5% percentile,frozen near-duplicate sequence group of the attempt ledger,results/R6/generative_control_20260924/gate_endpoints.json,32e1364dbe3541ff7ed6fc101aeb6fef59a20d129ba3b64714fa2705be896be4,cells[cell=galactica-6.7b__unconditioned].endpoints.any_family.controls.fragment,b/c,,,,,,,,,,,,,
galactica-6.7b__unconditioned,galactica-6.7b,unconditioned,any_family,natural,0.11375,0.47125,-0.3575,-0.5349684082695828,-0.2059836694702939,True,800.0,565.0,4000.0,satisfied_beyond_some_but_not_all_qualified_matched_generators,97.5% percentile,frozen near-duplicate sequence group of the attempt ledger,results/R6/generative_control_20260924/gate_endpoints.json,32e1364dbe3541ff7ed6fc101aeb6fef59a20d129ba3b64714fa2705be896be4,cells[cell=galactica-6.7b__unconditioned].endpoints.any_family.controls.natural,b/c,,,,,,,,,,,,,
galactica-6.7b__unconditioned,galactica-6.7b,unconditioned,complete_domain,shuffle,0.065,0.0,0.065,0.0320332546619646,0.1146752740303542,True,800.0,565.0,4000.0,satisfied_beyond_some_but_not_all_qualified_matched_generators,97.5% percentile,frozen near-duplicate sequence group of the attempt ledger,results/R6/generative_control_20260924/gate_endpoints.json,32e1364dbe3541ff7ed6fc101aeb6fef59a20d129ba3b64714fa2705be896be4,cells[cell=galactica-6.7b__unconditioned].endpoints.complete_domain.controls.shuffle,b/c,,,,,,,,,,,,,
galactica-6.7b__unconditioned,galactica-6.7b,unconditioned,complete_domain,hydropathy,0.065,0.0,0.065,0.0320332546619646,0.1146752740303542,True,800.0,565.0,4000.0,satisfied_beyond_some_but_not_all_qualified_matched_generators,97.5% percentile,frozen near-duplicate sequence group of the attempt ledger,results/R6/generative_control_20260924/gate_endpoints.json,32e1364dbe3541ff7ed6fc101aeb6fef59a20d129ba3b64714fa2705be896be4,cells[cell=galactica-6.7b__unconditioned].endpoints.complete_domain.controls.hydropathy,b/c,,,,,,,,,,,,,
galactica-6.7b__unconditioned,galactica-6.7b,unconditioned,complete_domain,markov_0,0.065,0.0,0.065,0.0320332546619646,0.1146752740303542,False,800.0,565.0,4000.0,satisfied_beyond_some_but_not_all_qualified_matched_generators,97.5% percentile,frozen near-duplicate sequence group of the attempt ledger,results/R6/generative_control_20260924/gate_endpoints.json,32e1364dbe3541ff7ed6fc101aeb6fef59a20d129ba3b64714fa2705be896be4,cells[cell=galactica-6.7b__unconditioned].endpoints.complete_domain.controls.markov_0,b/c,,,,,,,,,,,,,
galactica-6.7b__unconditioned,galactica-6.7b,unconditioned,complete_domain,markov_2,0.065,0.0,0.065,0.0320332546619646,0.1146752740303542,False,800.0,565.0,4000.0,satisfied_beyond_some_but_not_all_qualified_matched_generators,97.5% percentile,frozen near-duplicate sequence group of the attempt ledger,results/R6/generative_control_20260924/gate_endpoints.json,32e1364dbe3541ff7ed6fc101aeb6fef59a20d129ba3b64714fa2705be896be4,cells[cell=galactica-6.7b__unconditioned].endpoints.complete_domain.controls.markov_2,b/c,,,,,,,,,,,,,
galactica-6.7b__unconditioned,galactica-6.7b,unconditioned,complete_domain,markov_4,0.065,0.0,0.065,0.0320332546619646,0.1146752740303542,True,800.0,565.0,4000.0,satisfied_beyond_some_but_not_all_qualified_matched_generators,97.5% percentile,frozen near-duplicate sequence group of the attempt ledger,results/R6/generative_control_20260924/gate_endpoints.json,32e1364dbe3541ff7ed6fc101aeb6fef59a20d129ba3b64714fa2705be896be4,cells[cell=galactica-6.7b__unconditioned].endpoints.complete_domain.controls.markov_4,b/c,,,,,,,,,,,,,
galactica-6.7b__unconditioned,galactica-6.7b,unconditioned,complete_domain,fragment,0.065,0.29375,-0.22875,-0.3551729943109253,-0.1293708469633464,True,800.0,565.0,4000.0,satisfied_beyond_some_but_not_all_qualified_matched_generators,97.5% percentile,frozen near-duplicate sequence group of the attempt ledger,results/R6/generative_control_20260924/gate_endpoints.json,32e1364dbe3541ff7ed6fc101aeb6fef59a20d129ba3b64714fa2705be896be4,cells[cell=galactica-6.7b__unconditioned].endpoints.complete_domain.controls.fragment,b/c,,,,,,,,,,,,,
galactica-6.7b__unconditioned,galactica-6.7b,unconditioned,complete_domain,natural,0.065,0.37,-0.305,-0.4587813115983742,-0.1758972358555265,True,800.0,565.0,4000.0,satisfied_beyond_some_but_not_all_qualified_matched_generators,97.5% percentile,frozen near-duplicate sequence group of the attempt ledger,results/R6/generative_control_20260924/gate_endpoints.json,32e1364dbe3541ff7ed6fc101aeb6fef59a20d129ba3b64714fa2705be896be4,cells[cell=galactica-6.7b__unconditioned].endpoints.complete_domain.controls.natural,b/c,,,,,,,,,,,,,
galactica-6.7b__unconditioned,galactica-6.7b,unconditioned,any_family_by_reference_identity,30_to_50,0.1818181818181818,,,0.0861076820894066,0.3438823163466992,,,,,,95% Wilson,"attempt, Wilson interval on the raw rate",results/R6/generative_control_20260924/gate_endpoints.json,32e1364dbe3541ff7ed6fc101aeb6fef59a20d129ba3b64714fa2705be896be4,cells[cell=galactica-6.7b__unconditioned].identity_strata.30_to_50.any_family,b/c,,,,,,,,,,,,,
galactica-6.7b__unconditioned,galactica-6.7b,unconditioned,any_family_by_reference_identity,50_to_70,0.2307692307692307,,,0.0817952871849856,0.5025637594672749,,,,,,95% Wilson,"attempt, Wilson interval on the raw rate",results/R6/generative_control_20260924/gate_endpoints.json,32e1364dbe3541ff7ed6fc101aeb6fef59a20d129ba3b64714fa2705be896be4,cells[cell=galactica-6.7b__unconditioned].identity_strata.50_to_70.any_family,b/c,,,,,,,,,,,,,
galactica-6.7b__unconditioned,galactica-6.7b,unconditioned,any_family_by_reference_identity,70_and_over,0.9142857142857144,,,0.8253432750766051,0.9601233303548878,,,,,,95% Wilson,"attempt, Wilson interval on the raw rate",results/R6/generative_control_20260924/gate_endpoints.json,32e1364dbe3541ff7ed6fc101aeb6fef59a20d129ba3b64714fa2705be896be4,cells[cell=galactica-6.7b__unconditioned].identity_strata.70_and_over.any_family,b/c,,,,,,,,,,,,,
galactica-6.7b__unconditioned,galactica-6.7b,unconditioned,any_family_by_reference_identity,no_reported_alignment,0.0237529691211401,,,0.0129523193928893,0.0431661651045394,,,,,,95% Wilson,"attempt, Wilson interval on the raw rate",results/R6/generative_control_20260924/gate_endpoints.json,32e1364dbe3541ff7ed6fc101aeb6fef59a20d129ba3b64714fa2705be896be4,cells[cell=galactica-6.7b__unconditioned].identity_strata.no_reported_alignment.any_family,b/c,,,,,,,,,,,,,
galactica-6.7b__unconditioned,galactica-6.7b,unconditioned,any_family_by_reference_identity,not_searched,0.0,,,0.0,0.017715518248153,,,,,,95% Wilson,"attempt, Wilson interval on the raw rate",results/R6/generative_control_20260924/gate_endpoints.json,32e1364dbe3541ff7ed6fc101aeb6fef59a20d129ba3b64714fa2705be896be4,cells[cell=galactica-6.7b__unconditioned].identity_strata.not_searched.any_family,b/c,,,,,,,,,,,,,
galactica-6.7b__unconditioned,galactica-6.7b,unconditioned,any_family_by_reference_identity,under_30,0.16,,,0.083374206780334,0.2851421606303499,,,,,,95% Wilson,"attempt, Wilson interval on the raw rate",results/R6/generative_control_20260924/gate_endpoints.json,32e1364dbe3541ff7ed6fc101aeb6fef59a20d129ba3b64714fa2705be896be4,cells[cell=galactica-6.7b__unconditioned].identity_strata.under_30.any_family,b/c,,,,,,,,,,,,,
instructprotein__unconditioned,instructprotein,unconditioned,any_family,shuffle,0.5875,0.0,0.5875,0.5470514429109159,0.6267184675871579,True,800.0,795.0,4000.0,satisfied_beyond_some_but_not_all_qualified_matched_generators,97.5% percentile,frozen near-duplicate sequence group of the attempt ledger,results/R6/generative_control_20260924/gate_endpoints.json,32e1364dbe3541ff7ed6fc101aeb6fef59a20d129ba3b64714fa2705be896be4,cells[cell=instructprotein__unconditioned].endpoints.any_family.controls.shuffle,b/c,,,,,,,,,,,,,
instructprotein__unconditioned,instructprotein,unconditioned,any_family,hydropathy,0.5875,0.0,0.5875,0.5470514429109159,0.6267184675871579,True,800.0,795.0,4000.0,satisfied_beyond_some_but_not_all_qualified_matched_generators,97.5% percentile,frozen near-duplicate sequence group of the attempt ledger,results/R6/generative_control_20260924/gate_endpoints.json,32e1364dbe3541ff7ed6fc101aeb6fef59a20d129ba3b64714fa2705be896be4,cells[cell=instructprotein__unconditioned].endpoints.any_family.controls.hydropathy,b/c,,,,,,,,,,,,,
instructprotein__unconditioned,instructprotein,unconditioned,any_family,markov_0,0.5875,0.0,0.5875,0.5470514429109159,0.6267184675871579,False,800.0,795.0,4000.0,satisfied_beyond_some_but_not_all_qualified_matched_generators,97.5% percentile,frozen near-duplicate sequence group of the attempt ledger,results/R6/generative_control_20260924/gate_endpoints.json,32e1364dbe3541ff7ed6fc101aeb6fef59a20d129ba3b64714fa2705be896be4,cells[cell=instructprotein__unconditioned].endpoints.any_family.controls.markov_0,b/c,,,,,,,,,,,,,
instructprotein__unconditioned,instructprotein,unconditioned,any_family,markov_2,0.5875,0.0,0.5875,0.5470514429109159,0.6267184675871579,False,800.0,795.0,4000.0,satisfied_beyond_some_but_not_all_qualified_matched_generators,97.5% percentile,frozen near-duplicate sequence group of the attempt ledger,results/R6/generative_control_20260924/gate_endpoints.json,32e1364dbe3541ff7ed6fc101aeb6fef59a20d129ba3b64714fa2705be896be4,cells[cell=instructprotein__unconditioned].endpoints.any_family.controls.markov_2,b/c,,,,,,,,,,,,,
instructprotein__unconditioned,instructprotein,unconditioned,any_family,markov_4,0.5875,0.00125,0.58625,0.5463659147869674,0.6254720905813916,True,800.0,795.0,4000.0,satisfied_beyond_some_but_not_all_qualified_matched_generators,97.5% percentile,frozen near-duplicate sequence group of the attempt ledger,results/R6/generative_control_20260924/gate_endpoints.json,32e1364dbe3541ff7ed6fc101aeb6fef59a20d129ba3b64714fa2705be896be4,cells[cell=instructprotein__unconditioned].endpoints.any_family.controls.markov_4,b/c,,,,,,,,,,,,,
instructprotein__unconditioned,instructprotein,unconditioned,any_family,fragment,0.5875,0.535,0.0524999999999999,-0.0087829360100376,0.1098643882646692,True,800.0,795.0,4000.0,satisfied_beyond_some_but_not_all_qualified_matched_generators,97.5% percentile,frozen near-duplicate sequence group of the attempt ledger,results/R6/generative_control_20260924/gate_endpoints.json,32e1364dbe3541ff7ed6fc101aeb6fef59a20d129ba3b64714fa2705be896be4,cells[cell=instructprotein__unconditioned].endpoints.any_family.controls.fragment,b/c,,,,,,,,,,,,,
instructprotein__unconditioned,instructprotein,unconditioned,any_family,natural,0.5875,0.55875,0.02875,-0.0275344180225281,0.0864661654135338,True,800.0,795.0,4000.0,satisfied_beyond_some_but_not_all_qualified_matched_generators,97.5% percentile,frozen near-duplicate sequence group of the attempt ledger,results/R6/generative_control_20260924/gate_endpoints.json,32e1364dbe3541ff7ed6fc101aeb6fef59a20d129ba3b64714fa2705be896be4,cells[cell=instructprotein__unconditioned].endpoints.any_family.controls.natural,b/c,,,,,,,,,,,,,
instructprotein__unconditioned,instructprotein,unconditioned,complete_domain,shuffle,0.51,0.0,0.51,0.4693366708385482,0.5494367959949937,True,800.0,795.0,4000.0,satisfied_beyond_every_qualified_matched_generator,97.5% percentile,frozen near-duplicate sequence group of the attempt ledger,results/R6/generative_control_20260924/gate_endpoints.json,32e1364dbe3541ff7ed6fc101aeb6fef59a20d129ba3b64714fa2705be896be4,cells[cell=instructprotein__unconditioned].endpoints.complete_domain.controls.shuffle,b/c,,,,,,,,,,,,,
instructprotein__unconditioned,instructprotein,unconditioned,complete_domain,hydropathy,0.51,0.0,0.51,0.4693366708385482,0.5494367959949937,True,800.0,795.0,4000.0,satisfied_beyond_every_qualified_matched_generator,97.5% percentile,frozen near-duplicate sequence group of the attempt ledger,results/R6/generative_control_20260924/gate_endpoints.json,32e1364dbe3541ff7ed6fc101aeb6fef59a20d129ba3b64714fa2705be896be4,cells[cell=instructprotein__unconditioned].endpoints.complete_domain.controls.hydropathy,b/c,,,,,,,,,,,,,
instructprotein__unconditioned,instructprotein,unconditioned,complete_domain,markov_0,0.51,0.0,0.51,0.4693366708385482,0.5494367959949937,False,800.0,795.0,4000.0,satisfied_beyond_every_qualified_matched_generator,97.5% percentile,frozen near-duplicate sequence group of the attempt ledger,results/R6/generative_control_20260924/gate_endpoints.json,32e1364dbe3541ff7ed6fc101aeb6fef59a20d129ba3b64714fa2705be896be4,cells[cell=instructprotein__unconditioned].endpoints.complete_domain.controls.markov_0,b/c,,,,,,,,,,,,,
instructprotein__unconditioned,instructprotein,unconditioned,complete_domain,markov_2,0.51,0.0,0.51,0.4693366708385482,0.5494367959949937,False,800.0,795.0,4000.0,satisfied_beyond_every_qualified_matched_generator,97.5% percentile,frozen near-duplicate sequence group of the attempt ledger,results/R6/generative_control_20260924/gate_endpoints.json,32e1364dbe3541ff7ed6fc101aeb6fef59a20d129ba3b64714fa2705be896be4,cells[cell=instructprotein__unconditioned].endpoints.complete_domain.controls.markov_2,b/c,,,,,,,,,,,,,
instructprotein__unconditioned,instructprotein,unconditioned,complete_domain,markov_4,0.51,0.0,0.51,0.4693366708385482,0.5494367959949937,True,800.0,795.0,4000.0,satisfied_beyond_every_qualified_matched_generator,97.5% percentile,frozen near-duplicate sequence group of the attempt ledger,results/R6/generative_control_20260924/gate_endpoints.json,32e1364dbe3541ff7ed6fc101aeb6fef59a20d129ba3b64714fa2705be896be4,cells[cell=instructprotein__unconditioned].endpoints.complete_domain.controls.markov_4,b/c,,,,,,,,,,,,,
instructprotein__unconditioned,instructprotein,unconditioned,complete_domain,fragment,0.51,0.28875,0.22125,0.1624974641073658,0.2803504380475594,True,800.0,795.0,4000.0,satisfied_beyond_every_qualified_matched_generator,97.5% percentile,frozen near-duplicate sequence group of the attempt ledger,results/R6/generative_control_20260924/gate_endpoints.json,32e1364dbe3541ff7ed6fc101aeb6fef59a20d129ba3b64714fa2705be896be4,cells[cell=instructprotein__unconditioned].endpoints.complete_domain.controls.fragment,b/c,,,,,,,,,,,,,
instructprotein__unconditioned,instructprotein,unconditioned,complete_domain,natural,0.51,0.37875,0.13125,0.0701710635691473,0.189768734013647,True,800.0,795.0,4000.0,satisfied_beyond_every_qualified_matched_generator,97.5% percentile,frozen near-duplicate sequence group of the attempt ledger,results/R6/generative_control_20260924/gate_endpoints.json,32e1364dbe3541ff7ed6fc101aeb6fef59a20d129ba3b64714fa2705be896be4,cells[cell=instructprotein__unconditioned].endpoints.complete_domain.controls.natural,b/c,,,,,,,,,,,,,
instructprotein__unconditioned,instructprotein,unconditioned,any_family_by_reference_identity,30_to_50,0.6744186046511628,,,0.569778553659483,0.7641430054268858,,,,,,95% Wilson,"attempt, Wilson interval on the raw rate",results/R6/generative_control_20260924/gate_endpoints.json,32e1364dbe3541ff7ed6fc101aeb6fef59a20d129ba3b64714fa2705be896be4,cells[cell=instructprotein__unconditioned].identity_strata.30_to_50.any_family,b/c,,,,,,,,,,,,,
instructprotein__unconditioned,instructprotein,unconditioned,any_family_by_reference_identity,50_to_70,0.9357142857142856,,,0.8823423857613151,0.9658136396310536,,,,,,95% Wilson,"attempt, Wilson interval on the raw rate",results/R6/generative_control_20260924/gate_endpoints.json,32e1364dbe3541ff7ed6fc101aeb6fef59a20d129ba3b64714fa2705be896be4,cells[cell=instructprotein__unconditioned].identity_strata.50_to_70.any_family,b/c,,,,,,,,,,,,,
instructprotein__unconditioned,instructprotein,unconditioned,any_family_by_reference_identity,70_and_over,0.9866071428571428,,,0.9613707167571758,0.9954349547319666,,,,,,95% Wilson,"attempt, Wilson interval on the raw rate",results/R6/generative_control_20260924/gate_endpoints.json,32e1364dbe3541ff7ed6fc101aeb6fef59a20d129ba3b64714fa2705be896be4,cells[cell=instructprotein__unconditioned].identity_strata.70_and_over.any_family,b/c,,,,,,,,,,,,,
instructprotein__unconditioned,instructprotein,unconditioned,any_family_by_reference_identity,no_reported_alignment,0.0579150579150579,,,0.0354079203815658,0.0933444422500089,,,,,,95% Wilson,"attempt, Wilson interval on the raw rate",results/R6/generative_control_20260924/gate_endpoints.json,32e1364dbe3541ff7ed6fc101aeb6fef59a20d129ba3b64714fa2705be896be4,cells[cell=instructprotein__unconditioned].identity_strata.no_reported_alignment.any_family,b/c,,,,,,,,,,,,,
instructprotein__unconditioned,instructprotein,unconditioned,any_family_by_reference_identity,under_30,0.4945054945054945,,,0.3941058411037617,0.5953502468515007,,,,,,95% Wilson,"attempt, Wilson interval on the raw rate",results/R6/generative_control_20260924/gate_endpoints.json,32e1364dbe3541ff7ed6fc101aeb6fef59a20d129ba3b64714fa2705be896be4,cells[cell=instructprotein__unconditioned].identity_strata.under_30.any_family,b/c,,,,,,,,,,,,,
progen2-base__unconditioned,progen2-base,unconditioned,any_family,shuffle,0.25625,0.0,0.25625,0.1989241007484516,0.3091158031721184,True,800.0,709.0,4000.0,satisfied_beyond_some_but_not_all_qualified_matched_generators,97.5% percentile,frozen near-duplicate sequence group of the attempt ledger,results/R6/generative_control_20260924/gate_endpoints.json,32e1364dbe3541ff7ed6fc101aeb6fef59a20d129ba3b64714fa2705be896be4,cells[cell=progen2-base__unconditioned].endpoints.any_family.controls.shuffle,b/c,,,,,,,,,,,,,
progen2-base__unconditioned,progen2-base,unconditioned,any_family,hydropathy,0.25625,0.0,0.25625,0.1989241007484516,0.3091158031721184,True,800.0,709.0,4000.0,satisfied_beyond_some_but_not_all_qualified_matched_generators,97.5% percentile,frozen near-duplicate sequence group of the attempt ledger,results/R6/generative_control_20260924/gate_endpoints.json,32e1364dbe3541ff7ed6fc101aeb6fef59a20d129ba3b64714fa2705be896be4,cells[cell=progen2-base__unconditioned].endpoints.any_family.controls.hydropathy,b/c,,,,,,,,,,,,,
progen2-base__unconditioned,progen2-base,unconditioned,any_family,markov_0,0.25625,0.0,0.25625,0.1989241007484516,0.3091158031721184,False,800.0,709.0,4000.0,satisfied_beyond_some_but_not_all_qualified_matched_generators,97.5% percentile,frozen near-duplicate sequence group of the attempt ledger,results/R6/generative_control_20260924/gate_endpoints.json,32e1364dbe3541ff7ed6fc101aeb6fef59a20d129ba3b64714fa2705be896be4,cells[cell=progen2-base__unconditioned].endpoints.any_family.controls.markov_0,b/c,,,,,,,,,,,,,
progen2-base__unconditioned,progen2-base,unconditioned,any_family,markov_2,0.25625,0.0,0.25625,0.1989241007484516,0.3091158031721184,False,800.0,709.0,4000.0,satisfied_beyond_some_but_not_all_qualified_matched_generators,97.5% percentile,frozen near-duplicate sequence group of the attempt ledger,results/R6/generative_control_20260924/gate_endpoints.json,32e1364dbe3541ff7ed6fc101aeb6fef59a20d129ba3b64714fa2705be896be4,cells[cell=progen2-base__unconditioned].endpoints.any_family.controls.markov_2,b/c,,,,,,,,,,,,,
progen2-base__unconditioned,progen2-base,unconditioned,any_family,markov_4,0.25625,0.0,0.25625,0.1989241007484516,0.3091158031721184,True,800.0,709.0,4000.0,satisfied_beyond_some_but_not_all_qualified_matched_generators,97.5% percentile,frozen near-duplicate sequence group of the attempt ledger,results/R6/generative_control_20260924/gate_endpoints.json,32e1364dbe3541ff7ed6fc101aeb6fef59a20d129ba3b64714fa2705be896be4,cells[cell=progen2-base__unconditioned].endpoints.any_family.controls.markov_4,b/c,,,,,,,,,,,,,
progen2-base__unconditioned,progen2-base,unconditioned,any_family,fragment,0.25625,0.56125,-0.305,-0.375481121241299,-0.2352909172374063,True,800.0,709.0,4000.0,satisfied_beyond_some_but_not_all_qualified_matched_generators,97.5% percentile,frozen near-duplicate sequence group of the attempt ledger,results/R6/generative_control_20260924/gate_endpoints.json,32e1364dbe3541ff7ed6fc101aeb6fef59a20d129ba3b64714fa2705be896be4,cells[cell=progen2-base__unconditioned].endpoints.any_family.controls.fragment,b/c,,,,,,,,,,,,,
progen2-base__unconditioned,progen2-base,unconditioned,any_family,natural,0.25625,0.61375,-0.3575,-0.4344399558498896,-0.2781780250508947,True,800.0,709.0,4000.0,satisfied_beyond_some_but_not_all_qualified_matched_generators,97.5% percentile,frozen near-duplicate sequence group of the attempt ledger,results/R6/generative_control_20260924/gate_endpoints.json,32e1364dbe3541ff7ed6fc101aeb6fef59a20d129ba3b64714fa2705be896be4,cells[cell=progen2-base__unconditioned].endpoints.any_family.controls.natural,b/c,,,,,,,,,,,,,
progen2-base__unconditioned,progen2-base,unconditioned,complete_domain,shuffle,0.18,0.0,0.18,0.1362646461746156,0.2228384656342903,True,800.0,709.0,4000.0,satisfied_beyond_some_but_not_all_qualified_matched_generators,97.5% percentile,frozen near-duplicate sequence group of the attempt ledger,results/R6/generative_control_20260924/gate_endpoints.json,32e1364dbe3541ff7ed6fc101aeb6fef59a20d129ba3b64714fa2705be896be4,cells[cell=progen2-base__unconditioned].endpoints.complete_domain.controls.shuffle,b/c,,,,,,,,,,,,,
progen2-base__unconditioned,progen2-base,unconditioned,complete_domain,hydropathy,0.18,0.0,0.18,0.1362646461746156,0.2228384656342903,True,800.0,709.0,4000.0,satisfied_beyond_some_but_not_all_qualified_matched_generators,97.5% percentile,frozen near-duplicate sequence group of the attempt ledger,results/R6/generative_control_20260924/gate_endpoints.json,32e1364dbe3541ff7ed6fc101aeb6fef59a20d129ba3b64714fa2705be896be4,cells[cell=progen2-base__unconditioned].endpoints.complete_domain.controls.hydropathy,b/c,,,,,,,,,,,,,
progen2-base__unconditioned,progen2-base,unconditioned,complete_domain,markov_0,0.18,0.0,0.18,0.1362646461746156,0.2228384656342903,False,800.0,709.0,4000.0,satisfied_beyond_some_but_not_all_qualified_matched_generators,97.5% percentile,frozen near-duplicate sequence group of the attempt ledger,results/R6/generative_control_20260924/gate_endpoints.json,32e1364dbe3541ff7ed6fc101aeb6fef59a20d129ba3b64714fa2705be896be4,cells[cell=progen2-base__unconditioned].endpoints.complete_domain.controls.markov_0,b/c,,,,,,,,,,,,,
progen2-base__unconditioned,progen2-base,unconditioned,complete_domain,markov_2,0.18,0.0,0.18,0.1362646461746156,0.2228384656342903,False,800.0,709.0,4000.0,satisfied_beyond_some_but_not_all_qualified_matched_generators,97.5% percentile,frozen near-duplicate sequence group of the attempt ledger,results/R6/generative_control_20260924/gate_endpoints.json,32e1364dbe3541ff7ed6fc101aeb6fef59a20d129ba3b64714fa2705be896be4,cells[cell=progen2-base__unconditioned].endpoints.complete_domain.controls.markov_2,b/c,,,,,,,,,,,,,
progen2-base__unconditioned,progen2-base,unconditioned,complete_domain,markov_4,0.18,0.0,0.18,0.1362646461746156,0.2228384656342903,True,800.0,709.0,4000.0,satisfied_beyond_some_but_not_all_qualified_matched_generators,97.5% percentile,frozen near-duplicate sequence group of the attempt ledger,results/R6/generative_control_20260924/gate_endpoints.json,32e1364dbe3541ff7ed6fc101aeb6fef59a20d129ba3b64714fa2705be896be4,cells[cell=progen2-base__unconditioned].endpoints.complete_domain.controls.markov_4,b/c,,,,,,,,,,,,,
progen2-base__unconditioned,progen2-base,unconditioned,complete_domain,fragment,0.18,0.375,-0.195,-0.2569100196068001,-0.1384330072534478,True,800.0,709.0,4000.0,satisfied_beyond_some_but_not_all_qualified_matched_generators,97.5% percentile,frozen near-duplicate sequence group of the attempt ledger,results/R6/generative_control_20260924/gate_endpoints.json,32e1364dbe3541ff7ed6fc101aeb6fef59a20d129ba3b64714fa2705be896be4,cells[cell=progen2-base__unconditioned].endpoints.complete_domain.controls.fragment,b/c,,,,,,,,,,,,,
progen2-base__unconditioned,progen2-base,unconditioned,complete_domain,natural,0.18,0.46,-0.28,-0.349742162417696,-0.2121188086448238,True,800.0,709.0,4000.0,satisfied_beyond_some_but_not_all_qualified_matched_generators,97.5% percentile,frozen near-duplicate sequence group of the attempt ledger,results/R6/generative_control_20260924/gate_endpoints.json,32e1364dbe3541ff7ed6fc101aeb6fef59a20d129ba3b64714fa2705be896be4,cells[cell=progen2-base__unconditioned].endpoints.complete_domain.controls.natural,b/c,,,,,,,,,,,,,
progen2-base__unconditioned,progen2-base,unconditioned,any_family_by_reference_identity,30_to_50,0.4678362573099415,,,0.3945797997890047,0.5425060603142281,,,,,,95% Wilson,"attempt, Wilson interval on the raw rate",results/R6/generative_control_20260924/gate_endpoints.json,32e1364dbe3541ff7ed6fc101aeb6fef59a20d129ba3b64714fa2705be896be4,cells[cell=progen2-base__unconditioned].identity_strata.30_to_50.any_family,b/c,,,,,,,,,,,,,
progen2-base__unconditioned,progen2-base,unconditioned,any_family_by_reference_identity,50_to_70,0.5,,,0.388925948803978,0.611074051196022,,,,,,95% Wilson,"attempt, Wilson interval on the raw rate",results/R6/generative_control_20260924/gate_endpoints.json,32e1364dbe3541ff7ed6fc101aeb6fef59a20d129ba3b64714fa2705be896be4,cells[cell=progen2-base__unconditioned].identity_strata.50_to_70.any_family,b/c,,,,,,,,,,,,,
progen2-base__unconditioned,progen2-base,unconditioned,any_family_by_reference_identity,70_and_over,0.6829268292682927,,,0.5301580035565572,0.8043538610101142,,,,,,95% Wilson,"attempt, Wilson interval on the raw rate",results/R6/generative_control_20260924/gate_endpoints.json,32e1364dbe3541ff7ed6fc101aeb6fef59a20d129ba3b64714fa2705be896be4,cells[cell=progen2-base__unconditioned].identity_strata.70_and_over.any_family,b/c,,,,,,,,,,,,,
progen2-base__unconditioned,progen2-base,unconditioned,any_family_by_reference_identity,no_reported_alignment,0.0335365853658536,,,0.0188276343711284,0.0590452719032415,,,,,,95% Wilson,"attempt, Wilson interval on the raw rate",results/R6/generative_control_20260924/gate_endpoints.json,32e1364dbe3541ff7ed6fc101aeb6fef59a20d129ba3b64714fa2705be896be4,cells[cell=progen2-base__unconditioned].identity_strata.no_reported_alignment.any_family,b/c,,,,,,,,,,,,,
progen2-base__unconditioned,progen2-base,unconditioned,any_family_by_reference_identity,not_searched,0.0,,,0.0,0.0592438678981128,,,,,,95% Wilson,"attempt, Wilson interval on the raw rate",results/R6/generative_control_20260924/gate_endpoints.json,32e1364dbe3541ff7ed6fc101aeb6fef59a20d129ba3b64714fa2705be896be4,cells[cell=progen2-base__unconditioned].identity_strata.not_searched.any_family,b/c,,,,,,,,,,,,,
progen2-base__unconditioned,progen2-base,unconditioned,any_family_by_reference_identity,under_30,0.392,,,0.3108610056415629,0.4795791193994356,,,,,,95% Wilson,"attempt, Wilson interval on the raw rate",results/R6/generative_control_20260924/gate_endpoints.json,32e1364dbe3541ff7ed6fc101aeb6fef59a20d129ba3b64714fa2705be896be4,cells[cell=progen2-base__unconditioned].identity_strata.under_30.any_family,b/c,,,,,,,,,,,,,
progen2-large__unconditioned,progen2-large,unconditioned,any_family,shuffle,0.3725,0.0,0.3725,0.3183888694806351,0.4244791666666667,True,800.0,757.0,4000.0,satisfied_beyond_some_but_not_all_qualified_matched_generators,97.5% percentile,frozen near-duplicate sequence group of the attempt ledger,results/R6/generative_control_20260924/gate_endpoints.json,32e1364dbe3541ff7ed6fc101aeb6fef59a20d129ba3b64714fa2705be896be4,cells[cell=progen2-large__unconditioned].endpoints.any_family.controls.shuffle,b/c,,,,,,,,,,,,,
progen2-large__unconditioned,progen2-large,unconditioned,any_family,hydropathy,0.3725,0.0,0.3725,0.3183888694806351,0.4244791666666667,True,800.0,757.0,4000.0,satisfied_beyond_some_but_not_all_qualified_matched_generators,97.5% percentile,frozen near-duplicate sequence group of the attempt ledger,results/R6/generative_control_20260924/gate_endpoints.json,32e1364dbe3541ff7ed6fc101aeb6fef59a20d129ba3b64714fa2705be896be4,cells[cell=progen2-large__unconditioned].endpoints.any_family.controls.hydropathy,b/c,,,,,,,,,,,,,
progen2-large__unconditioned,progen2-large,unconditioned,any_family,markov_0,0.3725,0.0,0.3725,0.3183888694806351,0.4244791666666667,False,800.0,757.0,4000.0,satisfied_beyond_some_but_not_all_qualified_matched_generators,97.5% percentile,frozen near-duplicate sequence group of the attempt ledger,results/R6/generative_control_20260924/gate_endpoints.json,32e1364dbe3541ff7ed6fc101aeb6fef59a20d129ba3b64714fa2705be896be4,cells[cell=progen2-large__unconditioned].endpoints.any_family.controls.markov_0,b/c,,,,,,,,,,,,,
progen2-large__unconditioned,progen2-large,unconditioned,any_family,markov_2,0.3725,0.00125,0.37125,0.3169685216669378,0.4234834316312277,False,800.0,757.0,4000.0,satisfied_beyond_some_but_not_all_qualified_matched_generators,97.5% percentile,frozen near-duplicate sequence group of the attempt ledger,results/R6/generative_control_20260924/gate_endpoints.json,32e1364dbe3541ff7ed6fc101aeb6fef59a20d129ba3b64714fa2705be896be4,cells[cell=progen2-large__unconditioned].endpoints.any_family.controls.markov_2,b/c,,,,,,,,,,,,,
progen2-large__unconditioned,progen2-large,unconditioned,any_family,markov_4,0.3725,0.0,0.3725,0.3183888694806351,0.4244791666666667,True,800.0,757.0,4000.0,satisfied_beyond_some_but_not_all_qualified_matched_generators,97.5% percentile,frozen near-duplicate sequence group of the attempt ledger,results/R6/generative_control_20260924/gate_endpoints.json,32e1364dbe3541ff7ed6fc101aeb6fef59a20d129ba3b64714fa2705be896be4,cells[cell=progen2-large__unconditioned].endpoints.any_family.controls.markov_4,b/c,,,,,,,,,,,,,
progen2-large__unconditioned,progen2-large,unconditioned,any_family,fragment,0.3725,0.62125,-0.2487499999999999,-0.3096190854107663,-0.189869077306733,True,800.0,757.0,4000.0,satisfied_beyond_some_but_not_all_qualified_matched_generators,97.5% percentile,frozen near-duplicate sequence group of the attempt ledger,results/R6/generative_control_20260924/gate_endpoints.json,32e1364dbe3541ff7ed6fc101aeb6fef59a20d129ba3b64714fa2705be896be4,cells[cell=progen2-large__unconditioned].endpoints.any_family.controls.fragment,b/c,,,,,,,,,,,,,
progen2-large__unconditioned,progen2-large,unconditioned,any_family,natural,0.3725,0.645,-0.2725,-0.329863539496078,-0.2164938836744114,True,800.0,757.0,4000.0,satisfied_beyond_some_but_not_all_qualified_matched_generators,97.5% percentile,frozen near-duplicate sequence group of the attempt ledger,results/R6/generative_control_20260924/gate_endpoints.json,32e1364dbe3541ff7ed6fc101aeb6fef59a20d129ba3b64714fa2705be896be4,cells[cell=progen2-large__unconditioned].endpoints.any_family.controls.natural,b/c,,,,,,,,,,,,,
progen2-large__unconditioned,progen2-large,unconditioned,complete_domain,shuffle,0.26,0.0,0.26,0.2164251926278494,0.303270656521315,True,800.0,757.0,4000.0,satisfied_beyond_some_but_not_all_qualified_matched_generators,97.5% percentile,frozen near-duplicate sequence group of the attempt ledger,results/R6/generative_control_20260924/gate_endpoints.json,32e1364dbe3541ff7ed6fc101aeb6fef59a20d129ba3b64714fa2705be896be4,cells[cell=progen2-large__unconditioned].endpoints.complete_domain.controls.shuffle,b/c,,,,,,,,,,,,,
progen2-large__unconditioned,progen2-large,unconditioned,complete_domain,hydropathy,0.26,0.0,0.26,0.2164251926278494,0.303270656521315,True,800.0,757.0,4000.0,satisfied_beyond_some_but_not_all_qualified_matched_generators,97.5% percentile,frozen near-duplicate sequence group of the attempt ledger,results/R6/generative_control_20260924/gate_endpoints.json,32e1364dbe3541ff7ed6fc101aeb6fef59a20d129ba3b64714fa2705be896be4,cells[cell=progen2-large__unconditioned].endpoints.complete_domain.controls.hydropathy,b/c,,,,,,,,,,,,,
progen2-large__unconditioned,progen2-large,unconditioned,complete_domain,markov_0,0.26,0.0,0.26,0.2164251926278494,0.303270656521315,False,800.0,757.0,4000.0,satisfied_beyond_some_but_not_all_qualified_matched_generators,97.5% percentile,frozen near-duplicate sequence group of the attempt ledger,results/R6/generative_control_20260924/gate_endpoints.json,32e1364dbe3541ff7ed6fc101aeb6fef59a20d129ba3b64714fa2705be896be4,cells[cell=progen2-large__unconditioned].endpoints.complete_domain.controls.markov_0,b/c,,,,,,,,,,,,,
progen2-large__unconditioned,progen2-large,unconditioned,complete_domain,markov_2,0.26,0.0,0.26,0.2164251926278494,0.303270656521315,False,800.0,757.0,4000.0,satisfied_beyond_some_but_not_all_qualified_matched_generators,97.5% percentile,frozen near-duplicate sequence group of the attempt ledger,results/R6/generative_control_20260924/gate_endpoints.json,32e1364dbe3541ff7ed6fc101aeb6fef59a20d129ba3b64714fa2705be896be4,cells[cell=progen2-large__unconditioned].endpoints.complete_domain.controls.markov_2,b/c,,,,,,,,,,,,,
progen2-large__unconditioned,progen2-large,unconditioned,complete_domain,markov_4,0.26,0.0,0.26,0.2164251926278494,0.303270656521315,True,800.0,757.0,4000.0,satisfied_beyond_some_but_not_all_qualified_matched_generators,97.5% percentile,frozen near-duplicate sequence group of the attempt ledger,results/R6/generative_control_20260924/gate_endpoints.json,32e1364dbe3541ff7ed6fc101aeb6fef59a20d129ba3b64714fa2705be896be4,cells[cell=progen2-large__unconditioned].endpoints.complete_domain.controls.markov_4,b/c,,,,,,,,,,,,,
progen2-large__unconditioned,progen2-large,unconditioned,complete_domain,fragment,0.26,0.4225,-0.1624999999999999,-0.2175643688452738,-0.1069710790996938,True,800.0,757.0,4000.0,satisfied_beyond_some_but_not_all_qualified_matched_generators,97.5% percentile,frozen near-duplicate sequence group of the attempt ledger,results/R6/generative_control_20260924/gate_endpoints.json,32e1364dbe3541ff7ed6fc101aeb6fef59a20d129ba3b64714fa2705be896be4,cells[cell=progen2-large__unconditioned].endpoints.complete_domain.controls.fragment,b/c,,,,,,,,,,,,,
progen2-large__unconditioned,progen2-large,unconditioned,complete_domain,natural,0.26,0.49375,-0.23375,-0.2913400664741027,-0.1756613756613756,True,800.0,757.0,4000.0,satisfied_beyond_some_but_not_all_qualified_matched_generators,97.5% percentile,frozen near-duplicate sequence group of the attempt ledger,results/R6/generative_control_20260924/gate_endpoints.json,32e1364dbe3541ff7ed6fc101aeb6fef59a20d129ba3b64714fa2705be896be4,cells[cell=progen2-large__unconditioned].endpoints.complete_domain.controls.natural,b/c,,,,,,,,,,,,,
progen2-large__unconditioned,progen2-large,unconditioned,any_family_by_reference_identity,30_to_50,0.6385542168674698,,,0.5631010068304794,0.7077398133049819,,,,,,95% Wilson,"attempt, Wilson interval on the raw rate",results/R6/generative_control_20260924/gate_endpoints.json,32e1364dbe3541ff7ed6fc101aeb6fef59a20d129ba3b64714fa2705be896be4,cells[cell=progen2-large__unconditioned].identity_strata.30_to_50.any_family,b/c,,,,,,,,,,,,,
progen2-large__unconditioned,progen2-large,unconditioned,any_family_by_reference_identity,50_to_70,0.6,,,0.4937144282253916,0.6976376750117981,,,,,,95% Wilson,"attempt, Wilson interval on the raw rate",results/R6/generative_control_20260924/gate_endpoints.json,32e1364dbe3541ff7ed6fc101aeb6fef59a20d129ba3b64714fa2705be896be4,cells[cell=progen2-large__unconditioned].identity_strata.50_to_70.any_family,b/c,,,,,,,,,,,,,
progen2-large__unconditioned,progen2-large,unconditioned,any_family_by_reference_identity,70_and_over,0.8947368421052632,,,0.7887718941661297,0.9508553414762552,,,,,,95% Wilson,"attempt, Wilson interval on the raw rate",results/R6/generative_control_20260924/gate_endpoints.json,32e1364dbe3541ff7ed6fc101aeb6fef59a20d129ba3b64714fa2705be896be4,cells[cell=progen2-large__unconditioned].identity_strata.70_and_over.any_family,b/c,,,,,,,,,,,,,
progen2-large__unconditioned,progen2-large,unconditioned,any_family_by_reference_identity,no_reported_alignment,0.0434782608695652,,,0.0255823045726205,0.0729559171652512,,,,,,95% Wilson,"attempt, Wilson interval on the raw rate",results/R6/generative_control_20260924/gate_endpoints.json,32e1364dbe3541ff7ed6fc101aeb6fef59a20d129ba3b64714fa2705be896be4,cells[cell=progen2-large__unconditioned].identity_strata.no_reported_alignment.any_family,b/c,,,,,,,,,,,,,
progen2-large__unconditioned,progen2-large,unconditioned,any_family_by_reference_identity,not_searched,0.0,,,0.0,0.0964186285944636,,,,,,95% Wilson,"attempt, Wilson interval on the raw rate",results/R6/generative_control_20260924/gate_endpoints.json,32e1364dbe3541ff7ed6fc101aeb6fef59a20d129ba3b64714fa2705be896be4,cells[cell=progen2-large__unconditioned].identity_strata.not_searched.any_family,b/c,,,,,,,,,,,,,
progen2-large__unconditioned,progen2-large,unconditioned,any_family_by_reference_identity,under_30,0.4904458598726114,,,0.4134163618647116,0.5679317307104471,,,,,,95% Wilson,"attempt, Wilson interval on the raw rate",results/R6/generative_control_20260924/gate_endpoints.json,32e1364dbe3541ff7ed6fc101aeb6fef59a20d129ba3b64714fa2705be896be4,cells[cell=progen2-large__unconditioned].identity_strata.under_30.any_family,b/c,,,,,,,,,,,,,
progen2-medium__unconditioned,progen2-medium,unconditioned,any_family,shuffle,0.375,0.0,0.375,0.3241027824011213,0.4261277353160492,True,800.0,727.0,4000.0,satisfied_beyond_some_but_not_all_qualified_matched_generators,97.5% percentile,frozen near-duplicate sequence group of the attempt ledger,results/R6/generative_control_20260924/gate_endpoints.json,32e1364dbe3541ff7ed6fc101aeb6fef59a20d129ba3b64714fa2705be896be4,cells[cell=progen2-medium__unconditioned].endpoints.any_family.controls.shuffle,b/c,,,,,,,,,,,,,
progen2-medium__unconditioned,progen2-medium,unconditioned,any_family,hydropathy,0.375,0.0,0.375,0.3241027824011213,0.4261277353160492,True,800.0,727.0,4000.0,satisfied_beyond_some_but_not_all_qualified_matched_generators,97.5% percentile,frozen near-duplicate sequence group of the attempt ledger,results/R6/generative_control_20260924/gate_endpoints.json,32e1364dbe3541ff7ed6fc101aeb6fef59a20d129ba3b64714fa2705be896be4,cells[cell=progen2-medium__unconditioned].endpoints.any_family.controls.hydropathy,b/c,,,,,,,,,,,,,
progen2-medium__unconditioned,progen2-medium,unconditioned,any_family,markov_0,0.375,0.0,0.375,0.3241027824011213,0.4261277353160492,False,800.0,727.0,4000.0,satisfied_beyond_some_but_not_all_qualified_matched_generators,97.5% percentile,frozen near-duplicate sequence group of the attempt ledger,results/R6/generative_control_20260924/gate_endpoints.json,32e1364dbe3541ff7ed6fc101aeb6fef59a20d129ba3b64714fa2705be896be4,cells[cell=progen2-medium__unconditioned].endpoints.any_family.controls.markov_0,b/c,,,,,,,,,,,,,
progen2-medium__unconditioned,progen2-medium,unconditioned,any_family,markov_2,0.375,0.0,0.375,0.3241027824011213,0.4261277353160492,False,800.0,727.0,4000.0,satisfied_beyond_some_but_not_all_qualified_matched_generators,97.5% percentile,frozen near-duplicate sequence group of the attempt ledger,results/R6/generative_control_20260924/gate_endpoints.json,32e1364dbe3541ff7ed6fc101aeb6fef59a20d129ba3b64714fa2705be896be4,cells[cell=progen2-medium__unconditioned].endpoints.any_family.controls.markov_2,b/c,,,,,,,,,,,,,
progen2-medium__unconditioned,progen2-medium,unconditioned,any_family,markov_4,0.375,0.0,0.375,0.3241027824011213,0.4261277353160492,True,800.0,727.0,4000.0,satisfied_beyond_some_but_not_all_qualified_matched_generators,97.5% percentile,frozen near-duplicate sequence group of the attempt ledger,results/R6/generative_control_20260924/gate_endpoints.json,32e1364dbe3541ff7ed6fc101aeb6fef59a20d129ba3b64714fa2705be896be4,cells[cell=progen2-medium__unconditioned].endpoints.any_family.controls.markov_4,b/c,,,,,,,,,,,,,
progen2-medium__unconditioned,progen2-medium,unconditioned,any_family,fragment,0.375,0.61375,-0.23875,-0.296132798456267,-0.1817042238631188,True,800.0,727.0,4000.0,satisfied_beyond_some_but_not_all_qualified_matched_generators,97.5% percentile,frozen near-duplicate sequence group of the attempt ledger,results/R6/generative_control_20260924/gate_endpoints.json,32e1364dbe3541ff7ed6fc101aeb6fef59a20d129ba3b64714fa2705be896be4,cells[cell=progen2-medium__unconditioned].endpoints.any_family.controls.fragment,b/c,,,,,,,,,,,,,
progen2-medium__unconditioned,progen2-medium,unconditioned,any_family,natural,0.375,0.64125,-0.26625,-0.3336855110504305,-0.2007691445686167,True,800.0,727.0,4000.0,satisfied_beyond_some_but_not_all_qualified_matched_generators,97.5% percentile,frozen near-duplicate sequence group of the attempt ledger,results/R6/generative_control_20260924/gate_endpoints.json,32e1364dbe3541ff7ed6fc101aeb6fef59a20d129ba3b64714fa2705be896be4,cells[cell=progen2-medium__unconditioned].endpoints.any_family.controls.natural,b/c,,,,,,,,,,,,,
progen2-medium__unconditioned,progen2-medium,unconditioned,complete_domain,shuffle,0.27375,0.0,0.27375,0.2311430268060307,0.3183716260697828,True,800.0,727.0,4000.0,satisfied_beyond_some_but_not_all_qualified_matched_generators,97.5% percentile,frozen near-duplicate sequence group of the attempt ledger,results/R6/generative_control_20260924/gate_endpoints.json,32e1364dbe3541ff7ed6fc101aeb6fef59a20d129ba3b64714fa2705be896be4,cells[cell=progen2-medium__unconditioned].endpoints.complete_domain.controls.shuffle,b/c,,,,,,,,,,,,,
progen2-medium__unconditioned,progen2-medium,unconditioned,complete_domain,hydropathy,0.27375,0.0,0.27375,0.2311430268060307,0.3183716260697828,True,800.0,727.0,4000.0,satisfied_beyond_some_but_not_all_qualified_matched_generators,97.5% percentile,frozen near-duplicate sequence group of the attempt ledger,results/R6/generative_control_20260924/gate_endpoints.json,32e1364dbe3541ff7ed6fc101aeb6fef59a20d129ba3b64714fa2705be896be4,cells[cell=progen2-medium__unconditioned].endpoints.complete_domain.controls.hydropathy,b/c,,,,,,,,,,,,,
progen2-medium__unconditioned,progen2-medium,unconditioned,complete_domain,markov_0,0.27375,0.0,0.27375,0.2311430268060307,0.3183716260697828,False,800.0,727.0,4000.0,satisfied_beyond_some_but_not_all_qualified_matched_generators,97.5% percentile,frozen near-duplicate sequence group of the attempt ledger,results/R6/generative_control_20260924/gate_endpoints.json,32e1364dbe3541ff7ed6fc101aeb6fef59a20d129ba3b64714fa2705be896be4,cells[cell=progen2-medium__unconditioned].endpoints.complete_domain.controls.markov_0,b/c,,,,,,,,,,,,,
progen2-medium__unconditioned,progen2-medium,unconditioned,complete_domain,markov_2,0.27375,0.0,0.27375,0.2311430268060307,0.3183716260697828,False,800.0,727.0,4000.0,satisfied_beyond_some_but_not_all_qualified_matched_generators,97.5% percentile,frozen near-duplicate sequence group of the attempt ledger,results/R6/generative_control_20260924/gate_endpoints.json,32e1364dbe3541ff7ed6fc101aeb6fef59a20d129ba3b64714fa2705be896be4,cells[cell=progen2-medium__unconditioned].endpoints.complete_domain.controls.markov_2,b/c,,,,,,,,,,,,,
progen2-medium__unconditioned,progen2-medium,unconditioned,complete_domain,markov_4,0.27375,0.0,0.27375,0.2311430268060307,0.3183716260697828,True,800.0,727.0,4000.0,satisfied_beyond_some_but_not_all_qualified_matched_generators,97.5% percentile,frozen near-duplicate sequence group of the attempt ledger,results/R6/generative_control_20260924/gate_endpoints.json,32e1364dbe3541ff7ed6fc101aeb6fef59a20d129ba3b64714fa2705be896be4,cells[cell=progen2-medium__unconditioned].endpoints.complete_domain.controls.markov_4,b/c,,,,,,,,,,,,,
progen2-medium__unconditioned,progen2-medium,unconditioned,complete_domain,fragment,0.27375,0.4125,-0.1387499999999999,-0.1928672237787165,-0.0820249843439517,True,800.0,727.0,4000.0,satisfied_beyond_some_but_not_all_qualified_matched_generators,97.5% percentile,frozen near-duplicate sequence group of the attempt ledger,results/R6/generative_control_20260924/gate_endpoints.json,32e1364dbe3541ff7ed6fc101aeb6fef59a20d129ba3b64714fa2705be896be4,cells[cell=progen2-medium__unconditioned].endpoints.complete_domain.controls.fragment,b/c,,,,,,,,,,,,,
progen2-medium__unconditioned,progen2-medium,unconditioned,complete_domain,natural,0.27375,0.4775,-0.20375,-0.259524257849142,-0.1447684562684082,True,800.0,727.0,4000.0,satisfied_beyond_some_but_not_all_qualified_matched_generators,97.5% percentile,frozen near-duplicate sequence group of the attempt ledger,results/R6/generative_control_20260924/gate_endpoints.json,32e1364dbe3541ff7ed6fc101aeb6fef59a20d129ba3b64714fa2705be896be4,cells[cell=progen2-medium__unconditioned].endpoints.complete_domain.controls.natural,b/c,,,,,,,,,,,,,
progen2-medium__unconditioned,progen2-medium,unconditioned,any_family_by_reference_identity,30_to_50,0.5435897435897435,,,0.4735103328075329,0.6119849160245016,,,,,,95% Wilson,"attempt, Wilson interval on the raw rate",results/R6/generative_control_20260924/gate_endpoints.json,32e1364dbe3541ff7ed6fc101aeb6fef59a20d129ba3b64714fa2705be896be4,cells[cell=progen2-medium__unconditioned].identity_strata.30_to_50.any_family,b/c,,,,,,,,,,,,,
progen2-medium__unconditioned,progen2-medium,unconditioned,any_family_by_reference_identity,50_to_70,0.4852941176470588,,,0.3705084547256065,0.6016524669367487,,,,,,95% Wilson,"attempt, Wilson interval on the raw rate",results/R6/generative_control_20260924/gate_endpoints.json,32e1364dbe3541ff7ed6fc101aeb6fef59a20d129ba3b64714fa2705be896be4,cells[cell=progen2-medium__unconditioned].identity_strata.50_to_70.any_family,b/c,,,,,,,,,,,,,
progen2-medium__unconditioned,progen2-medium,unconditioned,any_family_by_reference_identity,70_and_over,0.8064516129032258,,,0.6914820382117386,0.8856619175970974,,,,,,95% Wilson,"attempt, Wilson interval on the raw rate",results/R6/generative_control_20260924/gate_endpoints.json,32e1364dbe3541ff7ed6fc101aeb6fef59a20d129ba3b64714fa2705be896be4,cells[cell=progen2-medium__unconditioned].identity_strata.70_and_over.any_family,b/c,,,,,,,,,,,,,
progen2-medium__unconditioned,progen2-medium,unconditioned,any_family_by_reference_identity,no_reported_alignment,0.0476190476190476,,,0.028037023488583,0.0797555699611646,,,,,,95% Wilson,"attempt, Wilson interval on the raw rate",results/R6/generative_control_20260924/gate_endpoints.json,32e1364dbe3541ff7ed6fc101aeb6fef59a20d129ba3b64714fa2705be896be4,cells[cell=progen2-medium__unconditioned].identity_strata.no_reported_alignment.any_family,b/c,,,,,,,,,,,,,
progen2-medium__unconditioned,progen2-medium,unconditioned,any_family_by_reference_identity,not_searched,0.0,,,0.0,0.1431166184504268,,,,,,95% Wilson,"attempt, Wilson interval on the raw rate",results/R6/generative_control_20260924/gate_endpoints.json,32e1364dbe3541ff7ed6fc101aeb6fef59a20d129ba3b64714fa2705be896be4,cells[cell=progen2-medium__unconditioned].identity_strata.not_searched.any_family,b/c,,,,,,,,,,,,,
progen2-medium__unconditioned,progen2-medium,unconditioned,any_family_by_reference_identity,under_30,0.547486033519553,,,0.4743352966464593,0.6186414281600916,,,,,,95% Wilson,"attempt, Wilson interval on the raw rate",results/R6/generative_control_20260924/gate_endpoints.json,32e1364dbe3541ff7ed6fc101aeb6fef59a20d129ba3b64714fa2705be896be4,cells[cell=progen2-medium__unconditioned].identity_strata.under_30.any_family,b/c,,,,,,,,,,,,,
progen2-small__unconditioned,progen2-small,unconditioned,any_family,shuffle,0.24625,0.0,0.24625,0.2121941980783444,0.2824137179198228,True,800.0,768.0,4000.0,satisfied_beyond_some_but_not_all_qualified_matched_generators,97.5% percentile,frozen near-duplicate sequence group of the attempt ledger,results/R6/generative_control_20260924/gate_endpoints.json,32e1364dbe3541ff7ed6fc101aeb6fef59a20d129ba3b64714fa2705be896be4,cells[cell=progen2-small__unconditioned].endpoints.any_family.controls.shuffle,b/c,,,,,,,,,,,,,
progen2-small__unconditioned,progen2-small,unconditioned,any_family,hydropathy,0.24625,0.0,0.24625,0.2121941980783444,0.2824137179198228,True,800.0,768.0,4000.0,satisfied_beyond_some_but_not_all_qualified_matched_generators,97.5% percentile,frozen near-duplicate sequence group of the attempt ledger,results/R6/generative_control_20260924/gate_endpoints.json,32e1364dbe3541ff7ed6fc101aeb6fef59a20d129ba3b64714fa2705be896be4,cells[cell=progen2-small__unconditioned].endpoints.any_family.controls.hydropathy,b/c,,,,,,,,,,,,,
progen2-small__unconditioned,progen2-small,unconditioned,any_family,markov_0,0.24625,0.0,0.24625,0.2121941980783444,0.2824137179198228,False,800.0,768.0,4000.0,satisfied_beyond_some_but_not_all_qualified_matched_generators,97.5% percentile,frozen near-duplicate sequence group of the attempt ledger,results/R6/generative_control_20260924/gate_endpoints.json,32e1364dbe3541ff7ed6fc101aeb6fef59a20d129ba3b64714fa2705be896be4,cells[cell=progen2-small__unconditioned].endpoints.any_family.controls.markov_0,b/c,,,,,,,,,,,,,
progen2-small__unconditioned,progen2-small,unconditioned,any_family,markov_2,0.24625,0.0,0.24625,0.2121941980783444,0.2824137179198228,False,800.0,768.0,4000.0,satisfied_beyond_some_but_not_all_qualified_matched_generators,97.5% percentile,frozen near-duplicate sequence group of the attempt ledger,results/R6/generative_control_20260924/gate_endpoints.json,32e1364dbe3541ff7ed6fc101aeb6fef59a20d129ba3b64714fa2705be896be4,cells[cell=progen2-small__unconditioned].endpoints.any_family.controls.markov_2,b/c,,,,,,,,,,,,,
progen2-small__unconditioned,progen2-small,unconditioned,any_family,markov_4,0.24625,0.0,0.24625,0.2121941980783444,0.2824137179198228,True,800.0,768.0,4000.0,satisfied_beyond_some_but_not_all_qualified_matched_generators,97.5% percentile,frozen near-duplicate sequence group of the attempt ledger,results/R6/generative_control_20260924/gate_endpoints.json,32e1364dbe3541ff7ed6fc101aeb6fef59a20d129ba3b64714fa2705be896be4,cells[cell=progen2-small__unconditioned].endpoints.any_family.controls.markov_4,b/c,,,,,,,,,,,,,
progen2-small__unconditioned,progen2-small,unconditioned,any_family,fragment,0.24625,0.63125,-0.385,-0.4372633298649266,-0.3321032640881964,True,800.0,768.0,4000.0,satisfied_beyond_some_but_not_all_qualified_matched_generators,97.5% percentile,frozen near-duplicate sequence group of the attempt ledger,results/R6/generative_control_20260924/gate_endpoints.json,32e1364dbe3541ff7ed6fc101aeb6fef59a20d129ba3b64714fa2705be896be4,cells[cell=progen2-small__unconditioned].endpoints.any_family.controls.fragment,b/c,,,,,,,,,,,,,
progen2-small__unconditioned,progen2-small,unconditioned,any_family,natural,0.24625,0.64875,-0.4025000000000001,-0.4565060624171795,-0.34980290477358,True,800.0,768.0,4000.0,satisfied_beyond_some_but_not_all_qualified_matched_generators,97.5% percentile,frozen near-duplicate sequence group of the attempt ledger,results/R6/generative_control_20260924/gate_endpoints.json,32e1364dbe3541ff7ed6fc101aeb6fef59a20d129ba3b64714fa2705be896be4,cells[cell=progen2-small__unconditioned].endpoints.any_family.controls.natural,b/c,,,,,,,,,,,,,
progen2-small__unconditioned,progen2-small,unconditioned,complete_domain,shuffle,0.13875,0.0,0.13875,0.1112498244135412,0.1681323691142025,True,800.0,768.0,4000.0,satisfied_beyond_some_but_not_all_qualified_matched_generators,97.5% percentile,frozen near-duplicate sequence group of the attempt ledger,results/R6/generative_control_20260924/gate_endpoints.json,32e1364dbe3541ff7ed6fc101aeb6fef59a20d129ba3b64714fa2705be896be4,cells[cell=progen2-small__unconditioned].endpoints.complete_domain.controls.shuffle,b/c,,,,,,,,,,,,,
progen2-small__unconditioned,progen2-small,unconditioned,complete_domain,hydropathy,0.13875,0.0,0.13875,0.1112498244135412,0.1681323691142025,True,800.0,768.0,4000.0,satisfied_beyond_some_but_not_all_qualified_matched_generators,97.5% percentile,frozen near-duplicate sequence group of the attempt ledger,results/R6/generative_control_20260924/gate_endpoints.json,32e1364dbe3541ff7ed6fc101aeb6fef59a20d129ba3b64714fa2705be896be4,cells[cell=progen2-small__unconditioned].endpoints.complete_domain.controls.hydropathy,b/c,,,,,,,,,,,,,
progen2-small__unconditioned,progen2-small,unconditioned,complete_domain,markov_0,0.13875,0.0,0.13875,0.1112498244135412,0.1681323691142025,False,800.0,768.0,4000.0,satisfied_beyond_some_but_not_all_qualified_matched_generators,97.5% percentile,frozen near-duplicate sequence group of the attempt ledger,results/R6/generative_control_20260924/gate_endpoints.json,32e1364dbe3541ff7ed6fc101aeb6fef59a20d129ba3b64714fa2705be896be4,cells[cell=progen2-small__unconditioned].endpoints.complete_domain.controls.markov_0,b/c,,,,,,,,,,,,,
progen2-small__unconditioned,progen2-small,unconditioned,complete_domain,markov_2,0.13875,0.0,0.13875,0.1112498244135412,0.1681323691142025,False,800.0,768.0,4000.0,satisfied_beyond_some_but_not_all_qualified_matched_generators,97.5% percentile,frozen near-duplicate sequence group of the attempt ledger,results/R6/generative_control_20260924/gate_endpoints.json,32e1364dbe3541ff7ed6fc101aeb6fef59a20d129ba3b64714fa2705be896be4,cells[cell=progen2-small__unconditioned].endpoints.complete_domain.controls.markov_2,b/c,,,,,,,,,,,,,
progen2-small__unconditioned,progen2-small,unconditioned,complete_domain,markov_4,0.13875,0.0,0.13875,0.1112498244135412,0.1681323691142025,True,800.0,768.0,4000.0,satisfied_beyond_some_but_not_all_qualified_matched_generators,97.5% percentile,frozen near-duplicate sequence group of the attempt ledger,results/R6/generative_control_20260924/gate_endpoints.json,32e1364dbe3541ff7ed6fc101aeb6fef59a20d129ba3b64714fa2705be896be4,cells[cell=progen2-small__unconditioned].endpoints.complete_domain.controls.markov_4,b/c,,,,,,,,,,,,,
progen2-small__unconditioned,progen2-small,unconditioned,complete_domain,fragment,0.13875,0.43875,-0.2999999999999999,-0.3492268041237113,-0.2518425276636955,True,800.0,768.0,4000.0,satisfied_beyond_some_but_not_all_qualified_matched_generators,97.5% percentile,frozen near-duplicate sequence group of the attempt ledger,results/R6/generative_control_20260924/gate_endpoints.json,32e1364dbe3541ff7ed6fc101aeb6fef59a20d129ba3b64714fa2705be896be4,cells[cell=progen2-small__unconditioned].endpoints.complete_domain.controls.fragment,b/c,,,,,,,,,,,,,
progen2-small__unconditioned,progen2-small,unconditioned,complete_domain,natural,0.13875,0.4675,-0.32875,-0.3808337837026362,-0.2762478928117048,True,800.0,768.0,4000.0,satisfied_beyond_some_but_not_all_qualified_matched_generators,97.5% percentile,frozen near-duplicate sequence group of the attempt ledger,results/R6/generative_control_20260924/gate_endpoints.json,32e1364dbe3541ff7ed6fc101aeb6fef59a20d129ba3b64714fa2705be896be4,cells[cell=progen2-small__unconditioned].endpoints.complete_domain.controls.natural,b/c,,,,,,,,,,,,,
progen2-small__unconditioned,progen2-small,unconditioned,any_family_by_reference_identity,30_to_50,0.4065934065934066,,,0.3378769083507812,0.4791714498801757,,,,,,95% Wilson,"attempt, Wilson interval on the raw rate",results/R6/generative_control_20260924/gate_endpoints.json,32e1364dbe3541ff7ed6fc101aeb6fef59a20d129ba3b64714fa2705be896be4,cells[cell=progen2-small__unconditioned].identity_strata.30_to_50.any_family,b/c,,,,,,,,,,,,,
progen2-small__unconditioned,progen2-small,unconditioned,any_family_by_reference_identity,50_to_70,0.3076923076923077,,,0.2088703136692102,0.4279764291472733,,,,,,95% Wilson,"attempt, Wilson interval on the raw rate",results/R6/generative_control_20260924/gate_endpoints.json,32e1364dbe3541ff7ed6fc101aeb6fef59a20d129ba3b64714fa2705be896be4,cells[cell=progen2-small__unconditioned].identity_strata.50_to_70.any_family,b/c,,,,,,,,,,,,,
progen2-small__unconditioned,progen2-small,unconditioned,any_family_by_reference_identity,70_and_over,0.5789473684210527,,,0.3627590353425504,0.7685810871754576,,,,,,95% Wilson,"attempt, Wilson interval on the raw rate",results/R6/generative_control_20260924/gate_endpoints.json,32e1364dbe3541ff7ed6fc101aeb6fef59a20d129ba3b64714fa2705be896be4,cells[cell=progen2-small__unconditioned].identity_strata.70_and_over.any_family,b/c,,,,,,,,,,,,,
progen2-small__unconditioned,progen2-small,unconditioned,any_family_by_reference_identity,no_reported_alignment,0.0385756676557863,,,0.0226801558379076,0.0648721593174876,,,,,,95% Wilson,"attempt, Wilson interval on the raw rate",results/R6/generative_control_20260924/gate_endpoints.json,32e1364dbe3541ff7ed6fc101aeb6fef59a20d129ba3b64714fa2705be896be4,cells[cell=progen2-small__unconditioned].identity_strata.no_reported_alignment.any_family,b/c,,,,,,,,,,,,,
progen2-small__unconditioned,progen2-small,unconditioned,any_family_by_reference_identity,not_searched,0.0,,,0.0,0.1936076805344365,,,,,,95% Wilson,"attempt, Wilson interval on the raw rate",results/R6/generative_control_20260924/gate_endpoints.json,32e1364dbe3541ff7ed6fc101aeb6fef59a20d129ba3b64714fa2705be896be4,cells[cell=progen2-small__unconditioned].identity_strata.not_searched.any_family,b/c,,,,,,,,,,,,,
progen2-small__unconditioned,progen2-small,unconditioned,any_family_by_reference_identity,under_30,0.43646408839779,,,0.366276046917766,0.5092929939957708,,,,,,95% Wilson,"attempt, Wilson interval on the raw rate",results/R6/generative_control_20260924/gate_endpoints.json,32e1364dbe3541ff7ed6fc101aeb6fef59a20d129ba3b64714fa2705be896be4,cells[cell=progen2-small__unconditioned].identity_strata.under_30.any_family,b/c,,,,,,,,,,,,,
progen2-xlarge__unconditioned,progen2-xlarge,unconditioned,any_family,shuffle,0.42875,0.0,0.42875,0.3425973400103022,0.5047622304735848,True,800.0,724.0,4000.0,satisfied_beyond_some_but_not_all_qualified_matched_generators,97.5% percentile,frozen near-duplicate sequence group of the attempt ledger,results/R6/generative_control_20260924/gate_endpoints.json,32e1364dbe3541ff7ed6fc101aeb6fef59a20d129ba3b64714fa2705be896be4,cells[cell=progen2-xlarge__unconditioned].endpoints.any_family.controls.shuffle,b/c,,,,,,,,,,,,,
progen2-xlarge__unconditioned,progen2-xlarge,unconditioned,any_family,hydropathy,0.42875,0.0,0.42875,0.3425973400103022,0.5047622304735848,True,800.0,724.0,4000.0,satisfied_beyond_some_but_not_all_qualified_matched_generators,97.5% percentile,frozen near-duplicate sequence group of the attempt ledger,results/R6/generative_control_20260924/gate_endpoints.json,32e1364dbe3541ff7ed6fc101aeb6fef59a20d129ba3b64714fa2705be896be4,cells[cell=progen2-xlarge__unconditioned].endpoints.any_family.controls.hydropathy,b/c,,,,,,,,,,,,,
progen2-xlarge__unconditioned,progen2-xlarge,unconditioned,any_family,markov_0,0.42875,0.0,0.42875,0.3425973400103022,0.5047622304735848,False,800.0,724.0,4000.0,satisfied_beyond_some_but_not_all_qualified_matched_generators,97.5% percentile,frozen near-duplicate sequence group of the attempt ledger,results/R6/generative_control_20260924/gate_endpoints.json,32e1364dbe3541ff7ed6fc101aeb6fef59a20d129ba3b64714fa2705be896be4,cells[cell=progen2-xlarge__unconditioned].endpoints.any_family.controls.markov_0,b/c,,,,,,,,,,,,,
progen2-xlarge__unconditioned,progen2-xlarge,unconditioned,any_family,markov_2,0.42875,0.0,0.42875,0.3425973400103022,0.5047622304735848,False,800.0,724.0,4000.0,satisfied_beyond_some_but_not_all_qualified_matched_generators,97.5% percentile,frozen near-duplicate sequence group of the attempt ledger,results/R6/generative_control_20260924/gate_endpoints.json,32e1364dbe3541ff7ed6fc101aeb6fef59a20d129ba3b64714fa2705be896be4,cells[cell=progen2-xlarge__unconditioned].endpoints.any_family.controls.markov_2,b/c,,,,,,,,,,,,,
progen2-xlarge__unconditioned,progen2-xlarge,unconditioned,any_family,markov_4,0.42875,0.0,0.42875,0.3425973400103022,0.5047622304735848,True,800.0,724.0,4000.0,satisfied_beyond_some_but_not_all_qualified_matched_generators,97.5% percentile,frozen near-duplicate sequence group of the attempt ledger,results/R6/generative_control_20260924/gate_endpoints.json,32e1364dbe3541ff7ed6fc101aeb6fef59a20d129ba3b64714fa2705be896be4,cells[cell=progen2-xlarge__unconditioned].endpoints.any_family.controls.markov_4,b/c,,,,,,,,,,,,,
progen2-xlarge__unconditioned,progen2-xlarge,unconditioned,any_family,fragment,0.42875,0.5825,-0.15375,-0.217333733819813,-0.0952927669345579,True,800.0,724.0,4000.0,satisfied_beyond_some_but_not_all_qualified_matched_generators,97.5% percentile,frozen near-duplicate sequence group of the attempt ledger,results/R6/generative_control_20260924/gate_endpoints.json,32e1364dbe3541ff7ed6fc101aeb6fef59a20d129ba3b64714fa2705be896be4,cells[cell=progen2-xlarge__unconditioned].endpoints.any_family.controls.fragment,b/c,,,,,,,,,,,,,
progen2-xlarge__unconditioned,progen2-xlarge,unconditioned,any_family,natural,0.42875,0.63,-0.2012499999999999,-0.2678610588972431,-0.139858395097916,True,800.0,724.0,4000.0,satisfied_beyond_some_but_not_all_qualified_matched_generators,97.5% percentile,frozen near-duplicate sequence group of the attempt ledger,results/R6/generative_control_20260924/gate_endpoints.json,32e1364dbe3541ff7ed6fc101aeb6fef59a20d129ba3b64714fa2705be896be4,cells[cell=progen2-xlarge__unconditioned].endpoints.any_family.controls.natural,b/c,,,,,,,,,,,,,
progen2-xlarge__unconditioned,progen2-xlarge,unconditioned,complete_domain,shuffle,0.31875,0.0,0.31875,0.2522419387137732,0.3830369357045143,True,800.0,724.0,4000.0,satisfied_beyond_some_but_not_all_qualified_matched_generators,97.5% percentile,frozen near-duplicate sequence group of the attempt ledger,results/R6/generative_control_20260924/gate_endpoints.json,32e1364dbe3541ff7ed6fc101aeb6fef59a20d129ba3b64714fa2705be896be4,cells[cell=progen2-xlarge__unconditioned].endpoints.complete_domain.controls.shuffle,b/c,,,,,,,,,,,,,
progen2-xlarge__unconditioned,progen2-xlarge,unconditioned,complete_domain,hydropathy,0.31875,0.0,0.31875,0.2522419387137732,0.3830369357045143,True,800.0,724.0,4000.0,satisfied_beyond_some_but_not_all_qualified_matched_generators,97.5% percentile,frozen near-duplicate sequence group of the attempt ledger,results/R6/generative_control_20260924/gate_endpoints.json,32e1364dbe3541ff7ed6fc101aeb6fef59a20d129ba3b64714fa2705be896be4,cells[cell=progen2-xlarge__unconditioned].endpoints.complete_domain.controls.hydropathy,b/c,,,,,,,,,,,,,
progen2-xlarge__unconditioned,progen2-xlarge,unconditioned,complete_domain,markov_0,0.31875,0.0,0.31875,0.2522419387137732,0.3830369357045143,False,800.0,724.0,4000.0,satisfied_beyond_some_but_not_all_qualified_matched_generators,97.5% percentile,frozen near-duplicate sequence group of the attempt ledger,results/R6/generative_control_20260924/gate_endpoints.json,32e1364dbe3541ff7ed6fc101aeb6fef59a20d129ba3b64714fa2705be896be4,cells[cell=progen2-xlarge__unconditioned].endpoints.complete_domain.controls.markov_0,b/c,,,,,,,,,,,,,
progen2-xlarge__unconditioned,progen2-xlarge,unconditioned,complete_domain,markov_2,0.31875,0.0,0.31875,0.2522419387137732,0.3830369357045143,False,800.0,724.0,4000.0,satisfied_beyond_some_but_not_all_qualified_matched_generators,97.5% percentile,frozen near-duplicate sequence group of the attempt ledger,results/R6/generative_control_20260924/gate_endpoints.json,32e1364dbe3541ff7ed6fc101aeb6fef59a20d129ba3b64714fa2705be896be4,cells[cell=progen2-xlarge__unconditioned].endpoints.complete_domain.controls.markov_2,b/c,,,,,,,,,,,,,
progen2-xlarge__unconditioned,progen2-xlarge,unconditioned,complete_domain,markov_4,0.31875,0.0,0.31875,0.2522419387137732,0.3830369357045143,True,800.0,724.0,4000.0,satisfied_beyond_some_but_not_all_qualified_matched_generators,97.5% percentile,frozen near-duplicate sequence group of the attempt ledger,results/R6/generative_control_20260924/gate_endpoints.json,32e1364dbe3541ff7ed6fc101aeb6fef59a20d129ba3b64714fa2705be896be4,cells[cell=progen2-xlarge__unconditioned].endpoints.complete_domain.controls.markov_4,b/c,,,,,,,,,,,,,
progen2-xlarge__unconditioned,progen2-xlarge,unconditioned,complete_domain,fragment,0.31875,0.3925,-0.07375,-0.1278955183710592,-0.0212752709255186,True,800.0,724.0,4000.0,satisfied_beyond_some_but_not_all_qualified_matched_generators,97.5% percentile,frozen near-duplicate sequence group of the attempt ledger,results/R6/generative_control_20260924/gate_endpoints.json,32e1364dbe3541ff7ed6fc101aeb6fef59a20d129ba3b64714fa2705be896be4,cells[cell=progen2-xlarge__unconditioned].endpoints.complete_domain.controls.fragment,b/c,,,,,,,,,,,,,
progen2-xlarge__unconditioned,progen2-xlarge,unconditioned,complete_domain,natural,0.31875,0.4625,-0.14375,-0.2051983584131327,-0.0867031180524677,True,800.0,724.0,4000.0,satisfied_beyond_some_but_not_all_qualified_matched_generators,97.5% percentile,frozen near-duplicate sequence group of the attempt ledger,results/R6/generative_control_20260924/gate_endpoints.json,32e1364dbe3541ff7ed6fc101aeb6fef59a20d129ba3b64714fa2705be896be4,cells[cell=progen2-xlarge__unconditioned].endpoints.complete_domain.controls.natural,b/c,,,,,,,,,,,,,
progen2-xlarge__unconditioned,progen2-xlarge,unconditioned,any_family_by_reference_identity,30_to_50,0.7218543046357616,,,0.6455586763994509,0.7871419743841729,,,,,,95% Wilson,"attempt, Wilson interval on the raw rate",results/R6/generative_control_20260924/gate_endpoints.json,32e1364dbe3541ff7ed6fc101aeb6fef59a20d129ba3b64714fa2705be896be4,cells[cell=progen2-xlarge__unconditioned].identity_strata.30_to_50.any_family,b/c,,,,,,,,,,,,,
progen2-xlarge__unconditioned,progen2-xlarge,unconditioned,any_family_by_reference_identity,50_to_70,0.6836734693877551,,,0.5861612171628963,0.7673293987107721,,,,,,95% Wilson,"attempt, Wilson interval on the raw rate",results/R6/generative_control_20260924/gate_endpoints.json,32e1364dbe3541ff7ed6fc101aeb6fef59a20d129ba3b64714fa2705be896be4,cells[cell=progen2-xlarge__unconditioned].identity_strata.50_to_70.any_family,b/c,,,,,,,,,,,,,
progen2-xlarge__unconditioned,progen2-xlarge,unconditioned,any_family_by_reference_identity,70_and_over,0.9397590361445785,,,0.8666157190676159,0.973996598958118,,,,,,95% Wilson,"attempt, Wilson interval on the raw rate",results/R6/generative_control_20260924/gate_endpoints.json,32e1364dbe3541ff7ed6fc101aeb6fef59a20d129ba3b64714fa2705be896be4,cells[cell=progen2-xlarge__unconditioned].identity_strata.70_and_over.any_family,b/c,,,,,,,,,,,,,
progen2-xlarge__unconditioned,progen2-xlarge,unconditioned,any_family_by_reference_identity,no_reported_alignment,0.0335820895522388,,,0.0177664082751826,0.062579904297767,,,,,,95% Wilson,"attempt, Wilson interval on the raw rate",results/R6/generative_control_20260924/gate_endpoints.json,32e1364dbe3541ff7ed6fc101aeb6fef59a20d129ba3b64714fa2705be896be4,cells[cell=progen2-xlarge__unconditioned].identity_strata.no_reported_alignment.any_family,b/c,,,,,,,,,,,,,
progen2-xlarge__unconditioned,progen2-xlarge,unconditioned,any_family_by_reference_identity,not_searched,0.0,,,3.469446951953614e-18,0.0527372581890517,,,,,,95% Wilson,"attempt, Wilson interval on the raw rate",results/R6/generative_control_20260924/gate_endpoints.json,32e1364dbe3541ff7ed6fc101aeb6fef59a20d129ba3b64714fa2705be896be4,cells[cell=progen2-xlarge__unconditioned].identity_strata.not_searched.any_family,b/c,,,,,,,,,,,,,
progen2-xlarge__unconditioned,progen2-xlarge,unconditioned,any_family_by_reference_identity,under_30,0.6106870229007634,,,0.5251741909777458,0.6898931944809273,,,,,,95% Wilson,"attempt, Wilson interval on the raw rate",results/R6/generative_control_20260924/gate_endpoints.json,32e1364dbe3541ff7ed6fc101aeb6fef59a20d129ba3b64714fa2705be896be4,cells[cell=progen2-xlarge__unconditioned].identity_strata.under_30.any_family,b/c,,,,,,,,,,,,,
progen3-112m__unconditioned,progen3-112m,unconditioned,any_family,shuffle,0.315,0.0,0.315,0.27875,0.3525,True,800.0,800.0,4000.0,satisfied_beyond_some_but_not_all_qualified_matched_generators,97.5% percentile,frozen near-duplicate sequence group of the attempt ledger,results/R6/generative_control_20260924/gate_endpoints.json,32e1364dbe3541ff7ed6fc101aeb6fef59a20d129ba3b64714fa2705be896be4,cells[cell=progen3-112m__unconditioned].endpoints.any_family.controls.shuffle,b/c,,,,,,,,,,,,,
progen3-112m__unconditioned,progen3-112m,unconditioned,any_family,hydropathy,0.315,0.0,0.315,0.27875,0.3525,True,800.0,800.0,4000.0,satisfied_beyond_some_but_not_all_qualified_matched_generators,97.5% percentile,frozen near-duplicate sequence group of the attempt ledger,results/R6/generative_control_20260924/gate_endpoints.json,32e1364dbe3541ff7ed6fc101aeb6fef59a20d129ba3b64714fa2705be896be4,cells[cell=progen3-112m__unconditioned].endpoints.any_family.controls.hydropathy,b/c,,,,,,,,,,,,,
progen3-112m__unconditioned,progen3-112m,unconditioned,any_family,markov_0,0.315,0.0,0.315,0.27875,0.3525,False,800.0,800.0,4000.0,satisfied_beyond_some_but_not_all_qualified_matched_generators,97.5% percentile,frozen near-duplicate sequence group of the attempt ledger,results/R6/generative_control_20260924/gate_endpoints.json,32e1364dbe3541ff7ed6fc101aeb6fef59a20d129ba3b64714fa2705be896be4,cells[cell=progen3-112m__unconditioned].endpoints.any_family.controls.markov_0,b/c,,,,,,,,,,,,,
progen3-112m__unconditioned,progen3-112m,unconditioned,any_family,markov_2,0.315,0.0,0.315,0.27875,0.3525,False,800.0,800.0,4000.0,satisfied_beyond_some_but_not_all_qualified_matched_generators,97.5% percentile,frozen near-duplicate sequence group of the attempt ledger,results/R6/generative_control_20260924/gate_endpoints.json,32e1364dbe3541ff7ed6fc101aeb6fef59a20d129ba3b64714fa2705be896be4,cells[cell=progen3-112m__unconditioned].endpoints.any_family.controls.markov_2,b/c,,,,,,,,,,,,,
progen3-112m__unconditioned,progen3-112m,unconditioned,any_family,markov_4,0.315,0.0,0.315,0.27875,0.3525,True,800.0,800.0,4000.0,satisfied_beyond_some_but_not_all_qualified_matched_generators,97.5% percentile,frozen near-duplicate sequence group of the attempt ledger,results/R6/generative_control_20260924/gate_endpoints.json,32e1364dbe3541ff7ed6fc101aeb6fef59a20d129ba3b64714fa2705be896be4,cells[cell=progen3-112m__unconditioned].endpoints.any_family.controls.markov_4,b/c,,,,,,,,,,,,,
progen3-112m__unconditioned,progen3-112m,unconditioned,any_family,fragment,0.315,0.5825,-0.2675,-0.3225,-0.21125,True,800.0,800.0,4000.0,satisfied_beyond_some_but_not_all_qualified_matched_generators,97.5% percentile,frozen near-duplicate sequence group of the attempt ledger,results/R6/generative_control_20260924/gate_endpoints.json,32e1364dbe3541ff7ed6fc101aeb6fef59a20d129ba3b64714fa2705be896be4,cells[cell=progen3-112m__unconditioned].endpoints.any_family.controls.fragment,b/c,,,,,,,,,,,,,
progen3-112m__unconditioned,progen3-112m,unconditioned,any_family,natural,0.315,0.57,-0.2549999999999999,-0.30625,-0.2,True,800.0,800.0,4000.0,satisfied_beyond_some_but_not_all_qualified_matched_generators,97.5% percentile,frozen near-duplicate sequence group of the attempt ledger,results/R6/generative_control_20260924/gate_endpoints.json,32e1364dbe3541ff7ed6fc101aeb6fef59a20d129ba3b64714fa2705be896be4,cells[cell=progen3-112m__unconditioned].endpoints.any_family.controls.natural,b/c,,,,,,,,,,,,,
progen3-112m__unconditioned,progen3-112m,unconditioned,complete_domain,shuffle,0.25,0.0,0.25,0.2175,0.28625,True,800.0,800.0,4000.0,satisfied_beyond_some_but_not_all_qualified_matched_generators,97.5% percentile,frozen near-duplicate sequence group of the attempt ledger,results/R6/generative_control_20260924/gate_endpoints.json,32e1364dbe3541ff7ed6fc101aeb6fef59a20d129ba3b64714fa2705be896be4,cells[cell=progen3-112m__unconditioned].endpoints.complete_domain.controls.shuffle,b/c,,,,,,,,,,,,,
progen3-112m__unconditioned,progen3-112m,unconditioned,complete_domain,hydropathy,0.25,0.0,0.25,0.2175,0.28625,True,800.0,800.0,4000.0,satisfied_beyond_some_but_not_all_qualified_matched_generators,97.5% percentile,frozen near-duplicate sequence group of the attempt ledger,results/R6/generative_control_20260924/gate_endpoints.json,32e1364dbe3541ff7ed6fc101aeb6fef59a20d129ba3b64714fa2705be896be4,cells[cell=progen3-112m__unconditioned].endpoints.complete_domain.controls.hydropathy,b/c,,,,,,,,,,,,,
progen3-112m__unconditioned,progen3-112m,unconditioned,complete_domain,markov_0,0.25,0.0,0.25,0.2175,0.28625,False,800.0,800.0,4000.0,satisfied_beyond_some_but_not_all_qualified_matched_generators,97.5% percentile,frozen near-duplicate sequence group of the attempt ledger,results/R6/generative_control_20260924/gate_endpoints.json,32e1364dbe3541ff7ed6fc101aeb6fef59a20d129ba3b64714fa2705be896be4,cells[cell=progen3-112m__unconditioned].endpoints.complete_domain.controls.markov_0,b/c,,,,,,,,,,,,,
progen3-112m__unconditioned,progen3-112m,unconditioned,complete_domain,markov_2,0.25,0.0,0.25,0.2175,0.28625,False,800.0,800.0,4000.0,satisfied_beyond_some_but_not_all_qualified_matched_generators,97.5% percentile,frozen near-duplicate sequence group of the attempt ledger,results/R6/generative_control_20260924/gate_endpoints.json,32e1364dbe3541ff7ed6fc101aeb6fef59a20d129ba3b64714fa2705be896be4,cells[cell=progen3-112m__unconditioned].endpoints.complete_domain.controls.markov_2,b/c,,,,,,,,,,,,,
progen3-112m__unconditioned,progen3-112m,unconditioned,complete_domain,markov_4,0.25,0.0,0.25,0.2175,0.28625,True,800.0,800.0,4000.0,satisfied_beyond_some_but_not_all_qualified_matched_generators,97.5% percentile,frozen near-duplicate sequence group of the attempt ledger,results/R6/generative_control_20260924/gate_endpoints.json,32e1364dbe3541ff7ed6fc101aeb6fef59a20d129ba3b64714fa2705be896be4,cells[cell=progen3-112m__unconditioned].endpoints.complete_domain.controls.markov_4,b/c,,,,,,,,,,,,,
progen3-112m__unconditioned,progen3-112m,unconditioned,complete_domain,fragment,0.25,0.35,-0.0999999999999999,-0.1525,-0.0475,True,800.0,800.0,4000.0,satisfied_beyond_some_but_not_all_qualified_matched_generators,97.5% percentile,frozen near-duplicate sequence group of the attempt ledger,results/R6/generative_control_20260924/gate_endpoints.json,32e1364dbe3541ff7ed6fc101aeb6fef59a20d129ba3b64714fa2705be896be4,cells[cell=progen3-112m__unconditioned].endpoints.complete_domain.controls.fragment,b/c,,,,,,,,,,,,,
progen3-112m__unconditioned,progen3-112m,unconditioned,complete_domain,natural,0.25,0.3775,-0.1275,-0.17625,-0.07625,True,800.0,800.0,4000.0,satisfied_beyond_some_but_not_all_qualified_matched_generators,97.5% percentile,frozen near-duplicate sequence group of the attempt ledger,results/R6/generative_control_20260924/gate_endpoints.json,32e1364dbe3541ff7ed6fc101aeb6fef59a20d129ba3b64714fa2705be896be4,cells[cell=progen3-112m__unconditioned].endpoints.complete_domain.controls.natural,b/c,,,,,,,,,,,,,
progen3-112m__unconditioned,progen3-112m,unconditioned,any_family_by_reference_identity,30_to_50,0.8012820512820513,,,0.7317583750652985,0.8563243457352336,,,,,,95% Wilson,"attempt, Wilson interval on the raw rate",results/R6/generative_control_20260924/gate_endpoints.json,32e1364dbe3541ff7ed6fc101aeb6fef59a20d129ba3b64714fa2705be896be4,cells[cell=progen3-112m__unconditioned].identity_strata.30_to_50.any_family,b/c,,,,,,,,,,,,,
progen3-112m__unconditioned,progen3-112m,unconditioned,any_family_by_reference_identity,50_to_70,0.8484848484848485,,,0.6908012411955788,0.9334954271839244,,,,,,95% Wilson,"attempt, Wilson interval on the raw rate",results/R6/generative_control_20260924/gate_endpoints.json,32e1364dbe3541ff7ed6fc101aeb6fef59a20d129ba3b64714fa2705be896be4,cells[cell=progen3-112m__unconditioned].identity_strata.50_to_70.any_family,b/c,,,,,,,,,,,,,
progen3-112m__unconditioned,progen3-112m,unconditioned,any_family_by_reference_identity,70_and_over,0.6666666666666666,,,0.2076596008020477,0.9385080552796036,,,,,,95% Wilson,"attempt, Wilson interval on the raw rate",results/R6/generative_control_20260924/gate_endpoints.json,32e1364dbe3541ff7ed6fc101aeb6fef59a20d129ba3b64714fa2705be896be4,cells[cell=progen3-112m__unconditioned].identity_strata.70_and_over.any_family,b/c,,,,,,,,,,,,,
progen3-112m__unconditioned,progen3-112m,unconditioned,any_family_by_reference_identity,no_reported_alignment,0.0335429769392033,,,0.0207506081431334,0.053788427880504,,,,,,95% Wilson,"attempt, Wilson interval on the raw rate",results/R6/generative_control_20260924/gate_endpoints.json,32e1364dbe3541ff7ed6fc101aeb6fef59a20d129ba3b64714fa2705be896be4,cells[cell=progen3-112m__unconditioned].identity_strata.no_reported_alignment.any_family,b/c,,,,,,,,,,,,,
progen3-112m__unconditioned,progen3-112m,unconditioned,any_family_by_reference_identity,under_30,0.6183206106870229,,,0.5328845682964198,0.6970150506421617,,,,,,95% Wilson,"attempt, Wilson interval on the raw rate",results/R6/generative_control_20260924/gate_endpoints.json,32e1364dbe3541ff7ed6fc101aeb6fef59a20d129ba3b64714fa2705be896be4,cells[cell=progen3-112m__unconditioned].identity_strata.under_30.any_family,b/c,,,,,,,,,,,,,
progen3-3b__unconditioned,progen3-3b,unconditioned,any_family,shuffle,0.62,0.0,0.62,0.58,0.65875,True,800.0,800.0,4000.0,satisfied_beyond_some_but_not_all_qualified_matched_generators,97.5% percentile,frozen near-duplicate sequence group of the attempt ledger,results/R6/generative_control_20260924/gate_endpoints.json,32e1364dbe3541ff7ed6fc101aeb6fef59a20d129ba3b64714fa2705be896be4,cells[cell=progen3-3b__unconditioned].endpoints.any_family.controls.shuffle,b/c,,,,,,,,,,,,,
progen3-3b__unconditioned,progen3-3b,unconditioned,any_family,hydropathy,0.62,0.0,0.62,0.58,0.65875,True,800.0,800.0,4000.0,satisfied_beyond_some_but_not_all_qualified_matched_generators,97.5% percentile,frozen near-duplicate sequence group of the attempt ledger,results/R6/generative_control_20260924/gate_endpoints.json,32e1364dbe3541ff7ed6fc101aeb6fef59a20d129ba3b64714fa2705be896be4,cells[cell=progen3-3b__unconditioned].endpoints.any_family.controls.hydropathy,b/c,,,,,,,,,,,,,
progen3-3b__unconditioned,progen3-3b,unconditioned,any_family,markov_0,0.62,0.00125,0.61875,0.57875,0.6575,False,800.0,800.0,4000.0,satisfied_beyond_some_but_not_all_qualified_matched_generators,97.5% percentile,frozen near-duplicate sequence group of the attempt ledger,results/R6/generative_control_20260924/gate_endpoints.json,32e1364dbe3541ff7ed6fc101aeb6fef59a20d129ba3b64714fa2705be896be4,cells[cell=progen3-3b__unconditioned].endpoints.any_family.controls.markov_0,b/c,,,,,,,,,,,,,
progen3-3b__unconditioned,progen3-3b,unconditioned,any_family,markov_2,0.62,0.0,0.62,0.58,0.65875,False,800.0,800.0,4000.0,satisfied_beyond_some_but_not_all_qualified_matched_generators,97.5% percentile,frozen near-duplicate sequence group of the attempt ledger,results/R6/generative_control_20260924/gate_endpoints.json,32e1364dbe3541ff7ed6fc101aeb6fef59a20d129ba3b64714fa2705be896be4,cells[cell=progen3-3b__unconditioned].endpoints.any_family.controls.markov_2,b/c,,,,,,,,,,,,,
progen3-3b__unconditioned,progen3-3b,unconditioned,any_family,markov_4,0.62,0.0,0.62,0.58,0.65875,True,800.0,800.0,4000.0,satisfied_beyond_some_but_not_all_qualified_matched_generators,97.5% percentile,frozen near-duplicate sequence group of the attempt ledger,results/R6/generative_control_20260924/gate_endpoints.json,32e1364dbe3541ff7ed6fc101aeb6fef59a20d129ba3b64714fa2705be896be4,cells[cell=progen3-3b__unconditioned].endpoints.any_family.controls.markov_4,b/c,,,,,,,,,,,,,
progen3-3b__unconditioned,progen3-3b,unconditioned,any_family,fragment,0.62,0.58625,0.0337499999999999,-0.02,0.0862656250000003,True,800.0,800.0,4000.0,satisfied_beyond_some_but_not_all_qualified_matched_generators,97.5% percentile,frozen near-duplicate sequence group of the attempt ledger,results/R6/generative_control_20260924/gate_endpoints.json,32e1364dbe3541ff7ed6fc101aeb6fef59a20d129ba3b64714fa2705be896be4,cells[cell=progen3-3b__unconditioned].endpoints.any_family.controls.fragment,b/c,,,,,,,,,,,,,
progen3-3b__unconditioned,progen3-3b,unconditioned,any_family,natural,0.62,0.54,0.0799999999999999,0.025,0.13625,True,800.0,800.0,4000.0,satisfied_beyond_some_but_not_all_qualified_matched_generators,97.5% percentile,frozen near-duplicate sequence group of the attempt ledger,results/R6/generative_control_20260924/gate_endpoints.json,32e1364dbe3541ff7ed6fc101aeb6fef59a20d129ba3b64714fa2705be896be4,cells[cell=progen3-3b__unconditioned].endpoints.any_family.controls.natural,b/c,,,,,,,,,,,,,
progen3-3b__unconditioned,progen3-3b,unconditioned,complete_domain,shuffle,0.5375,0.0,0.5375,0.4975,0.5775,True,800.0,800.0,4000.0,satisfied_beyond_every_qualified_matched_generator,97.5% percentile,frozen near-duplicate sequence group of the attempt ledger,results/R6/generative_control_20260924/gate_endpoints.json,32e1364dbe3541ff7ed6fc101aeb6fef59a20d129ba3b64714fa2705be896be4,cells[cell=progen3-3b__unconditioned].endpoints.complete_domain.controls.shuffle,b/c,,,,,,,,,,,,,
progen3-3b__unconditioned,progen3-3b,unconditioned,complete_domain,hydropathy,0.5375,0.0,0.5375,0.4975,0.5775,True,800.0,800.0,4000.0,satisfied_beyond_every_qualified_matched_generator,97.5% percentile,frozen near-duplicate sequence group of the attempt ledger,results/R6/generative_control_20260924/gate_endpoints.json,32e1364dbe3541ff7ed6fc101aeb6fef59a20d129ba3b64714fa2705be896be4,cells[cell=progen3-3b__unconditioned].endpoints.complete_domain.controls.hydropathy,b/c,,,,,,,,,,,,,
progen3-3b__unconditioned,progen3-3b,unconditioned,complete_domain,markov_0,0.5375,0.0,0.5375,0.4975,0.5775,False,800.0,800.0,4000.0,satisfied_beyond_every_qualified_matched_generator,97.5% percentile,frozen near-duplicate sequence group of the attempt ledger,results/R6/generative_control_20260924/gate_endpoints.json,32e1364dbe3541ff7ed6fc101aeb6fef59a20d129ba3b64714fa2705be896be4,cells[cell=progen3-3b__unconditioned].endpoints.complete_domain.controls.markov_0,b/c,,,,,,,,,,,,,
progen3-3b__unconditioned,progen3-3b,unconditioned,complete_domain,markov_2,0.5375,0.0,0.5375,0.4975,0.5775,False,800.0,800.0,4000.0,satisfied_beyond_every_qualified_matched_generator,97.5% percentile,frozen near-duplicate sequence group of the attempt ledger,results/R6/generative_control_20260924/gate_endpoints.json,32e1364dbe3541ff7ed6fc101aeb6fef59a20d129ba3b64714fa2705be896be4,cells[cell=progen3-3b__unconditioned].endpoints.complete_domain.controls.markov_2,b/c,,,,,,,,,,,,,
progen3-3b__unconditioned,progen3-3b,unconditioned,complete_domain,markov_4,0.5375,0.0,0.5375,0.4975,0.5775,True,800.0,800.0,4000.0,satisfied_beyond_every_qualified_matched_generator,97.5% percentile,frozen near-duplicate sequence group of the attempt ledger,results/R6/generative_control_20260924/gate_endpoints.json,32e1364dbe3541ff7ed6fc101aeb6fef59a20d129ba3b64714fa2705be896be4,cells[cell=progen3-3b__unconditioned].endpoints.complete_domain.controls.markov_4,b/c,,,,,,,,,,,,,
progen3-3b__unconditioned,progen3-3b,unconditioned,complete_domain,fragment,0.5375,0.3425,0.1949999999999999,0.14,0.24875,True,800.0,800.0,4000.0,satisfied_beyond_every_qualified_matched_generator,97.5% percentile,frozen near-duplicate sequence group of the attempt ledger,results/R6/generative_control_20260924/gate_endpoints.json,32e1364dbe3541ff7ed6fc101aeb6fef59a20d129ba3b64714fa2705be896be4,cells[cell=progen3-3b__unconditioned].endpoints.complete_domain.controls.fragment,b/c,,,,,,,,,,,,,
progen3-3b__unconditioned,progen3-3b,unconditioned,complete_domain,natural,0.5375,0.39,0.1474999999999999,0.0925,0.20375,True,800.0,800.0,4000.0,satisfied_beyond_every_qualified_matched_generator,97.5% percentile,frozen near-duplicate sequence group of the attempt ledger,results/R6/generative_control_20260924/gate_endpoints.json,32e1364dbe3541ff7ed6fc101aeb6fef59a20d129ba3b64714fa2705be896be4,cells[cell=progen3-3b__unconditioned].endpoints.complete_domain.controls.natural,b/c,,,,,,,,,,,,,
progen3-3b__unconditioned,progen3-3b,unconditioned,any_family_by_reference_identity,30_to_50,0.8509615384615384,,,0.7962204558462924,0.8929741938354616,,,,,,95% Wilson,"attempt, Wilson interval on the raw rate",results/R6/generative_control_20260924/gate_endpoints.json,32e1364dbe3541ff7ed6fc101aeb6fef59a20d129ba3b64714fa2705be896be4,cells[cell=progen3-3b__unconditioned].identity_strata.30_to_50.any_family,b/c,,,,,,,,,,,,,
progen3-3b__unconditioned,progen3-3b,unconditioned,any_family_by_reference_identity,50_to_70,0.9695121951219512,,,0.9306239840222904,0.9869085558045884,,,,,,95% Wilson,"attempt, Wilson interval on the raw rate",results/R6/generative_control_20260924/gate_endpoints.json,32e1364dbe3541ff7ed6fc101aeb6fef59a20d129ba3b64714fa2705be896be4,cells[cell=progen3-3b__unconditioned].identity_strata.50_to_70.any_family,b/c,,,,,,,,,,,,,
progen3-3b__unconditioned,progen3-3b,unconditioned,any_family_by_reference_identity,70_and_over,0.9830508474576272,,,0.9100427403585772,0.9970017660816444,,,,,,95% Wilson,"attempt, Wilson interval on the raw rate",results/R6/generative_control_20260924/gate_endpoints.json,32e1364dbe3541ff7ed6fc101aeb6fef59a20d129ba3b64714fa2705be896be4,cells[cell=progen3-3b__unconditioned].identity_strata.70_and_over.any_family,b/c,,,,,,,,,,,,,
progen3-3b__unconditioned,progen3-3b,unconditioned,any_family_by_reference_identity,no_reported_alignment,0.0432900432900432,,,0.0236815922065805,0.0778399148578834,,,,,,95% Wilson,"attempt, Wilson interval on the raw rate",results/R6/generative_control_20260924/gate_endpoints.json,32e1364dbe3541ff7ed6fc101aeb6fef59a20d129ba3b64714fa2705be896be4,cells[cell=progen3-3b__unconditioned].identity_strata.no_reported_alignment.any_family,b/c,,,,,,,,,,,,,
progen3-3b__unconditioned,progen3-3b,unconditioned,any_family_by_reference_identity,under_30,0.6666666666666666,,,0.584443372266166,0.7398623729119763,,,,,,95% Wilson,"attempt, Wilson interval on the raw rate",results/R6/generative_control_20260924/gate_endpoints.json,32e1364dbe3541ff7ed6fc101aeb6fef59a20d129ba3b64714fa2705be896be4,cells[cell=progen3-3b__unconditioned].identity_strata.under_30.any_family,b/c,,,,,,,,,,,,,
prollama-stage-1__unconditioned,prollama-stage-1,unconditioned,any_family,shuffle,0.17,0.0,0.17,0.14125,0.2,True,800.0,800.0,4000.0,satisfied_beyond_some_but_not_all_qualified_matched_generators,97.5% percentile,frozen near-duplicate sequence group of the attempt ledger,results/R6/generative_control_20260924/gate_endpoints.json,32e1364dbe3541ff7ed6fc101aeb6fef59a20d129ba3b64714fa2705be896be4,cells[cell=prollama-stage-1__unconditioned].endpoints.any_family.controls.shuffle,b/c,,,,,,,,,,,,,
prollama-stage-1__unconditioned,prollama-stage-1,unconditioned,any_family,hydropathy,0.17,0.0,0.17,0.14125,0.2,True,800.0,800.0,4000.0,satisfied_beyond_some_but_not_all_qualified_matched_generators,97.5% percentile,frozen near-duplicate sequence group of the attempt ledger,results/R6/generative_control_20260924/gate_endpoints.json,32e1364dbe3541ff7ed6fc101aeb6fef59a20d129ba3b64714fa2705be896be4,cells[cell=prollama-stage-1__unconditioned].endpoints.any_family.controls.hydropathy,b/c,,,,,,,,,,,,,
prollama-stage-1__unconditioned,prollama-stage-1,unconditioned,any_family,markov_0,0.17,0.0,0.17,0.14125,0.2,False,800.0,800.0,4000.0,satisfied_beyond_some_but_not_all_qualified_matched_generators,97.5% percentile,frozen near-duplicate sequence group of the attempt ledger,results/R6/generative_control_20260924/gate_endpoints.json,32e1364dbe3541ff7ed6fc101aeb6fef59a20d129ba3b64714fa2705be896be4,cells[cell=prollama-stage-1__unconditioned].endpoints.any_family.controls.markov_0,b/c,,,,,,,,,,,,,
prollama-stage-1__unconditioned,prollama-stage-1,unconditioned,any_family,markov_2,0.17,0.0,0.17,0.14125,0.2,False,800.0,800.0,4000.0,satisfied_beyond_some_but_not_all_qualified_matched_generators,97.5% percentile,frozen near-duplicate sequence group of the attempt ledger,results/R6/generative_control_20260924/gate_endpoints.json,32e1364dbe3541ff7ed6fc101aeb6fef59a20d129ba3b64714fa2705be896be4,cells[cell=prollama-stage-1__unconditioned].endpoints.any_family.controls.markov_2,b/c,,,,,,,,,,,,,
prollama-stage-1__unconditioned,prollama-stage-1,unconditioned,any_family,markov_4,0.17,0.0,0.17,0.14125,0.2,True,800.0,800.0,4000.0,satisfied_beyond_some_but_not_all_qualified_matched_generators,97.5% percentile,frozen near-duplicate sequence group of the attempt ledger,results/R6/generative_control_20260924/gate_endpoints.json,32e1364dbe3541ff7ed6fc101aeb6fef59a20d129ba3b64714fa2705be896be4,cells[cell=prollama-stage-1__unconditioned].endpoints.any_family.controls.markov_4,b/c,,,,,,,,,,,,,
prollama-stage-1__unconditioned,prollama-stage-1,unconditioned,any_family,fragment,0.17,0.495,-0.3249999999999999,-0.37125,-0.2775,True,800.0,800.0,4000.0,satisfied_beyond_some_but_not_all_qualified_matched_generators,97.5% percentile,frozen near-duplicate sequence group of the attempt ledger,results/R6/generative_control_20260924/gate_endpoints.json,32e1364dbe3541ff7ed6fc101aeb6fef59a20d129ba3b64714fa2705be896be4,cells[cell=prollama-stage-1__unconditioned].endpoints.any_family.controls.fragment,b/c,,,,,,,,,,,,,
prollama-stage-1__unconditioned,prollama-stage-1,unconditioned,any_family,natural,0.17,0.52125,-0.3512499999999999,-0.3975,-0.305,True,800.0,800.0,4000.0,satisfied_beyond_some_but_not_all_qualified_matched_generators,97.5% percentile,frozen near-duplicate sequence group of the attempt ledger,results/R6/generative_control_20260924/gate_endpoints.json,32e1364dbe3541ff7ed6fc101aeb6fef59a20d129ba3b64714fa2705be896be4,cells[cell=prollama-stage-1__unconditioned].endpoints.any_family.controls.natural,b/c,,,,,,,,,,,,,
prollama-stage-1__unconditioned,prollama-stage-1,unconditioned,complete_domain,shuffle,0.075,0.0,0.075,0.055,0.095,True,800.0,800.0,4000.0,satisfied_beyond_some_but_not_all_qualified_matched_generators,97.5% percentile,frozen near-duplicate sequence group of the attempt ledger,results/R6/generative_control_20260924/gate_endpoints.json,32e1364dbe3541ff7ed6fc101aeb6fef59a20d129ba3b64714fa2705be896be4,cells[cell=prollama-stage-1__unconditioned].endpoints.complete_domain.controls.shuffle,b/c,,,,,,,,,,,,,
prollama-stage-1__unconditioned,prollama-stage-1,unconditioned,complete_domain,hydropathy,0.075,0.0,0.075,0.055,0.095,True,800.0,800.0,4000.0,satisfied_beyond_some_but_not_all_qualified_matched_generators,97.5% percentile,frozen near-duplicate sequence group of the attempt ledger,results/R6/generative_control_20260924/gate_endpoints.json,32e1364dbe3541ff7ed6fc101aeb6fef59a20d129ba3b64714fa2705be896be4,cells[cell=prollama-stage-1__unconditioned].endpoints.complete_domain.controls.hydropathy,b/c,,,,,,,,,,,,,
prollama-stage-1__unconditioned,prollama-stage-1,unconditioned,complete_domain,markov_0,0.075,0.0,0.075,0.055,0.095,False,800.0,800.0,4000.0,satisfied_beyond_some_but_not_all_qualified_matched_generators,97.5% percentile,frozen near-duplicate sequence group of the attempt ledger,results/R6/generative_control_20260924/gate_endpoints.json,32e1364dbe3541ff7ed6fc101aeb6fef59a20d129ba3b64714fa2705be896be4,cells[cell=prollama-stage-1__unconditioned].endpoints.complete_domain.controls.markov_0,b/c,,,,,,,,,,,,,
prollama-stage-1__unconditioned,prollama-stage-1,unconditioned,complete_domain,markov_2,0.075,0.0,0.075,0.055,0.095,False,800.0,800.0,4000.0,satisfied_beyond_some_but_not_all_qualified_matched_generators,97.5% percentile,frozen near-duplicate sequence group of the attempt ledger,results/R6/generative_control_20260924/gate_endpoints.json,32e1364dbe3541ff7ed6fc101aeb6fef59a20d129ba3b64714fa2705be896be4,cells[cell=prollama-stage-1__unconditioned].endpoints.complete_domain.controls.markov_2,b/c,,,,,,,,,,,,,
prollama-stage-1__unconditioned,prollama-stage-1,unconditioned,complete_domain,markov_4,0.075,0.0,0.075,0.055,0.095,True,800.0,800.0,4000.0,satisfied_beyond_some_but_not_all_qualified_matched_generators,97.5% percentile,frozen near-duplicate sequence group of the attempt ledger,results/R6/generative_control_20260924/gate_endpoints.json,32e1364dbe3541ff7ed6fc101aeb6fef59a20d129ba3b64714fa2705be896be4,cells[cell=prollama-stage-1__unconditioned].endpoints.complete_domain.controls.markov_4,b/c,,,,,,,,,,,,,
prollama-stage-1__unconditioned,prollama-stage-1,unconditioned,complete_domain,fragment,0.075,0.2475,-0.1725,-0.2125,-0.135,True,800.0,800.0,4000.0,satisfied_beyond_some_but_not_all_qualified_matched_generators,97.5% percentile,frozen near-duplicate sequence group of the attempt ledger,results/R6/generative_control_20260924/gate_endpoints.json,32e1364dbe3541ff7ed6fc101aeb6fef59a20d129ba3b64714fa2705be896be4,cells[cell=prollama-stage-1__unconditioned].endpoints.complete_domain.controls.fragment,b/c,,,,,,,,,,,,,
prollama-stage-1__unconditioned,prollama-stage-1,unconditioned,complete_domain,natural,0.075,0.3475,-0.2724999999999999,-0.313765625,-0.23125,True,800.0,800.0,4000.0,satisfied_beyond_some_but_not_all_qualified_matched_generators,97.5% percentile,frozen near-duplicate sequence group of the attempt ledger,results/R6/generative_control_20260924/gate_endpoints.json,32e1364dbe3541ff7ed6fc101aeb6fef59a20d129ba3b64714fa2705be896be4,cells[cell=prollama-stage-1__unconditioned].endpoints.complete_domain.controls.natural,b/c,,,,,,,,,,,,,
prollama-stage-1__unconditioned,prollama-stage-1,unconditioned,any_family_by_reference_identity,30_to_50,0.4273504273504273,,,0.3414280334411742,0.5178917714841803,,,,,,95% Wilson,"attempt, Wilson interval on the raw rate",results/R6/generative_control_20260924/gate_endpoints.json,32e1364dbe3541ff7ed6fc101aeb6fef59a20d129ba3b64714fa2705be896be4,cells[cell=prollama-stage-1__unconditioned].identity_strata.30_to_50.any_family,b/c,,,,,,,,,,,,,
prollama-stage-1__unconditioned,prollama-stage-1,unconditioned,any_family_by_reference_identity,50_to_70,0.3809523809523809,,,0.2499972576395514,0.5318595973284732,,,,,,95% Wilson,"attempt, Wilson interval on the raw rate",results/R6/generative_control_20260924/gate_endpoints.json,32e1364dbe3541ff7ed6fc101aeb6fef59a20d129ba3b64714fa2705be896be4,cells[cell=prollama-stage-1__unconditioned].identity_strata.50_to_70.any_family,b/c,,,,,,,,,,,,,
prollama-stage-1__unconditioned,prollama-stage-1,unconditioned,any_family_by_reference_identity,70_and_over,0.5,,,0.2537815976337061,0.7462184023662939,,,,,,95% Wilson,"attempt, Wilson interval on the raw rate",results/R6/generative_control_20260924/gate_endpoints.json,32e1364dbe3541ff7ed6fc101aeb6fef59a20d129ba3b64714fa2705be896be4,cells[cell=prollama-stage-1__unconditioned].identity_strata.70_and_over.any_family,b/c,,,,,,,,,,,,,
prollama-stage-1__unconditioned,prollama-stage-1,unconditioned,any_family_by_reference_identity,no_reported_alignment,0.0359066427289048,,,0.0233623658439362,0.054808493551661,,,,,,95% Wilson,"attempt, Wilson interval on the raw rate",results/R6/generative_control_20260924/gate_endpoints.json,32e1364dbe3541ff7ed6fc101aeb6fef59a20d129ba3b64714fa2705be896be4,cells[cell=prollama-stage-1__unconditioned].identity_strata.no_reported_alignment.any_family,b/c,,,,,,,,,,,,,
prollama-stage-1__unconditioned,prollama-stage-1,unconditioned,any_family_by_reference_identity,under_30,0.6111111111111112,,,0.4956235499421539,0.7153428561475221,,,,,,95% Wilson,"attempt, Wilson interval on the raw rate",results/R6/generative_control_20260924/gate_endpoints.json,32e1364dbe3541ff7ed6fc101aeb6fef59a20d129ba3b64714fa2705be896be4,cells[cell=prollama-stage-1__unconditioned].identity_strata.under_30.any_family,b/c,,,,,,,,,,,,,
prollama__requested,prollama,requested,any_family,shuffle,0.12375,0.0,0.12375,0.09875,0.15125,True,800.0,800.0,4000.0,satisfied_beyond_some_but_not_all_qualified_matched_generators,97.5% percentile,frozen near-duplicate sequence group of the attempt ledger,results/R6/generative_control_20260924/gate_endpoints.json,32e1364dbe3541ff7ed6fc101aeb6fef59a20d129ba3b64714fa2705be896be4,cells[cell=prollama__requested].endpoints.any_family.controls.shuffle,b/c,,,,,,,,,,,,,
prollama__requested,prollama,requested,any_family,hydropathy,0.12375,0.0,0.12375,0.09875,0.15125,True,800.0,800.0,4000.0,satisfied_beyond_some_but_not_all_qualified_matched_generators,97.5% percentile,frozen near-duplicate sequence group of the attempt ledger,results/R6/generative_control_20260924/gate_endpoints.json,32e1364dbe3541ff7ed6fc101aeb6fef59a20d129ba3b64714fa2705be896be4,cells[cell=prollama__requested].endpoints.any_family.controls.hydropathy,b/c,,,,,,,,,,,,,
prollama__requested,prollama,requested,any_family,markov_0,0.12375,0.0,0.12375,0.09875,0.15125,False,800.0,800.0,4000.0,satisfied_beyond_some_but_not_all_qualified_matched_generators,97.5% percentile,frozen near-duplicate sequence group of the attempt ledger,results/R6/generative_control_20260924/gate_endpoints.json,32e1364dbe3541ff7ed6fc101aeb6fef59a20d129ba3b64714fa2705be896be4,cells[cell=prollama__requested].endpoints.any_family.controls.markov_0,b/c,,,,,,,,,,,,,
prollama__requested,prollama,requested,any_family,markov_2,0.12375,0.0,0.12375,0.09875,0.15125,False,800.0,800.0,4000.0,satisfied_beyond_some_but_not_all_qualified_matched_generators,97.5% percentile,frozen near-duplicate sequence group of the attempt ledger,results/R6/generative_control_20260924/gate_endpoints.json,32e1364dbe3541ff7ed6fc101aeb6fef59a20d129ba3b64714fa2705be896be4,cells[cell=prollama__requested].endpoints.any_family.controls.markov_2,b/c,,,,,,,,,,,,,
prollama__requested,prollama,requested,any_family,markov_4,0.12375,0.0,0.12375,0.09875,0.15125,True,800.0,800.0,4000.0,satisfied_beyond_some_but_not_all_qualified_matched_generators,97.5% percentile,frozen near-duplicate sequence group of the attempt ledger,results/R6/generative_control_20260924/gate_endpoints.json,32e1364dbe3541ff7ed6fc101aeb6fef59a20d129ba3b64714fa2705be896be4,cells[cell=prollama__requested].endpoints.any_family.controls.markov_4,b/c,,,,,,,,,,,,,
prollama__requested,prollama,requested,any_family,fragment,0.12375,0.3925,-0.26875,-0.312515625,-0.225,True,800.0,800.0,4000.0,satisfied_beyond_some_but_not_all_qualified_matched_generators,97.5% percentile,frozen near-duplicate sequence group of the attempt ledger,results/R6/generative_control_20260924/gate_endpoints.json,32e1364dbe3541ff7ed6fc101aeb6fef59a20d129ba3b64714fa2705be896be4,cells[cell=prollama__requested].endpoints.any_family.controls.fragment,b/c,,,,,,,,,,,,,
prollama__requested,prollama,requested,any_family,natural,0.12375,0.35,-0.2262499999999999,-0.27125,-0.1812343749999996,True,800.0,800.0,4000.0,satisfied_beyond_some_but_not_all_qualified_matched_generators,97.5% percentile,frozen near-duplicate sequence group of the attempt ledger,results/R6/generative_control_20260924/gate_endpoints.json,32e1364dbe3541ff7ed6fc101aeb6fef59a20d129ba3b64714fa2705be896be4,cells[cell=prollama__requested].endpoints.any_family.controls.natural,b/c,,,,,,,,,,,,,
prollama__requested,prollama,requested,complete_domain,shuffle,0.05125,0.0,0.05125,0.03375,0.0687656250000003,True,800.0,800.0,4000.0,satisfied_beyond_some_but_not_all_qualified_matched_generators,97.5% percentile,frozen near-duplicate sequence group of the attempt ledger,results/R6/generative_control_20260924/gate_endpoints.json,32e1364dbe3541ff7ed6fc101aeb6fef59a20d129ba3b64714fa2705be896be4,cells[cell=prollama__requested].endpoints.complete_domain.controls.shuffle,b/c,,,,,,,,,,,,,
prollama__requested,prollama,requested,complete_domain,hydropathy,0.05125,0.0,0.05125,0.03375,0.0687656250000003,True,800.0,800.0,4000.0,satisfied_beyond_some_but_not_all_qualified_matched_generators,97.5% percentile,frozen near-duplicate sequence group of the attempt ledger,results/R6/generative_control_20260924/gate_endpoints.json,32e1364dbe3541ff7ed6fc101aeb6fef59a20d129ba3b64714fa2705be896be4,cells[cell=prollama__requested].endpoints.complete_domain.controls.hydropathy,b/c,,,,,,,,,,,,,
prollama__requested,prollama,requested,complete_domain,markov_0,0.05125,0.0,0.05125,0.03375,0.0687656250000003,False,800.0,800.0,4000.0,satisfied_beyond_some_but_not_all_qualified_matched_generators,97.5% percentile,frozen near-duplicate sequence group of the attempt ledger,results/R6/generative_control_20260924/gate_endpoints.json,32e1364dbe3541ff7ed6fc101aeb6fef59a20d129ba3b64714fa2705be896be4,cells[cell=prollama__requested].endpoints.complete_domain.controls.markov_0,b/c,,,,,,,,,,,,,
prollama__requested,prollama,requested,complete_domain,markov_2,0.05125,0.0,0.05125,0.03375,0.0687656250000003,False,800.0,800.0,4000.0,satisfied_beyond_some_but_not_all_qualified_matched_generators,97.5% percentile,frozen near-duplicate sequence group of the attempt ledger,results/R6/generative_control_20260924/gate_endpoints.json,32e1364dbe3541ff7ed6fc101aeb6fef59a20d129ba3b64714fa2705be896be4,cells[cell=prollama__requested].endpoints.complete_domain.controls.markov_2,b/c,,,,,,,,,,,,,
prollama__requested,prollama,requested,complete_domain,markov_4,0.05125,0.0,0.05125,0.03375,0.0687656250000003,True,800.0,800.0,4000.0,satisfied_beyond_some_but_not_all_qualified_matched_generators,97.5% percentile,frozen near-duplicate sequence group of the attempt ledger,results/R6/generative_control_20260924/gate_endpoints.json,32e1364dbe3541ff7ed6fc101aeb6fef59a20d129ba3b64714fa2705be896be4,cells[cell=prollama__requested].endpoints.complete_domain.controls.markov_4,b/c,,,,,,,,,,,,,
prollama__requested,prollama,requested,complete_domain,fragment,0.05125,0.14,-0.08875,-0.12125,-0.0575,True,800.0,800.0,4000.0,satisfied_beyond_some_but_not_all_qualified_matched_generators,97.5% percentile,frozen near-duplicate sequence group of the attempt ledger,results/R6/generative_control_20260924/gate_endpoints.json,32e1364dbe3541ff7ed6fc101aeb6fef59a20d129ba3b64714fa2705be896be4,cells[cell=prollama__requested].endpoints.complete_domain.controls.fragment,b/c,,,,,,,,,,,,,
prollama__requested,prollama,requested,complete_domain,natural,0.05125,0.18875,-0.1375,-0.1725,-0.1025,True,800.0,800.0,4000.0,satisfied_beyond_some_but_not_all_qualified_matched_generators,97.5% percentile,frozen near-duplicate sequence group of the attempt ledger,results/R6/generative_control_20260924/gate_endpoints.json,32e1364dbe3541ff7ed6fc101aeb6fef59a20d129ba3b64714fa2705be896be4,cells[cell=prollama__requested].endpoints.complete_domain.controls.natural,b/c,,,,,,,,,,,,,
prollama__requested,prollama,requested,any_family_by_reference_identity,30_to_50,0.8666666666666667,,,0.7382269817382293,0.9374285125243192,,,,,,95% Wilson,"attempt, Wilson interval on the raw rate",results/R6/generative_control_20260924/gate_endpoints.json,32e1364dbe3541ff7ed6fc101aeb6fef59a20d129ba3b64714fa2705be896be4,cells[cell=prollama__requested].identity_strata.30_to_50.any_family,b/c,,,,,,,,,,,,,
prollama__requested,prollama,requested,any_family_by_reference_identity,50_to_70,1.0,,,0.4385029682449546,1.0,,,,,,95% Wilson,"attempt, Wilson interval on the raw rate",results/R6/generative_control_20260924/gate_endpoints.json,32e1364dbe3541ff7ed6fc101aeb6fef59a20d129ba3b64714fa2705be896be4,cells[cell=prollama__requested].identity_strata.50_to_70.any_family,b/c,,,,,,,,,,,,,
prollama__requested,prollama,requested,any_family_by_reference_identity,no_reported_alignment,0.0337078651685393,,,0.022754581362171,0.0496657264893744,,,,,,95% Wilson,"attempt, Wilson interval on the raw rate",results/R6/generative_control_20260924/gate_endpoints.json,32e1364dbe3541ff7ed6fc101aeb6fef59a20d129ba3b64714fa2705be896be4,cells[cell=prollama__requested].identity_strata.no_reported_alignment.any_family,b/c,,,,,,,,,,,,,
prollama__requested,prollama,requested,any_family_by_reference_identity,under_30,0.825,,,0.6805000966821229,0.9125458625396408,,,,,,95% Wilson,"attempt, Wilson interval on the raw rate",results/R6/generative_control_20260924/gate_endpoints.json,32e1364dbe3541ff7ed6fc101aeb6fef59a20d129ba3b64714fa2705be896be4,cells[cell=prollama__requested].identity_strata.under_30.any_family,b/c,,,,,,,,,,,,,
prollama__unconditioned,prollama,unconditioned,any_family,shuffle,0.045,0.0,0.045,0.0294840294840294,0.0623409669211195,True,800.0,786.0,4000.0,satisfied_beyond_some_but_not_all_qualified_matched_generators,97.5% percentile,frozen near-duplicate sequence group of the attempt ledger,results/R6/generative_control_20260924/gate_endpoints.json,32e1364dbe3541ff7ed6fc101aeb6fef59a20d129ba3b64714fa2705be896be4,cells[cell=prollama__unconditioned].endpoints.any_family.controls.shuffle,b/c,,,,,,,,,,,,,
prollama__unconditioned,prollama,unconditioned,any_family,hydropathy,0.045,0.0,0.045,0.0294840294840294,0.0623409669211195,True,800.0,786.0,4000.0,satisfied_beyond_some_but_not_all_qualified_matched_generators,97.5% percentile,frozen near-duplicate sequence group of the attempt ledger,results/R6/generative_control_20260924/gate_endpoints.json,32e1364dbe3541ff7ed6fc101aeb6fef59a20d129ba3b64714fa2705be896be4,cells[cell=prollama__unconditioned].endpoints.any_family.controls.hydropathy,b/c,,,,,,,,,,,,,
prollama__unconditioned,prollama,unconditioned,any_family,markov_0,0.045,0.0,0.045,0.0294840294840294,0.0623409669211195,False,800.0,786.0,4000.0,satisfied_beyond_some_but_not_all_qualified_matched_generators,97.5% percentile,frozen near-duplicate sequence group of the attempt ledger,results/R6/generative_control_20260924/gate_endpoints.json,32e1364dbe3541ff7ed6fc101aeb6fef59a20d129ba3b64714fa2705be896be4,cells[cell=prollama__unconditioned].endpoints.any_family.controls.markov_0,b/c,,,,,,,,,,,,,
prollama__unconditioned,prollama,unconditioned,any_family,markov_2,0.045,0.0,0.045,0.0294840294840294,0.0623409669211195,False,800.0,786.0,4000.0,satisfied_beyond_some_but_not_all_qualified_matched_generators,97.5% percentile,frozen near-duplicate sequence group of the attempt ledger,results/R6/generative_control_20260924/gate_endpoints.json,32e1364dbe3541ff7ed6fc101aeb6fef59a20d129ba3b64714fa2705be896be4,cells[cell=prollama__unconditioned].endpoints.any_family.controls.markov_2,b/c,,,,,,,,,,,,,
prollama__unconditioned,prollama,unconditioned,any_family,markov_4,0.045,0.0,0.045,0.0294840294840294,0.0623409669211195,True,800.0,786.0,4000.0,satisfied_beyond_some_but_not_all_qualified_matched_generators,97.5% percentile,frozen near-duplicate sequence group of the attempt ledger,results/R6/generative_control_20260924/gate_endpoints.json,32e1364dbe3541ff7ed6fc101aeb6fef59a20d129ba3b64714fa2705be896be4,cells[cell=prollama__unconditioned].endpoints.any_family.controls.markov_4,b/c,,,,,,,,,,,,,
prollama__unconditioned,prollama,unconditioned,any_family,fragment,0.045,0.37,-0.325,-0.3671519098149533,-0.2849872773536895,True,800.0,786.0,4000.0,satisfied_beyond_some_but_not_all_qualified_matched_generators,97.5% percentile,frozen near-duplicate sequence group of the attempt ledger,results/R6/generative_control_20260924/gate_endpoints.json,32e1364dbe3541ff7ed6fc101aeb6fef59a20d129ba3b64714fa2705be896be4,cells[cell=prollama__unconditioned].endpoints.any_family.controls.fragment,b/c,,,,,,,,,,,,,
prollama__unconditioned,prollama,unconditioned,any_family,natural,0.045,0.35625,-0.31125,-0.3550009057971014,-0.2697201017811705,True,800.0,786.0,4000.0,satisfied_beyond_some_but_not_all_qualified_matched_generators,97.5% percentile,frozen near-duplicate sequence group of the attempt ledger,results/R6/generative_control_20260924/gate_endpoints.json,32e1364dbe3541ff7ed6fc101aeb6fef59a20d129ba3b64714fa2705be896be4,cells[cell=prollama__unconditioned].endpoints.any_family.controls.natural,b/c,,,,,,,,,,,,,
prollama__unconditioned,prollama,unconditioned,complete_domain,shuffle,0.02125,0.0,0.02125,0.010178117048346,0.03375,True,800.0,786.0,4000.0,satisfied_beyond_some_but_not_all_qualified_matched_generators,97.5% percentile,frozen near-duplicate sequence group of the attempt ledger,results/R6/generative_control_20260924/gate_endpoints.json,32e1364dbe3541ff7ed6fc101aeb6fef59a20d129ba3b64714fa2705be896be4,cells[cell=prollama__unconditioned].endpoints.complete_domain.controls.shuffle,b/c,,,,,,,,,,,,,
prollama__unconditioned,prollama,unconditioned,complete_domain,hydropathy,0.02125,0.0,0.02125,0.010178117048346,0.03375,True,800.0,786.0,4000.0,satisfied_beyond_some_but_not_all_qualified_matched_generators,97.5% percentile,frozen near-duplicate sequence group of the attempt ledger,results/R6/generative_control_20260924/gate_endpoints.json,32e1364dbe3541ff7ed6fc101aeb6fef59a20d129ba3b64714fa2705be896be4,cells[cell=prollama__unconditioned].endpoints.complete_domain.controls.hydropathy,b/c,,,,,,,,,,,,,
prollama__unconditioned,prollama,unconditioned,complete_domain,markov_0,0.02125,0.0,0.02125,0.010178117048346,0.03375,False,800.0,786.0,4000.0,satisfied_beyond_some_but_not_all_qualified_matched_generators,97.5% percentile,frozen near-duplicate sequence group of the attempt ledger,results/R6/generative_control_20260924/gate_endpoints.json,32e1364dbe3541ff7ed6fc101aeb6fef59a20d129ba3b64714fa2705be896be4,cells[cell=prollama__unconditioned].endpoints.complete_domain.controls.markov_0,b/c,,,,,,,,,,,,,
prollama__unconditioned,prollama,unconditioned,complete_domain,markov_2,0.02125,0.0,0.02125,0.010178117048346,0.03375,False,800.0,786.0,4000.0,satisfied_beyond_some_but_not_all_qualified_matched_generators,97.5% percentile,frozen near-duplicate sequence group of the attempt ledger,results/R6/generative_control_20260924/gate_endpoints.json,32e1364dbe3541ff7ed6fc101aeb6fef59a20d129ba3b64714fa2705be896be4,cells[cell=prollama__unconditioned].endpoints.complete_domain.controls.markov_2,b/c,,,,,,,,,,,,,
prollama__unconditioned,prollama,unconditioned,complete_domain,markov_4,0.02125,0.0,0.02125,0.010178117048346,0.03375,True,800.0,786.0,4000.0,satisfied_beyond_some_but_not_all_qualified_matched_generators,97.5% percentile,frozen near-duplicate sequence group of the attempt ledger,results/R6/generative_control_20260924/gate_endpoints.json,32e1364dbe3541ff7ed6fc101aeb6fef59a20d129ba3b64714fa2705be896be4,cells[cell=prollama__unconditioned].endpoints.complete_domain.controls.markov_4,b/c,,,,,,,,,,,,,
prollama__unconditioned,prollama,unconditioned,complete_domain,fragment,0.02125,0.125,-0.10375,-0.135,-0.0737913486005089,True,800.0,786.0,4000.0,satisfied_beyond_some_but_not_all_qualified_matched_generators,97.5% percentile,frozen near-duplicate sequence group of the attempt ledger,results/R6/generative_control_20260924/gate_endpoints.json,32e1364dbe3541ff7ed6fc101aeb6fef59a20d129ba3b64714fa2705be896be4,cells[cell=prollama__unconditioned].endpoints.complete_domain.controls.fragment,b/c,,,,,,,,,,,,,
prollama__unconditioned,prollama,unconditioned,complete_domain,natural,0.02125,0.20625,-0.185,-0.2248157248157248,-0.1475,True,800.0,786.0,4000.0,satisfied_beyond_some_but_not_all_qualified_matched_generators,97.5% percentile,frozen near-duplicate sequence group of the attempt ledger,results/R6/generative_control_20260924/gate_endpoints.json,32e1364dbe3541ff7ed6fc101aeb6fef59a20d129ba3b64714fa2705be896be4,cells[cell=prollama__unconditioned].endpoints.complete_domain.controls.natural,b/c,,,,,,,,,,,,,
prollama__unconditioned,prollama,unconditioned,any_family_by_reference_identity,30_to_50,0.2941176470588235,,,0.1683463067042242,0.4616890979471443,,,,,,95% Wilson,"attempt, Wilson interval on the raw rate",results/R6/generative_control_20260924/gate_endpoints.json,32e1364dbe3541ff7ed6fc101aeb6fef59a20d129ba3b64714fa2705be896be4,cells[cell=prollama__unconditioned].identity_strata.30_to_50.any_family,b/c,,,,,,,,,,,,,
prollama__unconditioned,prollama,unconditioned,any_family_by_reference_identity,50_to_70,0.2142857142857142,,,0.0757138671269318,0.4758923058660029,,,,,,95% Wilson,"attempt, Wilson interval on the raw rate",results/R6/generative_control_20260924/gate_endpoints.json,32e1364dbe3541ff7ed6fc101aeb6fef59a20d129ba3b64714fa2705be896be4,cells[cell=prollama__unconditioned].identity_strata.50_to_70.any_family,b/c,,,,,,,,,,,,,
prollama__unconditioned,prollama,unconditioned,any_family_by_reference_identity,70_and_over,0.5,,,0.0945312057342307,0.9054687942657692,,,,,,95% Wilson,"attempt, Wilson interval on the raw rate",results/R6/generative_control_20260924/gate_endpoints.json,32e1364dbe3541ff7ed6fc101aeb6fef59a20d129ba3b64714fa2705be896be4,cells[cell=prollama__unconditioned].identity_strata.70_and_over.any_family,b/c,,,,,,,,,,,,,
prollama__unconditioned,prollama,unconditioned,any_family_by_reference_identity,no_reported_alignment,0.0165061898211829,,,0.0094670133642509,0.0286280597664111,,,,,,95% Wilson,"attempt, Wilson interval on the raw rate",results/R6/generative_control_20260924/gate_endpoints.json,32e1364dbe3541ff7ed6fc101aeb6fef59a20d129ba3b64714fa2705be896be4,cells[cell=prollama__unconditioned].identity_strata.no_reported_alignment.any_family,b/c,,,,,,,,,,,,,
prollama__unconditioned,prollama,unconditioned,any_family_by_reference_identity,under_30,0.4347826086956521,,,0.2563463532567421,0.6318862491498354,,,,,,95% Wilson,"attempt, Wilson interval on the raw rate",results/R6/generative_control_20260924/gate_endpoints.json,32e1364dbe3541ff7ed6fc101aeb6fef59a20d129ba3b64714fa2705be896be4,cells[cell=prollama__unconditioned].identity_strata.under_30.any_family,b/c,,,,,,,,,,,,,
proteinglm-7b-clm__unconditioned,proteinglm-7b-clm,unconditioned,any_family,shuffle,0.35125,0.0,0.35125,0.3125,0.39,True,800.0,799.0,4000.0,satisfied_beyond_some_but_not_all_qualified_matched_generators,97.5% percentile,frozen near-duplicate sequence group of the attempt ledger,results/R6/generative_control_20260924/gate_endpoints.json,32e1364dbe3541ff7ed6fc101aeb6fef59a20d129ba3b64714fa2705be896be4,cells[cell=proteinglm-7b-clm__unconditioned].endpoints.any_family.controls.shuffle,b/c,,,,,,,,,,,,,
proteinglm-7b-clm__unconditioned,proteinglm-7b-clm,unconditioned,any_family,hydropathy,0.35125,0.0,0.35125,0.3125,0.39,True,800.0,799.0,4000.0,satisfied_beyond_some_but_not_all_qualified_matched_generators,97.5% percentile,frozen near-duplicate sequence group of the attempt ledger,results/R6/generative_control_20260924/gate_endpoints.json,32e1364dbe3541ff7ed6fc101aeb6fef59a20d129ba3b64714fa2705be896be4,cells[cell=proteinglm-7b-clm__unconditioned].endpoints.any_family.controls.hydropathy,b/c,,,,,,,,,,,,,
proteinglm-7b-clm__unconditioned,proteinglm-7b-clm,unconditioned,any_family,markov_0,0.35125,0.0,0.35125,0.3125,0.39,False,800.0,799.0,4000.0,satisfied_beyond_some_but_not_all_qualified_matched_generators,97.5% percentile,frozen near-duplicate sequence group of the attempt ledger,results/R6/generative_control_20260924/gate_endpoints.json,32e1364dbe3541ff7ed6fc101aeb6fef59a20d129ba3b64714fa2705be896be4,cells[cell=proteinglm-7b-clm__unconditioned].endpoints.any_family.controls.markov_0,b/c,,,,,,,,,,,,,
proteinglm-7b-clm__unconditioned,proteinglm-7b-clm,unconditioned,any_family,markov_2,0.35125,0.0,0.35125,0.3125,0.39,False,800.0,799.0,4000.0,satisfied_beyond_some_but_not_all_qualified_matched_generators,97.5% percentile,frozen near-duplicate sequence group of the attempt ledger,results/R6/generative_control_20260924/gate_endpoints.json,32e1364dbe3541ff7ed6fc101aeb6fef59a20d129ba3b64714fa2705be896be4,cells[cell=proteinglm-7b-clm__unconditioned].endpoints.any_family.controls.markov_2,b/c,,,,,,,,,,,,,
proteinglm-7b-clm__unconditioned,proteinglm-7b-clm,unconditioned,any_family,markov_4,0.35125,0.0,0.35125,0.3125,0.39,True,800.0,799.0,4000.0,satisfied_beyond_some_but_not_all_qualified_matched_generators,97.5% percentile,frozen near-duplicate sequence group of the attempt ledger,results/R6/generative_control_20260924/gate_endpoints.json,32e1364dbe3541ff7ed6fc101aeb6fef59a20d129ba3b64714fa2705be896be4,cells[cell=proteinglm-7b-clm__unconditioned].endpoints.any_family.controls.markov_4,b/c,,,,,,,,,,,,,
proteinglm-7b-clm__unconditioned,proteinglm-7b-clm,unconditioned,any_family,fragment,0.35125,0.56375,-0.2124999999999999,-0.2671702169163545,-0.1610486891385767,True,800.0,799.0,4000.0,satisfied_beyond_some_but_not_all_qualified_matched_generators,97.5% percentile,frozen near-duplicate sequence group of the attempt ledger,results/R6/generative_control_20260924/gate_endpoints.json,32e1364dbe3541ff7ed6fc101aeb6fef59a20d129ba3b64714fa2705be896be4,cells[cell=proteinglm-7b-clm__unconditioned].endpoints.any_family.controls.fragment,b/c,,,,,,,,,,,,,
proteinglm-7b-clm__unconditioned,proteinglm-7b-clm,unconditioned,any_family,natural,0.35125,0.53,-0.17875,-0.23125,-0.1276595744680851,True,800.0,799.0,4000.0,satisfied_beyond_some_but_not_all_qualified_matched_generators,97.5% percentile,frozen near-duplicate sequence group of the attempt ledger,results/R6/generative_control_20260924/gate_endpoints.json,32e1364dbe3541ff7ed6fc101aeb6fef59a20d129ba3b64714fa2705be896be4,cells[cell=proteinglm-7b-clm__unconditioned].endpoints.any_family.controls.natural,b/c,,,,,,,,,,,,,
proteinglm-7b-clm__unconditioned,proteinglm-7b-clm,unconditioned,complete_domain,shuffle,0.275,0.0,0.275,0.2403003754693366,0.3103879849812265,True,800.0,799.0,4000.0,satisfied_beyond_some_but_not_all_qualified_matched_generators,97.5% percentile,frozen near-duplicate sequence group of the attempt ledger,results/R6/generative_control_20260924/gate_endpoints.json,32e1364dbe3541ff7ed6fc101aeb6fef59a20d129ba3b64714fa2705be896be4,cells[cell=proteinglm-7b-clm__unconditioned].endpoints.complete_domain.controls.shuffle,b/c,,,,,,,,,,,,,
proteinglm-7b-clm__unconditioned,proteinglm-7b-clm,unconditioned,complete_domain,hydropathy,0.275,0.0,0.275,0.2403003754693366,0.3103879849812265,True,800.0,799.0,4000.0,satisfied_beyond_some_but_not_all_qualified_matched_generators,97.5% percentile,frozen near-duplicate sequence group of the attempt ledger,results/R6/generative_control_20260924/gate_endpoints.json,32e1364dbe3541ff7ed6fc101aeb6fef59a20d129ba3b64714fa2705be896be4,cells[cell=proteinglm-7b-clm__unconditioned].endpoints.complete_domain.controls.hydropathy,b/c,,,,,,,,,,,,,
proteinglm-7b-clm__unconditioned,proteinglm-7b-clm,unconditioned,complete_domain,markov_0,0.275,0.0,0.275,0.2403003754693366,0.3103879849812265,False,800.0,799.0,4000.0,satisfied_beyond_some_but_not_all_qualified_matched_generators,97.5% percentile,frozen near-duplicate sequence group of the attempt ledger,results/R6/generative_control_20260924/gate_endpoints.json,32e1364dbe3541ff7ed6fc101aeb6fef59a20d129ba3b64714fa2705be896be4,cells[cell=proteinglm-7b-clm__unconditioned].endpoints.complete_domain.controls.markov_0,b/c,,,,,,,,,,,,,
proteinglm-7b-clm__unconditioned,proteinglm-7b-clm,unconditioned,complete_domain,markov_2,0.275,0.0,0.275,0.2403003754693366,0.3103879849812265,False,800.0,799.0,4000.0,satisfied_beyond_some_but_not_all_qualified_matched_generators,97.5% percentile,frozen near-duplicate sequence group of the attempt ledger,results/R6/generative_control_20260924/gate_endpoints.json,32e1364dbe3541ff7ed6fc101aeb6fef59a20d129ba3b64714fa2705be896be4,cells[cell=proteinglm-7b-clm__unconditioned].endpoints.complete_domain.controls.markov_2,b/c,,,,,,,,,,,,,
proteinglm-7b-clm__unconditioned,proteinglm-7b-clm,unconditioned,complete_domain,markov_4,0.275,0.0,0.275,0.2403003754693366,0.3103879849812265,True,800.0,799.0,4000.0,satisfied_beyond_some_but_not_all_qualified_matched_generators,97.5% percentile,frozen near-duplicate sequence group of the attempt ledger,results/R6/generative_control_20260924/gate_endpoints.json,32e1364dbe3541ff7ed6fc101aeb6fef59a20d129ba3b64714fa2705be896be4,cells[cell=proteinglm-7b-clm__unconditioned].endpoints.complete_domain.controls.markov_4,b/c,,,,,,,,,,,,,
proteinglm-7b-clm__unconditioned,proteinglm-7b-clm,unconditioned,complete_domain,fragment,0.275,0.30375,-0.0287499999999999,-0.0811485642946317,0.0225430625672855,True,800.0,799.0,4000.0,satisfied_beyond_some_but_not_all_qualified_matched_generators,97.5% percentile,frozen near-duplicate sequence group of the attempt ledger,results/R6/generative_control_20260924/gate_endpoints.json,32e1364dbe3541ff7ed6fc101aeb6fef59a20d129ba3b64714fa2705be896be4,cells[cell=proteinglm-7b-clm__unconditioned].endpoints.complete_domain.controls.fragment,b/c,,,,,,,,,,,,,
proteinglm-7b-clm__unconditioned,proteinglm-7b-clm,unconditioned,complete_domain,natural,0.275,0.37875,-0.1037499999999999,-0.155,-0.0536689315139551,True,800.0,799.0,4000.0,satisfied_beyond_some_but_not_all_qualified_matched_generators,97.5% percentile,frozen near-duplicate sequence group of the attempt ledger,results/R6/generative_control_20260924/gate_endpoints.json,32e1364dbe3541ff7ed6fc101aeb6fef59a20d129ba3b64714fa2705be896be4,cells[cell=proteinglm-7b-clm__unconditioned].endpoints.complete_domain.controls.natural,b/c,,,,,,,,,,,,,
proteinglm-7b-clm__unconditioned,proteinglm-7b-clm,unconditioned,any_family_by_reference_identity,30_to_50,0.6414141414141414,,,0.572506001185316,0.7049394767020967,,,,,,95% Wilson,"attempt, Wilson interval on the raw rate",results/R6/generative_control_20260924/gate_endpoints.json,32e1364dbe3541ff7ed6fc101aeb6fef59a20d129ba3b64714fa2705be896be4,cells[cell=proteinglm-7b-clm__unconditioned].identity_strata.30_to_50.any_family,b/c,,,,,,,,,,,,,
proteinglm-7b-clm__unconditioned,proteinglm-7b-clm,unconditioned,any_family_by_reference_identity,50_to_70,0.7894736842105263,,,0.697068523805465,0.8593781399348401,,,,,,95% Wilson,"attempt, Wilson interval on the raw rate",results/R6/generative_control_20260924/gate_endpoints.json,32e1364dbe3541ff7ed6fc101aeb6fef59a20d129ba3b64714fa2705be896be4,cells[cell=proteinglm-7b-clm__unconditioned].identity_strata.50_to_70.any_family,b/c,,,,,,,,,,,,,
proteinglm-7b-clm__unconditioned,proteinglm-7b-clm,unconditioned,any_family_by_reference_identity,70_and_over,0.5,,,0.2799956361032601,0.7200043638967398,,,,,,95% Wilson,"attempt, Wilson interval on the raw rate",results/R6/generative_control_20260924/gate_endpoints.json,32e1364dbe3541ff7ed6fc101aeb6fef59a20d129ba3b64714fa2705be896be4,cells[cell=proteinglm-7b-clm__unconditioned].identity_strata.70_and_over.any_family,b/c,,,,,,,,,,,,,
proteinglm-7b-clm__unconditioned,proteinglm-7b-clm,unconditioned,any_family_by_reference_identity,no_reported_alignment,0.0224719101123595,,,0.0114299016816874,0.0437095446892793,,,,,,95% Wilson,"attempt, Wilson interval on the raw rate",results/R6/generative_control_20260924/gate_endpoints.json,32e1364dbe3541ff7ed6fc101aeb6fef59a20d129ba3b64714fa2705be896be4,cells[cell=proteinglm-7b-clm__unconditioned].identity_strata.no_reported_alignment.any_family,b/c,,,,,,,,,,,,,
proteinglm-7b-clm__unconditioned,proteinglm-7b-clm,unconditioned,any_family_by_reference_identity,under_30,0.4666666666666667,,,0.384600399945922,0.550577463521913,,,,,,95% Wilson,"attempt, Wilson interval on the raw rate",results/R6/generative_control_20260924/gate_endpoints.json,32e1364dbe3541ff7ed6fc101aeb6fef59a20d129ba3b64714fa2705be896be4,cells[cell=proteinglm-7b-clm__unconditioned].identity_strata.under_30.any_family,b/c,,,,,,,,,,,,,
protgpt2__unconditioned,protgpt2,unconditioned,any_family,shuffle,0.38625,0.0,0.38625,0.3435564276229405,0.4289331064405701,True,800.0,763.0,4000.0,satisfied_beyond_some_but_not_all_qualified_matched_generators,97.5% percentile,frozen near-duplicate sequence group of the attempt ledger,results/R6/generative_control_20260924/gate_endpoints.json,32e1364dbe3541ff7ed6fc101aeb6fef59a20d129ba3b64714fa2705be896be4,cells[cell=protgpt2__unconditioned].endpoints.any_family.controls.shuffle,b/c,,,,,,,,,,,,,
protgpt2__unconditioned,protgpt2,unconditioned,any_family,hydropathy,0.38625,0.0,0.38625,0.3435564276229405,0.4289331064405701,True,800.0,763.0,4000.0,satisfied_beyond_some_but_not_all_qualified_matched_generators,97.5% percentile,frozen near-duplicate sequence group of the attempt ledger,results/R6/generative_control_20260924/gate_endpoints.json,32e1364dbe3541ff7ed6fc101aeb6fef59a20d129ba3b64714fa2705be896be4,cells[cell=protgpt2__unconditioned].endpoints.any_family.controls.hydropathy,b/c,,,,,,,,,,,,,
protgpt2__unconditioned,protgpt2,unconditioned,any_family,markov_0,0.38625,0.0,0.38625,0.3435564276229405,0.4289331064405701,False,800.0,763.0,4000.0,satisfied_beyond_some_but_not_all_qualified_matched_generators,97.5% percentile,frozen near-duplicate sequence group of the attempt ledger,results/R6/generative_control_20260924/gate_endpoints.json,32e1364dbe3541ff7ed6fc101aeb6fef59a20d129ba3b64714fa2705be896be4,cells[cell=protgpt2__unconditioned].endpoints.any_family.controls.markov_0,b/c,,,,,,,,,,,,,
protgpt2__unconditioned,protgpt2,unconditioned,any_family,markov_2,0.38625,0.0,0.38625,0.3435564276229405,0.4289331064405701,False,800.0,763.0,4000.0,satisfied_beyond_some_but_not_all_qualified_matched_generators,97.5% percentile,frozen near-duplicate sequence group of the attempt ledger,results/R6/generative_control_20260924/gate_endpoints.json,32e1364dbe3541ff7ed6fc101aeb6fef59a20d129ba3b64714fa2705be896be4,cells[cell=protgpt2__unconditioned].endpoints.any_family.controls.markov_2,b/c,,,,,,,,,,,,,
protgpt2__unconditioned,protgpt2,unconditioned,any_family,markov_4,0.38625,0.0,0.38625,0.3435564276229405,0.4289331064405701,True,800.0,763.0,4000.0,satisfied_beyond_some_but_not_all_qualified_matched_generators,97.5% percentile,frozen near-duplicate sequence group of the attempt ledger,results/R6/generative_control_20260924/gate_endpoints.json,32e1364dbe3541ff7ed6fc101aeb6fef59a20d129ba3b64714fa2705be896be4,cells[cell=protgpt2__unconditioned].endpoints.any_family.controls.markov_4,b/c,,,,,,,,,,,,,
protgpt2__unconditioned,protgpt2,unconditioned,any_family,fragment,0.38625,0.565,-0.1787499999999999,-0.2367224753050388,-0.1202039840203017,True,800.0,763.0,4000.0,satisfied_beyond_some_but_not_all_qualified_matched_generators,97.5% percentile,frozen near-duplicate sequence group of the attempt ledger,results/R6/generative_control_20260924/gate_endpoints.json,32e1364dbe3541ff7ed6fc101aeb6fef59a20d129ba3b64714fa2705be896be4,cells[cell=protgpt2__unconditioned].endpoints.any_family.controls.fragment,b/c,,,,,,,,,,,,,
protgpt2__unconditioned,protgpt2,unconditioned,any_family,natural,0.38625,0.56625,-0.18,-0.2396088019559902,-0.1198979591836734,True,800.0,763.0,4000.0,satisfied_beyond_some_but_not_all_qualified_matched_generators,97.5% percentile,frozen near-duplicate sequence group of the attempt ledger,results/R6/generative_control_20260924/gate_endpoints.json,32e1364dbe3541ff7ed6fc101aeb6fef59a20d129ba3b64714fa2705be896be4,cells[cell=protgpt2__unconditioned].endpoints.any_family.controls.natural,b/c,,,,,,,,,,,,,
protgpt2__unconditioned,protgpt2,unconditioned,complete_domain,shuffle,0.2875,0.0,0.2875,0.2490841361679832,0.3255531826752757,True,800.0,763.0,4000.0,satisfied_beyond_some_but_not_all_qualified_matched_generators,97.5% percentile,frozen near-duplicate sequence group of the attempt ledger,results/R6/generative_control_20260924/gate_endpoints.json,32e1364dbe3541ff7ed6fc101aeb6fef59a20d129ba3b64714fa2705be896be4,cells[cell=protgpt2__unconditioned].endpoints.complete_domain.controls.shuffle,b/c,,,,,,,,,,,,,
protgpt2__unconditioned,protgpt2,unconditioned,complete_domain,hydropathy,0.2875,0.0,0.2875,0.2490841361679832,0.3255531826752757,True,800.0,763.0,4000.0,satisfied_beyond_some_but_not_all_qualified_matched_generators,97.5% percentile,frozen near-duplicate sequence group of the attempt ledger,results/R6/generative_control_20260924/gate_endpoints.json,32e1364dbe3541ff7ed6fc101aeb6fef59a20d129ba3b64714fa2705be896be4,cells[cell=protgpt2__unconditioned].endpoints.complete_domain.controls.hydropathy,b/c,,,,,,,,,,,,,
protgpt2__unconditioned,protgpt2,unconditioned,complete_domain,markov_0,0.2875,0.0,0.2875,0.2490841361679832,0.3255531826752757,False,800.0,763.0,4000.0,satisfied_beyond_some_but_not_all_qualified_matched_generators,97.5% percentile,frozen near-duplicate sequence group of the attempt ledger,results/R6/generative_control_20260924/gate_endpoints.json,32e1364dbe3541ff7ed6fc101aeb6fef59a20d129ba3b64714fa2705be896be4,cells[cell=protgpt2__unconditioned].endpoints.complete_domain.controls.markov_0,b/c,,,,,,,,,,,,,
protgpt2__unconditioned,protgpt2,unconditioned,complete_domain,markov_2,0.2875,0.0,0.2875,0.2490841361679832,0.3255531826752757,False,800.0,763.0,4000.0,satisfied_beyond_some_but_not_all_qualified_matched_generators,97.5% percentile,frozen near-duplicate sequence group of the attempt ledger,results/R6/generative_control_20260924/gate_endpoints.json,32e1364dbe3541ff7ed6fc101aeb6fef59a20d129ba3b64714fa2705be896be4,cells[cell=protgpt2__unconditioned].endpoints.complete_domain.controls.markov_2,b/c,,,,,,,,,,,,,
protgpt2__unconditioned,protgpt2,unconditioned,complete_domain,markov_4,0.2875,0.0,0.2875,0.2490841361679832,0.3255531826752757,True,800.0,763.0,4000.0,satisfied_beyond_some_but_not_all_qualified_matched_generators,97.5% percentile,frozen near-duplicate sequence group of the attempt ledger,results/R6/generative_control_20260924/gate_endpoints.json,32e1364dbe3541ff7ed6fc101aeb6fef59a20d129ba3b64714fa2705be896be4,cells[cell=protgpt2__unconditioned].endpoints.complete_domain.controls.markov_4,b/c,,,,,,,,,,,,,
protgpt2__unconditioned,protgpt2,unconditioned,complete_domain,fragment,0.2875,0.38125,-0.09375,-0.1519614001379446,-0.0367971416171043,True,800.0,763.0,4000.0,satisfied_beyond_some_but_not_all_qualified_matched_generators,97.5% percentile,frozen near-duplicate sequence group of the attempt ledger,results/R6/generative_control_20260924/gate_endpoints.json,32e1364dbe3541ff7ed6fc101aeb6fef59a20d129ba3b64714fa2705be896be4,cells[cell=protgpt2__unconditioned].endpoints.complete_domain.controls.fragment,b/c,,,,,,,,,,,,,
protgpt2__unconditioned,protgpt2,unconditioned,complete_domain,natural,0.2875,0.45125,-0.16375,-0.2204646403129959,-0.1064632080530369,True,800.0,763.0,4000.0,satisfied_beyond_some_but_not_all_qualified_matched_generators,97.5% percentile,frozen near-duplicate sequence group of the attempt ledger,results/R6/generative_control_20260924/gate_endpoints.json,32e1364dbe3541ff7ed6fc101aeb6fef59a20d129ba3b64714fa2705be896be4,cells[cell=protgpt2__unconditioned].endpoints.complete_domain.controls.natural,b/c,,,,,,,,,,,,,
protgpt2__unconditioned,protgpt2,unconditioned,any_family_by_reference_identity,30_to_50,0.6677966101694915,,,0.6121948283202472,0.7190845075211709,,,,,,95% Wilson,"attempt, Wilson interval on the raw rate",results/R6/generative_control_20260924/gate_endpoints.json,32e1364dbe3541ff7ed6fc101aeb6fef59a20d129ba3b64714fa2705be896be4,cells[cell=protgpt2__unconditioned].identity_strata.30_to_50.any_family,b/c,,,,,,,,,,,,,
protgpt2__unconditioned,protgpt2,unconditioned,any_family_by_reference_identity,50_to_70,0.3509933774834437,,,0.2794233693506971,0.4299567905707498,,,,,,95% Wilson,"attempt, Wilson interval on the raw rate",results/R6/generative_control_20260924/gate_endpoints.json,32e1364dbe3541ff7ed6fc101aeb6fef59a20d129ba3b64714fa2705be896be4,cells[cell=protgpt2__unconditioned].identity_strata.50_to_70.any_family,b/c,,,,,,,,,,,,,
protgpt2__unconditioned,protgpt2,unconditioned,any_family_by_reference_identity,70_and_over,0.1351351351351351,,,0.0591329442573201,0.2797741178400979,,,,,,95% Wilson,"attempt, Wilson interval on the raw rate",results/R6/generative_control_20260924/gate_endpoints.json,32e1364dbe3541ff7ed6fc101aeb6fef59a20d129ba3b64714fa2705be896be4,cells[cell=protgpt2__unconditioned].identity_strata.70_and_over.any_family,b/c,,,,,,,,,,,,,
protgpt2__unconditioned,protgpt2,unconditioned,any_family_by_reference_identity,no_reported_alignment,0.0491071428571428,,,0.02763883727439,0.0857797607035606,,,,,,95% Wilson,"attempt, Wilson interval on the raw rate",results/R6/generative_control_20260924/gate_endpoints.json,32e1364dbe3541ff7ed6fc101aeb6fef59a20d129ba3b64714fa2705be896be4,cells[cell=protgpt2__unconditioned].identity_strata.no_reported_alignment.any_family,b/c,,,,,,,,,,,,,
protgpt2__unconditioned,protgpt2,unconditioned,any_family_by_reference_identity,under_30,0.4623655913978494,,,0.3645462130759074,0.5631706957228254,,,,,,95% Wilson,"attempt, Wilson interval on the raw rate",results/R6/generative_control_20260924/gate_endpoints.json,32e1364dbe3541ff7ed6fc101aeb6fef59a20d129ba3b64714fa2705be896be4,cells[cell=protgpt2__unconditioned].identity_strata.under_30.any_family,b/c,,,,,,,,,,,,,
protgpt3-1.3b__unconditioned,protgpt3-1.3b,unconditioned,any_family,shuffle,0.395,0.0,0.395,0.3570536828963795,0.4330413016270338,True,800.0,799.0,4000.0,satisfied_beyond_some_but_not_all_qualified_matched_generators,97.5% percentile,frozen near-duplicate sequence group of the attempt ledger,results/R6/generative_control_20260924/gate_endpoints.json,32e1364dbe3541ff7ed6fc101aeb6fef59a20d129ba3b64714fa2705be896be4,cells[cell=protgpt3-1.3b__unconditioned].endpoints.any_family.controls.shuffle,b/c,,,,,,,,,,,,,
protgpt3-1.3b__unconditioned,protgpt3-1.3b,unconditioned,any_family,hydropathy,0.395,0.0,0.395,0.3570536828963795,0.4330413016270338,True,800.0,799.0,4000.0,satisfied_beyond_some_but_not_all_qualified_matched_generators,97.5% percentile,frozen near-duplicate sequence group of the attempt ledger,results/R6/generative_control_20260924/gate_endpoints.json,32e1364dbe3541ff7ed6fc101aeb6fef59a20d129ba3b64714fa2705be896be4,cells[cell=protgpt3-1.3b__unconditioned].endpoints.any_family.controls.hydropathy,b/c,,,,,,,,,,,,,
protgpt3-1.3b__unconditioned,protgpt3-1.3b,unconditioned,any_family,markov_0,0.395,0.0,0.395,0.3570536828963795,0.4330413016270338,False,800.0,799.0,4000.0,satisfied_beyond_some_but_not_all_qualified_matched_generators,97.5% percentile,frozen near-duplicate sequence group of the attempt ledger,results/R6/generative_control_20260924/gate_endpoints.json,32e1364dbe3541ff7ed6fc101aeb6fef59a20d129ba3b64714fa2705be896be4,cells[cell=protgpt3-1.3b__unconditioned].endpoints.any_family.controls.markov_0,b/c,,,,,,,,,,,,,
protgpt3-1.3b__unconditioned,protgpt3-1.3b,unconditioned,any_family,markov_2,0.395,0.0,0.395,0.3570536828963795,0.4330413016270338,False,800.0,799.0,4000.0,satisfied_beyond_some_but_not_all_qualified_matched_generators,97.5% percentile,frozen near-duplicate sequence group of the attempt ledger,results/R6/generative_control_20260924/gate_endpoints.json,32e1364dbe3541ff7ed6fc101aeb6fef59a20d129ba3b64714fa2705be896be4,cells[cell=protgpt3-1.3b__unconditioned].endpoints.any_family.controls.markov_2,b/c,,,,,,,,,,,,,
protgpt3-1.3b__unconditioned,protgpt3-1.3b,unconditioned,any_family,markov_4,0.395,0.0,0.395,0.3570536828963795,0.4330413016270338,True,800.0,799.0,4000.0,satisfied_beyond_some_but_not_all_qualified_matched_generators,97.5% percentile,frozen near-duplicate sequence group of the attempt ledger,results/R6/generative_control_20260924/gate_endpoints.json,32e1364dbe3541ff7ed6fc101aeb6fef59a20d129ba3b64714fa2705be896be4,cells[cell=protgpt3-1.3b__unconditioned].endpoints.any_family.controls.markov_4,b/c,,,,,,,,,,,,,
protgpt3-1.3b__unconditioned,protgpt3-1.3b,unconditioned,any_family,fragment,0.395,0.5825,-0.1875,-0.24125,-0.1335715563618065,True,800.0,799.0,4000.0,satisfied_beyond_some_but_not_all_qualified_matched_generators,97.5% percentile,frozen near-duplicate sequence group of the attempt ledger,results/R6/generative_control_20260924/gate_endpoints.json,32e1364dbe3541ff7ed6fc101aeb6fef59a20d129ba3b64714fa2705be896be4,cells[cell=protgpt3-1.3b__unconditioned].endpoints.any_family.controls.fragment,b/c,,,,,,,,,,,,,
protgpt3-1.3b__unconditioned,protgpt3-1.3b,unconditioned,any_family,natural,0.395,0.56625,-0.17125,-0.2252866542966738,-0.11625,True,800.0,799.0,4000.0,satisfied_beyond_some_but_not_all_qualified_matched_generators,97.5% percentile,frozen near-duplicate sequence group of the attempt ledger,results/R6/generative_control_20260924/gate_endpoints.json,32e1364dbe3541ff7ed6fc101aeb6fef59a20d129ba3b64714fa2705be896be4,cells[cell=protgpt3-1.3b__unconditioned].endpoints.any_family.controls.natural,b/c,,,,,,,,,,,,,
protgpt3-1.3b__unconditioned,protgpt3-1.3b,unconditioned,complete_domain,shuffle,0.285,0.0,0.285,0.2484394506866417,0.3216520650813517,True,800.0,799.0,4000.0,satisfied_beyond_some_but_not_all_qualified_matched_generators,97.5% percentile,frozen near-duplicate sequence group of the attempt ledger,results/R6/generative_control_20260924/gate_endpoints.json,32e1364dbe3541ff7ed6fc101aeb6fef59a20d129ba3b64714fa2705be896be4,cells[cell=protgpt3-1.3b__unconditioned].endpoints.complete_domain.controls.shuffle,b/c,,,,,,,,,,,,,
protgpt3-1.3b__unconditioned,protgpt3-1.3b,unconditioned,complete_domain,hydropathy,0.285,0.0,0.285,0.2484394506866417,0.3216520650813517,True,800.0,799.0,4000.0,satisfied_beyond_some_but_not_all_qualified_matched_generators,97.5% percentile,frozen near-duplicate sequence group of the attempt ledger,results/R6/generative_control_20260924/gate_endpoints.json,32e1364dbe3541ff7ed6fc101aeb6fef59a20d129ba3b64714fa2705be896be4,cells[cell=protgpt3-1.3b__unconditioned].endpoints.complete_domain.controls.hydropathy,b/c,,,,,,,,,,,,,
protgpt3-1.3b__unconditioned,protgpt3-1.3b,unconditioned,complete_domain,markov_0,0.285,0.0,0.285,0.2484394506866417,0.3216520650813517,False,800.0,799.0,4000.0,satisfied_beyond_some_but_not_all_qualified_matched_generators,97.5% percentile,frozen near-duplicate sequence group of the attempt ledger,results/R6/generative_control_20260924/gate_endpoints.json,32e1364dbe3541ff7ed6fc101aeb6fef59a20d129ba3b64714fa2705be896be4,cells[cell=protgpt3-1.3b__unconditioned].endpoints.complete_domain.controls.markov_0,b/c,,,,,,,,,,,,,
protgpt3-1.3b__unconditioned,protgpt3-1.3b,unconditioned,complete_domain,markov_2,0.285,0.0,0.285,0.2484394506866417,0.3216520650813517,False,800.0,799.0,4000.0,satisfied_beyond_some_but_not_all_qualified_matched_generators,97.5% percentile,frozen near-duplicate sequence group of the attempt ledger,results/R6/generative_control_20260924/gate_endpoints.json,32e1364dbe3541ff7ed6fc101aeb6fef59a20d129ba3b64714fa2705be896be4,cells[cell=protgpt3-1.3b__unconditioned].endpoints.complete_domain.controls.markov_2,b/c,,,,,,,,,,,,,
protgpt3-1.3b__unconditioned,protgpt3-1.3b,unconditioned,complete_domain,markov_4,0.285,0.0,0.285,0.2484394506866417,0.3216520650813517,True,800.0,799.0,4000.0,satisfied_beyond_some_but_not_all_qualified_matched_generators,97.5% percentile,frozen near-duplicate sequence group of the attempt ledger,results/R6/generative_control_20260924/gate_endpoints.json,32e1364dbe3541ff7ed6fc101aeb6fef59a20d129ba3b64714fa2705be896be4,cells[cell=protgpt3-1.3b__unconditioned].endpoints.complete_domain.controls.markov_4,b/c,,,,,,,,,,,,,
protgpt3-1.3b__unconditioned,protgpt3-1.3b,unconditioned,complete_domain,fragment,0.285,0.3325,-0.0475,-0.1000015644555694,0.0025,True,800.0,799.0,4000.0,satisfied_beyond_some_but_not_all_qualified_matched_generators,97.5% percentile,frozen near-duplicate sequence group of the attempt ledger,results/R6/generative_control_20260924/gate_endpoints.json,32e1364dbe3541ff7ed6fc101aeb6fef59a20d129ba3b64714fa2705be896be4,cells[cell=protgpt3-1.3b__unconditioned].endpoints.complete_domain.controls.fragment,b/c,,,,,,,,,,,,,
protgpt3-1.3b__unconditioned,protgpt3-1.3b,unconditioned,complete_domain,natural,0.285,0.3925,-0.1075,-0.1589486858573216,-0.0573436558790754,True,800.0,799.0,4000.0,satisfied_beyond_some_but_not_all_qualified_matched_generators,97.5% percentile,frozen near-duplicate sequence group of the attempt ledger,results/R6/generative_control_20260924/gate_endpoints.json,32e1364dbe3541ff7ed6fc101aeb6fef59a20d129ba3b64714fa2705be896be4,cells[cell=protgpt3-1.3b__unconditioned].endpoints.complete_domain.controls.natural,b/c,,,,,,,,,,,,,
protgpt3-1.3b__unconditioned,protgpt3-1.3b,unconditioned,any_family_by_reference_identity,30_to_50,0.6444444444444445,,,0.5721657088286799,0.7106867028828542,,,,,,95% Wilson,"attempt, Wilson interval on the raw rate",results/R6/generative_control_20260924/gate_endpoints.json,32e1364dbe3541ff7ed6fc101aeb6fef59a20d129ba3b64714fa2705be896be4,cells[cell=protgpt3-1.3b__unconditioned].identity_strata.30_to_50.any_family,b/c,,,,,,,,,,,,,
protgpt3-1.3b__unconditioned,protgpt3-1.3b,unconditioned,any_family_by_reference_identity,50_to_70,0.7171717171717171,,,0.6216388444158312,0.7964804675143045,,,,,,95% Wilson,"attempt, Wilson interval on the raw rate",results/R6/generative_control_20260924/gate_endpoints.json,32e1364dbe3541ff7ed6fc101aeb6fef59a20d129ba3b64714fa2705be896be4,cells[cell=protgpt3-1.3b__unconditioned].identity_strata.50_to_70.any_family,b/c,,,,,,,,,,,,,
protgpt3-1.3b__unconditioned,protgpt3-1.3b,unconditioned,any_family_by_reference_identity,70_and_over,0.55,,,0.3420853424503423,0.7418021417443759,,,,,,95% Wilson,"attempt, Wilson interval on the raw rate",results/R6/generative_control_20260924/gate_endpoints.json,32e1364dbe3541ff7ed6fc101aeb6fef59a20d129ba3b64714fa2705be896be4,cells[cell=protgpt3-1.3b__unconditioned].identity_strata.70_and_over.any_family,b/c,,,,,,,,,,,,,
protgpt3-1.3b__unconditioned,protgpt3-1.3b,unconditioned,any_family_by_reference_identity,no_reported_alignment,0.0337078651685393,,,0.0193855966412201,0.057985862756312,,,,,,95% Wilson,"attempt, Wilson interval on the raw rate",results/R6/generative_control_20260924/gate_endpoints.json,32e1364dbe3541ff7ed6fc101aeb6fef59a20d129ba3b64714fa2705be896be4,cells[cell=protgpt3-1.3b__unconditioned].identity_strata.no_reported_alignment.any_family,b/c,,,,,,,,,,,,,
protgpt3-1.3b__unconditioned,protgpt3-1.3b,unconditioned,any_family_by_reference_identity,under_30,0.7310344827586207,,,0.6535859503463012,0.7965574474062925,,,,,,95% Wilson,"attempt, Wilson interval on the raw rate",results/R6/generative_control_20260924/gate_endpoints.json,32e1364dbe3541ff7ed6fc101aeb6fef59a20d129ba3b64714fa2705be896be4,cells[cell=protgpt3-1.3b__unconditioned].identity_strata.under_30.any_family,b/c,,,,,,,,,,,,,
rita-xl__unconditioned,rita-xl,unconditioned,any_family,shuffle,0.4125,0.0,0.4125,0.3732833957553059,0.4521765010351967,True,800.0,798.0,4000.0,satisfied_beyond_some_but_not_all_qualified_matched_generators,97.5% percentile,frozen near-duplicate sequence group of the attempt ledger,results/R6/generative_control_20260924/gate_endpoints.json,32e1364dbe3541ff7ed6fc101aeb6fef59a20d129ba3b64714fa2705be896be4,cells[cell=rita-xl__unconditioned].endpoints.any_family.controls.shuffle,b/c,,,,,,,,,,,,,
rita-xl__unconditioned,rita-xl,unconditioned,any_family,hydropathy,0.4125,0.0,0.4125,0.3732833957553059,0.4521765010351967,True,800.0,798.0,4000.0,satisfied_beyond_some_but_not_all_qualified_matched_generators,97.5% percentile,frozen near-duplicate sequence group of the attempt ledger,results/R6/generative_control_20260924/gate_endpoints.json,32e1364dbe3541ff7ed6fc101aeb6fef59a20d129ba3b64714fa2705be896be4,cells[cell=rita-xl__unconditioned].endpoints.any_family.controls.hydropathy,b/c,,,,,,,,,,,,,
rita-xl__unconditioned,rita-xl,unconditioned,any_family,markov_0,0.4125,0.0,0.4125,0.3732833957553059,0.4521765010351967,False,800.0,798.0,4000.0,satisfied_beyond_some_but_not_all_qualified_matched_generators,97.5% percentile,frozen near-duplicate sequence group of the attempt ledger,results/R6/generative_control_20260924/gate_endpoints.json,32e1364dbe3541ff7ed6fc101aeb6fef59a20d129ba3b64714fa2705be896be4,cells[cell=rita-xl__unconditioned].endpoints.any_family.controls.markov_0,b/c,,,,,,,,,,,,,
rita-xl__unconditioned,rita-xl,unconditioned,any_family,markov_2,0.4125,0.0,0.4125,0.3732833957553059,0.4521765010351967,False,800.0,798.0,4000.0,satisfied_beyond_some_but_not_all_qualified_matched_generators,97.5% percentile,frozen near-duplicate sequence group of the attempt ledger,results/R6/generative_control_20260924/gate_endpoints.json,32e1364dbe3541ff7ed6fc101aeb6fef59a20d129ba3b64714fa2705be896be4,cells[cell=rita-xl__unconditioned].endpoints.any_family.controls.markov_2,b/c,,,,,,,,,,,,,
rita-xl__unconditioned,rita-xl,unconditioned,any_family,markov_4,0.4125,0.0,0.4125,0.3732833957553059,0.4521765010351967,True,800.0,798.0,4000.0,satisfied_beyond_some_but_not_all_qualified_matched_generators,97.5% percentile,frozen near-duplicate sequence group of the attempt ledger,results/R6/generative_control_20260924/gate_endpoints.json,32e1364dbe3541ff7ed6fc101aeb6fef59a20d129ba3b64714fa2705be896be4,cells[cell=rita-xl__unconditioned].endpoints.any_family.controls.markov_4,b/c,,,,,,,,,,,,,
rita-xl__unconditioned,rita-xl,unconditioned,any_family,fragment,0.4125,0.59875,-0.18625,-0.2403003754693366,-0.1310766382247752,True,800.0,798.0,4000.0,satisfied_beyond_some_but_not_all_qualified_matched_generators,97.5% percentile,frozen near-duplicate sequence group of the attempt ledger,results/R6/generative_control_20260924/gate_endpoints.json,32e1364dbe3541ff7ed6fc101aeb6fef59a20d129ba3b64714fa2705be896be4,cells[cell=rita-xl__unconditioned].endpoints.any_family.controls.fragment,b/c,,,,,,,,,,,,,
rita-xl__unconditioned,rita-xl,unconditioned,any_family,natural,0.4125,0.6,-0.1875,-0.2428073076935141,-0.13375,True,800.0,798.0,4000.0,satisfied_beyond_some_but_not_all_qualified_matched_generators,97.5% percentile,frozen near-duplicate sequence group of the attempt ledger,results/R6/generative_control_20260924/gate_endpoints.json,32e1364dbe3541ff7ed6fc101aeb6fef59a20d129ba3b64714fa2705be896be4,cells[cell=rita-xl__unconditioned].endpoints.any_family.controls.natural,b/c,,,,,,,,,,,,,
rita-xl__unconditioned,rita-xl,unconditioned,complete_domain,shuffle,0.3475,0.0,0.3475,0.308745181803995,0.3837536237531173,True,800.0,798.0,4000.0,satisfied_beyond_some_but_not_all_qualified_matched_generators,97.5% percentile,frozen near-duplicate sequence group of the attempt ledger,results/R6/generative_control_20260924/gate_endpoints.json,32e1364dbe3541ff7ed6fc101aeb6fef59a20d129ba3b64714fa2705be896be4,cells[cell=rita-xl__unconditioned].endpoints.complete_domain.controls.shuffle,b/c,,,,,,,,,,,,,
rita-xl__unconditioned,rita-xl,unconditioned,complete_domain,hydropathy,0.3475,0.0,0.3475,0.308745181803995,0.3837536237531173,True,800.0,798.0,4000.0,satisfied_beyond_some_but_not_all_qualified_matched_generators,97.5% percentile,frozen near-duplicate sequence group of the attempt ledger,results/R6/generative_control_20260924/gate_endpoints.json,32e1364dbe3541ff7ed6fc101aeb6fef59a20d129ba3b64714fa2705be896be4,cells[cell=rita-xl__unconditioned].endpoints.complete_domain.controls.hydropathy,b/c,,,,,,,,,,,,,
rita-xl__unconditioned,rita-xl,unconditioned,complete_domain,markov_0,0.3475,0.0,0.3475,0.308745181803995,0.3837536237531173,False,800.0,798.0,4000.0,satisfied_beyond_some_but_not_all_qualified_matched_generators,97.5% percentile,frozen near-duplicate sequence group of the attempt ledger,results/R6/generative_control_20260924/gate_endpoints.json,32e1364dbe3541ff7ed6fc101aeb6fef59a20d129ba3b64714fa2705be896be4,cells[cell=rita-xl__unconditioned].endpoints.complete_domain.controls.markov_0,b/c,,,,,,,,,,,,,
rita-xl__unconditioned,rita-xl,unconditioned,complete_domain,markov_2,0.3475,0.0,0.3475,0.308745181803995,0.3837536237531173,False,800.0,798.0,4000.0,satisfied_beyond_some_but_not_all_qualified_matched_generators,97.5% percentile,frozen near-duplicate sequence group of the attempt ledger,results/R6/generative_control_20260924/gate_endpoints.json,32e1364dbe3541ff7ed6fc101aeb6fef59a20d129ba3b64714fa2705be896be4,cells[cell=rita-xl__unconditioned].endpoints.complete_domain.controls.markov_2,b/c,,,,,,,,,,,,,
rita-xl__unconditioned,rita-xl,unconditioned,complete_domain,markov_4,0.3475,0.0,0.3475,0.308745181803995,0.3837536237531173,True,800.0,798.0,4000.0,satisfied_beyond_some_but_not_all_qualified_matched_generators,97.5% percentile,frozen near-duplicate sequence group of the attempt ledger,results/R6/generative_control_20260924/gate_endpoints.json,32e1364dbe3541ff7ed6fc101aeb6fef59a20d129ba3b64714fa2705be896be4,cells[cell=rita-xl__unconditioned].endpoints.complete_domain.controls.markov_4,b/c,,,,,,,,,,,,,
rita-xl__unconditioned,rita-xl,unconditioned,complete_domain,fragment,0.3475,0.35375,-0.00625,-0.0600760348932406,0.04630788485607,True,800.0,798.0,4000.0,satisfied_beyond_some_but_not_all_qualified_matched_generators,97.5% percentile,frozen near-duplicate sequence group of the attempt ledger,results/R6/generative_control_20260924/gate_endpoints.json,32e1364dbe3541ff7ed6fc101aeb6fef59a20d129ba3b64714fa2705be896be4,cells[cell=rita-xl__unconditioned].endpoints.complete_domain.controls.fragment,b/c,,,,,,,,,,,,,
rita-xl__unconditioned,rita-xl,unconditioned,complete_domain,natural,0.3475,0.44625,-0.09875,-0.1535580524344569,-0.0460078557462995,True,800.0,798.0,4000.0,satisfied_beyond_some_but_not_all_qualified_matched_generators,97.5% percentile,frozen near-duplicate sequence group of the attempt ledger,results/R6/generative_control_20260924/gate_endpoints.json,32e1364dbe3541ff7ed6fc101aeb6fef59a20d129ba3b64714fa2705be896be4,cells[cell=rita-xl__unconditioned].endpoints.complete_domain.controls.natural,b/c,,,,,,,,,,,,,
rita-xl__unconditioned,rita-xl,unconditioned,any_family_by_reference_identity,30_to_50,0.6510067114093959,,,0.5715497080618411,0.7228730247962095,,,,,,95% Wilson,"attempt, Wilson interval on the raw rate",results/R6/generative_control_20260924/gate_endpoints.json,32e1364dbe3541ff7ed6fc101aeb6fef59a20d129ba3b64714fa2705be896be4,cells[cell=rita-xl__unconditioned].identity_strata.30_to_50.any_family,b/c,,,,,,,,,,,,,
rita-xl__unconditioned,rita-xl,unconditioned,any_family_by_reference_identity,50_to_70,0.7883211678832117,,,0.7125362408470779,0.8483781423287968,,,,,,95% Wilson,"attempt, Wilson interval on the raw rate",results/R6/generative_control_20260924/gate_endpoints.json,32e1364dbe3541ff7ed6fc101aeb6fef59a20d129ba3b64714fa2705be896be4,cells[cell=rita-xl__unconditioned].identity_strata.50_to_70.any_family,b/c,,,,,,,,,,,,,
rita-xl__unconditioned,rita-xl,unconditioned,any_family_by_reference_identity,70_and_over,0.9135802469135802,,,0.8322008336612947,0.9575074166600406,,,,,,95% Wilson,"attempt, Wilson interval on the raw rate",results/R6/generative_control_20260924/gate_endpoints.json,32e1364dbe3541ff7ed6fc101aeb6fef59a20d129ba3b64714fa2705be896be4,cells[cell=rita-xl__unconditioned].identity_strata.70_and_over.any_family,b/c,,,,,,,,,,,,,
rita-xl__unconditioned,rita-xl,unconditioned,any_family_by_reference_identity,no_reported_alignment,0.0256410256410256,,,0.0135473207299107,0.048005404516129,,,,,,95% Wilson,"attempt, Wilson interval on the raw rate",results/R6/generative_control_20260924/gate_endpoints.json,32e1364dbe3541ff7ed6fc101aeb6fef59a20d129ba3b64714fa2705be896be4,cells[cell=rita-xl__unconditioned].identity_strata.no_reported_alignment.any_family,b/c,,,,,,,,,,,,,
rita-xl__unconditioned,rita-xl,unconditioned,any_family_by_reference_identity,under_30,0.5121951219512195,,,0.4059077238820504,0.6173910413938009,,,,,,95% Wilson,"attempt, Wilson interval on the raw rate",results/R6/generative_control_20260924/gate_endpoints.json,32e1364dbe3541ff7ed6fc101aeb6fef59a20d129ba3b64714fa2705be896be4,cells[cell=rita-xl__unconditioned].identity_strata.under_30.any_family,b/c,,,,,,,,,,,,,
zymctrl__requested,zymctrl,requested,any_family,shuffle,0.96375,0.0,0.96375,0.9477597288426974,0.9779508074005194,True,800.0,654.0,4000.0,satisfied_beyond_every_qualified_matched_generator,97.5% percentile,frozen near-duplicate sequence group of the attempt ledger,results/R6/generative_control_20260924/gate_endpoints.json,32e1364dbe3541ff7ed6fc101aeb6fef59a20d129ba3b64714fa2705be896be4,cells[cell=zymctrl__requested].endpoints.any_family.controls.shuffle,b/c,,,,,,,,,,,,,
zymctrl__requested,zymctrl,requested,any_family,hydropathy,0.96375,0.0,0.96375,0.9477597288426974,0.9779508074005194,True,800.0,654.0,4000.0,satisfied_beyond_every_qualified_matched_generator,97.5% percentile,frozen near-duplicate sequence group of the attempt ledger,results/R6/generative_control_20260924/gate_endpoints.json,32e1364dbe3541ff7ed6fc101aeb6fef59a20d129ba3b64714fa2705be896be4,cells[cell=zymctrl__requested].endpoints.any_family.controls.hydropathy,b/c,,,,,,,,,,,,,
zymctrl__requested,zymctrl,requested,any_family,markov_0,0.96375,0.0,0.96375,0.9477597288426974,0.9779508074005194,False,800.0,654.0,4000.0,satisfied_beyond_every_qualified_matched_generator,97.5% percentile,frozen near-duplicate sequence group of the attempt ledger,results/R6/generative_control_20260924/gate_endpoints.json,32e1364dbe3541ff7ed6fc101aeb6fef59a20d129ba3b64714fa2705be896be4,cells[cell=zymctrl__requested].endpoints.any_family.controls.markov_0,b/c,,,,,,,,,,,,,
zymctrl__requested,zymctrl,requested,any_family,markov_2,0.96375,0.0,0.96375,0.9477597288426974,0.9779508074005194,False,800.0,654.0,4000.0,satisfied_beyond_every_qualified_matched_generator,97.5% percentile,frozen near-duplicate sequence group of the attempt ledger,results/R6/generative_control_20260924/gate_endpoints.json,32e1364dbe3541ff7ed6fc101aeb6fef59a20d129ba3b64714fa2705be896be4,cells[cell=zymctrl__requested].endpoints.any_family.controls.markov_2,b/c,,,,,,,,,,,,,
zymctrl__requested,zymctrl,requested,any_family,markov_4,0.96375,0.0,0.96375,0.9477597288426974,0.9779508074005194,True,800.0,654.0,4000.0,satisfied_beyond_every_qualified_matched_generator,97.5% percentile,frozen near-duplicate sequence group of the attempt ledger,results/R6/generative_control_20260924/gate_endpoints.json,32e1364dbe3541ff7ed6fc101aeb6fef59a20d129ba3b64714fa2705be896be4,cells[cell=zymctrl__requested].endpoints.any_family.controls.markov_4,b/c,,,,,,,,,,,,,
zymctrl__requested,zymctrl,requested,any_family,fragment,0.96375,0.61375,0.35,0.3089710185373114,0.3924905971034397,True,800.0,654.0,4000.0,satisfied_beyond_every_qualified_matched_generator,97.5% percentile,frozen near-duplicate sequence group of the attempt ledger,results/R6/generative_control_20260924/gate_endpoints.json,32e1364dbe3541ff7ed6fc101aeb6fef59a20d129ba3b64714fa2705be896be4,cells[cell=zymctrl__requested].endpoints.any_family.controls.fragment,b/c,,,,,,,,,,,,,
zymctrl__requested,zymctrl,requested,any_family,natural,0.96375,0.63375,0.3299999999999999,0.2891857310910062,0.3701886358408098,True,800.0,654.0,4000.0,satisfied_beyond_every_qualified_matched_generator,97.5% percentile,frozen near-duplicate sequence group of the attempt ledger,results/R6/generative_control_20260924/gate_endpoints.json,32e1364dbe3541ff7ed6fc101aeb6fef59a20d129ba3b64714fa2705be896be4,cells[cell=zymctrl__requested].endpoints.any_family.controls.natural,b/c,,,,,,,,,,,,,
zymctrl__requested,zymctrl,requested,complete_domain,shuffle,0.92125,0.0,0.92125,0.8991371277349137,0.942502189490446,True,800.0,654.0,4000.0,satisfied_beyond_every_qualified_matched_generator,97.5% percentile,frozen near-duplicate sequence group of the attempt ledger,results/R6/generative_control_20260924/gate_endpoints.json,32e1364dbe3541ff7ed6fc101aeb6fef59a20d129ba3b64714fa2705be896be4,cells[cell=zymctrl__requested].endpoints.complete_domain.controls.shuffle,b/c,,,,,,,,,,,,,
zymctrl__requested,zymctrl,requested,complete_domain,hydropathy,0.92125,0.0,0.92125,0.8991371277349137,0.942502189490446,True,800.0,654.0,4000.0,satisfied_beyond_every_qualified_matched_generator,97.5% percentile,frozen near-duplicate sequence group of the attempt ledger,results/R6/generative_control_20260924/gate_endpoints.json,32e1364dbe3541ff7ed6fc101aeb6fef59a20d129ba3b64714fa2705be896be4,cells[cell=zymctrl__requested].endpoints.complete_domain.controls.hydropathy,b/c,,,,,,,,,,,,,
zymctrl__requested,zymctrl,requested,complete_domain,markov_0,0.92125,0.0,0.92125,0.8991371277349137,0.942502189490446,False,800.0,654.0,4000.0,satisfied_beyond_every_qualified_matched_generator,97.5% percentile,frozen near-duplicate sequence group of the attempt ledger,results/R6/generative_control_20260924/gate_endpoints.json,32e1364dbe3541ff7ed6fc101aeb6fef59a20d129ba3b64714fa2705be896be4,cells[cell=zymctrl__requested].endpoints.complete_domain.controls.markov_0,b/c,,,,,,,,,,,,,
zymctrl__requested,zymctrl,requested,complete_domain,markov_2,0.92125,0.0,0.92125,0.8991371277349137,0.942502189490446,False,800.0,654.0,4000.0,satisfied_beyond_every_qualified_matched_generator,97.5% percentile,frozen near-duplicate sequence group of the attempt ledger,results/R6/generative_control_20260924/gate_endpoints.json,32e1364dbe3541ff7ed6fc101aeb6fef59a20d129ba3b64714fa2705be896be4,cells[cell=zymctrl__requested].endpoints.complete_domain.controls.markov_2,b/c,,,,,,,,,,,,,
zymctrl__requested,zymctrl,requested,complete_domain,markov_4,0.92125,0.0,0.92125,0.8991371277349137,0.942502189490446,True,800.0,654.0,4000.0,satisfied_beyond_every_qualified_matched_generator,97.5% percentile,frozen near-duplicate sequence group of the attempt ledger,results/R6/generative_control_20260924/gate_endpoints.json,32e1364dbe3541ff7ed6fc101aeb6fef59a20d129ba3b64714fa2705be896be4,cells[cell=zymctrl__requested].endpoints.complete_domain.controls.markov_4,b/c,,,,,,,,,,,,,
zymctrl__requested,zymctrl,requested,complete_domain,fragment,0.92125,0.385,0.53625,0.4888301797517014,0.583548810851886,True,800.0,654.0,4000.0,satisfied_beyond_every_qualified_matched_generator,97.5% percentile,frozen near-duplicate sequence group of the attempt ledger,results/R6/generative_control_20260924/gate_endpoints.json,32e1364dbe3541ff7ed6fc101aeb6fef59a20d129ba3b64714fa2705be896be4,cells[cell=zymctrl__requested].endpoints.complete_domain.controls.fragment,b/c,,,,,,,,,,,,,
zymctrl__requested,zymctrl,requested,complete_domain,natural,0.92125,0.45625,0.465,0.4195524680774122,0.5107462317677164,True,800.0,654.0,4000.0,satisfied_beyond_every_qualified_matched_generator,97.5% percentile,frozen near-duplicate sequence group of the attempt ledger,results/R6/generative_control_20260924/gate_endpoints.json,32e1364dbe3541ff7ed6fc101aeb6fef59a20d129ba3b64714fa2705be896be4,cells[cell=zymctrl__requested].endpoints.complete_domain.controls.natural,b/c,,,,,,,,,,,,,
zymctrl__requested,zymctrl,requested,any_family_by_reference_identity,30_to_50,1.0,,,0.9273021807795035,1.0,,,,,,95% Wilson,"attempt, Wilson interval on the raw rate",results/R6/generative_control_20260924/gate_endpoints.json,32e1364dbe3541ff7ed6fc101aeb6fef59a20d129ba3b64714fa2705be896be4,cells[cell=zymctrl__requested].identity_strata.30_to_50.any_family,b/c,,,,,,,,,,,,,
zymctrl__requested,zymctrl,requested,any_family_by_reference_identity,50_to_70,1.0,,,0.9871454956890736,1.0,,,,,,95% Wilson,"attempt, Wilson interval on the raw rate",results/R6/generative_control_20260924/gate_endpoints.json,32e1364dbe3541ff7ed6fc101aeb6fef59a20d129ba3b64714fa2705be896be4,cells[cell=zymctrl__requested].identity_strata.50_to_70.any_family,b/c,,,,,,,,,,,,,
zymctrl__requested,zymctrl,requested,any_family_by_reference_identity,70_and_over,1.0,,,0.990440362146883,1.0,,,,,,95% Wilson,"attempt, Wilson interval on the raw rate",results/R6/generative_control_20260924/gate_endpoints.json,32e1364dbe3541ff7ed6fc101aeb6fef59a20d129ba3b64714fa2705be896be4,cells[cell=zymctrl__requested].identity_strata.70_and_over.any_family,b/c,,,,,,,,,,,,,
zymctrl__requested,zymctrl,requested,any_family_by_reference_identity,no_reported_alignment,0.1944444444444444,,,0.0975309541892872,0.3502804299517739,,,,,,95% Wilson,"attempt, Wilson interval on the raw rate",results/R6/generative_control_20260924/gate_endpoints.json,32e1364dbe3541ff7ed6fc101aeb6fef59a20d129ba3b64714fa2705be896be4,cells[cell=zymctrl__requested].identity_strata.no_reported_alignment.any_family,b/c,,,,,,,,,,,,,
zymctrl__requested,zymctrl,requested,any_family_by_reference_identity,under_30,1.0,,,0.8513451253913791,1.0,,,,,,95% Wilson,"attempt, Wilson interval on the raw rate",results/R6/generative_control_20260924/gate_endpoints.json,32e1364dbe3541ff7ed6fc101aeb6fef59a20d129ba3b64714fa2705be896be4,cells[cell=zymctrl__requested].identity_strata.under_30.any_family,b/c,,,,,,,,,,,,,
profile_sampler_ceiling,profile_sampler,oracle_access,any_family,ceiling,0.892,,,0.8712410199098767,0.909758801437448,,1000.0,,,oracle_access_ceiling_not_a_matched_control,95% Wilson,"emitted sequence, Wilson interval on the raw rate",results/R6/generative_control_20260924/gate_endpoints.json,32e1364dbe3541ff7ed6fc101aeb6fef59a20d129ba3b64714fa2705be896be4,profile_sampler_ceiling,b/c,,,,,,,,,,,,,
profile_sampler_ceiling,profile_sampler,oracle_access,complete_domain,ceiling,0.835,,,0.8107207516702334,0.8567153201444447,,1000.0,,,oracle_access_ceiling_not_a_matched_control,95% Wilson,"emitted sequence, Wilson interval on the raw rate",results/R6/generative_control_20260924/gate_endpoints.json,32e1364dbe3541ff7ed6fc101aeb6fef59a20d129ba3b64714fa2705be896be4,profile_sampler_ceiling,b/c,,,,,,,,,,,,,
progen3-3b__unconditioned,progen3-3b,unconditioned,any_family,,,,,0.0181741531005088,0.0709925135661577,,,,,,,,results/R6/generation_replication_20260927/summary/generation_campaign_summary.json,b4e103271a78332444407ffd9be86fe53ebf0d88d12ee991b7d8469239f308f6,,d,0.0445833333333333,3.0,2.0,0.0337499999999999,0.055,0.045,,,,,,,
progen3-3b__unconditioned,progen3-3b,unconditioned,complete_domain,,,,,0.1788048043320844,0.2386951956679155,,,,,,,,results/R6/generation_replication_20260927/summary/generation_campaign_summary.json,b4e103271a78332444407ffd9be86fe53ebf0d88d12ee991b7d8469239f308f6,,d,0.20875,3.0,2.0,0.1949999999999999,0.21375,0.2175,,,,,,,
prollama-stage-1__unconditioned,prollama-stage-1,unconditioned,any_family,,,,,-0.377262065676255,-0.302737934323745,,,,,,,,results/R6/generation_replication_20260927/summary/generation_campaign_summary.json,b4e103271a78332444407ffd9be86fe53ebf0d88d12ee991b7d8469239f308f6,,d,-0.34,3.0,2.0,-0.3249999999999999,-0.34,-0.355,,,,,,,
prollama-stage-1__unconditioned,prollama-stage-1,unconditioned,complete_domain,,,,,-0.2814995681020381,-0.1326670985646284,,,,,,,,results/R6/generation_replication_20260927/summary/generation_campaign_summary.json,b4e103271a78332444407ffd9be86fe53ebf0d88d12ee991b7d8469239f308f6,,d,-0.2070833333333333,3.0,2.0,-0.1725,-0.225,-0.22375,,,,,,,
prollama__unconditioned,prollama,unconditioned,any_family,,,,,-0.3378197909173252,-0.3188468757493414,,,,,,,,results/R6/generation_replication_20260927/summary/generation_campaign_summary.json,b4e103271a78332444407ffd9be86fe53ebf0d88d12ee991b7d8469239f308f6,,d,-0.3283333333333333,3.0,2.0,-0.325,-0.3325,-0.3275,,,,,,,
prollama__unconditioned,prollama,unconditioned,complete_domain,,,,,-0.1366300350745417,-0.0917032982587916,,,,,,,,results/R6/generation_replication_20260927/summary/generation_campaign_summary.json,b4e103271a78332444407ffd9be86fe53ebf0d88d12ee991b7d8469239f308f6,,d,-0.1141666666666666,3.0,2.0,-0.10375,-0.12,-0.11875,,,,,,,
progen2-medium__unconditioned,progen2-medium,unconditioned,any_family,,,,,-0.3149402971854926,-0.131726369481174,,,,,,,,results/R6/generation_replication_20260927/summary/generation_campaign_summary.json,b4e103271a78332444407ffd9be86fe53ebf0d88d12ee991b7d8469239f308f6,,d,-0.2233333333333333,3.0,2.0,-0.23875,-0.18125,-0.25,,,,,,,
progen2-medium__unconditioned,progen2-medium,unconditioned,complete_domain,,,,,-0.194227540698473,-0.0357724593015269,,,,,,,,results/R6/generation_replication_20260927/summary/generation_campaign_summary.json,b4e103271a78332444407ffd9be86fe53ebf0d88d12ee991b7d8469239f308f6,,d,-0.1149999999999999,3.0,2.0,-0.1387499999999999,-0.07875,-0.1275,,,,,,,
galactica-125m__unconditioned,galactica-125m,unconditioned,any_family,,,,,-0.0022094386373956,0.0013761053040622,,,,,,,,results/R6/generation_replication_20260927/summary/generation_campaign_summary.json,b4e103271a78332444407ffd9be86fe53ebf0d88d12ee991b7d8469239f308f6,,d,-0.0004166666666666,3.0,2.0,-0.00125,0.0,0.0,,,,,,,
galactica-125m__unconditioned,galactica-125m,unconditioned,complete_domain,,,,,-0.0022094386373956,0.0013761053040622,,,,,,,,results/R6/generation_replication_20260927/summary/generation_campaign_summary.json,b4e103271a78332444407ffd9be86fe53ebf0d88d12ee991b7d8469239f308f6,,d,-0.0004166666666666,3.0,2.0,-0.00125,0.0,0.0,,,,,,,
protgpt2__unconditioned,protgpt2,unconditioned,any_family,,,,,-0.1943258468994909,-0.1415074864338423,,,,,,,,results/R6/generation_replication_20260927/summary/generation_campaign_summary.json,b4e103271a78332444407ffd9be86fe53ebf0d88d12ee991b7d8469239f308f6,,d,-0.1679166666666666,3.0,2.0,-0.1787499999999999,-0.1575,-0.1675,,,,,,,
protgpt2__unconditioned,protgpt2,unconditioned,complete_domain,,,,,-0.1322468742323172,0.0022468742323172,,,,,,,,results/R6/generation_replication_20260927/summary/generation_campaign_summary.json,b4e103271a78332444407ffd9be86fe53ebf0d88d12ee991b7d8469239f308f6,,d,-0.065,3.0,2.0,-0.09375,-0.04,-0.06125,,,,,,,
progen2-small__unconditioned,progen2-small,unconditioned,any_family,,,,,-0.4250390217663736,-0.2782943115669596,,,,,,,,results/R6/generation_replication_20260927/summary/generation_campaign_summary.json,b4e103271a78332444407ffd9be86fe53ebf0d88d12ee991b7d8469239f308f6,,d,-0.3516666666666666,3.0,2.0,-0.385,-0.32875,-0.34125,,,,,,,
progen2-small__unconditioned,progen2-small,unconditioned,complete_domain,,,,,-0.3472317427245602,-0.1711015906087729,,,,,,,,results/R6/generation_replication_20260927/summary/generation_campaign_summary.json,b4e103271a78332444407ffd9be86fe53ebf0d88d12ee991b7d8469239f308f6,,d,-0.2591666666666666,3.0,2.0,-0.2999999999999999,-0.24125,-0.23625,,,,,,,
progen2-base__unconditioned,progen2-base,unconditioned,any_family,,,,,-0.3153197909173252,-0.2963468757493414,,,,,,,,results/R6/generation_replication_20260927/summary/generation_campaign_summary.json,b4e103271a78332444407ffd9be86fe53ebf0d88d12ee991b7d8469239f308f6,,d,-0.3058333333333333,3.0,2.0,-0.305,-0.3025,-0.31,,,,,,,
progen2-base__unconditioned,progen2-base,unconditioned,complete_domain,,,,,-0.2267416676068559,-0.1490916657264774,,,,,,,,results/R6/generation_replication_20260927/summary/generation_campaign_summary.json,b4e103271a78332444407ffd9be86fe53ebf0d88d12ee991b7d8469239f308f6,,d,-0.1879166666666666,3.0,2.0,-0.195,-0.17,-0.19875,,,,,,,
progen2-large__unconditioned,progen2-large,unconditioned,any_family,,,,,-0.3194085773987515,-0.2114247559345817,,,,,,,,results/R6/generation_replication_20260927/summary/generation_campaign_summary.json,b4e103271a78332444407ffd9be86fe53ebf0d88d12ee991b7d8469239f308f6,,d,-0.2654166666666666,3.0,2.0,-0.2487499999999999,-0.2575,-0.29,,,,,,,
progen2-large__unconditioned,progen2-large,unconditioned,complete_domain,,,,,-0.2582630165294697,-0.0792369834705302,,,,,,,,results/R6/generation_replication_20260927/summary/generation_campaign_summary.json,b4e103271a78332444407ffd9be86fe53ebf0d88d12ee991b7d8469239f308f6,,d,-0.1687499999999999,3.0,2.0,-0.1624999999999999,-0.13625,-0.2075,,,,,,,
progen2-xlarge__unconditioned,progen2-xlarge,unconditioned,any_family,,,,,-0.1885913771175032,-0.1389086228824967,,,,,,,,results/R6/generation_replication_20260927/summary/generation_campaign_summary.json,b4e103271a78332444407ffd9be86fe53ebf0d88d12ee991b7d8469239f308f6,,d,-0.1637499999999999,3.0,2.0,-0.15375,-0.16375,-0.17375,,,,,,,
progen2-xlarge__unconditioned,progen2-xlarge,unconditioned,complete_domain,,,,,-0.1459679525676221,0.0034679525676221,,,,,,,,results/R6/generation_replication_20260927/summary/generation_campaign_summary.json,b4e103271a78332444407ffd9be86fe53ebf0d88d12ee991b7d8469239f308f6,,d,-0.07125,3.0,2.0,-0.07375,-0.04,-0.1,,,,,,,
progen3-112m__unconditioned,progen3-112m,unconditioned,any_family,,,,,-0.3142758185688087,-0.2307241814311913,,,,,,,,results/R6/generation_replication_20260927/summary/generation_campaign_summary.json,b4e103271a78332444407ffd9be86fe53ebf0d88d12ee991b7d8469239f308f6,,d,-0.2725,3.0,2.0,-0.2675,-0.29125,-0.25875,,,,,,,
progen3-112m__unconditioned,progen3-112m,unconditioned,complete_domain,,,,,-0.1742121509780465,-0.0016211823552868,,,,,,,,results/R6/generation_replication_20260927/summary/generation_campaign_summary.json,b4e103271a78332444407ffd9be86fe53ebf0d88d12ee991b7d8469239f308f6,,d,-0.0879166666666666,3.0,2.0,-0.0999999999999999,-0.115,-0.04875,,,,,,,
proteinglm-7b-clm__unconditioned,proteinglm-7b-clm,unconditioned,any_family,,,,,-0.2340200978768792,-0.171813235456454,,,,,,,,results/R6/generation_replication_20260927/summary/generation_campaign_summary.json,b4e103271a78332444407ffd9be86fe53ebf0d88d12ee991b7d8469239f308f6,,d,-0.2029166666666666,3.0,2.0,-0.2124999999999999,-0.2075,-0.18875,,,,,,,
proteinglm-7b-clm__unconditioned,proteinglm-7b-clm,unconditioned,complete_domain,,,,,-0.0550110530406227,-0.0191556136260439,,,,,,,,results/R6/generation_replication_20260927/summary/generation_campaign_summary.json,b4e103271a78332444407ffd9be86fe53ebf0d88d12ee991b7d8469239f308f6,,d,-0.0370833333333333,3.0,2.0,-0.0287499999999999,-0.04125,-0.04125,,,,,,,
protgpt3-1.3b__unconditioned,protgpt3-1.3b,unconditioned,any_family,,,,,-0.2702012719035974,-0.1556320614297359,,,,,,,,results/R6/generation_replication_20260927/summary/generation_campaign_summary.json,b4e103271a78332444407ffd9be86fe53ebf0d88d12ee991b7d8469239f308f6,,d,-0.2129166666666666,3.0,2.0,-0.1875,-0.21875,-0.2325,,,,,,,
protgpt3-1.3b__unconditioned,protgpt3-1.3b,unconditioned,complete_domain,,,,,-0.1744448199112614,-0.0005551800887385,,,,,,,,results/R6/generation_replication_20260927/summary/generation_campaign_summary.json,b4e103271a78332444407ffd9be86fe53ebf0d88d12ee991b7d8469239f308f6,,d,-0.0875,3.0,2.0,-0.0475,-0.1125,-0.1025,,,,,,,
rita-xl__unconditioned,rita-xl,unconditioned,any_family,,,,,-0.2175558638623956,-0.1149441361376044,,,,,,,,results/R6/generation_replication_20260927/summary/generation_campaign_summary.json,b4e103271a78332444407ffd9be86fe53ebf0d88d12ee991b7d8469239f308f6,,d,-0.16625,3.0,2.0,-0.18625,-0.1675,-0.145,,,,,,,
rita-xl__unconditioned,rita-xl,unconditioned,complete_domain,,,,,-0.0252150185067567,0.0402150185067567,,,,,,,,results/R6/generation_replication_20260927/summary/generation_campaign_summary.json,b4e103271a78332444407ffd9be86fe53ebf0d88d12ee991b7d8469239f308f6,,d,0.0074999999999999,3.0,2.0,-0.00625,0.00875,0.02,,,,,,,
galactica-1.3b__unconditioned,galactica-1.3b,unconditioned,any_family,,,,,-0.3998017213968791,-0.3376982786031208,,,,,,,,results/R6/generation_replication_20260927/summary/generation_campaign_summary.json,b4e103271a78332444407ffd9be86fe53ebf0d88d12ee991b7d8469239f308f6,,d,-0.3687499999999999,3.0,2.0,-0.38125,-0.36875,-0.35625,,,,,,,
galactica-1.3b__unconditioned,galactica-1.3b,unconditioned,complete_domain,,,,,-0.2450110530406227,-0.2091556136260439,,,,,,,,results/R6/generation_replication_20260927/summary/generation_campaign_summary.json,b4e103271a78332444407ffd9be86fe53ebf0d88d12ee991b7d8469239f308f6,,d,-0.2270833333333333,3.0,2.0,-0.2312499999999999,-0.23125,-0.21875,,,,,,,
galactica-6.7b__unconditioned,galactica-6.7b,unconditioned,any_family,,,,,-0.3552585883037361,-0.3139080783629304,,,,,,,,results/R6/generation_replication_20260927/summary/generation_campaign_summary.json,b4e103271a78332444407ffd9be86fe53ebf0d88d12ee991b7d8469239f308f6,,d,-0.3345833333333333,3.0,2.0,-0.3324999999999999,-0.3275,-0.34375,,,,,,,
galactica-6.7b__unconditioned,galactica-6.7b,unconditioned,complete_domain,,,,,-0.2554505847166073,-0.1653827486167259,,,,,,,,results/R6/generation_replication_20260927/summary/generation_campaign_summary.json,b4e103271a78332444407ffd9be86fe53ebf0d88d12ee991b7d8469239f308f6,,d,-0.2104166666666666,3.0,2.0,-0.22875,-0.21,-0.1925,,,,,,,
galactica-30b__unconditioned,galactica-30b,unconditioned,any_family,,,,,-0.2882239508267576,-0.2067760491732424,,,,,,,,results/R6/generation_replication_20260927/summary/generation_campaign_summary.json,b4e103271a78332444407ffd9be86fe53ebf0d88d12ee991b7d8469239f308f6,,d,-0.2475,3.0,2.0,-0.265,-0.245,-0.2325,,,,,,,
galactica-30b__unconditioned,galactica-30b,unconditioned,complete_domain,,,,,-0.1812585928176237,-0.0662414071823762,,,,,,,,results/R6/generation_replication_20260927/summary/generation_campaign_summary.json,b4e103271a78332444407ffd9be86fe53ebf0d88d12ee991b7d8469239f308f6,,d,-0.1237499999999999,3.0,2.0,-0.1499999999999999,-0.115,-0.10625,,,,,,,
instructprotein__unconditioned,instructprotein,unconditioned,any_family,,,,,0.0140194728164093,0.1001471938502572,,,,,,,,results/R6/generation_replication_20260927/summary/generation_campaign_summary.json,b4e103271a78332444407ffd9be86fe53ebf0d88d12ee991b7d8469239f308f6,,d,0.0570833333333333,3.0,2.0,0.0524999999999999,0.07625,0.0425,,,,,,,
instructprotein__unconditioned,instructprotein,unconditioned,complete_domain,,,,,0.1862127574250696,0.2546205759082637,,,,,,,,results/R6/generation_replication_20260927/summary/generation_campaign_summary.json,b4e103271a78332444407ffd9be86fe53ebf0d88d12ee991b7d8469239f308f6,,d,0.2204166666666666,3.0,2.0,0.22125,0.23375,0.20625,,,,,,,
zymctrl__requested,zymctrl,requested,any_family,,,,,0.3346489818016702,0.3920176848649964,,,,,,,,results/R6/generation_replication_20260927/summary/generation_campaign_summary.json,b4e103271a78332444407ffd9be86fe53ebf0d88d12ee991b7d8469239f308f6,,d,0.3633333333333333,3.0,2.0,0.35,0.37,0.37,,,,,,,
zymctrl__requested,zymctrl,requested,complete_domain,,,,,0.5045070913760794,0.6229929086239208,,,,,,,,results/R6/generation_replication_20260927/summary/generation_campaign_summary.json,b4e103271a78332444407ffd9be86fe53ebf0d88d12ee991b7d8469239f308f6,,d,0.5637500000000001,3.0,2.0,0.53625,0.57625,0.57875,,,,,,,
prollama__requested,prollama,requested,any_family,,,,,-0.298587572106361,-0.231412427893639,,,,,,,,results/R6/generation_replication_20260927/summary/generation_campaign_summary.json,b4e103271a78332444407ffd9be86fe53ebf0d88d12ee991b7d8469239f308f6,,d,-0.265,3.0,2.0,-0.26875,-0.25,-0.27625,,,,,,,
prollama__requested,prollama,requested,complete_domain,,,,,-0.100011195864689,-0.0741554708019776,,,,,,,,results/R6/generation_replication_20260927/summary/generation_campaign_summary.json,b4e103271a78332444407ffd9be86fe53ebf0d88d12ee991b7d8469239f308f6,,d,-0.0870833333333333,3.0,2.0,-0.08875,-0.08125,-0.09125,,,,,,,
,prollama,mismatched,,,,,,,,,200.0,,,,,,results/R6/generation_evidence_20260905/analysis/20260904232436_00129607e3c7/main/generation_biology_analysis.json,d442aa8113b6d7ec9cbd3924358d245d2e7fe7e2cc3544551e80d45d1225f3c7,"profile_ledger[arm=prollama,class=IPR004115,condition=mismatched]",e,,,,,,,IPR004115,True,0.0,200.0,0.0,0.0,0.0
,prollama,requested,,,,,,,,,200.0,,,,,,results/R6/generation_evidence_20260905/analysis/20260904232436_00129607e3c7/main/generation_biology_analysis.json,d442aa8113b6d7ec9cbd3924358d245d2e7fe7e2cc3544551e80d45d1225f3c7,"profile_ledger[arm=prollama,class=IPR004115,condition=requested]",e,,,,,,,IPR004115,True,0.0,200.0,0.0,0.0,0.0
,prollama,mismatched,,,,,,,,,200.0,,,,,,results/R6/generation_evidence_20260905/analysis/20260904232436_00129607e3c7/main/generation_biology_analysis.json,d442aa8113b6d7ec9cbd3924358d245d2e7fe7e2cc3544551e80d45d1225f3c7,"profile_ledger[arm=prollama,class=IPR011029,condition=mismatched]",e,,,,,,,IPR011029,False,0.0,200.0,0.0,0.0,0.0
,prollama,requested,,,,,,,,,200.0,,,,,,results/R6/generation_evidence_20260905/analysis/20260904232436_00129607e3c7/main/generation_biology_analysis.json,d442aa8113b6d7ec9cbd3924358d245d2e7fe7e2cc3544551e80d45d1225f3c7,"profile_ledger[arm=prollama,class=IPR011029,condition=requested]",e,,,,,,,IPR011029,False,0.0,200.0,0.0,0.0,0.0
,prollama,mismatched,,,,,,,,,200.0,,,,,,results/R6/generation_evidence_20260905/analysis/20260904232436_00129607e3c7/main/generation_biology_analysis.json,d442aa8113b6d7ec9cbd3924358d245d2e7fe7e2cc3544551e80d45d1225f3c7,"profile_ledger[arm=prollama,class=IPR012295,condition=mismatched]",e,,,,,,,IPR012295,True,0.0,200.0,0.0,0.0,0.0
,prollama,requested,,,,,,,,,200.0,,,,,,results/R6/generation_evidence_20260905/analysis/20260904232436_00129607e3c7/main/generation_biology_analysis.json,d442aa8113b6d7ec9cbd3924358d245d2e7fe7e2cc3544551e80d45d1225f3c7,"profile_ledger[arm=prollama,class=IPR012295,condition=requested]",e,,,,,,,IPR012295,True,14.0,200.0,0.07,14.0,0.07
,prollama,mismatched,,,,,,,,,200.0,,,,,,results/R6/generation_evidence_20260905/analysis/20260904232436_00129607e3c7/main/generation_biology_analysis.json,d442aa8113b6d7ec9cbd3924358d245d2e7fe7e2cc3544551e80d45d1225f3c7,"profile_ledger[arm=prollama,class=IPR027413,condition=mismatched]",e,,,,,,,IPR027413,True,0.0,200.0,0.0,0.0,0.0
,prollama,requested,,,,,,,,,200.0,,,,,,results/R6/generation_evidence_20260905/analysis/20260904232436_00129607e3c7/main/generation_biology_analysis.json,d442aa8113b6d7ec9cbd3924358d245d2e7fe7e2cc3544551e80d45d1225f3c7,"profile_ledger[arm=prollama,class=IPR027413,condition=requested]",e,,,,,,,IPR027413,True,0.0,200.0,0.0,0.0,0.0
,prollama,mismatched,,,,,,,,,200.0,,,,,,results/R6/generation_evidence_20260905/analysis/20260904232436_00129607e3c7/main/generation_biology_analysis.json,d442aa8113b6d7ec9cbd3924358d245d2e7fe7e2cc3544551e80d45d1225f3c7,"profile_ledger[arm=prollama,class=IPR034904,condition=mismatched]",e,,,,,,,IPR034904,True,0.0,200.0,0.0,0.0,0.0
,prollama,requested,,,,,,,,,200.0,,,,,,results/R6/generation_evidence_20260905/analysis/20260904232436_00129607e3c7/main/generation_biology_analysis.json,d442aa8113b6d7ec9cbd3924358d245d2e7fe7e2cc3544551e80d45d1225f3c7,"profile_ledger[arm=prollama,class=IPR034904,condition=requested]",e,,,,,,,IPR034904,True,10.0,200.0,0.05,10.0,0.05
,prollama,mismatched,,,,,,,,,200.0,,,,,,results/R6/generation_evidence_20260905/analysis/20260904232436_00129607e3c7/main/generation_biology_analysis.json,d442aa8113b6d7ec9cbd3924358d245d2e7fe7e2cc3544551e80d45d1225f3c7,"profile_ledger[arm=prollama,class=IPR035500,condition=mismatched]",e,,,,,,,IPR035500,True,0.0,200.0,0.0,0.0,0.0
,prollama,requested,,,,,,,,,200.0,,,,,,results/R6/generation_evidence_20260905/analysis/20260904232436_00129607e3c7/main/generation_biology_analysis.json,d442aa8113b6d7ec9cbd3924358d245d2e7fe7e2cc3544551e80d45d1225f3c7,"profile_ledger[arm=prollama,class=IPR035500,condition=requested]",e,,,,,,,IPR035500,True,0.0,200.0,0.0,0.0,0.0
,prollama,mismatched,,,,,,,,,200.0,,,,,,results/R6/generation_evidence_20260905/analysis/20260904232436_00129607e3c7/main/generation_biology_analysis.json,d442aa8113b6d7ec9cbd3924358d245d2e7fe7e2cc3544551e80d45d1225f3c7,"profile_ledger[arm=prollama,class=IPR035903,condition=mismatched]",e,,,,,,,IPR035903,True,0.0,200.0,0.0,0.0,0.0
,prollama,requested,,,,,,,,,200.0,,,,,,results/R6/generation_evidence_20260905/analysis/20260904232436_00129607e3c7/main/generation_biology_analysis.json,d442aa8113b6d7ec9cbd3924358d245d2e7fe7e2cc3544551e80d45d1225f3c7,"profile_ledger[arm=prollama,class=IPR035903,condition=requested]",e,,,,,,,IPR035903,True,12.0,200.0,0.06,12.0,0.06
,prollama,mismatched,,,,,,,,,200.0,,,,,,results/R6/generation_evidence_20260905/analysis/20260904232436_00129607e3c7/main/generation_biology_analysis.json,d442aa8113b6d7ec9cbd3924358d245d2e7fe7e2cc3544551e80d45d1225f3c7,"profile_ledger[arm=prollama,class=IPR035906,condition=mismatched]",e,,,,,,,IPR035906,True,0.0,200.0,0.0,0.0,0.0
,prollama,requested,,,,,,,,,200.0,,,,,,results/R6/generation_evidence_20260905/analysis/20260904232436_00129607e3c7/main/generation_biology_analysis.json,d442aa8113b6d7ec9cbd3924358d245d2e7fe7e2cc3544551e80d45d1225f3c7,"profile_ledger[arm=prollama,class=IPR035906,condition=requested]",e,,,,,,,IPR035906,True,39.0,200.0,0.195,39.0,0.195
,prollama,mismatched,,,,,,,,,200.0,,,,,,results/R6/generation_evidence_20260905/analysis/20260904232436_00129607e3c7/main/generation_biology_analysis.json,d442aa8113b6d7ec9cbd3924358d245d2e7fe7e2cc3544551e80d45d1225f3c7,"profile_ledger[arm=prollama,class=IPR036049,condition=mismatched]",e,,,,,,,IPR036049,True,0.0,200.0,0.0,0.0,0.0
,prollama,requested,,,,,,,,,200.0,,,,,,results/R6/generation_evidence_20260905/analysis/20260904232436_00129607e3c7/main/generation_biology_analysis.json,d442aa8113b6d7ec9cbd3924358d245d2e7fe7e2cc3544551e80d45d1225f3c7,"profile_ledger[arm=prollama,class=IPR036049,condition=requested]",e,,,,,,,IPR036049,True,34.0,200.0,0.17,34.0,0.17
,prollama,mismatched,,,,,,,,,200.0,,,,,,results/R6/generation_evidence_20260905/analysis/20260904232436_00129607e3c7/main/generation_biology_analysis.json,d442aa8113b6d7ec9cbd3924358d245d2e7fe7e2cc3544551e80d45d1225f3c7,"profile_ledger[arm=prollama,class=IPR036400,condition=mismatched]",e,,,,,,,IPR036400,True,0.0,200.0,0.0,0.0,0.0
,prollama,requested,,,,,,,,,200.0,,,,,,results/R6/generation_evidence_20260905/analysis/20260904232436_00129607e3c7/main/generation_biology_analysis.json,d442aa8113b6d7ec9cbd3924358d245d2e7fe7e2cc3544551e80d45d1225f3c7,"profile_ledger[arm=prollama,class=IPR036400,condition=requested]",e,,,,,,,IPR036400,True,58.0,200.0,0.29,58.0,0.29
,prollama,mismatched,,,,,,,,,200.0,,,,,,results/R6/generation_evidence_20260905/analysis/20260904232436_00129607e3c7/main/generation_biology_analysis.json,d442aa8113b6d7ec9cbd3924358d245d2e7fe7e2cc3544551e80d45d1225f3c7,"profile_ledger[arm=prollama,class=IPR036416,condition=mismatched]",e,,,,,,,IPR036416,True,0.0,200.0,0.0,0.0,0.0
,prollama,requested,,,,,,,,,200.0,,,,,,results/R6/generation_evidence_20260905/analysis/20260904232436_00129607e3c7/main/generation_biology_analysis.json,d442aa8113b6d7ec9cbd3924358d245d2e7fe7e2cc3544551e80d45d1225f3c7,"profile_ledger[arm=prollama,class=IPR036416,condition=requested]",e,,,,,,,IPR036416,True,142.0,200.0,0.71,142.0,0.71
,prollama,mismatched,,,,,,,,,200.0,,,,,,results/R6/generation_evidence_20260905/analysis/20260904232436_00129607e3c7/main/generation_biology_analysis.json,d442aa8113b6d7ec9cbd3924358d245d2e7fe7e2cc3544551e80d45d1225f3c7,"profile_ledger[arm=prollama,class=IPR036509,condition=mismatched]",e,,,,,,,IPR036509,True,0.0,200.0,0.0,0.0,0.0
,prollama,requested,,,,,,,,,200.0,,,,,,results/R6/generation_evidence_20260905/analysis/20260904232436_00129607e3c7/main/generation_biology_analysis.json,d442aa8113b6d7ec9cbd3924358d245d2e7fe7e2cc3544551e80d45d1225f3c7,"profile_ledger[arm=prollama,class=IPR036509,condition=requested]",e,,,,,,,IPR036509,True,53.0,200.0,0.265,53.0,0.265
,prollama,mismatched,,,,,,,,,200.0,,,,,,results/R6/generation_evidence_20260905/analysis/20260904232436_00129607e3c7/main/generation_biology_analysis.json,d442aa8113b6d7ec9cbd3924358d245d2e7fe7e2cc3544551e80d45d1225f3c7,"profile_ledger[arm=prollama,class=IPR036621,condition=mismatched]",e,,,,,,,IPR036621,True,0.0,200.0,0.0,0.0,0.0
,prollama,requested,,,,,,,,,200.0,,,,,,results/R6/generation_evidence_20260905/analysis/20260904232436_00129607e3c7/main/generation_biology_analysis.json,d442aa8113b6d7ec9cbd3924358d245d2e7fe7e2cc3544551e80d45d1225f3c7,"profile_ledger[arm=prollama,class=IPR036621,condition=requested]",e,,,,,,,IPR036621,True,1.0,200.0,0.005,1.0,0.005
,prollama,mismatched,,,,,,,,,200.0,,,,,,results/R6/generation_evidence_20260905/analysis/20260904232436_00129607e3c7/main/generation_biology_analysis.json,d442aa8113b6d7ec9cbd3924358d245d2e7fe7e2cc3544551e80d45d1225f3c7,"profile_ledger[arm=prollama,class=IPR036691,condition=mismatched]",e,,,,,,,IPR036691,True,0.0,200.0,0.0,0.0,0.0
,prollama,requested,,,,,,,,,200.0,,,,,,results/R6/generation_evidence_20260905/analysis/20260904232436_00129607e3c7/main/generation_biology_analysis.json,d442aa8113b6d7ec9cbd3924358d245d2e7fe7e2cc3544551e80d45d1225f3c7,"profile_ledger[arm=prollama,class=IPR036691,condition=requested]",e,,,,,,,IPR036691,True,6.0,200.0,0.03,6.0,0.03
,prollama,mismatched,,,,,,,,,200.0,,,,,,results/R6/generation_evidence_20260905/analysis/20260904232436_00129607e3c7/main/generation_biology_analysis.json,d442aa8113b6d7ec9cbd3924358d245d2e7fe7e2cc3544551e80d45d1225f3c7,"profile_ledger[arm=prollama,class=IPR037124,condition=mismatched]",e,,,,,,,IPR037124,True,0.0,200.0,0.0,0.0,0.0
,prollama,requested,,,,,,,,,200.0,,,,,,results/R6/generation_evidence_20260905/analysis/20260904232436_00129607e3c7/main/generation_biology_analysis.json,d442aa8113b6d7ec9cbd3924358d245d2e7fe7e2cc3544551e80d45d1225f3c7,"profile_ledger[arm=prollama,class=IPR037124,condition=requested]",e,,,,,,,IPR037124,True,0.0,200.0,0.0,0.0,0.0
,prollama,mismatched,,,,,,,,,200.0,,,,,,results/R6/generation_evidence_20260905/analysis/20260904232436_00129607e3c7/main/generation_biology_analysis.json,d442aa8113b6d7ec9cbd3924358d245d2e7fe7e2cc3544551e80d45d1225f3c7,"profile_ledger[arm=prollama,class=IPR038594,condition=mismatched]",e,,,,,,,IPR038594,True,0.0,200.0,0.0,0.0,0.0
,prollama,requested,,,,,,,,,200.0,,,,,,results/R6/generation_evidence_20260905/analysis/20260904232436_00129607e3c7/main/generation_biology_analysis.json,d442aa8113b6d7ec9cbd3924358d245d2e7fe7e2cc3544551e80d45d1225f3c7,"profile_ledger[arm=prollama,class=IPR038594,condition=requested]",e,,,,,,,IPR038594,True,11.0,200.0,0.055,11.0,0.055
,zymctrl,mismatched,,,,,,,,,200.0,,,,,,results/R6/generation_evidence_20260905/analysis/20260904232436_00129607e3c7/main/generation_biology_analysis.json,d442aa8113b6d7ec9cbd3924358d245d2e7fe7e2cc3544551e80d45d1225f3c7,"profile_ledger[arm=zymctrl,class=1.11.1.24,condition=mismatched]",e,,,,,,,1.11.1.24,True,0.0,200.0,0.0,0.0,0.0
,zymctrl,requested,,,,,,,,,200.0,,,,,,results/R6/generation_evidence_20260905/analysis/20260904232436_00129607e3c7/main/generation_biology_analysis.json,d442aa8113b6d7ec9cbd3924358d245d2e7fe7e2cc3544551e80d45d1225f3c7,"profile_ledger[arm=zymctrl,class=1.11.1.24,condition=requested]",e,,,,,,,1.11.1.24,True,196.0,200.0,0.98,129.0,0.645
,zymctrl,mismatched,,,,,,,,,200.0,,,,,,results/R6/generation_evidence_20260905/analysis/20260904232436_00129607e3c7/main/generation_biology_analysis.json,d442aa8113b6d7ec9cbd3924358d245d2e7fe7e2cc3544551e80d45d1225f3c7,"profile_ledger[arm=zymctrl,class=1.2.1.38,condition=mismatched]",e,,,,,,,1.2.1.38,True,0.0,200.0,0.0,0.0,0.0
,zymctrl,requested,,,,,,,,,200.0,,,,,,results/R6/generation_evidence_20260905/analysis/20260904232436_00129607e3c7/main/generation_biology_analysis.json,d442aa8113b6d7ec9cbd3924358d245d2e7fe7e2cc3544551e80d45d1225f3c7,"profile_ledger[arm=zymctrl,class=1.2.1.38,condition=requested]",e,,,,,,,1.2.1.38,True,200.0,200.0,1.0,113.0,0.565
,zymctrl,mismatched,,,,,,,,,200.0,,,,,,results/R6/generation_evidence_20260905/analysis/20260904232436_00129607e3c7/main/generation_biology_analysis.json,d442aa8113b6d7ec9cbd3924358d245d2e7fe7e2cc3544551e80d45d1225f3c7,"profile_ledger[arm=zymctrl,class=2.1.1.192,condition=mismatched]",e,,,,,,,2.1.1.192,True,0.0,200.0,0.0,0.0,0.0
,zymctrl,requested,,,,,,,,,200.0,,,,,,results/R6/generation_evidence_20260905/analysis/20260904232436_00129607e3c7/main/generation_biology_analysis.json,d442aa8113b6d7ec9cbd3924358d245d2e7fe7e2cc3544551e80d45d1225f3c7,"profile_ledger[arm=zymctrl,class=2.1.1.192,condition=requested]",e,,,,,,,2.1.1.192,True,200.0,200.0,1.0,100.0,0.5
,zymctrl,mismatched,,,,,,,,,200.0,,,,,,results/R6/generation_evidence_20260905/analysis/20260904232436_00129607e3c7/main/generation_biology_analysis.json,d442aa8113b6d7ec9cbd3924358d245d2e7fe7e2cc3544551e80d45d1225f3c7,"profile_ledger[arm=zymctrl,class=2.1.1.228,condition=mismatched]",e,,,,,,,2.1.1.228,True,0.0,200.0,0.0,0.0,0.0
,zymctrl,requested,,,,,,,,,200.0,,,,,,results/R6/generation_evidence_20260905/analysis/20260904232436_00129607e3c7/main/generation_biology_analysis.json,d442aa8113b6d7ec9cbd3924358d245d2e7fe7e2cc3544551e80d45d1225f3c7,"profile_ledger[arm=zymctrl,class=2.1.1.228,condition=requested]",e,,,,,,,2.1.1.228,True,187.0,200.0,0.935,134.0,0.67
,zymctrl,mismatched,,,,,,,,,200.0,,,,,,results/R6/generation_evidence_20260905/analysis/20260904232436_00129607e3c7/main/generation_biology_analysis.json,d442aa8113b6d7ec9cbd3924358d245d2e7fe7e2cc3544551e80d45d1225f3c7,"profile_ledger[arm=zymctrl,class=2.3.1.234,condition=mismatched]",e,,,,,,,2.3.1.234,True,0.0,200.0,0.0,0.0,0.0
,zymctrl,requested,,,,,,,,,200.0,,,,,,results/R6/generation_evidence_20260905/analysis/20260904232436_00129607e3c7/main/generation_biology_analysis.json,d442aa8113b6d7ec9cbd3924358d245d2e7fe7e2cc3544551e80d45d1225f3c7,"profile_ledger[arm=zymctrl,class=2.3.1.234,condition=requested]",e,,,,,,,2.3.1.234,True,200.0,200.0,1.0,131.0,0.655
,zymctrl,mismatched,,,,,,,,,200.0,,,,,,results/R6/generation_evidence_20260905/analysis/20260904232436_00129607e3c7/main/generation_biology_analysis.json,d442aa8113b6d7ec9cbd3924358d245d2e7fe7e2cc3544551e80d45d1225f3c7,"profile_ledger[arm=zymctrl,class=2.3.1.31,condition=mismatched]",e,,,,,,,2.3.1.31,True,0.0,200.0,0.0,0.0,0.0
,zymctrl,requested,,,,,,,,,200.0,,,,,,results/R6/generation_evidence_20260905/analysis/20260904232436_00129607e3c7/main/generation_biology_analysis.json,d442aa8113b6d7ec9cbd3924358d245d2e7fe7e2cc3544551e80d45d1225f3c7,"profile_ledger[arm=zymctrl,class=2.3.1.31,condition=requested]",e,,,,,,,2.3.1.31,True,198.0,200.0,0.99,168.0,0.84
,zymctrl,mismatched,,,,,,,,,200.0,,,,,,results/R6/generation_evidence_20260905/analysis/20260904232436_00129607e3c7/main/generation_biology_analysis.json,d442aa8113b6d7ec9cbd3924358d245d2e7fe7e2cc3544551e80d45d1225f3c7,"profile_ledger[arm=zymctrl,class=2.7.7.3,condition=mismatched]",e,,,,,,,2.7.7.3,True,0.0,200.0,0.0,0.0,0.0
,zymctrl,requested,,,,,,,,,200.0,,,,,,results/R6/generation_evidence_20260905/analysis/20260904232436_00129607e3c7/main/generation_biology_analysis.json,d442aa8113b6d7ec9cbd3924358d245d2e7fe7e2cc3544551e80d45d1225f3c7,"profile_ledger[arm=zymctrl,class=2.7.7.3,condition=requested]",e,,,,,,,2.7.7.3,True,200.0,200.0,1.0,155.0,0.775
,zymctrl,mismatched,,,,,,,,,200.0,,,,,,results/R6/generation_evidence_20260905/analysis/20260904232436_00129607e3c7/main/generation_biology_analysis.json,d442aa8113b6d7ec9cbd3924358d245d2e7fe7e2cc3544551e80d45d1225f3c7,"profile_ledger[arm=zymctrl,class=2.7.7.4,condition=mismatched]",e,,,,,,,2.7.7.4,True,0.0,200.0,0.0,0.0,0.0
,zymctrl,requested,,,,,,,,,200.0,,,,,,results/R6/generation_evidence_20260905/analysis/20260904232436_00129607e3c7/main/generation_biology_analysis.json,d442aa8113b6d7ec9cbd3924358d245d2e7fe7e2cc3544551e80d45d1225f3c7,"profile_ledger[arm=zymctrl,class=2.7.7.4,condition=requested]",e,,,,,,,2.7.7.4,True,122.0,200.0,0.61,63.0,0.315
,zymctrl,mismatched,,,,,,,,,200.0,,,,,,results/R6/generation_evidence_20260905/analysis/20260904232436_00129607e3c7/main/generation_biology_analysis.json,d442aa8113b6d7ec9cbd3924358d245d2e7fe7e2cc3544551e80d45d1225f3c7,"profile_ledger[arm=zymctrl,class=2.7.7.77,condition=mismatched]",e,,,,,,,2.7.7.77,True,0.0,200.0,0.0,0.0,0.0
,zymctrl,requested,,,,,,,,,200.0,,,,,,results/R6/generation_evidence_20260905/analysis/20260904232436_00129607e3c7/main/generation_biology_analysis.json,d442aa8113b6d7ec9cbd3924358d245d2e7fe7e2cc3544551e80d45d1225f3c7,"profile_ledger[arm=zymctrl,class=2.7.7.77,condition=requested]",e,,,,,,,2.7.7.77,True,200.0,200.0,1.0,174.0,0.87
,zymctrl,mismatched,,,,,,,,,200.0,,,,,,results/R6/generation_evidence_20260905/analysis/20260904232436_00129607e3c7/main/generation_biology_analysis.json,d442aa8113b6d7ec9cbd3924358d245d2e7fe7e2cc3544551e80d45d1225f3c7,"profile_ledger[arm=zymctrl,class=2.8.4.4,condition=mismatched]",e,,,,,,,2.8.4.4,True,0.0,200.0,0.0,0.0,0.0
,zymctrl,requested,,,,,,,,,200.0,,,,,,results/R6/generation_evidence_20260905/analysis/20260904232436_00129607e3c7/main/generation_biology_analysis.json,d442aa8113b6d7ec9cbd3924358d245d2e7fe7e2cc3544551e80d45d1225f3c7,"profile_ledger[arm=zymctrl,class=2.8.4.4,condition=requested]",e,,,,,,,2.8.4.4,True,200.0,200.0,1.0,108.0,0.54
,zymctrl,mismatched,,,,,,,,,200.0,,,,,,results/R6/generation_evidence_20260905/analysis/20260904232436_00129607e3c7/main/generation_biology_analysis.json,d442aa8113b6d7ec9cbd3924358d245d2e7fe7e2cc3544551e80d45d1225f3c7,"profile_ledger[arm=zymctrl,class=3.4.11.10,condition=mismatched]",e,,,,,,,3.4.11.10,True,0.0,200.0,0.0,0.0,0.0
,zymctrl,requested,,,,,,,,,200.0,,,,,,results/R6/generation_evidence_20260905/analysis/20260904232436_00129607e3c7/main/generation_biology_analysis.json,d442aa8113b6d7ec9cbd3924358d245d2e7fe7e2cc3544551e80d45d1225f3c7,"profile_ledger[arm=zymctrl,class=3.4.11.10,condition=requested]",e,,,,,,,3.4.11.10,True,1.0,200.0,0.005,1.0,0.005
,zymctrl,mismatched,,,,,,,,,200.0,,,,,,results/R6/generation_evidence_20260905/analysis/20260904232436_00129607e3c7/main/generation_biology_analysis.json,d442aa8113b6d7ec9cbd3924358d245d2e7fe7e2cc3544551e80d45d1225f3c7,"profile_ledger[arm=zymctrl,class=3.6.1.27,condition=mismatched]",e,,,,,,,3.6.1.27,True,0.0,200.0,0.0,0.0,0.0
,zymctrl,requested,,,,,,,,,200.0,,,,,,results/R6/generation_evidence_20260905/analysis/20260904232436_00129607e3c7/main/generation_biology_analysis.json,d442aa8113b6d7ec9cbd3924358d245d2e7fe7e2cc3544551e80d45d1225f3c7,"profile_ledger[arm=zymctrl,class=3.6.1.27,condition=requested]",e,,,,,,,3.6.1.27,True,194.0,200.0,0.97,163.0,0.815
,zymctrl,mismatched,,,,,,,,,200.0,,,,,,results/R6/generation_evidence_20260905/analysis/20260904232436_00129607e3c7/main/generation_biology_analysis.json,d442aa8113b6d7ec9cbd3924358d245d2e7fe7e2cc3544551e80d45d1225f3c7,"profile_ledger[arm=zymctrl,class=6.1.1.17,condition=mismatched]",e,,,,,,,6.1.1.17,True,0.0,200.0,0.0,0.0,0.0
,zymctrl,requested,,,,,,,,,200.0,,,,,,results/R6/generation_evidence_20260905/analysis/20260904232436_00129607e3c7/main/generation_biology_analysis.json,d442aa8113b6d7ec9cbd3924358d245d2e7fe7e2cc3544551e80d45d1225f3c7,"profile_ledger[arm=zymctrl,class=6.1.1.17,condition=requested]",e,,,,,,,6.1.1.17,True,199.0,200.0,0.995,134.0,0.67
,zymctrl,mismatched,,,,,,,,,200.0,,,,,,results/R6/generation_evidence_20260905/analysis/20260904232436_00129607e3c7/main/generation_biology_analysis.json,d442aa8113b6d7ec9cbd3924358d245d2e7fe7e2cc3544551e80d45d1225f3c7,"profile_ledger[arm=zymctrl,class=7.1.1.2,condition=mismatched]",e,,,,,,,7.1.1.2,False,0.0,200.0,0.0,0.0,0.0
,zymctrl,requested,,,,,,,,,200.0,,,,,,results/R6/generation_evidence_20260905/analysis/20260904232436_00129607e3c7/main/generation_biology_analysis.json,d442aa8113b6d7ec9cbd3924358d245d2e7fe7e2cc3544551e80d45d1225f3c7,"profile_ledger[arm=zymctrl,class=7.1.1.2,condition=requested]",e,,,,,,,7.1.1.2,False,0.0,200.0,0.0,0.0,0.0
,zymctrl,mismatched,,,,,,,,,200.0,,,,,,results/R6/generation_evidence_20260905/analysis/20260904232436_00129607e3c7/main/generation_biology_analysis.json,d442aa8113b6d7ec9cbd3924358d245d2e7fe7e2cc3544551e80d45d1225f3c7,"profile_ledger[arm=zymctrl,class=7.2.1.1,condition=mismatched]",e,,,,,,,7.2.1.1,False,0.0,200.0,0.0,0.0,0.0
,zymctrl,requested,,,,,,,,,200.0,,,,,,results/R6/generation_evidence_20260905/analysis/20260904232436_00129607e3c7/main/generation_biology_analysis.json,d442aa8113b6d7ec9cbd3924358d245d2e7fe7e2cc3544551e80d45d1225f3c7,"profile_ledger[arm=zymctrl,class=7.2.1.1,condition=requested]",e,,,,,,,7.2.1.1,False,0.0,200.0,0.0,0.0,0.0
,zymctrl,mismatched,,,,,,,,,200.0,,,,,,results/R6/generation_evidence_20260905/analysis/20260904232436_00129607e3c7/main/generation_biology_analysis.json,d442aa8113b6d7ec9cbd3924358d245d2e7fe7e2cc3544551e80d45d1225f3c7,"profile_ledger[arm=zymctrl,class=7.4.2.8,condition=mismatched]",e,,,,,,,7.4.2.8,True,0.0,200.0,0.0,0.0,0.0
,zymctrl,requested,,,,,,,,,200.0,,,,,,results/R6/generation_evidence_20260905/analysis/20260904232436_00129607e3c7/main/generation_biology_analysis.json,d442aa8113b6d7ec9cbd3924358d245d2e7fe7e2cc3544551e80d45d1225f3c7,"profile_ledger[arm=zymctrl,class=7.4.2.8,condition=requested]",e,,,,,,,7.4.2.8,True,191.0,200.0,0.955,115.0,0.575
