gate,gate_order,arm,outcome,basis,provisional,source_path,source_sha256,source_pointer,source_document,source_document_sha256
ranking_beyond_profile,0,protgpt2,not_eligible,no paired profile contrast on this arm,False,,,,,
ranking_beyond_profile,0,progen2-small,not_eligible,no paired profile contrast on this arm,False,,,,,
ranking_beyond_profile,0,progen2-base,not_eligible,no paired profile contrast on this arm,False,,,,,
ranking_beyond_profile,0,progen2-medium,unresolved,paired profile contrast interval,False,results/R1/progen2_scale_20260826/scale_capability.json,d156af6cbe25f3f76671d7a93600fb0b1e40b6fa1bbe2366c09d5d918b4284a9,dms.model_minus_lookup.per_rung.progen2-medium,,
ranking_beyond_profile,0,progen2-large,unresolved,paired profile contrast interval,False,results/R1/progen2_scale_20260826/scale_capability.json,d156af6cbe25f3f76671d7a93600fb0b1e40b6fa1bbe2366c09d5d918b4284a9,dms.model_minus_lookup.per_rung.progen2-large,,
ranking_beyond_profile,0,progen2-xlarge,unresolved,paired profile contrast interval,False,results/R1/progen2_scale_20260826/scale_capability.json,d156af6cbe25f3f76671d7a93600fb0b1e40b6fa1bbe2366c09d5d918b4284a9,dms.model_minus_lookup.per_rung.progen2-xlarge,,
ranking_beyond_profile,0,progen3-112m,not_detected,paired profile contrast interval,False,results/R1/progen3_stage_20260917/second_stage_capability/second_stage_capability.json,18cc1b4774da79f5f233a22d2bbb9d045d966efc882936d79b0518fa67ba67c2,dms.model_minus_lookup.per_rung.progen3-112m,,
ranking_beyond_profile,0,progen3-3b,supported,paired profile contrast interval,False,results/R1/progen3_stage_20260917/second_stage_capability/second_stage_capability.json,18cc1b4774da79f5f233a22d2bbb9d045d966efc882936d79b0518fa67ba67c2,dms.model_minus_lookup.per_rung.progen3-3b,,
ranking_beyond_profile,0,protgpt3-1.3b,not_eligible,no paired profile contrast on this arm,False,,,,,
ranking_beyond_profile,0,rita-xl,unresolved,paired profile contrast interval,False,results/R1/native_dms_20260913/20260915134508_95c515bf6881/rita_xl_independent_analyse/native_dms_comparison.json,c826865cffc1057cb0b61b9ea6e9885787f188fcb3495048c240f057a10a7377,groups.rita-xl.model_minus_lookup.per_rung.rita-xl,,
ranking_beyond_profile,0,proteinglm-7b-clm,supported,paired profile contrast interval,False,results/R1/source_recovery_20260917/proteinglm_retrieval_bound.json,de08ee2921003c557659a33e9d305d897c0c0202b8106bc6826628fa45f1dc78,arms.proteinglm-7b-clm.delta_lookup,,
ranking_beyond_profile,0,galactica-125m,not_detected,paired profile contrast interval,False,results/R1/source_recovery_20260917/galactica_native_dms_comparison.json,38cb2b5dd549ef3e4b9f9fbb9e362a025c9a61f7ac94b1e9c204bc48b6ff7d84,groups.galactica.model_minus_lookup.per_rung.galactica-125m,,
ranking_beyond_profile,0,galactica-1.3b,not_detected,paired profile contrast interval,False,results/R1/source_recovery_20260917/galactica_native_dms_comparison.json,38cb2b5dd549ef3e4b9f9fbb9e362a025c9a61f7ac94b1e9c204bc48b6ff7d84,groups.galactica.model_minus_lookup.per_rung.galactica-1.3b,,
ranking_beyond_profile,0,galactica-6.7b,not_detected,paired profile contrast interval,False,results/R1/source_recovery_20260917/galactica_native_dms_comparison.json,38cb2b5dd549ef3e4b9f9fbb9e362a025c9a61f7ac94b1e9c204bc48b6ff7d84,groups.galactica.model_minus_lookup.per_rung.galactica-6.7b,,
ranking_beyond_profile,0,galactica-30b,not_detected,paired profile contrast interval,False,results/R1/source_recovery_20260917/galactica_native_dms_comparison.json,38cb2b5dd549ef3e4b9f9fbb9e362a025c9a61f7ac94b1e9c204bc48b6ff7d84,groups.galactica.model_minus_lookup.per_rung.galactica-30b,,
ranking_beyond_profile,0,instructprotein,not_eligible,no paired profile contrast on this arm,False,,,,,
ranking_beyond_profile,0,llama-2-7b,not_detected,paired profile contrast interval,False,results/R1/adaptation_lineage_20260813/adaptation_stage_capability.json,511e40aa983c3a4ca2486a241b25dce5760d77984d21f043c4b1c1621b53bc1a,dms.model_minus_lookup.per_rung.llama-2-7b,,
ranking_beyond_profile,0,prollama-stage-1,not_detected,paired profile contrast interval,False,results/R1/adaptation_lineage_20260813/adaptation_stage_capability.json,511e40aa983c3a4ca2486a241b25dce5760d77984d21f043c4b1c1621b53bc1a,dms.model_minus_lookup.per_rung.prollama-stage-1,,
ranking_beyond_profile,0,prollama,not_detected,paired profile contrast interval,False,results/R1/adaptation_lineage_20260813/adaptation_stage_capability.json,511e40aa983c3a4ca2486a241b25dce5760d77984d21f043c4b1c1621b53bc1a,dms.model_minus_lookup.per_rung.prollama,,
ranking_beyond_profile,0,zymctrl,not_eligible,no paired profile contrast on this arm,False,,,,,
ranking_beyond_profile,0,gpt2,not_detected,paired profile contrast interval,False,results/R1/source_recovery_20260917/text_aa_analyse.json,c94e3c2febc3f158def049948f11eae010681dc6ae22c8b9556ca7289693c2ac,common_all13.per_model.gpt2.model_minus_lookup,,
ranking_beyond_profile,0,gpt2-medium,not_detected,paired profile contrast interval,False,results/R1/source_recovery_20260917/text_aa_analyse.json,c94e3c2febc3f158def049948f11eae010681dc6ae22c8b9556ca7289693c2ac,common_all13.per_model.gpt2-medium.model_minus_lookup,,
ranking_beyond_profile,0,gpt2-large,not_detected,paired profile contrast interval,False,results/R1/source_recovery_20260917/text_aa_analyse.json,c94e3c2febc3f158def049948f11eae010681dc6ae22c8b9556ca7289693c2ac,common_all13.per_model.gpt2-large.model_minus_lookup,,
ranking_beyond_profile,0,gpt2-xl,not_detected,paired profile contrast interval,False,results/R1/source_recovery_20260917/text_aa_analyse.json,c94e3c2febc3f158def049948f11eae010681dc6ae22c8b9556ca7289693c2ac,common_all13.per_model.gpt2-xl.model_minus_lookup,,
ranking_beyond_profile,0,dialogpt-small,not_detected,paired profile contrast interval,False,results/R1/source_recovery_20260917/text_aa_analyse.json,c94e3c2febc3f158def049948f11eae010681dc6ae22c8b9556ca7289693c2ac,common_all13.per_model.dialogpt-small.model_minus_lookup,,
ranking_beyond_profile,0,bygpt5-small-en,not_detected,paired profile contrast interval,False,results/R1/source_recovery_20260917/text_aa_analyse.json,c94e3c2febc3f158def049948f11eae010681dc6ae22c8b9556ca7289693c2ac,common_all13.per_model.bygpt5-small-en.model_minus_lookup,,
ranking_beyond_profile,0,bygpt5-base-en,not_detected,paired profile contrast interval,False,results/R1/source_recovery_20260917/text_aa_analyse.json,c94e3c2febc3f158def049948f11eae010681dc6ae22c8b9556ca7289693c2ac,common_all13.per_model.bygpt5-base-en.model_minus_lookup,,
ranking_beyond_profile,0,bygpt5-medium-en,not_detected,paired profile contrast interval,False,results/R1/source_recovery_20260917/text_aa_analyse.json,c94e3c2febc3f158def049948f11eae010681dc6ae22c8b9556ca7289693c2ac,common_all13.per_model.bygpt5-medium-en.model_minus_lookup,,
ranking_beyond_profile,0,qwen2.5-0.5b,not_detected,paired profile contrast interval,False,results/R1/source_recovery_20260917/text_aa_analyse.json,c94e3c2febc3f158def049948f11eae010681dc6ae22c8b9556ca7289693c2ac,common_all13.per_model.qwen2.5-0.5b.model_minus_lookup,,
ranking_beyond_profile,0,qwen2.5-0.5b-instruct,not_eligible,no paired profile contrast on this arm,False,,,,,
ranking_beyond_profile,0,qwen2.5-7b,not_detected,paired profile contrast interval,False,results/R1/source_recovery_20260917/text_aa_analyse.json,c94e3c2febc3f158def049948f11eae010681dc6ae22c8b9556ca7289693c2ac,common_all13.per_model.qwen2.5-7b.model_minus_lookup,,
ranking_beyond_profile,0,qwen2.5-32b,not_detected,paired profile contrast interval,False,results/R1/source_recovery_20260917/text_aa_analyse.json,c94e3c2febc3f158def049948f11eae010681dc6ae22c8b9556ca7289693c2ac,common_all13.per_model.qwen2.5-32b.model_minus_lookup,,
ranking_beyond_profile,0,qwen3-8b-base,not_detected,paired profile contrast interval,False,results/R1/source_recovery_20260917/text_aa_analyse.json,c94e3c2febc3f158def049948f11eae010681dc6ae22c8b9556ca7289693c2ac,common_all13.per_model.qwen3-8b-base.model_minus_lookup,,
ranking_beyond_profile,0,llama-3.2-3b,not_detected,paired profile contrast interval,False,results/R1/source_recovery_20260917/text_aa_analyse.json,c94e3c2febc3f158def049948f11eae010681dc6ae22c8b9556ca7289693c2ac,common_all13.per_model.llama-3.2-3b.model_minus_lookup,,
states_beyond_likelihood,1,protgpt2,not_detected,paired readout interval at split seed 20260923,True,results/R2/readout_expansion_20260923/complete/results/external_baseline/20260923122648_b8656cd05924/readout_expand_analysis_protgpt2_common/readout_protgpt2_common.json,33b09d2630e380005e35144b8b3ef6bab8af7cc8fa9e617e5e89c3773a5f1ab7,summaries,,
states_beyond_matched,2,protgpt2,unresolved,paired readout interval at split seed 20260923,True,results/R2/readout_expansion_20260923/complete/results/external_baseline/20260923122648_b8656cd05924/readout_expand_analysis_protgpt2_common/readout_protgpt2_common.json,33b09d2630e380005e35144b8b3ef6bab8af7cc8fa9e617e5e89c3773a5f1ab7,summaries,,
states_beyond_likelihood,1,progen2-small,unresolved,paired readout interval at split seed 20260923,True,results/R2/readout_expansion_20260923/complete/results/external_baseline/20260923122648_b8656cd05924/readout_expand_analysis_progen2_small_common/readout_progen2-small_common.json,716b592f3ef787aa25263966e58f11622581c12360533bd283a49fea87c03bf8,summaries,,
states_beyond_matched,2,progen2-small,unresolved,paired readout interval at split seed 20260923,True,results/R2/readout_expansion_20260923/complete/results/external_baseline/20260923122648_b8656cd05924/readout_expand_analysis_progen2_small_common/readout_progen2-small_common.json,716b592f3ef787aa25263966e58f11622581c12360533bd283a49fea87c03bf8,summaries,,
states_beyond_likelihood,1,progen2-base,unresolved,paired readout interval at split seed 20260923,True,results/R2/readout_expansion_20260923/complete/results/external_baseline/20260923122648_b8656cd05924/readout_expand_analysis_progen2_base_common/readout_progen2-base_common.json,97b242a3decc19e87d970dbfbfacd052b6572422ca5329832fd4c73d891dd530,summaries,,
states_beyond_matched,2,progen2-base,supported,paired readout interval at split seed 20260923,True,results/R2/readout_expansion_20260923/complete/results/external_baseline/20260923122648_b8656cd05924/readout_expand_analysis_progen2_base_common/readout_progen2-base_common.json,97b242a3decc19e87d970dbfbfacd052b6572422ca5329832fd4c73d891dd530,summaries,,
states_beyond_likelihood,1,progen2-medium,unresolved,paired readout interval at split seed 20260923,True,results/R2/readout_expansion_20260923/complete/results/external_baseline/20260923122648_b8656cd05924/readout_expand_analysis_progen2_medium_common/readout_progen2-medium_common.json,eb6e445d842a9e4ef12b8a7b8a78ce4f3235f220d80c39aef9773c622bf49962,summaries,,
states_beyond_matched,2,progen2-medium,unresolved,paired readout interval at split seed 20260923,True,results/R2/readout_expansion_20260923/complete/results/external_baseline/20260923122648_b8656cd05924/readout_expand_analysis_progen2_medium_common/readout_progen2-medium_common.json,eb6e445d842a9e4ef12b8a7b8a78ce4f3235f220d80c39aef9773c622bf49962,summaries,,
states_beyond_likelihood,1,progen2-large,supported,paired readout interval at split seed 20260923,True,results/R2/readout_expansion_20260923/complete/results/external_baseline/20260923122648_b8656cd05924/readout_expand_analysis_progen2_large_common/readout_progen2-large_common.json,88c6d577d027cedce3d13838e6557d355ad79c4e3c5dd39119660c859e290459,summaries,,
states_beyond_matched,2,progen2-large,unresolved,paired readout interval at split seed 20260923,True,results/R2/readout_expansion_20260923/complete/results/external_baseline/20260923122648_b8656cd05924/readout_expand_analysis_progen2_large_common/readout_progen2-large_common.json,88c6d577d027cedce3d13838e6557d355ad79c4e3c5dd39119660c859e290459,summaries,,
states_beyond_likelihood,1,progen2-xlarge,not_detected,paired readout interval at split seed 20260923,True,results/R2/readout_expansion_20260923/complete/results/external_baseline/20260923122648_b8656cd05924/readout_expand_analysis_progen2_xlarge_common/readout_progen2-xlarge_common.json,c517db78568d438db87edcdfd784d958addbcd36d646471a1e1eb0ca66d1fa2d,summaries,,
states_beyond_matched,2,progen2-xlarge,unresolved,paired readout interval at split seed 20260923,True,results/R2/readout_expansion_20260923/complete/results/external_baseline/20260923122648_b8656cd05924/readout_expand_analysis_progen2_xlarge_common/readout_progen2-xlarge_common.json,c517db78568d438db87edcdfd784d958addbcd36d646471a1e1eb0ca66d1fa2d,summaries,,
states_beyond_likelihood,1,progen3-112m,unresolved,paired readout interval at split seed 20260923,True,results/R2/readout_expansion_20260923/complete/results/external_baseline/20260923122648_b8656cd05924/readout_expand_analysis_progen3_112m_common/readout_progen3-112m_common.json,b0c276e36810c270e756e8e27cbf9521cf700c270a66692f1001554848494df1,summaries,,
states_beyond_matched,2,progen3-112m,unresolved,paired readout interval at split seed 20260923,True,results/R2/readout_expansion_20260923/complete/results/external_baseline/20260923122648_b8656cd05924/readout_expand_analysis_progen3_112m_common/readout_progen3-112m_common.json,b0c276e36810c270e756e8e27cbf9521cf700c270a66692f1001554848494df1,summaries,,
states_beyond_likelihood,1,progen3-3b,unresolved,paired readout interval at split seed 20260923,True,results/R2/readout_expansion_20260923/complete/results/external_baseline/20260923105347_9e1188dbfcda/readout_analysis_progen3_3b_common/readout_progen3-3b_common.json,a596d4a9db6b3bfc89cd6999f445110391c916c7e0aff540f345d77d1bf98a9d,summaries,,
states_beyond_matched,2,progen3-3b,supported,paired readout interval at split seed 20260923,True,results/R2/readout_expansion_20260923/complete/results/external_baseline/20260923105347_9e1188dbfcda/readout_analysis_progen3_3b_common/readout_progen3-3b_common.json,a596d4a9db6b3bfc89cd6999f445110391c916c7e0aff540f345d77d1bf98a9d,summaries,,
states_beyond_likelihood,1,protgpt3-1.3b,unresolved,paired readout interval at split seed 20260923,True,results/R2/readout_expansion_20260923/complete/results/external_baseline/20260923130346_427a4ba992c9/readout_retry_analysis_protgpt3_1_3b_common/readout_protgpt3-1.3b_common.json,98c16680dc80dbc152c8d9dff2732ebf0b10ae42ae2104271d1e68b5cfdf8193,summaries,,
states_beyond_matched,2,protgpt3-1.3b,unresolved,paired readout interval at split seed 20260923,True,results/R2/readout_expansion_20260923/complete/results/external_baseline/20260923130346_427a4ba992c9/readout_retry_analysis_protgpt3_1_3b_common/readout_protgpt3-1.3b_common.json,98c16680dc80dbc152c8d9dff2732ebf0b10ae42ae2104271d1e68b5cfdf8193,summaries,,
states_beyond_likelihood,1,rita-xl,unresolved,paired readout interval at split seed 20260923,True,results/R2/readout_expansion_20260923/complete/results/external_baseline/20260923122648_b8656cd05924/readout_expand_analysis_rita_xl_common/readout_rita-xl_common.json,4f2a0433b783b14cbab3cf1833e4ee3cc197ea01eb5dbdc3d4e374231f2ba640,summaries,,
states_beyond_matched,2,rita-xl,unresolved,paired readout interval at split seed 20260923,True,results/R2/readout_expansion_20260923/complete/results/external_baseline/20260923122648_b8656cd05924/readout_expand_analysis_rita_xl_common/readout_rita-xl_common.json,4f2a0433b783b14cbab3cf1833e4ee3cc197ea01eb5dbdc3d4e374231f2ba640,summaries,,
states_beyond_likelihood,1,proteinglm-7b-clm,supported,paired readout interval at split seed 20260923,True,results/R2/readout_expansion_20260923/complete/results/external_baseline/20260923105347_9e1188dbfcda/readout_analysis_proteinglm_common/readout_proteinglm-7b-clm_common.json,192074686108666dc87a92974821d36e249ce26a341b1f1b6c3c68b839465e7a,summaries,,
states_beyond_matched,2,proteinglm-7b-clm,supported,paired readout interval at split seed 20260923,True,results/R2/readout_expansion_20260923/complete/results/external_baseline/20260923105347_9e1188dbfcda/readout_analysis_proteinglm_common/readout_proteinglm-7b-clm_common.json,192074686108666dc87a92974821d36e249ce26a341b1f1b6c3c68b839465e7a,summaries,,
states_beyond_likelihood,1,galactica-125m,supported,paired readout interval at split seed 20260923,True,results/R2/readout_expansion_20260923/complete/results/external_baseline/20260923130346_427a4ba992c9/readout_k4_analysis_galactica_125m_common/readout_galactica-125m_common.json,599228a3d51da37b934d93082b54db6d8461583bbcf27fdd1470946538a37f35,summaries,,
states_beyond_matched,2,galactica-125m,unresolved,paired readout interval at split seed 20260923,True,results/R2/readout_expansion_20260923/complete/results/external_baseline/20260923130346_427a4ba992c9/readout_k4_analysis_galactica_125m_common/readout_galactica-125m_common.json,599228a3d51da37b934d93082b54db6d8461583bbcf27fdd1470946538a37f35,summaries,,
states_beyond_likelihood,1,galactica-1.3b,supported,paired readout interval at split seed 20260923,True,results/R2/readout_expansion_20260923/complete/results/external_baseline/20260923122648_b8656cd05924/readout_expand_analysis_galactica_1_3b_common/readout_galactica-1.3b_common.json,97223548850f8808e6d21f5bc7d8570907fe5e0108fbc5e1676dfe7b082c1cf0,summaries,,
states_beyond_matched,2,galactica-1.3b,unresolved,paired readout interval at split seed 20260923,True,results/R2/readout_expansion_20260923/complete/results/external_baseline/20260923122648_b8656cd05924/readout_expand_analysis_galactica_1_3b_common/readout_galactica-1.3b_common.json,97223548850f8808e6d21f5bc7d8570907fe5e0108fbc5e1676dfe7b082c1cf0,summaries,,
states_beyond_likelihood,1,galactica-6.7b,supported,paired readout interval at split seed 20260923,True,results/R2/readout_expansion_20260923/complete/results/external_baseline/20260923122648_b8656cd05924/readout_expand_analysis_galactica_6_7b_common/readout_galactica-6.7b_common.json,7cbc433302f4fde38629b503b8d4419385f3586bebadbbd23346b3edb3cd033b,summaries,,
states_beyond_matched,2,galactica-6.7b,unresolved,paired readout interval at split seed 20260923,True,results/R2/readout_expansion_20260923/complete/results/external_baseline/20260923122648_b8656cd05924/readout_expand_analysis_galactica_6_7b_common/readout_galactica-6.7b_common.json,7cbc433302f4fde38629b503b8d4419385f3586bebadbbd23346b3edb3cd033b,summaries,,
states_beyond_likelihood,1,galactica-30b,supported,paired readout interval at split seed 20260923,True,results/R2/readout_expansion_20260923/complete/results/external_baseline/20260923130346_427a4ba992c9/readout_fresh3_analysis_galactica_30b_common/readout_galactica-30b_common.json,9c94f53bc0f628806514a7eb109c081a8ce71333c87fd07b98c456b9f73dfa87,summaries,,
states_beyond_matched,2,galactica-30b,unresolved,paired readout interval at split seed 20260923,True,results/R2/readout_expansion_20260923/complete/results/external_baseline/20260923130346_427a4ba992c9/readout_fresh3_analysis_galactica_30b_common/readout_galactica-30b_common.json,9c94f53bc0f628806514a7eb109c081a8ce71333c87fd07b98c456b9f73dfa87,summaries,,
states_beyond_likelihood,1,instructprotein,unresolved,paired readout interval at split seed 20260923,True,results/R2/readout_expansion_20260923/complete/results/external_baseline/20260923122648_b8656cd05924/readout_expand_analysis_instructprotein_common/readout_instructprotein_common.json,4e0e8e6180e9a4706ffe30a533e71c554acc9dd1675efe202443ac7f32819f2e,summaries,,
states_beyond_matched,2,instructprotein,unresolved,paired readout interval at split seed 20260923,True,results/R2/readout_expansion_20260923/complete/results/external_baseline/20260923122648_b8656cd05924/readout_expand_analysis_instructprotein_common/readout_instructprotein_common.json,4e0e8e6180e9a4706ffe30a533e71c554acc9dd1675efe202443ac7f32819f2e,summaries,,
states_beyond_likelihood,1,llama-2-7b,supported,paired readout interval at split seed 20260923,True,results/R2/readout_expansion_20260923/complete/results/external_baseline/20260923105347_9e1188dbfcda/readout_analysis_llama2_parent_common/readout_llama-2-7b_common.json,e6914c5b1db4bcfbf023ab5223c5541128f67ebf2a144cde9968d67027022408,summaries,,
states_beyond_matched,2,llama-2-7b,not_detected,paired readout interval at split seed 20260923,True,results/R2/readout_expansion_20260923/complete/results/external_baseline/20260923105347_9e1188dbfcda/readout_analysis_llama2_parent_common/readout_llama-2-7b_common.json,e6914c5b1db4bcfbf023ab5223c5541128f67ebf2a144cde9968d67027022408,summaries,,
states_beyond_likelihood,1,prollama-stage-1,supported,paired readout interval at split seed 20260923,True,results/R2/readout_expansion_20260923/complete/results/external_baseline/20260923105347_9e1188dbfcda/readout_analysis_prollama_stage1_common/readout_prollama-stage-1_common.json,25e44aa69dc7f722a15bdc1e2370dc57d7b145e4618b75813858a5efaeffecef,summaries,,
states_beyond_matched,2,prollama-stage-1,unresolved,paired readout interval at split seed 20260923,True,results/R2/readout_expansion_20260923/complete/results/external_baseline/20260923105347_9e1188dbfcda/readout_analysis_prollama_stage1_common/readout_prollama-stage-1_common.json,25e44aa69dc7f722a15bdc1e2370dc57d7b145e4618b75813858a5efaeffecef,summaries,,
states_beyond_likelihood,1,prollama,supported,paired readout interval at split seed 20260923,True,results/R2/readout_expansion_20260923/complete/results/external_baseline/20260923105347_9e1188dbfcda/readout_analysis_prollama_stage2_common/readout_prollama_common.json,f37ac7a617ec86186ac558f5ee19c905df731080d4e06ab935bf81aaff576518,summaries,,
states_beyond_matched,2,prollama,unresolved,paired readout interval at split seed 20260923,True,results/R2/readout_expansion_20260923/complete/results/external_baseline/20260923105347_9e1188dbfcda/readout_analysis_prollama_stage2_common/readout_prollama_common.json,f37ac7a617ec86186ac558f5ee19c905df731080d4e06ab935bf81aaff576518,summaries,,
states_beyond_likelihood,1,zymctrl,not_eligible,not on the readout anchor panel,False,,,,,
states_beyond_matched,2,zymctrl,not_eligible,not on the readout anchor panel,False,,,,,
states_beyond_likelihood,1,gpt2,supported,paired readout interval at split seed 20260923,True,results/R2/readout_expansion_20260923/complete/results/external_baseline/20260923123458_7ce327eba51e/readout_expand_analysis_gpt2_common/readout_gpt2_common.json,b3a2fda34474c4505e39f18273dc8e8967171da9dc470d23e9e38a445893facb,summaries,,
states_beyond_matched,2,gpt2,not_detected,paired readout interval at split seed 20260923,True,results/R2/readout_expansion_20260923/complete/results/external_baseline/20260923123458_7ce327eba51e/readout_expand_analysis_gpt2_common/readout_gpt2_common.json,b3a2fda34474c4505e39f18273dc8e8967171da9dc470d23e9e38a445893facb,summaries,,
states_beyond_likelihood,1,gpt2-medium,supported,paired readout interval at split seed 20260923,True,results/R2/readout_expansion_20260923/complete/results/external_baseline/20260923123458_7ce327eba51e/readout_expand_analysis_gpt2_medium_common/readout_gpt2-medium_common.json,3bd4810e6002d84fed19a1f66d0c341740dd0299b86993b09ede9f0e4b1eb16f,summaries,,
states_beyond_matched,2,gpt2-medium,not_detected,paired readout interval at split seed 20260923,True,results/R2/readout_expansion_20260923/complete/results/external_baseline/20260923123458_7ce327eba51e/readout_expand_analysis_gpt2_medium_common/readout_gpt2-medium_common.json,3bd4810e6002d84fed19a1f66d0c341740dd0299b86993b09ede9f0e4b1eb16f,summaries,,
states_beyond_likelihood,1,gpt2-large,supported,paired readout interval at split seed 20260923,True,results/R2/readout_expansion_20260923/complete/results/external_baseline/20260923123458_7ce327eba51e/readout_expand_analysis_gpt2_large_common/readout_gpt2-large_common.json,b068cb061d680e0860e2f07e4d176e0b634a497bd206dd57b161bf6da56bd97e,summaries,,
states_beyond_matched,2,gpt2-large,not_detected,paired readout interval at split seed 20260923,True,results/R2/readout_expansion_20260923/complete/results/external_baseline/20260923123458_7ce327eba51e/readout_expand_analysis_gpt2_large_common/readout_gpt2-large_common.json,b068cb061d680e0860e2f07e4d176e0b634a497bd206dd57b161bf6da56bd97e,summaries,,
states_beyond_likelihood,1,gpt2-xl,supported,paired readout interval at split seed 20260923,True,results/R2/readout_expansion_20260923/complete/results/external_baseline/20260923123458_7ce327eba51e/readout_expand_analysis_gpt2_xl_common/readout_gpt2-xl_common.json,7babb9455869362e4a3e508565eb74fe6187e5a9fca73f3c396e77313781d446,summaries,,
states_beyond_matched,2,gpt2-xl,not_detected,paired readout interval at split seed 20260923,True,results/R2/readout_expansion_20260923/complete/results/external_baseline/20260923123458_7ce327eba51e/readout_expand_analysis_gpt2_xl_common/readout_gpt2-xl_common.json,7babb9455869362e4a3e508565eb74fe6187e5a9fca73f3c396e77313781d446,summaries,,
states_beyond_likelihood,1,dialogpt-small,supported,paired readout interval at split seed 20260923,True,results/R2/readout_expansion_20260923/complete/results/external_baseline/20260923130346_427a4ba992c9/readout_k4_analysis_dialogpt_small_common/readout_dialogpt-small_common.json,4385969bf00c372cc70b154608f2c1580376bdc561f37b1400bf73102f7d0224,summaries,,
states_beyond_matched,2,dialogpt-small,not_detected,paired readout interval at split seed 20260923,True,results/R2/readout_expansion_20260923/complete/results/external_baseline/20260923130346_427a4ba992c9/readout_k4_analysis_dialogpt_small_common/readout_dialogpt-small_common.json,4385969bf00c372cc70b154608f2c1580376bdc561f37b1400bf73102f7d0224,summaries,,
states_beyond_likelihood,1,bygpt5-small-en,supported,paired readout interval at split seed 20260923,True,results/R2/readout_expansion_20260923/complete/results/external_baseline/20260923123458_7ce327eba51e/readout_expand_analysis_bygpt5_small_en_common/readout_bygpt5-small-en_common.json,c60fe5c9f07acf1c3cf3571e2fa7468999c5673cdcc3f1c436317c3ce0b2eea2,summaries,,
states_beyond_matched,2,bygpt5-small-en,not_detected,paired readout interval at split seed 20260923,True,results/R2/readout_expansion_20260923/complete/results/external_baseline/20260923123458_7ce327eba51e/readout_expand_analysis_bygpt5_small_en_common/readout_bygpt5-small-en_common.json,c60fe5c9f07acf1c3cf3571e2fa7468999c5673cdcc3f1c436317c3ce0b2eea2,summaries,,
states_beyond_likelihood,1,bygpt5-base-en,supported,paired readout interval at split seed 20260923,True,results/R2/readout_expansion_20260923/complete/results/external_baseline/20260923123458_7ce327eba51e/readout_expand_analysis_bygpt5_base_en_common/readout_bygpt5-base-en_common.json,4e386403d47516e7fdc6316610327a88dff58065d70e85061c10e8423f8624ed,summaries,,
states_beyond_matched,2,bygpt5-base-en,not_detected,paired readout interval at split seed 20260923,True,results/R2/readout_expansion_20260923/complete/results/external_baseline/20260923123458_7ce327eba51e/readout_expand_analysis_bygpt5_base_en_common/readout_bygpt5-base-en_common.json,4e386403d47516e7fdc6316610327a88dff58065d70e85061c10e8423f8624ed,summaries,,
states_beyond_likelihood,1,bygpt5-medium-en,supported,paired readout interval at split seed 20260923,True,results/R2/readout_expansion_20260923/complete/results/external_baseline/20260923130346_427a4ba992c9/readout_k4_analysis_bygpt5_medium_en_common/readout_bygpt5-medium-en_common.json,d9371fb34d5cdfbf25ec8901f350731c19aee38b9747c18fa1b162e9df3018e2,summaries,,
states_beyond_matched,2,bygpt5-medium-en,not_detected,paired readout interval at split seed 20260923,True,results/R2/readout_expansion_20260923/complete/results/external_baseline/20260923130346_427a4ba992c9/readout_k4_analysis_bygpt5_medium_en_common/readout_bygpt5-medium-en_common.json,d9371fb34d5cdfbf25ec8901f350731c19aee38b9747c18fa1b162e9df3018e2,summaries,,
states_beyond_likelihood,1,qwen2.5-0.5b,supported,paired readout interval at split seed 20260923,True,results/R2/readout_expansion_20260923/complete/results/external_baseline/20260923123458_7ce327eba51e/readout_expand_analysis_qwen2_5_0_5b_common/readout_qwen2.5-0.5b_common.json,3e83bb5b1b4044b330ca34bf39314009c228e2e7abe0fd1b5f02948c4db44d2f,summaries,,
states_beyond_matched,2,qwen2.5-0.5b,not_detected,paired readout interval at split seed 20260923,True,results/R2/readout_expansion_20260923/complete/results/external_baseline/20260923123458_7ce327eba51e/readout_expand_analysis_qwen2_5_0_5b_common/readout_qwen2.5-0.5b_common.json,3e83bb5b1b4044b330ca34bf39314009c228e2e7abe0fd1b5f02948c4db44d2f,summaries,,
states_beyond_likelihood,1,qwen2.5-0.5b-instruct,supported,paired readout interval at split seed 20260923,True,results/R2/readout_expansion_20260923/complete/results/external_baseline/20260923123458_7ce327eba51e/readout_expand_analysis_qwen2_5_0_5b_instruct_common/readout_qwen2.5-0.5b-instruct_common.json,ab1982316c94fe1b570ca2ac7d296d0ede1f100e99a62ed35e682d71ba207a5b,summaries,,
states_beyond_matched,2,qwen2.5-0.5b-instruct,not_detected,paired readout interval at split seed 20260923,True,results/R2/readout_expansion_20260923/complete/results/external_baseline/20260923123458_7ce327eba51e/readout_expand_analysis_qwen2_5_0_5b_instruct_common/readout_qwen2.5-0.5b-instruct_common.json,ab1982316c94fe1b570ca2ac7d296d0ede1f100e99a62ed35e682d71ba207a5b,summaries,,
states_beyond_likelihood,1,qwen2.5-7b,supported,paired readout interval at split seed 20260923,True,results/R2/readout_expansion_20260923/complete/results/external_baseline/20260923130346_427a4ba992c9/readout_retry_analysis_qwen2_5_7b_common/readout_qwen2.5-7b_common.json,65ffefba80f96e9919c93823b2268273f936033be4289f67d0f7c15071400c46,summaries,,
states_beyond_matched,2,qwen2.5-7b,not_detected,paired readout interval at split seed 20260923,True,results/R2/readout_expansion_20260923/complete/results/external_baseline/20260923130346_427a4ba992c9/readout_retry_analysis_qwen2_5_7b_common/readout_qwen2.5-7b_common.json,65ffefba80f96e9919c93823b2268273f936033be4289f67d0f7c15071400c46,summaries,,
states_beyond_likelihood,1,qwen2.5-32b,supported,paired readout interval at split seed 20260923,True,results/R2/readout_expansion_20260923/complete/results/external_baseline/20260923130346_427a4ba992c9/readout_fresh3_analysis_qwen2_5_32b_common/readout_qwen2.5-32b_common.json,9e09039baa637240855ca54e957fb018b729c5fa99aebf83a160c1c49f1ffbb6,summaries,,
states_beyond_matched,2,qwen2.5-32b,not_detected,paired readout interval at split seed 20260923,True,results/R2/readout_expansion_20260923/complete/results/external_baseline/20260923130346_427a4ba992c9/readout_fresh3_analysis_qwen2_5_32b_common/readout_qwen2.5-32b_common.json,9e09039baa637240855ca54e957fb018b729c5fa99aebf83a160c1c49f1ffbb6,summaries,,
states_beyond_likelihood,1,qwen3-8b-base,supported,paired readout interval at split seed 20260923,True,results/R2/readout_expansion_20260923/complete/results/external_baseline/20260923123458_7ce327eba51e/readout_expand_analysis_qwen3_8b_base_common/readout_qwen3-8b-base_common.json,93f8f15d77f79d61698e7013b885b72b03742a09a7793a8e48766942f848e939,summaries,,
states_beyond_matched,2,qwen3-8b-base,not_detected,paired readout interval at split seed 20260923,True,results/R2/readout_expansion_20260923/complete/results/external_baseline/20260923123458_7ce327eba51e/readout_expand_analysis_qwen3_8b_base_common/readout_qwen3-8b-base_common.json,93f8f15d77f79d61698e7013b885b72b03742a09a7793a8e48766942f848e939,summaries,,
states_beyond_likelihood,1,llama-3.2-3b,supported,paired readout interval at split seed 20260923,True,results/R2/readout_expansion_20260923/complete/results/external_baseline/20260923123458_7ce327eba51e/readout_expand_analysis_llama_3_2_3b_common/readout_llama-3.2-3b_common.json,53f2b351fb1ab9c722d339c5bd6329cc4282da1ee772d423dad23d0dab396ef8,summaries,,
states_beyond_matched,2,llama-3.2-3b,not_detected,paired readout interval at split seed 20260923,True,results/R2/readout_expansion_20260923/complete/results/external_baseline/20260923123458_7ce327eba51e/readout_expand_analysis_llama_3_2_3b_common/readout_llama-3.2-3b_common.json,53f2b351fb1ab9c722d339c5bd6329cc4282da1ee772d423dad23d0dab396ef8,summaries,,
likelihood_beyond_local,3,protgpt2,supported,resolved at all three split seeds on the full 33-arm panel,False,,,"full-panel generalizability check, likelihood",archive/docs/R1/gate-local-context.md,360cbef9b717eb567153c3636d1529b8ed307e1b92009adaf31e8e359f3606aa
states_beyond_local,4,protgpt2,unresolved,resolved at all three split seeds on the full 33-arm panel,True,,,"full-panel generalizability check, representation",archive/docs/R1/gate-local-context.md,360cbef9b717eb567153c3636d1529b8ed307e1b92009adaf31e8e359f3606aa
likelihood_beyond_local,3,progen2-small,supported,resolved at all three split seeds on the full 33-arm panel,False,,,"full-panel generalizability check, likelihood",archive/docs/R1/gate-local-context.md,360cbef9b717eb567153c3636d1529b8ed307e1b92009adaf31e8e359f3606aa
states_beyond_local,4,progen2-small,supported,resolved at all three split seeds on the full 33-arm panel,True,,,"full-panel generalizability check, representation",archive/docs/R1/gate-local-context.md,360cbef9b717eb567153c3636d1529b8ed307e1b92009adaf31e8e359f3606aa
likelihood_beyond_local,3,progen2-base,supported,resolved at all three split seeds on the full 33-arm panel,False,,,"full-panel generalizability check, likelihood",archive/docs/R1/gate-local-context.md,360cbef9b717eb567153c3636d1529b8ed307e1b92009adaf31e8e359f3606aa
states_beyond_local,4,progen2-base,supported,resolved at all three split seeds on the full 33-arm panel,True,,,"full-panel generalizability check, representation",archive/docs/R1/gate-local-context.md,360cbef9b717eb567153c3636d1529b8ed307e1b92009adaf31e8e359f3606aa
likelihood_beyond_local,3,progen2-medium,supported,resolved at all three split seeds on the full 33-arm panel,False,,,"full-panel generalizability check, likelihood",archive/docs/R1/gate-local-context.md,360cbef9b717eb567153c3636d1529b8ed307e1b92009adaf31e8e359f3606aa
states_beyond_local,4,progen2-medium,supported,resolved at all three split seeds on the full 33-arm panel,True,,,"full-panel generalizability check, representation",archive/docs/R1/gate-local-context.md,360cbef9b717eb567153c3636d1529b8ed307e1b92009adaf31e8e359f3606aa
likelihood_beyond_local,3,progen2-large,supported,resolved at all three split seeds on the full 33-arm panel,False,,,"full-panel generalizability check, likelihood",archive/docs/R1/gate-local-context.md,360cbef9b717eb567153c3636d1529b8ed307e1b92009adaf31e8e359f3606aa
states_beyond_local,4,progen2-large,supported,resolved at all three split seeds on the full 33-arm panel,True,,,"full-panel generalizability check, representation",archive/docs/R1/gate-local-context.md,360cbef9b717eb567153c3636d1529b8ed307e1b92009adaf31e8e359f3606aa
likelihood_beyond_local,3,progen2-xlarge,supported,resolved at all three split seeds on the full 33-arm panel,False,,,"full-panel generalizability check, likelihood",archive/docs/R1/gate-local-context.md,360cbef9b717eb567153c3636d1529b8ed307e1b92009adaf31e8e359f3606aa
states_beyond_local,4,progen2-xlarge,supported,resolved at all three split seeds on the full 33-arm panel,True,,,"full-panel generalizability check, representation",archive/docs/R1/gate-local-context.md,360cbef9b717eb567153c3636d1529b8ed307e1b92009adaf31e8e359f3606aa
likelihood_beyond_local,3,progen3-112m,supported,resolved at all three split seeds on the full 33-arm panel,False,,,"full-panel generalizability check, likelihood",archive/docs/R1/gate-local-context.md,360cbef9b717eb567153c3636d1529b8ed307e1b92009adaf31e8e359f3606aa
states_beyond_local,4,progen3-112m,supported,resolved at all three split seeds on the full 33-arm panel,True,,,"full-panel generalizability check, representation",archive/docs/R1/gate-local-context.md,360cbef9b717eb567153c3636d1529b8ed307e1b92009adaf31e8e359f3606aa
likelihood_beyond_local,3,progen3-3b,supported,resolved at all three split seeds on the full 33-arm panel,False,,,"full-panel generalizability check, likelihood",archive/docs/R1/gate-local-context.md,360cbef9b717eb567153c3636d1529b8ed307e1b92009adaf31e8e359f3606aa
states_beyond_local,4,progen3-3b,supported,resolved at all three split seeds on the full 33-arm panel,True,,,"full-panel generalizability check, representation",archive/docs/R1/gate-local-context.md,360cbef9b717eb567153c3636d1529b8ed307e1b92009adaf31e8e359f3606aa
likelihood_beyond_local,3,protgpt3-1.3b,supported,resolved at all three split seeds on the full 33-arm panel,False,,,"full-panel generalizability check, likelihood",archive/docs/R1/gate-local-context.md,360cbef9b717eb567153c3636d1529b8ed307e1b92009adaf31e8e359f3606aa
states_beyond_local,4,protgpt3-1.3b,unresolved,resolved at all three split seeds on the full 33-arm panel,True,,,"full-panel generalizability check, representation",archive/docs/R1/gate-local-context.md,360cbef9b717eb567153c3636d1529b8ed307e1b92009adaf31e8e359f3606aa
likelihood_beyond_local,3,rita-xl,supported,resolved at all three split seeds on the full 33-arm panel,False,,,"full-panel generalizability check, likelihood",archive/docs/R1/gate-local-context.md,360cbef9b717eb567153c3636d1529b8ed307e1b92009adaf31e8e359f3606aa
states_beyond_local,4,rita-xl,unresolved,resolved at all three split seeds on the full 33-arm panel,True,,,"full-panel generalizability check, representation",archive/docs/R1/gate-local-context.md,360cbef9b717eb567153c3636d1529b8ed307e1b92009adaf31e8e359f3606aa
likelihood_beyond_local,3,proteinglm-7b-clm,supported,resolved at all three split seeds on the full 33-arm panel,False,,,"full-panel generalizability check, likelihood",archive/docs/R1/gate-local-context.md,360cbef9b717eb567153c3636d1529b8ed307e1b92009adaf31e8e359f3606aa
states_beyond_local,4,proteinglm-7b-clm,supported,resolved at all three split seeds on the full 33-arm panel,True,,,"full-panel generalizability check, representation",archive/docs/R1/gate-local-context.md,360cbef9b717eb567153c3636d1529b8ed307e1b92009adaf31e8e359f3606aa
likelihood_beyond_local,3,galactica-125m,unresolved,resolved at all three split seeds on the full 33-arm panel,False,,,"full-panel generalizability check, likelihood",archive/docs/R1/gate-local-context.md,360cbef9b717eb567153c3636d1529b8ed307e1b92009adaf31e8e359f3606aa
states_beyond_local,4,galactica-125m,unresolved,resolved at all three split seeds on the full 33-arm panel,True,,,"full-panel generalizability check, representation",archive/docs/R1/gate-local-context.md,360cbef9b717eb567153c3636d1529b8ed307e1b92009adaf31e8e359f3606aa
likelihood_beyond_local,3,galactica-1.3b,unresolved,resolved at all three split seeds on the full 33-arm panel,False,,,"full-panel generalizability check, likelihood",archive/docs/R1/gate-local-context.md,360cbef9b717eb567153c3636d1529b8ed307e1b92009adaf31e8e359f3606aa
states_beyond_local,4,galactica-1.3b,unresolved,resolved at all three split seeds on the full 33-arm panel,True,,,"full-panel generalizability check, representation",archive/docs/R1/gate-local-context.md,360cbef9b717eb567153c3636d1529b8ed307e1b92009adaf31e8e359f3606aa
likelihood_beyond_local,3,galactica-6.7b,unresolved,resolved at all three split seeds on the full 33-arm panel,False,,,"full-panel generalizability check, likelihood",archive/docs/R1/gate-local-context.md,360cbef9b717eb567153c3636d1529b8ed307e1b92009adaf31e8e359f3606aa
states_beyond_local,4,galactica-6.7b,unresolved,resolved at all three split seeds on the full 33-arm panel,True,,,"full-panel generalizability check, representation",archive/docs/R1/gate-local-context.md,360cbef9b717eb567153c3636d1529b8ed307e1b92009adaf31e8e359f3606aa
likelihood_beyond_local,3,galactica-30b,unresolved,resolved at all three split seeds on the full 33-arm panel,False,,,"full-panel generalizability check, likelihood",archive/docs/R1/gate-local-context.md,360cbef9b717eb567153c3636d1529b8ed307e1b92009adaf31e8e359f3606aa
states_beyond_local,4,galactica-30b,unresolved,resolved at all three split seeds on the full 33-arm panel,True,,,"full-panel generalizability check, representation",archive/docs/R1/gate-local-context.md,360cbef9b717eb567153c3636d1529b8ed307e1b92009adaf31e8e359f3606aa
likelihood_beyond_local,3,instructprotein,supported,resolved at all three split seeds on the full 33-arm panel,False,,,"full-panel generalizability check, likelihood",archive/docs/R1/gate-local-context.md,360cbef9b717eb567153c3636d1529b8ed307e1b92009adaf31e8e359f3606aa
states_beyond_local,4,instructprotein,unresolved,resolved at all three split seeds on the full 33-arm panel,True,,,"full-panel generalizability check, representation",archive/docs/R1/gate-local-context.md,360cbef9b717eb567153c3636d1529b8ed307e1b92009adaf31e8e359f3606aa
likelihood_beyond_local,3,llama-2-7b,unresolved,resolved at all three split seeds on the full 33-arm panel,False,,,"full-panel generalizability check, likelihood",archive/docs/R1/gate-local-context.md,360cbef9b717eb567153c3636d1529b8ed307e1b92009adaf31e8e359f3606aa
states_beyond_local,4,llama-2-7b,unstated,resolved at all three split seeds on the full 33-arm panel,True,,,"full-panel generalizability check, representation",archive/docs/R1/gate-local-context.md,360cbef9b717eb567153c3636d1529b8ed307e1b92009adaf31e8e359f3606aa
likelihood_beyond_local,3,prollama-stage-1,supported,resolved at all three split seeds on the full 33-arm panel,False,,,"full-panel generalizability check, likelihood",archive/docs/R1/gate-local-context.md,360cbef9b717eb567153c3636d1529b8ed307e1b92009adaf31e8e359f3606aa
states_beyond_local,4,prollama-stage-1,unresolved,resolved at all three split seeds on the full 33-arm panel,True,,,"full-panel generalizability check, representation",archive/docs/R1/gate-local-context.md,360cbef9b717eb567153c3636d1529b8ed307e1b92009adaf31e8e359f3606aa
likelihood_beyond_local,3,prollama,supported,resolved at all three split seeds on the full 33-arm panel,False,,,"full-panel generalizability check, likelihood",archive/docs/R1/gate-local-context.md,360cbef9b717eb567153c3636d1529b8ed307e1b92009adaf31e8e359f3606aa
states_beyond_local,4,prollama,unresolved,resolved at all three split seeds on the full 33-arm panel,True,,,"full-panel generalizability check, representation",archive/docs/R1/gate-local-context.md,360cbef9b717eb567153c3636d1529b8ed307e1b92009adaf31e8e359f3606aa
likelihood_beyond_local,3,zymctrl,not_eligible,the EC-conditioned panel is a different support,False,,,,,
states_beyond_local,4,zymctrl,not_eligible,the EC-conditioned panel is a different support,False,,,,,
likelihood_beyond_local,3,gpt2,unresolved,resolved at all three split seeds on the full 33-arm panel,False,,,"full-panel generalizability check, likelihood",archive/docs/R1/gate-local-context.md,360cbef9b717eb567153c3636d1529b8ed307e1b92009adaf31e8e359f3606aa
states_beyond_local,4,gpt2,unstated,resolved at all three split seeds on the full 33-arm panel,True,,,"full-panel generalizability check, representation",archive/docs/R1/gate-local-context.md,360cbef9b717eb567153c3636d1529b8ed307e1b92009adaf31e8e359f3606aa
likelihood_beyond_local,3,gpt2-medium,unresolved,resolved at all three split seeds on the full 33-arm panel,False,,,"full-panel generalizability check, likelihood",archive/docs/R1/gate-local-context.md,360cbef9b717eb567153c3636d1529b8ed307e1b92009adaf31e8e359f3606aa
states_beyond_local,4,gpt2-medium,unstated,resolved at all three split seeds on the full 33-arm panel,True,,,"full-panel generalizability check, representation",archive/docs/R1/gate-local-context.md,360cbef9b717eb567153c3636d1529b8ed307e1b92009adaf31e8e359f3606aa
likelihood_beyond_local,3,gpt2-large,unresolved,resolved at all three split seeds on the full 33-arm panel,False,,,"full-panel generalizability check, likelihood",archive/docs/R1/gate-local-context.md,360cbef9b717eb567153c3636d1529b8ed307e1b92009adaf31e8e359f3606aa
states_beyond_local,4,gpt2-large,unstated,resolved at all three split seeds on the full 33-arm panel,True,,,"full-panel generalizability check, representation",archive/docs/R1/gate-local-context.md,360cbef9b717eb567153c3636d1529b8ed307e1b92009adaf31e8e359f3606aa
likelihood_beyond_local,3,gpt2-xl,unresolved,resolved at all three split seeds on the full 33-arm panel,False,,,"full-panel generalizability check, likelihood",archive/docs/R1/gate-local-context.md,360cbef9b717eb567153c3636d1529b8ed307e1b92009adaf31e8e359f3606aa
states_beyond_local,4,gpt2-xl,unstated,resolved at all three split seeds on the full 33-arm panel,True,,,"full-panel generalizability check, representation",archive/docs/R1/gate-local-context.md,360cbef9b717eb567153c3636d1529b8ed307e1b92009adaf31e8e359f3606aa
likelihood_beyond_local,3,dialogpt-small,unresolved,resolved at all three split seeds on the full 33-arm panel,False,,,"full-panel generalizability check, likelihood",archive/docs/R1/gate-local-context.md,360cbef9b717eb567153c3636d1529b8ed307e1b92009adaf31e8e359f3606aa
states_beyond_local,4,dialogpt-small,unstated,resolved at all three split seeds on the full 33-arm panel,True,,,"full-panel generalizability check, representation",archive/docs/R1/gate-local-context.md,360cbef9b717eb567153c3636d1529b8ed307e1b92009adaf31e8e359f3606aa
likelihood_beyond_local,3,bygpt5-small-en,unresolved,resolved at all three split seeds on the full 33-arm panel,False,,,"full-panel generalizability check, likelihood",archive/docs/R1/gate-local-context.md,360cbef9b717eb567153c3636d1529b8ed307e1b92009adaf31e8e359f3606aa
states_beyond_local,4,bygpt5-small-en,unstated,resolved at all three split seeds on the full 33-arm panel,True,,,"full-panel generalizability check, representation",archive/docs/R1/gate-local-context.md,360cbef9b717eb567153c3636d1529b8ed307e1b92009adaf31e8e359f3606aa
likelihood_beyond_local,3,bygpt5-base-en,unresolved,resolved at all three split seeds on the full 33-arm panel,False,,,"full-panel generalizability check, likelihood",archive/docs/R1/gate-local-context.md,360cbef9b717eb567153c3636d1529b8ed307e1b92009adaf31e8e359f3606aa
states_beyond_local,4,bygpt5-base-en,unstated,resolved at all three split seeds on the full 33-arm panel,True,,,"full-panel generalizability check, representation",archive/docs/R1/gate-local-context.md,360cbef9b717eb567153c3636d1529b8ed307e1b92009adaf31e8e359f3606aa
likelihood_beyond_local,3,bygpt5-medium-en,unresolved,resolved at all three split seeds on the full 33-arm panel,False,,,"full-panel generalizability check, likelihood",archive/docs/R1/gate-local-context.md,360cbef9b717eb567153c3636d1529b8ed307e1b92009adaf31e8e359f3606aa
states_beyond_local,4,bygpt5-medium-en,unstated,resolved at all three split seeds on the full 33-arm panel,True,,,"full-panel generalizability check, representation",archive/docs/R1/gate-local-context.md,360cbef9b717eb567153c3636d1529b8ed307e1b92009adaf31e8e359f3606aa
likelihood_beyond_local,3,qwen2.5-0.5b,unresolved,resolved at all three split seeds on the full 33-arm panel,False,,,"full-panel generalizability check, likelihood",archive/docs/R1/gate-local-context.md,360cbef9b717eb567153c3636d1529b8ed307e1b92009adaf31e8e359f3606aa
states_beyond_local,4,qwen2.5-0.5b,unstated,resolved at all three split seeds on the full 33-arm panel,True,,,"full-panel generalizability check, representation",archive/docs/R1/gate-local-context.md,360cbef9b717eb567153c3636d1529b8ed307e1b92009adaf31e8e359f3606aa
likelihood_beyond_local,3,qwen2.5-0.5b-instruct,unresolved,resolved at all three split seeds on the full 33-arm panel,False,,,"full-panel generalizability check, likelihood",archive/docs/R1/gate-local-context.md,360cbef9b717eb567153c3636d1529b8ed307e1b92009adaf31e8e359f3606aa
states_beyond_local,4,qwen2.5-0.5b-instruct,unstated,resolved at all three split seeds on the full 33-arm panel,True,,,"full-panel generalizability check, representation",archive/docs/R1/gate-local-context.md,360cbef9b717eb567153c3636d1529b8ed307e1b92009adaf31e8e359f3606aa
likelihood_beyond_local,3,qwen2.5-7b,unresolved,resolved at all three split seeds on the full 33-arm panel,False,,,"full-panel generalizability check, likelihood",archive/docs/R1/gate-local-context.md,360cbef9b717eb567153c3636d1529b8ed307e1b92009adaf31e8e359f3606aa
states_beyond_local,4,qwen2.5-7b,unstated,resolved at all three split seeds on the full 33-arm panel,True,,,"full-panel generalizability check, representation",archive/docs/R1/gate-local-context.md,360cbef9b717eb567153c3636d1529b8ed307e1b92009adaf31e8e359f3606aa
likelihood_beyond_local,3,qwen2.5-32b,unresolved,resolved at all three split seeds on the full 33-arm panel,False,,,"full-panel generalizability check, likelihood",archive/docs/R1/gate-local-context.md,360cbef9b717eb567153c3636d1529b8ed307e1b92009adaf31e8e359f3606aa
states_beyond_local,4,qwen2.5-32b,unresolved,resolved at all three split seeds on the full 33-arm panel,True,,,"full-panel generalizability check, representation",archive/docs/R1/gate-local-context.md,360cbef9b717eb567153c3636d1529b8ed307e1b92009adaf31e8e359f3606aa
likelihood_beyond_local,3,qwen3-8b-base,unresolved,resolved at all three split seeds on the full 33-arm panel,False,,,"full-panel generalizability check, likelihood",archive/docs/R1/gate-local-context.md,360cbef9b717eb567153c3636d1529b8ed307e1b92009adaf31e8e359f3606aa
states_beyond_local,4,qwen3-8b-base,unstated,resolved at all three split seeds on the full 33-arm panel,True,,,"full-panel generalizability check, representation",archive/docs/R1/gate-local-context.md,360cbef9b717eb567153c3636d1529b8ed307e1b92009adaf31e8e359f3606aa
likelihood_beyond_local,3,llama-3.2-3b,unresolved,resolved at all three split seeds on the full 33-arm panel,False,,,"full-panel generalizability check, likelihood",archive/docs/R1/gate-local-context.md,360cbef9b717eb567153c3636d1529b8ed307e1b92009adaf31e8e359f3606aa
states_beyond_local,4,llama-3.2-3b,unstated,resolved at all three split seeds on the full 33-arm panel,True,,,"full-panel generalizability check, representation",archive/docs/R1/gate-local-context.md,360cbef9b717eb567153c3636d1529b8ed307e1b92009adaf31e8e359f3606aa
first_order_nonadditivity,5,protgpt2,unresolved,resolved at all three split seeds,False,archive/logs/R3/pairwise_epistasis_20260924/panel/panel.json,65b5cc3cdf654ed523d97aa6c9e2c540246f3d7f7f8e48571a39419391d43ba0,panel.all.C_G_T_M1|C_G_T.arms.protgpt2,,
pairwise_interaction,6,protgpt2,unresolved,seed-mean33-arm simultaneous band; label-assisted target,False,results/R3/pairwise_residual_full_panel_20260927/panel.json,db512c07bb597829f4214dc09d0a3ae63b39ac6a509e2be75db7484ffc7c5a94,arms.protgpt2,,
first_order_nonadditivity,5,progen2-small,unresolved,resolved at all three split seeds,False,archive/logs/R3/pairwise_epistasis_20260924/panel/panel.json,65b5cc3cdf654ed523d97aa6c9e2c540246f3d7f7f8e48571a39419391d43ba0,panel.all.C_G_T_M1|C_G_T.arms.progen2-small,,
pairwise_interaction,6,progen2-small,unresolved,seed-mean33-arm simultaneous band; label-assisted target,False,results/R3/pairwise_residual_full_panel_20260927/panel.json,db512c07bb597829f4214dc09d0a3ae63b39ac6a509e2be75db7484ffc7c5a94,arms.progen2-small,,
first_order_nonadditivity,5,progen2-base,unresolved,resolved at all three split seeds,False,archive/logs/R3/pairwise_epistasis_20260924/panel/panel.json,65b5cc3cdf654ed523d97aa6c9e2c540246f3d7f7f8e48571a39419391d43ba0,panel.all.C_G_T_M1|C_G_T.arms.progen2-base,,
pairwise_interaction,6,progen2-base,unresolved,seed-mean33-arm simultaneous band; label-assisted target,False,results/R3/pairwise_residual_full_panel_20260927/panel.json,db512c07bb597829f4214dc09d0a3ae63b39ac6a509e2be75db7484ffc7c5a94,arms.progen2-base,,
first_order_nonadditivity,5,progen2-medium,supported,resolved at all three split seeds,False,archive/logs/R3/pairwise_epistasis_20260924/panel/panel.json,65b5cc3cdf654ed523d97aa6c9e2c540246f3d7f7f8e48571a39419391d43ba0,panel.all.C_G_T_M1|C_G_T.arms.progen2-medium,,
pairwise_interaction,6,progen2-medium,unresolved,seed-mean33-arm simultaneous band; label-assisted target,False,results/R3/pairwise_residual_full_panel_20260927/panel.json,db512c07bb597829f4214dc09d0a3ae63b39ac6a509e2be75db7484ffc7c5a94,arms.progen2-medium,,
first_order_nonadditivity,5,progen2-large,supported,resolved at all three split seeds,False,archive/logs/R3/pairwise_epistasis_20260924/panel/panel.json,65b5cc3cdf654ed523d97aa6c9e2c540246f3d7f7f8e48571a39419391d43ba0,panel.all.C_G_T_M1|C_G_T.arms.progen2-large,,
pairwise_interaction,6,progen2-large,unresolved,seed-mean33-arm simultaneous band; label-assisted target,False,results/R3/pairwise_residual_full_panel_20260927/panel.json,db512c07bb597829f4214dc09d0a3ae63b39ac6a509e2be75db7484ffc7c5a94,arms.progen2-large,,
first_order_nonadditivity,5,progen2-xlarge,supported,resolved at all three split seeds,False,archive/logs/R3/pairwise_epistasis_20260924/panel/panel.json,65b5cc3cdf654ed523d97aa6c9e2c540246f3d7f7f8e48571a39419391d43ba0,panel.all.C_G_T_M1|C_G_T.arms.progen2-xlarge,,
pairwise_interaction,6,progen2-xlarge,unresolved,seed-mean33-arm simultaneous band; label-assisted target,False,results/R3/pairwise_residual_full_panel_20260927/panel.json,db512c07bb597829f4214dc09d0a3ae63b39ac6a509e2be75db7484ffc7c5a94,arms.progen2-xlarge,,
first_order_nonadditivity,5,progen3-112m,unresolved,resolved at all three split seeds,False,archive/logs/R3/pairwise_epistasis_20260924/panel/panel.json,65b5cc3cdf654ed523d97aa6c9e2c540246f3d7f7f8e48571a39419391d43ba0,panel.all.C_G_T_M1|C_G_T.arms.progen3-112m,,
pairwise_interaction,6,progen3-112m,unresolved,seed-mean33-arm simultaneous band; label-assisted target,False,results/R3/pairwise_residual_full_panel_20260927/panel.json,db512c07bb597829f4214dc09d0a3ae63b39ac6a509e2be75db7484ffc7c5a94,arms.progen3-112m,,
first_order_nonadditivity,5,progen3-3b,supported,resolved at all three split seeds,False,archive/logs/R3/pairwise_epistasis_20260924/panel/panel.json,65b5cc3cdf654ed523d97aa6c9e2c540246f3d7f7f8e48571a39419391d43ba0,panel.all.C_G_T_M1|C_G_T.arms.progen3-3b,,
pairwise_interaction,6,progen3-3b,unresolved,seed-mean33-arm simultaneous band; label-assisted target,False,results/R3/pairwise_residual_full_panel_20260927/panel.json,db512c07bb597829f4214dc09d0a3ae63b39ac6a509e2be75db7484ffc7c5a94,arms.progen3-3b,,
first_order_nonadditivity,5,protgpt3-1.3b,unresolved,resolved at all three split seeds,False,archive/logs/R3/pairwise_epistasis_20260924/panel/panel.json,65b5cc3cdf654ed523d97aa6c9e2c540246f3d7f7f8e48571a39419391d43ba0,panel.all.C_G_T_M1|C_G_T.arms.protgpt3-1.3b,,
pairwise_interaction,6,protgpt3-1.3b,unresolved,seed-mean33-arm simultaneous band; label-assisted target,False,results/R3/pairwise_residual_full_panel_20260927/panel.json,db512c07bb597829f4214dc09d0a3ae63b39ac6a509e2be75db7484ffc7c5a94,arms.protgpt3-1.3b,,
first_order_nonadditivity,5,rita-xl,unresolved,resolved at all three split seeds,False,archive/logs/R3/pairwise_epistasis_20260924/panel/panel.json,65b5cc3cdf654ed523d97aa6c9e2c540246f3d7f7f8e48571a39419391d43ba0,panel.all.C_G_T_M1|C_G_T.arms.rita-xl,,
pairwise_interaction,6,rita-xl,unresolved,seed-mean33-arm simultaneous band; label-assisted target,False,results/R3/pairwise_residual_full_panel_20260927/panel.json,db512c07bb597829f4214dc09d0a3ae63b39ac6a509e2be75db7484ffc7c5a94,arms.rita-xl,,
first_order_nonadditivity,5,proteinglm-7b-clm,supported,resolved at all three split seeds,False,archive/logs/R3/pairwise_epistasis_20260924/panel/panel.json,65b5cc3cdf654ed523d97aa6c9e2c540246f3d7f7f8e48571a39419391d43ba0,panel.all.C_G_T_M1|C_G_T.arms.proteinglm-7b-clm,,
pairwise_interaction,6,proteinglm-7b-clm,unresolved,seed-mean33-arm simultaneous band; label-assisted target,False,results/R3/pairwise_residual_full_panel_20260927/panel.json,db512c07bb597829f4214dc09d0a3ae63b39ac6a509e2be75db7484ffc7c5a94,arms.proteinglm-7b-clm,,
first_order_nonadditivity,5,galactica-125m,unresolved,resolved at all three split seeds,False,archive/logs/R3/pairwise_epistasis_20260924/panel/panel.json,65b5cc3cdf654ed523d97aa6c9e2c540246f3d7f7f8e48571a39419391d43ba0,panel.all.C_G_T_M1|C_G_T.arms.galactica-125m,,
pairwise_interaction,6,galactica-125m,unresolved,seed-mean33-arm simultaneous band; label-assisted target,False,results/R3/pairwise_residual_full_panel_20260927/panel.json,db512c07bb597829f4214dc09d0a3ae63b39ac6a509e2be75db7484ffc7c5a94,arms.galactica-125m,,
first_order_nonadditivity,5,galactica-1.3b,unresolved,resolved at all three split seeds,False,archive/logs/R3/pairwise_epistasis_20260924/panel/panel.json,65b5cc3cdf654ed523d97aa6c9e2c540246f3d7f7f8e48571a39419391d43ba0,panel.all.C_G_T_M1|C_G_T.arms.galactica-1.3b,,
pairwise_interaction,6,galactica-1.3b,unresolved,seed-mean33-arm simultaneous band; label-assisted target,False,results/R3/pairwise_residual_full_panel_20260927/panel.json,db512c07bb597829f4214dc09d0a3ae63b39ac6a509e2be75db7484ffc7c5a94,arms.galactica-1.3b,,
first_order_nonadditivity,5,galactica-6.7b,unresolved,resolved at all three split seeds,False,archive/logs/R3/pairwise_epistasis_20260924/panel/panel.json,65b5cc3cdf654ed523d97aa6c9e2c540246f3d7f7f8e48571a39419391d43ba0,panel.all.C_G_T_M1|C_G_T.arms.galactica-6.7b,,
pairwise_interaction,6,galactica-6.7b,unresolved,seed-mean33-arm simultaneous band; label-assisted target,False,results/R3/pairwise_residual_full_panel_20260927/panel.json,db512c07bb597829f4214dc09d0a3ae63b39ac6a509e2be75db7484ffc7c5a94,arms.galactica-6.7b,,
first_order_nonadditivity,5,galactica-30b,unresolved,resolved at all three split seeds,False,archive/logs/R3/pairwise_epistasis_20260924/panel/panel.json,65b5cc3cdf654ed523d97aa6c9e2c540246f3d7f7f8e48571a39419391d43ba0,panel.all.C_G_T_M1|C_G_T.arms.galactica-30b,,
pairwise_interaction,6,galactica-30b,unresolved,seed-mean33-arm simultaneous band; label-assisted target,False,results/R3/pairwise_residual_full_panel_20260927/panel.json,db512c07bb597829f4214dc09d0a3ae63b39ac6a509e2be75db7484ffc7c5a94,arms.galactica-30b,,
first_order_nonadditivity,5,instructprotein,unresolved,resolved at all three split seeds,False,archive/logs/R3/pairwise_epistasis_20260924/panel/panel.json,65b5cc3cdf654ed523d97aa6c9e2c540246f3d7f7f8e48571a39419391d43ba0,panel.all.C_G_T_M1|C_G_T.arms.instructprotein,,
pairwise_interaction,6,instructprotein,unresolved,seed-mean33-arm simultaneous band; label-assisted target,False,results/R3/pairwise_residual_full_panel_20260927/panel.json,db512c07bb597829f4214dc09d0a3ae63b39ac6a509e2be75db7484ffc7c5a94,arms.instructprotein,,
first_order_nonadditivity,5,llama-2-7b,unresolved,resolved at all three split seeds,False,archive/logs/R3/pairwise_epistasis_20260924/panel/panel.json,65b5cc3cdf654ed523d97aa6c9e2c540246f3d7f7f8e48571a39419391d43ba0,panel.all.C_G_T_M1|C_G_T.arms.llama-2-7b,,
pairwise_interaction,6,llama-2-7b,unresolved,seed-mean33-arm simultaneous band; label-assisted target,False,results/R3/pairwise_residual_full_panel_20260927/panel.json,db512c07bb597829f4214dc09d0a3ae63b39ac6a509e2be75db7484ffc7c5a94,arms.llama-2-7b,,
first_order_nonadditivity,5,prollama-stage-1,unresolved,resolved at all three split seeds,False,archive/logs/R3/pairwise_epistasis_20260924/panel/panel.json,65b5cc3cdf654ed523d97aa6c9e2c540246f3d7f7f8e48571a39419391d43ba0,panel.all.C_G_T_M1|C_G_T.arms.prollama-stage-1,,
pairwise_interaction,6,prollama-stage-1,unresolved,seed-mean33-arm simultaneous band; label-assisted target,False,results/R3/pairwise_residual_full_panel_20260927/panel.json,db512c07bb597829f4214dc09d0a3ae63b39ac6a509e2be75db7484ffc7c5a94,arms.prollama-stage-1,,
first_order_nonadditivity,5,prollama,unresolved,resolved at all three split seeds,False,archive/logs/R3/pairwise_epistasis_20260924/panel/panel.json,65b5cc3cdf654ed523d97aa6c9e2c540246f3d7f7f8e48571a39419391d43ba0,panel.all.C_G_T_M1|C_G_T.arms.prollama,,
pairwise_interaction,6,prollama,unresolved,seed-mean33-arm simultaneous band; label-assisted target,False,results/R3/pairwise_residual_full_panel_20260927/panel.json,db512c07bb597829f4214dc09d0a3ae63b39ac6a509e2be75db7484ffc7c5a94,arms.prollama,,
first_order_nonadditivity,5,zymctrl,not_eligible,not on the pre-declared 33-arm interaction panel,False,,,,,
pairwise_interaction,6,zymctrl,not_eligible,not on the pre-declared 33-arm interaction panel,False,,,,,
first_order_nonadditivity,5,gpt2,unresolved,resolved at all three split seeds,False,archive/logs/R3/pairwise_epistasis_20260924/panel/panel.json,65b5cc3cdf654ed523d97aa6c9e2c540246f3d7f7f8e48571a39419391d43ba0,panel.all.C_G_T_M1|C_G_T.arms.gpt2,,
pairwise_interaction,6,gpt2,unresolved,seed-mean33-arm simultaneous band; label-assisted target,False,results/R3/pairwise_residual_full_panel_20260927/panel.json,db512c07bb597829f4214dc09d0a3ae63b39ac6a509e2be75db7484ffc7c5a94,arms.gpt2,,
first_order_nonadditivity,5,gpt2-medium,unresolved,resolved at all three split seeds,False,archive/logs/R3/pairwise_epistasis_20260924/panel/panel.json,65b5cc3cdf654ed523d97aa6c9e2c540246f3d7f7f8e48571a39419391d43ba0,panel.all.C_G_T_M1|C_G_T.arms.gpt2-medium,,
pairwise_interaction,6,gpt2-medium,unresolved,seed-mean33-arm simultaneous band; label-assisted target,False,results/R3/pairwise_residual_full_panel_20260927/panel.json,db512c07bb597829f4214dc09d0a3ae63b39ac6a509e2be75db7484ffc7c5a94,arms.gpt2-medium,,
first_order_nonadditivity,5,gpt2-large,unresolved,resolved at all three split seeds,False,archive/logs/R3/pairwise_epistasis_20260924/panel/panel.json,65b5cc3cdf654ed523d97aa6c9e2c540246f3d7f7f8e48571a39419391d43ba0,panel.all.C_G_T_M1|C_G_T.arms.gpt2-large,,
pairwise_interaction,6,gpt2-large,unresolved,seed-mean33-arm simultaneous band; label-assisted target,False,results/R3/pairwise_residual_full_panel_20260927/panel.json,db512c07bb597829f4214dc09d0a3ae63b39ac6a509e2be75db7484ffc7c5a94,arms.gpt2-large,,
first_order_nonadditivity,5,gpt2-xl,unresolved,resolved at all three split seeds,False,archive/logs/R3/pairwise_epistasis_20260924/panel/panel.json,65b5cc3cdf654ed523d97aa6c9e2c540246f3d7f7f8e48571a39419391d43ba0,panel.all.C_G_T_M1|C_G_T.arms.gpt2-xl,,
pairwise_interaction,6,gpt2-xl,unresolved,seed-mean33-arm simultaneous band; label-assisted target,False,results/R3/pairwise_residual_full_panel_20260927/panel.json,db512c07bb597829f4214dc09d0a3ae63b39ac6a509e2be75db7484ffc7c5a94,arms.gpt2-xl,,
first_order_nonadditivity,5,dialogpt-small,unresolved,resolved at all three split seeds,False,archive/logs/R3/pairwise_epistasis_20260924/panel/panel.json,65b5cc3cdf654ed523d97aa6c9e2c540246f3d7f7f8e48571a39419391d43ba0,panel.all.C_G_T_M1|C_G_T.arms.dialogpt-small,,
pairwise_interaction,6,dialogpt-small,unresolved,seed-mean33-arm simultaneous band; label-assisted target,False,results/R3/pairwise_residual_full_panel_20260927/panel.json,db512c07bb597829f4214dc09d0a3ae63b39ac6a509e2be75db7484ffc7c5a94,arms.dialogpt-small,,
first_order_nonadditivity,5,bygpt5-small-en,unresolved,resolved at all three split seeds,False,archive/logs/R3/pairwise_epistasis_20260924/panel/panel.json,65b5cc3cdf654ed523d97aa6c9e2c540246f3d7f7f8e48571a39419391d43ba0,panel.all.C_G_T_M1|C_G_T.arms.bygpt5-small-en,,
pairwise_interaction,6,bygpt5-small-en,unresolved,seed-mean33-arm simultaneous band; label-assisted target,False,results/R3/pairwise_residual_full_panel_20260927/panel.json,db512c07bb597829f4214dc09d0a3ae63b39ac6a509e2be75db7484ffc7c5a94,arms.bygpt5-small-en,,
first_order_nonadditivity,5,bygpt5-base-en,unresolved,resolved at all three split seeds,False,archive/logs/R3/pairwise_epistasis_20260924/panel/panel.json,65b5cc3cdf654ed523d97aa6c9e2c540246f3d7f7f8e48571a39419391d43ba0,panel.all.C_G_T_M1|C_G_T.arms.bygpt5-base-en,,
pairwise_interaction,6,bygpt5-base-en,unresolved,seed-mean33-arm simultaneous band; label-assisted target,False,results/R3/pairwise_residual_full_panel_20260927/panel.json,db512c07bb597829f4214dc09d0a3ae63b39ac6a509e2be75db7484ffc7c5a94,arms.bygpt5-base-en,,
first_order_nonadditivity,5,bygpt5-medium-en,unresolved,resolved at all three split seeds,False,archive/logs/R3/pairwise_epistasis_20260924/panel/panel.json,65b5cc3cdf654ed523d97aa6c9e2c540246f3d7f7f8e48571a39419391d43ba0,panel.all.C_G_T_M1|C_G_T.arms.bygpt5-medium-en,,
pairwise_interaction,6,bygpt5-medium-en,unresolved,seed-mean33-arm simultaneous band; label-assisted target,False,results/R3/pairwise_residual_full_panel_20260927/panel.json,db512c07bb597829f4214dc09d0a3ae63b39ac6a509e2be75db7484ffc7c5a94,arms.bygpt5-medium-en,,
first_order_nonadditivity,5,qwen2.5-0.5b,unresolved,resolved at all three split seeds,False,archive/logs/R3/pairwise_epistasis_20260924/panel/panel.json,65b5cc3cdf654ed523d97aa6c9e2c540246f3d7f7f8e48571a39419391d43ba0,panel.all.C_G_T_M1|C_G_T.arms.qwen2.5-0.5b,,
pairwise_interaction,6,qwen2.5-0.5b,unresolved,seed-mean33-arm simultaneous band; label-assisted target,False,results/R3/pairwise_residual_full_panel_20260927/panel.json,db512c07bb597829f4214dc09d0a3ae63b39ac6a509e2be75db7484ffc7c5a94,arms.qwen2.5-0.5b,,
first_order_nonadditivity,5,qwen2.5-0.5b-instruct,not_detected,resolved at all three split seeds,False,archive/logs/R3/pairwise_epistasis_20260924/panel/panel.json,65b5cc3cdf654ed523d97aa6c9e2c540246f3d7f7f8e48571a39419391d43ba0,panel.all.C_G_T_M1|C_G_T.arms.qwen2.5-0.5b-instruct,,
pairwise_interaction,6,qwen2.5-0.5b-instruct,unresolved,seed-mean33-arm simultaneous band; label-assisted target,False,results/R3/pairwise_residual_full_panel_20260927/panel.json,db512c07bb597829f4214dc09d0a3ae63b39ac6a509e2be75db7484ffc7c5a94,arms.qwen2.5-0.5b-instruct,,
first_order_nonadditivity,5,qwen2.5-7b,unresolved,resolved at all three split seeds,False,archive/logs/R3/pairwise_epistasis_20260924/panel/panel.json,65b5cc3cdf654ed523d97aa6c9e2c540246f3d7f7f8e48571a39419391d43ba0,panel.all.C_G_T_M1|C_G_T.arms.qwen2.5-7b,,
pairwise_interaction,6,qwen2.5-7b,unresolved,seed-mean33-arm simultaneous band; label-assisted target,False,results/R3/pairwise_residual_full_panel_20260927/panel.json,db512c07bb597829f4214dc09d0a3ae63b39ac6a509e2be75db7484ffc7c5a94,arms.qwen2.5-7b,,
first_order_nonadditivity,5,qwen2.5-32b,unresolved,resolved at all three split seeds,False,archive/logs/R3/pairwise_epistasis_20260924/panel/panel.json,65b5cc3cdf654ed523d97aa6c9e2c540246f3d7f7f8e48571a39419391d43ba0,panel.all.C_G_T_M1|C_G_T.arms.qwen2.5-32b,,
pairwise_interaction,6,qwen2.5-32b,unresolved,seed-mean33-arm simultaneous band; label-assisted target,False,results/R3/pairwise_residual_full_panel_20260927/panel.json,db512c07bb597829f4214dc09d0a3ae63b39ac6a509e2be75db7484ffc7c5a94,arms.qwen2.5-32b,,
first_order_nonadditivity,5,qwen3-8b-base,unresolved,resolved at all three split seeds,False,archive/logs/R3/pairwise_epistasis_20260924/panel/panel.json,65b5cc3cdf654ed523d97aa6c9e2c540246f3d7f7f8e48571a39419391d43ba0,panel.all.C_G_T_M1|C_G_T.arms.qwen3-8b-base,,
pairwise_interaction,6,qwen3-8b-base,unresolved,seed-mean33-arm simultaneous band; label-assisted target,False,results/R3/pairwise_residual_full_panel_20260927/panel.json,db512c07bb597829f4214dc09d0a3ae63b39ac6a509e2be75db7484ffc7c5a94,arms.qwen3-8b-base,,
first_order_nonadditivity,5,llama-3.2-3b,unresolved,resolved at all three split seeds,False,archive/logs/R3/pairwise_epistasis_20260924/panel/panel.json,65b5cc3cdf654ed523d97aa6c9e2c540246f3d7f7f8e48571a39419391d43ba0,panel.all.C_G_T_M1|C_G_T.arms.llama-3.2-3b,,
pairwise_interaction,6,llama-3.2-3b,unresolved,seed-mean33-arm simultaneous band; label-assisted target,False,results/R3/pairwise_residual_full_panel_20260927/panel.json,db512c07bb597829f4214dc09d0a3ae63b39ac6a509e2be75db7484ffc7c5a94,arms.llama-3.2-3b,,
higher_order,7,protgpt2,measurement_limited,"the endpoint sits below its own noise floor, so no model quantity was read",False,,,gate verdict,archive/docs/R3/gate-higher-order-extended.md,e1862ae7af97cc7c2099b547d993920a50dac20674675c56165f54198b4c2d00
higher_order,7,progen2-small,measurement_limited,"the endpoint sits below its own noise floor, so no model quantity was read",False,,,gate verdict,archive/docs/R3/gate-higher-order-extended.md,e1862ae7af97cc7c2099b547d993920a50dac20674675c56165f54198b4c2d00
higher_order,7,progen2-base,measurement_limited,"the endpoint sits below its own noise floor, so no model quantity was read",False,,,gate verdict,archive/docs/R3/gate-higher-order-extended.md,e1862ae7af97cc7c2099b547d993920a50dac20674675c56165f54198b4c2d00
higher_order,7,progen2-medium,measurement_limited,"the endpoint sits below its own noise floor, so no model quantity was read",False,,,gate verdict,archive/docs/R3/gate-higher-order-extended.md,e1862ae7af97cc7c2099b547d993920a50dac20674675c56165f54198b4c2d00
higher_order,7,progen2-large,measurement_limited,"the endpoint sits below its own noise floor, so no model quantity was read",False,,,gate verdict,archive/docs/R3/gate-higher-order-extended.md,e1862ae7af97cc7c2099b547d993920a50dac20674675c56165f54198b4c2d00
higher_order,7,progen2-xlarge,measurement_limited,"the endpoint sits below its own noise floor, so no model quantity was read",False,,,gate verdict,archive/docs/R3/gate-higher-order-extended.md,e1862ae7af97cc7c2099b547d993920a50dac20674675c56165f54198b4c2d00
higher_order,7,progen3-112m,measurement_limited,"the endpoint sits below its own noise floor, so no model quantity was read",False,,,gate verdict,archive/docs/R3/gate-higher-order-extended.md,e1862ae7af97cc7c2099b547d993920a50dac20674675c56165f54198b4c2d00
higher_order,7,progen3-3b,measurement_limited,"the endpoint sits below its own noise floor, so no model quantity was read",False,,,gate verdict,archive/docs/R3/gate-higher-order-extended.md,e1862ae7af97cc7c2099b547d993920a50dac20674675c56165f54198b4c2d00
higher_order,7,protgpt3-1.3b,measurement_limited,"the endpoint sits below its own noise floor, so no model quantity was read",False,,,gate verdict,archive/docs/R3/gate-higher-order-extended.md,e1862ae7af97cc7c2099b547d993920a50dac20674675c56165f54198b4c2d00
higher_order,7,rita-xl,measurement_limited,"the endpoint sits below its own noise floor, so no model quantity was read",False,,,gate verdict,archive/docs/R3/gate-higher-order-extended.md,e1862ae7af97cc7c2099b547d993920a50dac20674675c56165f54198b4c2d00
higher_order,7,proteinglm-7b-clm,measurement_limited,"the endpoint sits below its own noise floor, so no model quantity was read",False,,,gate verdict,archive/docs/R3/gate-higher-order-extended.md,e1862ae7af97cc7c2099b547d993920a50dac20674675c56165f54198b4c2d00
higher_order,7,galactica-125m,measurement_limited,"the endpoint sits below its own noise floor, so no model quantity was read",False,,,gate verdict,archive/docs/R3/gate-higher-order-extended.md,e1862ae7af97cc7c2099b547d993920a50dac20674675c56165f54198b4c2d00
higher_order,7,galactica-1.3b,measurement_limited,"the endpoint sits below its own noise floor, so no model quantity was read",False,,,gate verdict,archive/docs/R3/gate-higher-order-extended.md,e1862ae7af97cc7c2099b547d993920a50dac20674675c56165f54198b4c2d00
higher_order,7,galactica-6.7b,measurement_limited,"the endpoint sits below its own noise floor, so no model quantity was read",False,,,gate verdict,archive/docs/R3/gate-higher-order-extended.md,e1862ae7af97cc7c2099b547d993920a50dac20674675c56165f54198b4c2d00
higher_order,7,galactica-30b,measurement_limited,"the endpoint sits below its own noise floor, so no model quantity was read",False,,,gate verdict,archive/docs/R3/gate-higher-order-extended.md,e1862ae7af97cc7c2099b547d993920a50dac20674675c56165f54198b4c2d00
higher_order,7,instructprotein,measurement_limited,"the endpoint sits below its own noise floor, so no model quantity was read",False,,,gate verdict,archive/docs/R3/gate-higher-order-extended.md,e1862ae7af97cc7c2099b547d993920a50dac20674675c56165f54198b4c2d00
higher_order,7,llama-2-7b,measurement_limited,"the endpoint sits below its own noise floor, so no model quantity was read",False,,,gate verdict,archive/docs/R3/gate-higher-order-extended.md,e1862ae7af97cc7c2099b547d993920a50dac20674675c56165f54198b4c2d00
higher_order,7,prollama-stage-1,measurement_limited,"the endpoint sits below its own noise floor, so no model quantity was read",False,,,gate verdict,archive/docs/R3/gate-higher-order-extended.md,e1862ae7af97cc7c2099b547d993920a50dac20674675c56165f54198b4c2d00
higher_order,7,prollama,measurement_limited,"the endpoint sits below its own noise floor, so no model quantity was read",False,,,gate verdict,archive/docs/R3/gate-higher-order-extended.md,e1862ae7af97cc7c2099b547d993920a50dac20674675c56165f54198b4c2d00
higher_order,7,zymctrl,measurement_limited,"the endpoint sits below its own noise floor, so no model quantity was read",False,,,gate verdict,archive/docs/R3/gate-higher-order-extended.md,e1862ae7af97cc7c2099b547d993920a50dac20674675c56165f54198b4c2d00
higher_order,7,gpt2,measurement_limited,"the endpoint sits below its own noise floor, so no model quantity was read",False,,,gate verdict,archive/docs/R3/gate-higher-order-extended.md,e1862ae7af97cc7c2099b547d993920a50dac20674675c56165f54198b4c2d00
higher_order,7,gpt2-medium,measurement_limited,"the endpoint sits below its own noise floor, so no model quantity was read",False,,,gate verdict,archive/docs/R3/gate-higher-order-extended.md,e1862ae7af97cc7c2099b547d993920a50dac20674675c56165f54198b4c2d00
higher_order,7,gpt2-large,measurement_limited,"the endpoint sits below its own noise floor, so no model quantity was read",False,,,gate verdict,archive/docs/R3/gate-higher-order-extended.md,e1862ae7af97cc7c2099b547d993920a50dac20674675c56165f54198b4c2d00
higher_order,7,gpt2-xl,measurement_limited,"the endpoint sits below its own noise floor, so no model quantity was read",False,,,gate verdict,archive/docs/R3/gate-higher-order-extended.md,e1862ae7af97cc7c2099b547d993920a50dac20674675c56165f54198b4c2d00
higher_order,7,dialogpt-small,measurement_limited,"the endpoint sits below its own noise floor, so no model quantity was read",False,,,gate verdict,archive/docs/R3/gate-higher-order-extended.md,e1862ae7af97cc7c2099b547d993920a50dac20674675c56165f54198b4c2d00
higher_order,7,bygpt5-small-en,measurement_limited,"the endpoint sits below its own noise floor, so no model quantity was read",False,,,gate verdict,archive/docs/R3/gate-higher-order-extended.md,e1862ae7af97cc7c2099b547d993920a50dac20674675c56165f54198b4c2d00
higher_order,7,bygpt5-base-en,measurement_limited,"the endpoint sits below its own noise floor, so no model quantity was read",False,,,gate verdict,archive/docs/R3/gate-higher-order-extended.md,e1862ae7af97cc7c2099b547d993920a50dac20674675c56165f54198b4c2d00
higher_order,7,bygpt5-medium-en,measurement_limited,"the endpoint sits below its own noise floor, so no model quantity was read",False,,,gate verdict,archive/docs/R3/gate-higher-order-extended.md,e1862ae7af97cc7c2099b547d993920a50dac20674675c56165f54198b4c2d00
higher_order,7,qwen2.5-0.5b,measurement_limited,"the endpoint sits below its own noise floor, so no model quantity was read",False,,,gate verdict,archive/docs/R3/gate-higher-order-extended.md,e1862ae7af97cc7c2099b547d993920a50dac20674675c56165f54198b4c2d00
higher_order,7,qwen2.5-0.5b-instruct,measurement_limited,"the endpoint sits below its own noise floor, so no model quantity was read",False,,,gate verdict,archive/docs/R3/gate-higher-order-extended.md,e1862ae7af97cc7c2099b547d993920a50dac20674675c56165f54198b4c2d00
higher_order,7,qwen2.5-7b,measurement_limited,"the endpoint sits below its own noise floor, so no model quantity was read",False,,,gate verdict,archive/docs/R3/gate-higher-order-extended.md,e1862ae7af97cc7c2099b547d993920a50dac20674675c56165f54198b4c2d00
higher_order,7,qwen2.5-32b,measurement_limited,"the endpoint sits below its own noise floor, so no model quantity was read",False,,,gate verdict,archive/docs/R3/gate-higher-order-extended.md,e1862ae7af97cc7c2099b547d993920a50dac20674675c56165f54198b4c2d00
higher_order,7,qwen3-8b-base,measurement_limited,"the endpoint sits below its own noise floor, so no model quantity was read",False,,,gate verdict,archive/docs/R3/gate-higher-order-extended.md,e1862ae7af97cc7c2099b547d993920a50dac20674675c56165f54198b4c2d00
higher_order,7,llama-3.2-3b,measurement_limited,"the endpoint sits below its own noise floor, so no model quantity was read",False,,,gate verdict,archive/docs/R3/gate-higher-order-extended.md,e1862ae7af97cc7c2099b547d993920a50dac20674675c56165f54198b4c2d00
structural_contact,8,protgpt2,measurement_limited,"the contrast does not resolve on its control side, so no model quantity was read",False,,,gate verdict,archive/docs/R3/gate-structure-contact.md,3b35cc5e5ea626a70eb125a030d8cff2843f22fce609e3fb55f57be64eaa98ad
structural_contact,8,progen2-small,measurement_limited,"the contrast does not resolve on its control side, so no model quantity was read",False,,,gate verdict,archive/docs/R3/gate-structure-contact.md,3b35cc5e5ea626a70eb125a030d8cff2843f22fce609e3fb55f57be64eaa98ad
structural_contact,8,progen2-base,measurement_limited,"the contrast does not resolve on its control side, so no model quantity was read",False,,,gate verdict,archive/docs/R3/gate-structure-contact.md,3b35cc5e5ea626a70eb125a030d8cff2843f22fce609e3fb55f57be64eaa98ad
structural_contact,8,progen2-medium,measurement_limited,"the contrast does not resolve on its control side, so no model quantity was read",False,,,gate verdict,archive/docs/R3/gate-structure-contact.md,3b35cc5e5ea626a70eb125a030d8cff2843f22fce609e3fb55f57be64eaa98ad
structural_contact,8,progen2-large,measurement_limited,"the contrast does not resolve on its control side, so no model quantity was read",False,,,gate verdict,archive/docs/R3/gate-structure-contact.md,3b35cc5e5ea626a70eb125a030d8cff2843f22fce609e3fb55f57be64eaa98ad
structural_contact,8,progen2-xlarge,measurement_limited,"the contrast does not resolve on its control side, so no model quantity was read",False,,,gate verdict,archive/docs/R3/gate-structure-contact.md,3b35cc5e5ea626a70eb125a030d8cff2843f22fce609e3fb55f57be64eaa98ad
structural_contact,8,progen3-112m,measurement_limited,"the contrast does not resolve on its control side, so no model quantity was read",False,,,gate verdict,archive/docs/R3/gate-structure-contact.md,3b35cc5e5ea626a70eb125a030d8cff2843f22fce609e3fb55f57be64eaa98ad
structural_contact,8,progen3-3b,measurement_limited,"the contrast does not resolve on its control side, so no model quantity was read",False,,,gate verdict,archive/docs/R3/gate-structure-contact.md,3b35cc5e5ea626a70eb125a030d8cff2843f22fce609e3fb55f57be64eaa98ad
structural_contact,8,protgpt3-1.3b,measurement_limited,"the contrast does not resolve on its control side, so no model quantity was read",False,,,gate verdict,archive/docs/R3/gate-structure-contact.md,3b35cc5e5ea626a70eb125a030d8cff2843f22fce609e3fb55f57be64eaa98ad
structural_contact,8,rita-xl,measurement_limited,"the contrast does not resolve on its control side, so no model quantity was read",False,,,gate verdict,archive/docs/R3/gate-structure-contact.md,3b35cc5e5ea626a70eb125a030d8cff2843f22fce609e3fb55f57be64eaa98ad
structural_contact,8,proteinglm-7b-clm,measurement_limited,"the contrast does not resolve on its control side, so no model quantity was read",False,,,gate verdict,archive/docs/R3/gate-structure-contact.md,3b35cc5e5ea626a70eb125a030d8cff2843f22fce609e3fb55f57be64eaa98ad
structural_contact,8,galactica-125m,measurement_limited,"the contrast does not resolve on its control side, so no model quantity was read",False,,,gate verdict,archive/docs/R3/gate-structure-contact.md,3b35cc5e5ea626a70eb125a030d8cff2843f22fce609e3fb55f57be64eaa98ad
structural_contact,8,galactica-1.3b,measurement_limited,"the contrast does not resolve on its control side, so no model quantity was read",False,,,gate verdict,archive/docs/R3/gate-structure-contact.md,3b35cc5e5ea626a70eb125a030d8cff2843f22fce609e3fb55f57be64eaa98ad
structural_contact,8,galactica-6.7b,measurement_limited,"the contrast does not resolve on its control side, so no model quantity was read",False,,,gate verdict,archive/docs/R3/gate-structure-contact.md,3b35cc5e5ea626a70eb125a030d8cff2843f22fce609e3fb55f57be64eaa98ad
structural_contact,8,galactica-30b,measurement_limited,"the contrast does not resolve on its control side, so no model quantity was read",False,,,gate verdict,archive/docs/R3/gate-structure-contact.md,3b35cc5e5ea626a70eb125a030d8cff2843f22fce609e3fb55f57be64eaa98ad
structural_contact,8,instructprotein,measurement_limited,"the contrast does not resolve on its control side, so no model quantity was read",False,,,gate verdict,archive/docs/R3/gate-structure-contact.md,3b35cc5e5ea626a70eb125a030d8cff2843f22fce609e3fb55f57be64eaa98ad
structural_contact,8,llama-2-7b,measurement_limited,"the contrast does not resolve on its control side, so no model quantity was read",False,,,gate verdict,archive/docs/R3/gate-structure-contact.md,3b35cc5e5ea626a70eb125a030d8cff2843f22fce609e3fb55f57be64eaa98ad
structural_contact,8,prollama-stage-1,measurement_limited,"the contrast does not resolve on its control side, so no model quantity was read",False,,,gate verdict,archive/docs/R3/gate-structure-contact.md,3b35cc5e5ea626a70eb125a030d8cff2843f22fce609e3fb55f57be64eaa98ad
structural_contact,8,prollama,measurement_limited,"the contrast does not resolve on its control side, so no model quantity was read",False,,,gate verdict,archive/docs/R3/gate-structure-contact.md,3b35cc5e5ea626a70eb125a030d8cff2843f22fce609e3fb55f57be64eaa98ad
structural_contact,8,zymctrl,measurement_limited,"the contrast does not resolve on its control side, so no model quantity was read",False,,,gate verdict,archive/docs/R3/gate-structure-contact.md,3b35cc5e5ea626a70eb125a030d8cff2843f22fce609e3fb55f57be64eaa98ad
structural_contact,8,gpt2,measurement_limited,"the contrast does not resolve on its control side, so no model quantity was read",False,,,gate verdict,archive/docs/R3/gate-structure-contact.md,3b35cc5e5ea626a70eb125a030d8cff2843f22fce609e3fb55f57be64eaa98ad
structural_contact,8,gpt2-medium,measurement_limited,"the contrast does not resolve on its control side, so no model quantity was read",False,,,gate verdict,archive/docs/R3/gate-structure-contact.md,3b35cc5e5ea626a70eb125a030d8cff2843f22fce609e3fb55f57be64eaa98ad
structural_contact,8,gpt2-large,measurement_limited,"the contrast does not resolve on its control side, so no model quantity was read",False,,,gate verdict,archive/docs/R3/gate-structure-contact.md,3b35cc5e5ea626a70eb125a030d8cff2843f22fce609e3fb55f57be64eaa98ad
structural_contact,8,gpt2-xl,measurement_limited,"the contrast does not resolve on its control side, so no model quantity was read",False,,,gate verdict,archive/docs/R3/gate-structure-contact.md,3b35cc5e5ea626a70eb125a030d8cff2843f22fce609e3fb55f57be64eaa98ad
structural_contact,8,dialogpt-small,measurement_limited,"the contrast does not resolve on its control side, so no model quantity was read",False,,,gate verdict,archive/docs/R3/gate-structure-contact.md,3b35cc5e5ea626a70eb125a030d8cff2843f22fce609e3fb55f57be64eaa98ad
structural_contact,8,bygpt5-small-en,measurement_limited,"the contrast does not resolve on its control side, so no model quantity was read",False,,,gate verdict,archive/docs/R3/gate-structure-contact.md,3b35cc5e5ea626a70eb125a030d8cff2843f22fce609e3fb55f57be64eaa98ad
structural_contact,8,bygpt5-base-en,measurement_limited,"the contrast does not resolve on its control side, so no model quantity was read",False,,,gate verdict,archive/docs/R3/gate-structure-contact.md,3b35cc5e5ea626a70eb125a030d8cff2843f22fce609e3fb55f57be64eaa98ad
structural_contact,8,bygpt5-medium-en,measurement_limited,"the contrast does not resolve on its control side, so no model quantity was read",False,,,gate verdict,archive/docs/R3/gate-structure-contact.md,3b35cc5e5ea626a70eb125a030d8cff2843f22fce609e3fb55f57be64eaa98ad
structural_contact,8,qwen2.5-0.5b,measurement_limited,"the contrast does not resolve on its control side, so no model quantity was read",False,,,gate verdict,archive/docs/R3/gate-structure-contact.md,3b35cc5e5ea626a70eb125a030d8cff2843f22fce609e3fb55f57be64eaa98ad
structural_contact,8,qwen2.5-0.5b-instruct,measurement_limited,"the contrast does not resolve on its control side, so no model quantity was read",False,,,gate verdict,archive/docs/R3/gate-structure-contact.md,3b35cc5e5ea626a70eb125a030d8cff2843f22fce609e3fb55f57be64eaa98ad
structural_contact,8,qwen2.5-7b,measurement_limited,"the contrast does not resolve on its control side, so no model quantity was read",False,,,gate verdict,archive/docs/R3/gate-structure-contact.md,3b35cc5e5ea626a70eb125a030d8cff2843f22fce609e3fb55f57be64eaa98ad
structural_contact,8,qwen2.5-32b,measurement_limited,"the contrast does not resolve on its control side, so no model quantity was read",False,,,gate verdict,archive/docs/R3/gate-structure-contact.md,3b35cc5e5ea626a70eb125a030d8cff2843f22fce609e3fb55f57be64eaa98ad
structural_contact,8,qwen3-8b-base,measurement_limited,"the contrast does not resolve on its control side, so no model quantity was read",False,,,gate verdict,archive/docs/R3/gate-structure-contact.md,3b35cc5e5ea626a70eb125a030d8cff2843f22fce609e3fb55f57be64eaa98ad
structural_contact,8,llama-3.2-3b,measurement_limited,"the contrast does not resolve on its control side, so no model quantity was read",False,,,gate verdict,archive/docs/R3/gate-structure-contact.md,3b35cc5e5ea626a70eb125a030d8cff2843f22fce609e3fb55f57be64eaa98ad
related_context,9,protgpt2,unresolved,joint criterion in both strata,False,results/R5/context_homologue_20260826/context_homologue.json,16badad0491e13c6ab4cc6917165b56b9965f8db57e3187846af2bd33a97086d,arms.protgpt2.decisive_stratum.fractional_reduction,,
related_context,9,progen2-small,unresolved,joint criterion in both strata,False,results/R5/context_homologue_20260826/context_homologue.json,16badad0491e13c6ab4cc6917165b56b9965f8db57e3187846af2bd33a97086d,arms.progen2-small.decisive_stratum.fractional_reduction,,
related_context,9,progen2-base,unresolved,joint criterion in both strata,False,results/R5/context_homologue_expansion_20260919/context_homologue.json,e03b5fa50ab4f6ca6b276a3c0bea38172116b05fab0f5bb622fa403f708e0bbf,arms.progen2-base.decisive_stratum.fractional_reduction,,
related_context,9,progen2-medium,not_detected,joint criterion in both strata,False,results/R5/context_homologue_20260826/context_homologue.json,16badad0491e13c6ab4cc6917165b56b9965f8db57e3187846af2bd33a97086d,arms.progen2-medium.decisive_stratum.fractional_reduction,,
related_context,9,progen2-large,unresolved,joint criterion in both strata,False,results/R5/context_homologue_expansion_20260919/context_homologue.json,e03b5fa50ab4f6ca6b276a3c0bea38172116b05fab0f5bb622fa403f708e0bbf,arms.progen2-large.decisive_stratum.fractional_reduction,,
related_context,9,progen2-xlarge,not_detected,joint criterion in both strata,False,results/R5/context_homologue_expansion_20260919/context_homologue.json,e03b5fa50ab4f6ca6b276a3c0bea38172116b05fab0f5bb622fa403f708e0bbf,arms.progen2-xlarge.decisive_stratum.fractional_reduction,,
related_context,9,progen3-112m,not_detected,joint criterion in both strata,False,results/R5/context_homologue_progen3_20260924/context_homologue.json,cd90106ecc61f8e4e4b3e977882c5a07ab5bc6748a6556ee3cb3a4cb8e281008,arms.progen3-112m.decisive_stratum.fractional_reduction,,
related_context,9,progen3-3b,unresolved,joint criterion in both strata,False,results/R5/context_homologue_progen3_20260924/context_homologue.json,cd90106ecc61f8e4e4b3e977882c5a07ab5bc6748a6556ee3cb3a4cb8e281008,arms.progen3-3b.decisive_stratum.fractional_reduction,,
related_context,9,protgpt3-1.3b,unresolved,joint criterion in both strata,False,results/R5/context_homologue_expansion_20260919/context_homologue.json,e03b5fa50ab4f6ca6b276a3c0bea38172116b05fab0f5bb622fa403f708e0bbf,arms.protgpt3-1.3b.decisive_stratum.fractional_reduction,,
related_context,9,rita-xl,not_detected,joint criterion in both strata,False,results/R5/context_homologue_expansion_20260919/context_homologue.json,e03b5fa50ab4f6ca6b276a3c0bea38172116b05fab0f5bb622fa403f708e0bbf,arms.rita-xl.decisive_stratum.fractional_reduction,,
related_context,9,proteinglm-7b-clm,not_detected,joint criterion in both strata,False,results/R5/context_homologue_expansion_20260919/context_homologue.json,e03b5fa50ab4f6ca6b276a3c0bea38172116b05fab0f5bb622fa403f708e0bbf,arms.proteinglm-7b-clm.decisive_stratum.fractional_reduction,,
related_context,9,galactica-125m,unresolved,joint criterion in both strata,False,results/R5/context_homologue_expansion_20260919/context_homologue.json,e03b5fa50ab4f6ca6b276a3c0bea38172116b05fab0f5bb622fa403f708e0bbf,arms.galactica-125m.decisive_stratum.fractional_reduction,,
related_context,9,galactica-1.3b,supported,joint criterion in both strata,False,results/R5/context_homologue_expansion_20260919/context_homologue.json,e03b5fa50ab4f6ca6b276a3c0bea38172116b05fab0f5bb622fa403f708e0bbf,arms.galactica-1.3b.decisive_stratum.fractional_reduction,,
related_context,9,galactica-6.7b,supported,joint criterion in both strata,False,results/R5/context_homologue_expansion_20260919/context_homologue.json,e03b5fa50ab4f6ca6b276a3c0bea38172116b05fab0f5bb622fa403f708e0bbf,arms.galactica-6.7b.decisive_stratum.fractional_reduction,,
related_context,9,galactica-30b,unresolved,joint criterion in both strata,False,results/R5/context_homologue_expansion_20260919/context_homologue.json,e03b5fa50ab4f6ca6b276a3c0bea38172116b05fab0f5bb622fa403f708e0bbf,arms.galactica-30b.decisive_stratum.fractional_reduction,,
related_context,9,instructprotein,supported,joint criterion in both strata,False,results/R5/context_homologue_expansion_20260919/context_homologue.json,e03b5fa50ab4f6ca6b276a3c0bea38172116b05fab0f5bb622fa403f708e0bbf,arms.instructprotein.decisive_stratum.fractional_reduction,,
related_context,9,llama-2-7b,supported,joint criterion in both strata,False,results/R5/context_homologue_expansion_20260919/context_homologue.json,e03b5fa50ab4f6ca6b276a3c0bea38172116b05fab0f5bb622fa403f708e0bbf,arms.llama-2-7b.decisive_stratum.fractional_reduction,,
related_context,9,prollama-stage-1,supported,joint criterion in both strata,False,results/R5/context_homologue_expansion_20260919/context_homologue.json,e03b5fa50ab4f6ca6b276a3c0bea38172116b05fab0f5bb622fa403f708e0bbf,arms.prollama-stage-1.decisive_stratum.fractional_reduction,,
related_context,9,prollama,supported,joint criterion in both strata,False,results/R5/context_homologue_expansion_20260919/context_homologue.json,e03b5fa50ab4f6ca6b276a3c0bea38172116b05fab0f5bb622fa403f708e0bbf,arms.prollama.decisive_stratum.fractional_reduction,,
related_context,9,zymctrl,not_eligible,not in the related-context cohort,False,,,,,
related_context,9,gpt2,not_eligible,not in the related-context cohort,False,,,,,
related_context,9,gpt2-medium,not_eligible,not in the related-context cohort,False,,,,,
related_context,9,gpt2-large,not_eligible,not in the related-context cohort,False,,,,,
related_context,9,gpt2-xl,not_eligible,not in the related-context cohort,False,,,,,
related_context,9,dialogpt-small,not_eligible,not in the related-context cohort,False,,,,,
related_context,9,bygpt5-small-en,not_eligible,not in the related-context cohort,False,,,,,
related_context,9,bygpt5-base-en,not_eligible,not in the related-context cohort,False,,,,,
related_context,9,bygpt5-medium-en,not_eligible,not in the related-context cohort,False,,,,,
related_context,9,qwen2.5-0.5b,not_eligible,not in the related-context cohort,False,,,,,
related_context,9,qwen2.5-0.5b-instruct,not_eligible,not in the related-context cohort,False,,,,,
related_context,9,qwen2.5-7b,not_eligible,not in the related-context cohort,False,,,,,
related_context,9,qwen2.5-32b,not_eligible,not in the related-context cohort,False,,,,,
related_context,9,qwen3-8b-base,not_eligible,not in the related-context cohort,False,,,,,
related_context,9,llama-3.2-3b,not_eligible,not in the related-context cohort,False,,,,,
retrieval_strata,10,protgpt2,unresolved,whole-support increment resolved at all three split seeds,False,archive/logs/R5/gate_retrieval_20260923/retrieval_strata_report.json,6e5dc6b50d952f9aa4c113967ff5c26d3cc23b37c6c29a3766a30faa61e6a0ce,stability.protgpt2.contrasts.C_G_T_M1|C_G_T.<seed>.full_support,,
retrieval_strata,10,progen2-small,unresolved,whole-support increment resolved at all three split seeds,False,archive/logs/R5/gate_retrieval_20260923/retrieval_strata_report.json,6e5dc6b50d952f9aa4c113967ff5c26d3cc23b37c6c29a3766a30faa61e6a0ce,stability.progen2-small.contrasts.C_G_T_M1|C_G_T.<seed>.full_support,,
retrieval_strata,10,progen2-base,unresolved,whole-support increment resolved at all three split seeds,False,archive/logs/R5/gate_retrieval_20260923/retrieval_strata_report.json,6e5dc6b50d952f9aa4c113967ff5c26d3cc23b37c6c29a3766a30faa61e6a0ce,stability.progen2-base.contrasts.C_G_T_M1|C_G_T.<seed>.full_support,,
retrieval_strata,10,progen2-medium,supported,whole-support increment resolved at all three split seeds,False,archive/logs/R5/gate_retrieval_20260923/retrieval_strata_report.json,6e5dc6b50d952f9aa4c113967ff5c26d3cc23b37c6c29a3766a30faa61e6a0ce,stability.progen2-medium.contrasts.C_G_T_M1|C_G_T.<seed>.full_support,,
retrieval_strata,10,progen2-large,supported,whole-support increment resolved at all three split seeds,False,archive/logs/R5/gate_retrieval_20260923/retrieval_strata_report.json,6e5dc6b50d952f9aa4c113967ff5c26d3cc23b37c6c29a3766a30faa61e6a0ce,stability.progen2-large.contrasts.C_G_T_M1|C_G_T.<seed>.full_support,,
retrieval_strata,10,progen2-xlarge,supported,whole-support increment resolved at all three split seeds,False,archive/logs/R5/gate_retrieval_20260923/retrieval_strata_report.json,6e5dc6b50d952f9aa4c113967ff5c26d3cc23b37c6c29a3766a30faa61e6a0ce,stability.progen2-xlarge.contrasts.C_G_T_M1|C_G_T.<seed>.full_support,,
retrieval_strata,10,progen3-112m,unresolved,whole-support increment resolved at all three split seeds,False,archive/logs/R5/gate_retrieval_20260923/retrieval_strata_report.json,6e5dc6b50d952f9aa4c113967ff5c26d3cc23b37c6c29a3766a30faa61e6a0ce,stability.progen3-112m.contrasts.C_G_T_M1|C_G_T.<seed>.full_support,,
retrieval_strata,10,progen3-3b,supported,whole-support increment resolved at all three split seeds,False,archive/logs/R5/gate_retrieval_20260923/retrieval_strata_report.json,6e5dc6b50d952f9aa4c113967ff5c26d3cc23b37c6c29a3766a30faa61e6a0ce,stability.progen3-3b.contrasts.C_G_T_M1|C_G_T.<seed>.full_support,,
retrieval_strata,10,protgpt3-1.3b,unresolved,whole-support increment resolved at all three split seeds,False,archive/logs/R5/gate_retrieval_20260923/retrieval_strata_report.json,6e5dc6b50d952f9aa4c113967ff5c26d3cc23b37c6c29a3766a30faa61e6a0ce,stability.protgpt3-1.3b.contrasts.C_G_T_M1|C_G_T.<seed>.full_support,,
retrieval_strata,10,rita-xl,unresolved,whole-support increment resolved at all three split seeds,False,archive/logs/R5/gate_retrieval_20260923/retrieval_strata_report.json,6e5dc6b50d952f9aa4c113967ff5c26d3cc23b37c6c29a3766a30faa61e6a0ce,stability.rita-xl.contrasts.C_G_T_M1|C_G_T.<seed>.full_support,,
retrieval_strata,10,proteinglm-7b-clm,supported,whole-support increment resolved at all three split seeds,False,archive/logs/R5/gate_retrieval_20260923/retrieval_strata_report.json,6e5dc6b50d952f9aa4c113967ff5c26d3cc23b37c6c29a3766a30faa61e6a0ce,stability.proteinglm-7b-clm.contrasts.C_G_T_M1|C_G_T.<seed>.full_support,,
retrieval_strata,10,galactica-125m,unresolved,whole-support increment resolved at all three split seeds,False,archive/logs/R5/gate_retrieval_20260923/retrieval_strata_report.json,6e5dc6b50d952f9aa4c113967ff5c26d3cc23b37c6c29a3766a30faa61e6a0ce,stability.galactica-125m.contrasts.C_G_T_M1|C_G_T.<seed>.full_support,,
retrieval_strata,10,galactica-1.3b,unresolved,whole-support increment resolved at all three split seeds,False,archive/logs/R5/gate_retrieval_20260923/retrieval_strata_report.json,6e5dc6b50d952f9aa4c113967ff5c26d3cc23b37c6c29a3766a30faa61e6a0ce,stability.galactica-1.3b.contrasts.C_G_T_M1|C_G_T.<seed>.full_support,,
retrieval_strata,10,galactica-6.7b,unresolved,whole-support increment resolved at all three split seeds,False,archive/logs/R5/gate_retrieval_20260923/retrieval_strata_report.json,6e5dc6b50d952f9aa4c113967ff5c26d3cc23b37c6c29a3766a30faa61e6a0ce,stability.galactica-6.7b.contrasts.C_G_T_M1|C_G_T.<seed>.full_support,,
retrieval_strata,10,galactica-30b,unresolved,whole-support increment resolved at all three split seeds,False,archive/logs/R5/gate_retrieval_20260923/retrieval_strata_report.json,6e5dc6b50d952f9aa4c113967ff5c26d3cc23b37c6c29a3766a30faa61e6a0ce,stability.galactica-30b.contrasts.C_G_T_M1|C_G_T.<seed>.full_support,,
retrieval_strata,10,instructprotein,unresolved,whole-support increment resolved at all three split seeds,False,archive/logs/R5/gate_retrieval_20260923/retrieval_strata_report.json,6e5dc6b50d952f9aa4c113967ff5c26d3cc23b37c6c29a3766a30faa61e6a0ce,stability.instructprotein.contrasts.C_G_T_M1|C_G_T.<seed>.full_support,,
retrieval_strata,10,llama-2-7b,unresolved,whole-support increment resolved at all three split seeds,False,archive/logs/R5/gate_retrieval_20260923/retrieval_strata_report.json,6e5dc6b50d952f9aa4c113967ff5c26d3cc23b37c6c29a3766a30faa61e6a0ce,stability.llama-2-7b.contrasts.C_G_T_M1|C_G_T.<seed>.full_support,,
retrieval_strata,10,prollama-stage-1,unresolved,whole-support increment resolved at all three split seeds,False,archive/logs/R5/gate_retrieval_20260923/retrieval_strata_report.json,6e5dc6b50d952f9aa4c113967ff5c26d3cc23b37c6c29a3766a30faa61e6a0ce,stability.prollama-stage-1.contrasts.C_G_T_M1|C_G_T.<seed>.full_support,,
retrieval_strata,10,prollama,unresolved,whole-support increment resolved at all three split seeds,False,archive/logs/R5/gate_retrieval_20260923/retrieval_strata_report.json,6e5dc6b50d952f9aa4c113967ff5c26d3cc23b37c6c29a3766a30faa61e6a0ce,stability.prollama.contrasts.C_G_T_M1|C_G_T.<seed>.full_support,,
retrieval_strata,10,zymctrl,not_eligible,not on the stability stratification panel,False,,,,,
retrieval_strata,10,gpt2,unresolved,whole-support increment resolved at all three split seeds,False,archive/logs/R5/gate_retrieval_20260923/retrieval_strata_report.json,6e5dc6b50d952f9aa4c113967ff5c26d3cc23b37c6c29a3766a30faa61e6a0ce,stability.gpt2.contrasts.C_G_T_M1|C_G_T.<seed>.full_support,,
retrieval_strata,10,gpt2-medium,unresolved,whole-support increment resolved at all three split seeds,False,archive/logs/R5/gate_retrieval_20260923/retrieval_strata_report.json,6e5dc6b50d952f9aa4c113967ff5c26d3cc23b37c6c29a3766a30faa61e6a0ce,stability.gpt2-medium.contrasts.C_G_T_M1|C_G_T.<seed>.full_support,,
retrieval_strata,10,gpt2-large,unresolved,whole-support increment resolved at all three split seeds,False,archive/logs/R5/gate_retrieval_20260923/retrieval_strata_report.json,6e5dc6b50d952f9aa4c113967ff5c26d3cc23b37c6c29a3766a30faa61e6a0ce,stability.gpt2-large.contrasts.C_G_T_M1|C_G_T.<seed>.full_support,,
retrieval_strata,10,gpt2-xl,unresolved,whole-support increment resolved at all three split seeds,False,archive/logs/R5/gate_retrieval_20260923/retrieval_strata_report.json,6e5dc6b50d952f9aa4c113967ff5c26d3cc23b37c6c29a3766a30faa61e6a0ce,stability.gpt2-xl.contrasts.C_G_T_M1|C_G_T.<seed>.full_support,,
retrieval_strata,10,dialogpt-small,unresolved,whole-support increment resolved at all three split seeds,False,archive/logs/R5/gate_retrieval_20260923/retrieval_strata_report.json,6e5dc6b50d952f9aa4c113967ff5c26d3cc23b37c6c29a3766a30faa61e6a0ce,stability.dialogpt-small.contrasts.C_G_T_M1|C_G_T.<seed>.full_support,,
retrieval_strata,10,bygpt5-small-en,unresolved,whole-support increment resolved at all three split seeds,False,archive/logs/R5/gate_retrieval_20260923/retrieval_strata_report.json,6e5dc6b50d952f9aa4c113967ff5c26d3cc23b37c6c29a3766a30faa61e6a0ce,stability.bygpt5-small-en.contrasts.C_G_T_M1|C_G_T.<seed>.full_support,,
retrieval_strata,10,bygpt5-base-en,unresolved,whole-support increment resolved at all three split seeds,False,archive/logs/R5/gate_retrieval_20260923/retrieval_strata_report.json,6e5dc6b50d952f9aa4c113967ff5c26d3cc23b37c6c29a3766a30faa61e6a0ce,stability.bygpt5-base-en.contrasts.C_G_T_M1|C_G_T.<seed>.full_support,,
retrieval_strata,10,bygpt5-medium-en,unresolved,whole-support increment resolved at all three split seeds,False,archive/logs/R5/gate_retrieval_20260923/retrieval_strata_report.json,6e5dc6b50d952f9aa4c113967ff5c26d3cc23b37c6c29a3766a30faa61e6a0ce,stability.bygpt5-medium-en.contrasts.C_G_T_M1|C_G_T.<seed>.full_support,,
retrieval_strata,10,qwen2.5-0.5b,unresolved,whole-support increment resolved at all three split seeds,False,archive/logs/R5/gate_retrieval_20260923/retrieval_strata_report.json,6e5dc6b50d952f9aa4c113967ff5c26d3cc23b37c6c29a3766a30faa61e6a0ce,stability.qwen2.5-0.5b.contrasts.C_G_T_M1|C_G_T.<seed>.full_support,,
retrieval_strata,10,qwen2.5-0.5b-instruct,not_detected,whole-support increment resolved at all three split seeds,False,archive/logs/R5/gate_retrieval_20260923/retrieval_strata_report.json,6e5dc6b50d952f9aa4c113967ff5c26d3cc23b37c6c29a3766a30faa61e6a0ce,stability.qwen2.5-0.5b-instruct.contrasts.C_G_T_M1|C_G_T.<seed>.full_support,,
retrieval_strata,10,qwen2.5-7b,unresolved,whole-support increment resolved at all three split seeds,False,archive/logs/R5/gate_retrieval_20260923/retrieval_strata_report.json,6e5dc6b50d952f9aa4c113967ff5c26d3cc23b37c6c29a3766a30faa61e6a0ce,stability.qwen2.5-7b.contrasts.C_G_T_M1|C_G_T.<seed>.full_support,,
retrieval_strata,10,qwen2.5-32b,unresolved,whole-support increment resolved at all three split seeds,False,archive/logs/R5/gate_retrieval_20260923/retrieval_strata_report.json,6e5dc6b50d952f9aa4c113967ff5c26d3cc23b37c6c29a3766a30faa61e6a0ce,stability.qwen2.5-32b.contrasts.C_G_T_M1|C_G_T.<seed>.full_support,,
retrieval_strata,10,qwen3-8b-base,unresolved,whole-support increment resolved at all three split seeds,False,archive/logs/R5/gate_retrieval_20260923/retrieval_strata_report.json,6e5dc6b50d952f9aa4c113967ff5c26d3cc23b37c6c29a3766a30faa61e6a0ce,stability.qwen3-8b-base.contrasts.C_G_T_M1|C_G_T.<seed>.full_support,,
retrieval_strata,10,llama-3.2-3b,unresolved,whole-support increment resolved at all three split seeds,False,archive/logs/R5/gate_retrieval_20260923/retrieval_strata_report.json,6e5dc6b50d952f9aa4c113967ff5c26d3cc23b37c6c29a3766a30faa61e6a0ce,stability.llama-3.2-3b.contrasts.C_G_T_M1|C_G_T.<seed>.full_support,,
generation_products,11,protgpt2,unresolved,complete-domain endpoint against every qualified generator,False,results/R6/generative_control_20260924/gate_endpoints.json,32e1364dbe3541ff7ed6fc101aeb6fef59a20d129ba3b64714fa2705be896be4,cells[cell=protgpt2__unconditioned].endpoints.complete_domain.controls.fragment,,
generation_products,11,progen2-small,unresolved,complete-domain endpoint against every qualified generator,False,results/R6/generative_control_20260924/gate_endpoints.json,32e1364dbe3541ff7ed6fc101aeb6fef59a20d129ba3b64714fa2705be896be4,cells[cell=progen2-small__unconditioned].endpoints.complete_domain.controls.fragment,,
generation_products,11,progen2-base,unresolved,complete-domain endpoint against every qualified generator,False,results/R6/generative_control_20260924/gate_endpoints.json,32e1364dbe3541ff7ed6fc101aeb6fef59a20d129ba3b64714fa2705be896be4,cells[cell=progen2-base__unconditioned].endpoints.complete_domain.controls.fragment,,
generation_products,11,progen2-medium,unresolved,complete-domain endpoint against every qualified generator,False,results/R6/generative_control_20260924/gate_endpoints.json,32e1364dbe3541ff7ed6fc101aeb6fef59a20d129ba3b64714fa2705be896be4,cells[cell=progen2-medium__unconditioned].endpoints.complete_domain.controls.fragment,,
generation_products,11,progen2-large,unresolved,complete-domain endpoint against every qualified generator,False,results/R6/generative_control_20260924/gate_endpoints.json,32e1364dbe3541ff7ed6fc101aeb6fef59a20d129ba3b64714fa2705be896be4,cells[cell=progen2-large__unconditioned].endpoints.complete_domain.controls.fragment,,
generation_products,11,progen2-xlarge,unresolved,complete-domain endpoint against every qualified generator,False,results/R6/generative_control_20260924/gate_endpoints.json,32e1364dbe3541ff7ed6fc101aeb6fef59a20d129ba3b64714fa2705be896be4,cells[cell=progen2-xlarge__unconditioned].endpoints.complete_domain.controls.fragment,,
generation_products,11,progen3-112m,unresolved,complete-domain endpoint against every qualified generator,False,results/R6/generative_control_20260924/gate_endpoints.json,32e1364dbe3541ff7ed6fc101aeb6fef59a20d129ba3b64714fa2705be896be4,cells[cell=progen3-112m__unconditioned].endpoints.complete_domain.controls.fragment,,
generation_products,11,progen3-3b,supported,complete-domain endpoint against every qualified generator,False,results/R6/generative_control_20260924/gate_endpoints.json,32e1364dbe3541ff7ed6fc101aeb6fef59a20d129ba3b64714fa2705be896be4,cells[cell=progen3-3b__unconditioned].endpoints.complete_domain.controls.fragment,,
generation_products,11,protgpt3-1.3b,unresolved,complete-domain endpoint against every qualified generator,False,results/R6/generative_control_20260924/gate_endpoints.json,32e1364dbe3541ff7ed6fc101aeb6fef59a20d129ba3b64714fa2705be896be4,cells[cell=protgpt3-1.3b__unconditioned].endpoints.complete_domain.controls.fragment,,
generation_products,11,rita-xl,unresolved,complete-domain endpoint against every qualified generator,False,results/R6/generative_control_20260924/gate_endpoints.json,32e1364dbe3541ff7ed6fc101aeb6fef59a20d129ba3b64714fa2705be896be4,cells[cell=rita-xl__unconditioned].endpoints.complete_domain.controls.fragment,,
generation_products,11,proteinglm-7b-clm,unresolved,complete-domain endpoint against every qualified generator,False,results/R6/generative_control_20260924/gate_endpoints.json,32e1364dbe3541ff7ed6fc101aeb6fef59a20d129ba3b64714fa2705be896be4,cells[cell=proteinglm-7b-clm__unconditioned].endpoints.complete_domain.controls.fragment,,
generation_products,11,galactica-125m,not_detected,complete-domain endpoint against every qualified generator,False,results/R6/generative_control_20260924/gate_endpoints.json,32e1364dbe3541ff7ed6fc101aeb6fef59a20d129ba3b64714fa2705be896be4,cells[cell=galactica-125m__unconditioned].endpoints.complete_domain.controls.fragment,,
generation_products,11,galactica-1.3b,unresolved,complete-domain endpoint against every qualified generator,False,results/R6/generative_control_20260924/gate_endpoints.json,32e1364dbe3541ff7ed6fc101aeb6fef59a20d129ba3b64714fa2705be896be4,cells[cell=galactica-1.3b__unconditioned].endpoints.complete_domain.controls.fragment,,
generation_products,11,galactica-6.7b,unresolved,complete-domain endpoint against every qualified generator,False,results/R6/generative_control_20260924/gate_endpoints.json,32e1364dbe3541ff7ed6fc101aeb6fef59a20d129ba3b64714fa2705be896be4,cells[cell=galactica-6.7b__unconditioned].endpoints.complete_domain.controls.fragment,,
generation_products,11,galactica-30b,unresolved,complete-domain endpoint against every qualified generator,False,results/R6/generative_control_20260924/gate_endpoints.json,32e1364dbe3541ff7ed6fc101aeb6fef59a20d129ba3b64714fa2705be896be4,cells[cell=galactica-30b__unconditioned].endpoints.complete_domain.controls.fragment,,
generation_products,11,instructprotein,supported,complete-domain endpoint against every qualified generator,False,results/R6/generative_control_20260924/gate_endpoints.json,32e1364dbe3541ff7ed6fc101aeb6fef59a20d129ba3b64714fa2705be896be4,cells[cell=instructprotein__unconditioned].endpoints.complete_domain.controls.fragment,,
generation_products,11,llama-2-7b,not_eligible,no generation cell for this arm,False,,,,,
generation_products,11,prollama-stage-1,unresolved,complete-domain endpoint against every qualified generator,False,results/R6/generative_control_20260924/gate_endpoints.json,32e1364dbe3541ff7ed6fc101aeb6fef59a20d129ba3b64714fa2705be896be4,cells[cell=prollama-stage-1__unconditioned].endpoints.complete_domain.controls.fragment,,
generation_products,11,prollama,unresolved,complete-domain endpoint against every qualified generator,False,results/R6/generative_control_20260924/gate_endpoints.json,32e1364dbe3541ff7ed6fc101aeb6fef59a20d129ba3b64714fa2705be896be4,cells[cell=prollama__requested].endpoints.complete_domain.controls.fragment,,
generation_products,11,zymctrl,supported,complete-domain endpoint against every qualified generator,False,results/R6/generative_control_20260924/gate_endpoints.json,32e1364dbe3541ff7ed6fc101aeb6fef59a20d129ba3b64714fa2705be896be4,cells[cell=zymctrl__requested].endpoints.complete_domain.controls.fragment,,
generation_products,11,gpt2,not_eligible,no generation cell for this arm,False,,,,,
generation_products,11,gpt2-medium,not_eligible,no generation cell for this arm,False,,,,,
generation_products,11,gpt2-large,not_eligible,no generation cell for this arm,False,,,,,
generation_products,11,gpt2-xl,not_eligible,no generation cell for this arm,False,,,,,
generation_products,11,dialogpt-small,not_eligible,no generation cell for this arm,False,,,,,
generation_products,11,bygpt5-small-en,not_eligible,no generation cell for this arm,False,,,,,
generation_products,11,bygpt5-base-en,not_eligible,no generation cell for this arm,False,,,,,
generation_products,11,bygpt5-medium-en,not_eligible,no generation cell for this arm,False,,,,,
generation_products,11,qwen2.5-0.5b,not_eligible,no generation cell for this arm,False,,,,,
generation_products,11,qwen2.5-0.5b-instruct,not_eligible,no generation cell for this arm,False,,,,,
generation_products,11,qwen2.5-7b,not_eligible,no generation cell for this arm,False,,,,,
generation_products,11,qwen2.5-32b,not_eligible,no generation cell for this arm,False,,,,,
generation_products,11,qwen3-8b-base,not_eligible,no generation cell for this arm,False,,,,,
generation_products,11,llama-3.2-3b,not_eligible,no generation cell for this arm,False,,,,,
