cell,arm,condition,endpoint,cohort,model_rate,control_rate,difference,ci_low,ci_high,qualified,n_attempts,n_clusters,resamples,verdict,interval_level,unit,source_path,source_sha256,source_pointer
galactica-1.3b__unconditioned,galactica-1.3b,unconditioned,any_family,shuffle,0.11,0.0,0.11,0.055829250978486095,0.19508484887295088,True,800,545,4000,satisfied_beyond_some_but_not_all_qualified_matched_generators,97.5% percentile,frozen near-duplicate sequence group of the attempt ledger,results/R6/generative_control_20260924/gate_endpoints.json,32e1364dbe3541ff7ed6fc101aeb6fef59a20d129ba3b64714fa2705be896be4,cells[cell=galactica-1.3b__unconditioned].endpoints.any_family.controls.shuffle
galactica-1.3b__unconditioned,galactica-1.3b,unconditioned,any_family,hydropathy,0.11,0.0,0.11,0.055829250978486095,0.19508484887295088,True,800,545,4000,satisfied_beyond_some_but_not_all_qualified_matched_generators,97.5% percentile,frozen near-duplicate sequence group of the attempt ledger,results/R6/generative_control_20260924/gate_endpoints.json,32e1364dbe3541ff7ed6fc101aeb6fef59a20d129ba3b64714fa2705be896be4,cells[cell=galactica-1.3b__unconditioned].endpoints.any_family.controls.hydropathy
galactica-1.3b__unconditioned,galactica-1.3b,unconditioned,any_family,markov_0,0.11,0.0,0.11,0.055829250978486095,0.19508484887295088,False,800,545,4000,satisfied_beyond_some_but_not_all_qualified_matched_generators,97.5% percentile,frozen near-duplicate sequence group of the attempt ledger,results/R6/generative_control_20260924/gate_endpoints.json,32e1364dbe3541ff7ed6fc101aeb6fef59a20d129ba3b64714fa2705be896be4,cells[cell=galactica-1.3b__unconditioned].endpoints.any_family.controls.markov_0
galactica-1.3b__unconditioned,galactica-1.3b,unconditioned,any_family,markov_2,0.11,0.0,0.11,0.055829250978486095,0.19508484887295088,False,800,545,4000,satisfied_beyond_some_but_not_all_qualified_matched_generators,97.5% percentile,frozen near-duplicate sequence group of the attempt ledger,results/R6/generative_control_20260924/gate_endpoints.json,32e1364dbe3541ff7ed6fc101aeb6fef59a20d129ba3b64714fa2705be896be4,cells[cell=galactica-1.3b__unconditioned].endpoints.any_family.controls.markov_2
galactica-1.3b__unconditioned,galactica-1.3b,unconditioned,any_family,markov_4,0.11,0.0,0.11,0.055829250978486095,0.19508484887295088,True,800,545,4000,satisfied_beyond_some_but_not_all_qualified_matched_generators,97.5% percentile,frozen near-duplicate sequence group of the attempt ledger,results/R6/generative_control_20260924/gate_endpoints.json,32e1364dbe3541ff7ed6fc101aeb6fef59a20d129ba3b64714fa2705be896be4,cells[cell=galactica-1.3b__unconditioned].endpoints.any_family.controls.markov_4
galactica-1.3b__unconditioned,galactica-1.3b,unconditioned,any_family,fragment,0.11,0.49125,-0.38125000000000003,-0.565369510069522,-0.21638526441244016,True,800,545,4000,satisfied_beyond_some_but_not_all_qualified_matched_generators,97.5% percentile,frozen near-duplicate sequence group of the attempt ledger,results/R6/generative_control_20260924/gate_endpoints.json,32e1364dbe3541ff7ed6fc101aeb6fef59a20d129ba3b64714fa2705be896be4,cells[cell=galactica-1.3b__unconditioned].endpoints.any_family.controls.fragment
galactica-1.3b__unconditioned,galactica-1.3b,unconditioned,any_family,natural,0.11,0.48,-0.37,-0.5547826086956522,-0.2101482308791994,True,800,545,4000,satisfied_beyond_some_but_not_all_qualified_matched_generators,97.5% percentile,frozen near-duplicate sequence group of the attempt ledger,results/R6/generative_control_20260924/gate_endpoints.json,32e1364dbe3541ff7ed6fc101aeb6fef59a20d129ba3b64714fa2705be896be4,cells[cell=galactica-1.3b__unconditioned].endpoints.any_family.controls.natural
galactica-1.3b__unconditioned,galactica-1.3b,unconditioned,complete_domain,shuffle,0.0825,0.0,0.0825,0.04016224264404317,0.15248932949073402,True,800,545,4000,satisfied_beyond_some_but_not_all_qualified_matched_generators,97.5% percentile,frozen near-duplicate sequence group of the attempt ledger,results/R6/generative_control_20260924/gate_endpoints.json,32e1364dbe3541ff7ed6fc101aeb6fef59a20d129ba3b64714fa2705be896be4,cells[cell=galactica-1.3b__unconditioned].endpoints.complete_domain.controls.shuffle
galactica-1.3b__unconditioned,galactica-1.3b,unconditioned,complete_domain,hydropathy,0.0825,0.0,0.0825,0.04016224264404317,0.15248932949073402,True,800,545,4000,satisfied_beyond_some_but_not_all_qualified_matched_generators,97.5% percentile,frozen near-duplicate sequence group of the attempt ledger,results/R6/generative_control_20260924/gate_endpoints.json,32e1364dbe3541ff7ed6fc101aeb6fef59a20d129ba3b64714fa2705be896be4,cells[cell=galactica-1.3b__unconditioned].endpoints.complete_domain.controls.hydropathy
galactica-1.3b__unconditioned,galactica-1.3b,unconditioned,complete_domain,markov_0,0.0825,0.0,0.0825,0.04016224264404317,0.15248932949073402,False,800,545,4000,satisfied_beyond_some_but_not_all_qualified_matched_generators,97.5% percentile,frozen near-duplicate sequence group of the attempt ledger,results/R6/generative_control_20260924/gate_endpoints.json,32e1364dbe3541ff7ed6fc101aeb6fef59a20d129ba3b64714fa2705be896be4,cells[cell=galactica-1.3b__unconditioned].endpoints.complete_domain.controls.markov_0
galactica-1.3b__unconditioned,galactica-1.3b,unconditioned,complete_domain,markov_2,0.0825,0.0,0.0825,0.04016224264404317,0.15248932949073402,False,800,545,4000,satisfied_beyond_some_but_not_all_qualified_matched_generators,97.5% percentile,frozen near-duplicate sequence group of the attempt ledger,results/R6/generative_control_20260924/gate_endpoints.json,32e1364dbe3541ff7ed6fc101aeb6fef59a20d129ba3b64714fa2705be896be4,cells[cell=galactica-1.3b__unconditioned].endpoints.complete_domain.controls.markov_2
galactica-1.3b__unconditioned,galactica-1.3b,unconditioned,complete_domain,markov_4,0.0825,0.0,0.0825,0.04016224264404317,0.15248932949073402,True,800,545,4000,satisfied_beyond_some_but_not_all_qualified_matched_generators,97.5% percentile,frozen near-duplicate sequence group of the attempt ledger,results/R6/generative_control_20260924/gate_endpoints.json,32e1364dbe3541ff7ed6fc101aeb6fef59a20d129ba3b64714fa2705be896be4,cells[cell=galactica-1.3b__unconditioned].endpoints.complete_domain.controls.markov_4
galactica-1.3b__unconditioned,galactica-1.3b,unconditioned,complete_domain,fragment,0.0825,0.31375,-0.23124999999999996,-0.3648286926315106,-0.12509543220113192,True,800,545,4000,satisfied_beyond_some_but_not_all_qualified_matched_generators,97.5% percentile,frozen near-duplicate sequence group of the attempt ledger,results/R6/generative_control_20260924/gate_endpoints.json,32e1364dbe3541ff7ed6fc101aeb6fef59a20d129ba3b64714fa2705be896be4,cells[cell=galactica-1.3b__unconditioned].endpoints.complete_domain.controls.fragment
galactica-1.3b__unconditioned,galactica-1.3b,unconditioned,complete_domain,natural,0.0825,0.375,-0.2925,-0.4451967867491628,-0.16456560378388643,True,800,545,4000,satisfied_beyond_some_but_not_all_qualified_matched_generators,97.5% percentile,frozen near-duplicate sequence group of the attempt ledger,results/R6/generative_control_20260924/gate_endpoints.json,32e1364dbe3541ff7ed6fc101aeb6fef59a20d129ba3b64714fa2705be896be4,cells[cell=galactica-1.3b__unconditioned].endpoints.complete_domain.controls.natural
galactica-1.3b__unconditioned,galactica-1.3b,unconditioned,any_family_by_reference_identity,30_to_50,0.09090909090909091,,,0.016232172885884855,0.37735843645159567,,,,,,95% Wilson,"attempt, Wilson interval on the raw rate",results/R6/generative_control_20260924/gate_endpoints.json,32e1364dbe3541ff7ed6fc101aeb6fef59a20d129ba3b64714fa2705be896be4,cells[cell=galactica-1.3b__unconditioned].identity_strata.30_to_50.any_family
galactica-1.3b__unconditioned,galactica-1.3b,unconditioned,any_family_by_reference_identity,50_to_70,0.5714285714285714,,,0.2504583645276572,0.8417801447485302,,,,,,95% Wilson,"attempt, Wilson interval on the raw rate",results/R6/generative_control_20260924/gate_endpoints.json,32e1364dbe3541ff7ed6fc101aeb6fef59a20d129ba3b64714fa2705be896be4,cells[cell=galactica-1.3b__unconditioned].identity_strata.50_to_70.any_family
galactica-1.3b__unconditioned,galactica-1.3b,unconditioned,any_family_by_reference_identity,70_and_over,0.8404255319148937,,,0.7532755743045754,0.9008438631139475,,,,,,95% Wilson,"attempt, Wilson interval on the raw rate",results/R6/generative_control_20260924/gate_endpoints.json,32e1364dbe3541ff7ed6fc101aeb6fef59a20d129ba3b64714fa2705be896be4,cells[cell=galactica-1.3b__unconditioned].identity_strata.70_and_over.any_family
galactica-1.3b__unconditioned,galactica-1.3b,unconditioned,any_family_by_reference_identity,no_reported_alignment,0.004291845493562232,,,0.0011777689508089394,0.015511815745220757,,,,,,95% Wilson,"attempt, Wilson interval on the raw rate",results/R6/generative_control_20260924/gate_endpoints.json,32e1364dbe3541ff7ed6fc101aeb6fef59a20d129ba3b64714fa2705be896be4,cells[cell=galactica-1.3b__unconditioned].identity_strata.no_reported_alignment.any_family
galactica-1.3b__unconditioned,galactica-1.3b,unconditioned,any_family_by_reference_identity,not_searched,0.0,,,0.0,0.01866222112252115,,,,,,95% Wilson,"attempt, Wilson interval on the raw rate",results/R6/generative_control_20260924/gate_endpoints.json,32e1364dbe3541ff7ed6fc101aeb6fef59a20d129ba3b64714fa2705be896be4,cells[cell=galactica-1.3b__unconditioned].identity_strata.not_searched.any_family
galactica-1.3b__unconditioned,galactica-1.3b,unconditioned,any_family_by_reference_identity,under_30,0.1,,,0.027866481213768224,0.3010336452284873,,,,,,95% Wilson,"attempt, Wilson interval on the raw rate",results/R6/generative_control_20260924/gate_endpoints.json,32e1364dbe3541ff7ed6fc101aeb6fef59a20d129ba3b64714fa2705be896be4,cells[cell=galactica-1.3b__unconditioned].identity_strata.under_30.any_family
galactica-125m__unconditioned,galactica-125m,unconditioned,any_family,shuffle,0.0,0.0,0.0,0.0,0.0,True,800,10,4000,not_detected_beyond_any_qualified_matched_generator,97.5% percentile,frozen near-duplicate sequence group of the attempt ledger,results/R6/generative_control_20260924/gate_endpoints.json,32e1364dbe3541ff7ed6fc101aeb6fef59a20d129ba3b64714fa2705be896be4,cells[cell=galactica-125m__unconditioned].endpoints.any_family.controls.shuffle
galactica-125m__unconditioned,galactica-125m,unconditioned,any_family,hydropathy,0.0,0.0,0.0,0.0,0.0,True,800,10,4000,not_detected_beyond_any_qualified_matched_generator,97.5% percentile,frozen near-duplicate sequence group of the attempt ledger,results/R6/generative_control_20260924/gate_endpoints.json,32e1364dbe3541ff7ed6fc101aeb6fef59a20d129ba3b64714fa2705be896be4,cells[cell=galactica-125m__unconditioned].endpoints.any_family.controls.hydropathy
galactica-125m__unconditioned,galactica-125m,unconditioned,any_family,markov_0,0.0,0.0,0.0,0.0,0.0,False,800,10,4000,not_detected_beyond_any_qualified_matched_generator,97.5% percentile,frozen near-duplicate sequence group of the attempt ledger,results/R6/generative_control_20260924/gate_endpoints.json,32e1364dbe3541ff7ed6fc101aeb6fef59a20d129ba3b64714fa2705be896be4,cells[cell=galactica-125m__unconditioned].endpoints.any_family.controls.markov_0
galactica-125m__unconditioned,galactica-125m,unconditioned,any_family,markov_2,0.0,0.0,0.0,0.0,0.0,False,800,10,4000,not_detected_beyond_any_qualified_matched_generator,97.5% percentile,frozen near-duplicate sequence group of the attempt ledger,results/R6/generative_control_20260924/gate_endpoints.json,32e1364dbe3541ff7ed6fc101aeb6fef59a20d129ba3b64714fa2705be896be4,cells[cell=galactica-125m__unconditioned].endpoints.any_family.controls.markov_2
galactica-125m__unconditioned,galactica-125m,unconditioned,any_family,markov_4,0.0,0.0,0.0,0.0,0.0,True,800,10,4000,not_detected_beyond_any_qualified_matched_generator,97.5% percentile,frozen near-duplicate sequence group of the attempt ledger,results/R6/generative_control_20260924/gate_endpoints.json,32e1364dbe3541ff7ed6fc101aeb6fef59a20d129ba3b64714fa2705be896be4,cells[cell=galactica-125m__unconditioned].endpoints.any_family.controls.markov_4
galactica-125m__unconditioned,galactica-125m,unconditioned,any_family,fragment,0.0,0.00125,-0.00125,-0.3,0.0,True,800,10,4000,not_detected_beyond_any_qualified_matched_generator,97.5% percentile,frozen near-duplicate sequence group of the attempt ledger,results/R6/generative_control_20260924/gate_endpoints.json,32e1364dbe3541ff7ed6fc101aeb6fef59a20d129ba3b64714fa2705be896be4,cells[cell=galactica-125m__unconditioned].endpoints.any_family.controls.fragment
galactica-125m__unconditioned,galactica-125m,unconditioned,any_family,natural,0.0,0.00125,-0.00125,-0.3,0.0,True,800,10,4000,not_detected_beyond_any_qualified_matched_generator,97.5% percentile,frozen near-duplicate sequence group of the attempt ledger,results/R6/generative_control_20260924/gate_endpoints.json,32e1364dbe3541ff7ed6fc101aeb6fef59a20d129ba3b64714fa2705be896be4,cells[cell=galactica-125m__unconditioned].endpoints.any_family.controls.natural
galactica-125m__unconditioned,galactica-125m,unconditioned,complete_domain,shuffle,0.0,0.0,0.0,0.0,0.0,True,800,10,4000,not_detected_beyond_any_qualified_matched_generator,97.5% percentile,frozen near-duplicate sequence group of the attempt ledger,results/R6/generative_control_20260924/gate_endpoints.json,32e1364dbe3541ff7ed6fc101aeb6fef59a20d129ba3b64714fa2705be896be4,cells[cell=galactica-125m__unconditioned].endpoints.complete_domain.controls.shuffle
galactica-125m__unconditioned,galactica-125m,unconditioned,complete_domain,hydropathy,0.0,0.0,0.0,0.0,0.0,True,800,10,4000,not_detected_beyond_any_qualified_matched_generator,97.5% percentile,frozen near-duplicate sequence group of the attempt ledger,results/R6/generative_control_20260924/gate_endpoints.json,32e1364dbe3541ff7ed6fc101aeb6fef59a20d129ba3b64714fa2705be896be4,cells[cell=galactica-125m__unconditioned].endpoints.complete_domain.controls.hydropathy
galactica-125m__unconditioned,galactica-125m,unconditioned,complete_domain,markov_0,0.0,0.0,0.0,0.0,0.0,False,800,10,4000,not_detected_beyond_any_qualified_matched_generator,97.5% percentile,frozen near-duplicate sequence group of the attempt ledger,results/R6/generative_control_20260924/gate_endpoints.json,32e1364dbe3541ff7ed6fc101aeb6fef59a20d129ba3b64714fa2705be896be4,cells[cell=galactica-125m__unconditioned].endpoints.complete_domain.controls.markov_0
galactica-125m__unconditioned,galactica-125m,unconditioned,complete_domain,markov_2,0.0,0.0,0.0,0.0,0.0,False,800,10,4000,not_detected_beyond_any_qualified_matched_generator,97.5% percentile,frozen near-duplicate sequence group of the attempt ledger,results/R6/generative_control_20260924/gate_endpoints.json,32e1364dbe3541ff7ed6fc101aeb6fef59a20d129ba3b64714fa2705be896be4,cells[cell=galactica-125m__unconditioned].endpoints.complete_domain.controls.markov_2
galactica-125m__unconditioned,galactica-125m,unconditioned,complete_domain,markov_4,0.0,0.0,0.0,0.0,0.0,True,800,10,4000,not_detected_beyond_any_qualified_matched_generator,97.5% percentile,frozen near-duplicate sequence group of the attempt ledger,results/R6/generative_control_20260924/gate_endpoints.json,32e1364dbe3541ff7ed6fc101aeb6fef59a20d129ba3b64714fa2705be896be4,cells[cell=galactica-125m__unconditioned].endpoints.complete_domain.controls.markov_4
galactica-125m__unconditioned,galactica-125m,unconditioned,complete_domain,fragment,0.0,0.00125,-0.00125,-0.3,0.0,True,800,10,4000,not_detected_beyond_any_qualified_matched_generator,97.5% percentile,frozen near-duplicate sequence group of the attempt ledger,results/R6/generative_control_20260924/gate_endpoints.json,32e1364dbe3541ff7ed6fc101aeb6fef59a20d129ba3b64714fa2705be896be4,cells[cell=galactica-125m__unconditioned].endpoints.complete_domain.controls.fragment
galactica-125m__unconditioned,galactica-125m,unconditioned,complete_domain,natural,0.0,0.00125,-0.00125,-0.3,0.0,True,800,10,4000,not_detected_beyond_any_qualified_matched_generator,97.5% percentile,frozen near-duplicate sequence group of the attempt ledger,results/R6/generative_control_20260924/gate_endpoints.json,32e1364dbe3541ff7ed6fc101aeb6fef59a20d129ba3b64714fa2705be896be4,cells[cell=galactica-125m__unconditioned].endpoints.complete_domain.controls.natural
galactica-125m__unconditioned,galactica-125m,unconditioned,any_family_by_reference_identity,no_reported_alignment,0.0,,,0.0,0.2991450484195441,,,,,,95% Wilson,"attempt, Wilson interval on the raw rate",results/R6/generative_control_20260924/gate_endpoints.json,32e1364dbe3541ff7ed6fc101aeb6fef59a20d129ba3b64714fa2705be896be4,cells[cell=galactica-125m__unconditioned].identity_strata.no_reported_alignment.any_family
galactica-125m__unconditioned,galactica-125m,unconditioned,any_family_by_reference_identity,not_searched,0.0,,,0.0,0.004832987482049182,,,,,,95% Wilson,"attempt, Wilson interval on the raw rate",results/R6/generative_control_20260924/gate_endpoints.json,32e1364dbe3541ff7ed6fc101aeb6fef59a20d129ba3b64714fa2705be896be4,cells[cell=galactica-125m__unconditioned].identity_strata.not_searched.any_family
galactica-30b__unconditioned,galactica-30b,unconditioned,any_family,shuffle,0.1725,0.0,0.1725,0.10213728075509806,0.2632381891648634,True,800,581,4000,satisfied_beyond_some_but_not_all_qualified_matched_generators,97.5% percentile,frozen near-duplicate sequence group of the attempt ledger,results/R6/generative_control_20260924/gate_endpoints.json,32e1364dbe3541ff7ed6fc101aeb6fef59a20d129ba3b64714fa2705be896be4,cells[cell=galactica-30b__unconditioned].endpoints.any_family.controls.shuffle
galactica-30b__unconditioned,galactica-30b,unconditioned,any_family,hydropathy,0.1725,0.0,0.1725,0.10213728075509806,0.2632381891648634,True,800,581,4000,satisfied_beyond_some_but_not_all_qualified_matched_generators,97.5% percentile,frozen near-duplicate sequence group of the attempt ledger,results/R6/generative_control_20260924/gate_endpoints.json,32e1364dbe3541ff7ed6fc101aeb6fef59a20d129ba3b64714fa2705be896be4,cells[cell=galactica-30b__unconditioned].endpoints.any_family.controls.hydropathy
galactica-30b__unconditioned,galactica-30b,unconditioned,any_family,markov_0,0.1725,0.0,0.1725,0.10213728075509806,0.2632381891648634,False,800,581,4000,satisfied_beyond_some_but_not_all_qualified_matched_generators,97.5% percentile,frozen near-duplicate sequence group of the attempt ledger,results/R6/generative_control_20260924/gate_endpoints.json,32e1364dbe3541ff7ed6fc101aeb6fef59a20d129ba3b64714fa2705be896be4,cells[cell=galactica-30b__unconditioned].endpoints.any_family.controls.markov_0
galactica-30b__unconditioned,galactica-30b,unconditioned,any_family,markov_2,0.1725,0.0,0.1725,0.10213728075509806,0.2632381891648634,False,800,581,4000,satisfied_beyond_some_but_not_all_qualified_matched_generators,97.5% percentile,frozen near-duplicate sequence group of the attempt ledger,results/R6/generative_control_20260924/gate_endpoints.json,32e1364dbe3541ff7ed6fc101aeb6fef59a20d129ba3b64714fa2705be896be4,cells[cell=galactica-30b__unconditioned].endpoints.any_family.controls.markov_2
galactica-30b__unconditioned,galactica-30b,unconditioned,any_family,markov_4,0.1725,0.0,0.1725,0.10213728075509806,0.2632381891648634,True,800,581,4000,satisfied_beyond_some_but_not_all_qualified_matched_generators,97.5% percentile,frozen near-duplicate sequence group of the attempt ledger,results/R6/generative_control_20260924/gate_endpoints.json,32e1364dbe3541ff7ed6fc101aeb6fef59a20d129ba3b64714fa2705be896be4,cells[cell=galactica-30b__unconditioned].endpoints.any_family.controls.markov_4
galactica-30b__unconditioned,galactica-30b,unconditioned,any_family,fragment,0.1725,0.4375,-0.265,-0.3713882410216929,-0.1652773326210826,True,800,581,4000,satisfied_beyond_some_but_not_all_qualified_matched_generators,97.5% percentile,frozen near-duplicate sequence group of the attempt ledger,results/R6/generative_control_20260924/gate_endpoints.json,32e1364dbe3541ff7ed6fc101aeb6fef59a20d129ba3b64714fa2705be896be4,cells[cell=galactica-30b__unconditioned].endpoints.any_family.controls.fragment
galactica-30b__unconditioned,galactica-30b,unconditioned,any_family,natural,0.1725,0.42875,-0.25625000000000003,-0.3673849601068924,-0.14943313711955608,True,800,581,4000,satisfied_beyond_some_but_not_all_qualified_matched_generators,97.5% percentile,frozen near-duplicate sequence group of the attempt ledger,results/R6/generative_control_20260924/gate_endpoints.json,32e1364dbe3541ff7ed6fc101aeb6fef59a20d129ba3b64714fa2705be896be4,cells[cell=galactica-30b__unconditioned].endpoints.any_family.controls.natural
galactica-30b__unconditioned,galactica-30b,unconditioned,complete_domain,shuffle,0.11375,0.0,0.11375,0.05652759084791386,0.197756726090592,True,800,581,4000,satisfied_beyond_some_but_not_all_qualified_matched_generators,97.5% percentile,frozen near-duplicate sequence group of the attempt ledger,results/R6/generative_control_20260924/gate_endpoints.json,32e1364dbe3541ff7ed6fc101aeb6fef59a20d129ba3b64714fa2705be896be4,cells[cell=galactica-30b__unconditioned].endpoints.complete_domain.controls.shuffle
galactica-30b__unconditioned,galactica-30b,unconditioned,complete_domain,hydropathy,0.11375,0.0,0.11375,0.05652759084791386,0.197756726090592,True,800,581,4000,satisfied_beyond_some_but_not_all_qualified_matched_generators,97.5% percentile,frozen near-duplicate sequence group of the attempt ledger,results/R6/generative_control_20260924/gate_endpoints.json,32e1364dbe3541ff7ed6fc101aeb6fef59a20d129ba3b64714fa2705be896be4,cells[cell=galactica-30b__unconditioned].endpoints.complete_domain.controls.hydropathy
galactica-30b__unconditioned,galactica-30b,unconditioned,complete_domain,markov_0,0.11375,0.0,0.11375,0.05652759084791386,0.197756726090592,False,800,581,4000,satisfied_beyond_some_but_not_all_qualified_matched_generators,97.5% percentile,frozen near-duplicate sequence group of the attempt ledger,results/R6/generative_control_20260924/gate_endpoints.json,32e1364dbe3541ff7ed6fc101aeb6fef59a20d129ba3b64714fa2705be896be4,cells[cell=galactica-30b__unconditioned].endpoints.complete_domain.controls.markov_0
galactica-30b__unconditioned,galactica-30b,unconditioned,complete_domain,markov_2,0.11375,0.0,0.11375,0.05652759084791386,0.197756726090592,False,800,581,4000,satisfied_beyond_some_but_not_all_qualified_matched_generators,97.5% percentile,frozen near-duplicate sequence group of the attempt ledger,results/R6/generative_control_20260924/gate_endpoints.json,32e1364dbe3541ff7ed6fc101aeb6fef59a20d129ba3b64714fa2705be896be4,cells[cell=galactica-30b__unconditioned].endpoints.complete_domain.controls.markov_2
galactica-30b__unconditioned,galactica-30b,unconditioned,complete_domain,markov_4,0.11375,0.0,0.11375,0.05652759084791386,0.197756726090592,True,800,581,4000,satisfied_beyond_some_but_not_all_qualified_matched_generators,97.5% percentile,frozen near-duplicate sequence group of the attempt ledger,results/R6/generative_control_20260924/gate_endpoints.json,32e1364dbe3541ff7ed6fc101aeb6fef59a20d129ba3b64714fa2705be896be4,cells[cell=galactica-30b__unconditioned].endpoints.complete_domain.controls.markov_4
galactica-30b__unconditioned,galactica-30b,unconditioned,complete_domain,fragment,0.11375,0.26375,-0.14999999999999997,-0.23787354903938485,-0.06170945247401201,True,800,581,4000,satisfied_beyond_some_but_not_all_qualified_matched_generators,97.5% percentile,frozen near-duplicate sequence group of the attempt ledger,results/R6/generative_control_20260924/gate_endpoints.json,32e1364dbe3541ff7ed6fc101aeb6fef59a20d129ba3b64714fa2705be896be4,cells[cell=galactica-30b__unconditioned].endpoints.complete_domain.controls.fragment
galactica-30b__unconditioned,galactica-30b,unconditioned,complete_domain,natural,0.11375,0.32,-0.20625,-0.30941034292868685,-0.10372915755948288,True,800,581,4000,satisfied_beyond_some_but_not_all_qualified_matched_generators,97.5% percentile,frozen near-duplicate sequence group of the attempt ledger,results/R6/generative_control_20260924/gate_endpoints.json,32e1364dbe3541ff7ed6fc101aeb6fef59a20d129ba3b64714fa2705be896be4,cells[cell=galactica-30b__unconditioned].endpoints.complete_domain.controls.natural
galactica-30b__unconditioned,galactica-30b,unconditioned,any_family_by_reference_identity,30_to_50,0.2807017543859649,,,0.18079399343823543,0.4083019867604394,,,,,,95% Wilson,"attempt, Wilson interval on the raw rate",results/R6/generative_control_20260924/gate_endpoints.json,32e1364dbe3541ff7ed6fc101aeb6fef59a20d129ba3b64714fa2705be896be4,cells[cell=galactica-30b__unconditioned].identity_strata.30_to_50.any_family
galactica-30b__unconditioned,galactica-30b,unconditioned,any_family_by_reference_identity,50_to_70,0.2903225806451613,,,0.1609580015630062,0.46592329330749926,,,,,,95% Wilson,"attempt, Wilson interval on the raw rate",results/R6/generative_control_20260924/gate_endpoints.json,32e1364dbe3541ff7ed6fc101aeb6fef59a20d129ba3b64714fa2705be896be4,cells[cell=galactica-30b__unconditioned].identity_strata.50_to_70.any_family
galactica-30b__unconditioned,galactica-30b,unconditioned,any_family_by_reference_identity,70_and_over,0.8245614035087719,,,0.7444999446318382,0.8834624103878611,,,,,,95% Wilson,"attempt, Wilson interval on the raw rate",results/R6/generative_control_20260924/gate_endpoints.json,32e1364dbe3541ff7ed6fc101aeb6fef59a20d129ba3b64714fa2705be896be4,cells[cell=galactica-30b__unconditioned].identity_strata.70_and_over.any_family
galactica-30b__unconditioned,galactica-30b,unconditioned,any_family_by_reference_identity,no_reported_alignment,0.016129032258064516,,,0.007834386935704723,0.03291428695358223,,,,,,95% Wilson,"attempt, Wilson interval on the raw rate",results/R6/generative_control_20260924/gate_endpoints.json,32e1364dbe3541ff7ed6fc101aeb6fef59a20d129ba3b64714fa2705be896be4,cells[cell=galactica-30b__unconditioned].identity_strata.no_reported_alignment.any_family
galactica-30b__unconditioned,galactica-30b,unconditioned,any_family_by_reference_identity,not_searched,0.0,,,0.0,0.030526178389012868,,,,,,95% Wilson,"attempt, Wilson interval on the raw rate",results/R6/generative_control_20260924/gate_endpoints.json,32e1364dbe3541ff7ed6fc101aeb6fef59a20d129ba3b64714fa2705be896be4,cells[cell=galactica-30b__unconditioned].identity_strata.not_searched.any_family
galactica-30b__unconditioned,galactica-30b,unconditioned,any_family_by_reference_identity,under_30,0.2857142857142857,,,0.17167024626049074,0.4356720926819536,,,,,,95% Wilson,"attempt, Wilson interval on the raw rate",results/R6/generative_control_20260924/gate_endpoints.json,32e1364dbe3541ff7ed6fc101aeb6fef59a20d129ba3b64714fa2705be896be4,cells[cell=galactica-30b__unconditioned].identity_strata.under_30.any_family
galactica-6.7b__unconditioned,galactica-6.7b,unconditioned,any_family,shuffle,0.11375,0.0,0.11375,0.0611220479770441,0.18968460685182817,True,800,565,4000,satisfied_beyond_some_but_not_all_qualified_matched_generators,97.5% percentile,frozen near-duplicate sequence group of the attempt ledger,results/R6/generative_control_20260924/gate_endpoints.json,32e1364dbe3541ff7ed6fc101aeb6fef59a20d129ba3b64714fa2705be896be4,cells[cell=galactica-6.7b__unconditioned].endpoints.any_family.controls.shuffle
galactica-6.7b__unconditioned,galactica-6.7b,unconditioned,any_family,hydropathy,0.11375,0.0,0.11375,0.0611220479770441,0.18968460685182817,True,800,565,4000,satisfied_beyond_some_but_not_all_qualified_matched_generators,97.5% percentile,frozen near-duplicate sequence group of the attempt ledger,results/R6/generative_control_20260924/gate_endpoints.json,32e1364dbe3541ff7ed6fc101aeb6fef59a20d129ba3b64714fa2705be896be4,cells[cell=galactica-6.7b__unconditioned].endpoints.any_family.controls.hydropathy
galactica-6.7b__unconditioned,galactica-6.7b,unconditioned,any_family,markov_0,0.11375,0.0,0.11375,0.0611220479770441,0.18968460685182817,False,800,565,4000,satisfied_beyond_some_but_not_all_qualified_matched_generators,97.5% percentile,frozen near-duplicate sequence group of the attempt ledger,results/R6/generative_control_20260924/gate_endpoints.json,32e1364dbe3541ff7ed6fc101aeb6fef59a20d129ba3b64714fa2705be896be4,cells[cell=galactica-6.7b__unconditioned].endpoints.any_family.controls.markov_0
galactica-6.7b__unconditioned,galactica-6.7b,unconditioned,any_family,markov_2,0.11375,0.0,0.11375,0.0611220479770441,0.18968460685182817,False,800,565,4000,satisfied_beyond_some_but_not_all_qualified_matched_generators,97.5% percentile,frozen near-duplicate sequence group of the attempt ledger,results/R6/generative_control_20260924/gate_endpoints.json,32e1364dbe3541ff7ed6fc101aeb6fef59a20d129ba3b64714fa2705be896be4,cells[cell=galactica-6.7b__unconditioned].endpoints.any_family.controls.markov_2
galactica-6.7b__unconditioned,galactica-6.7b,unconditioned,any_family,markov_4,0.11375,0.0,0.11375,0.0611220479770441,0.18968460685182817,True,800,565,4000,satisfied_beyond_some_but_not_all_qualified_matched_generators,97.5% percentile,frozen near-duplicate sequence group of the attempt ledger,results/R6/generative_control_20260924/gate_endpoints.json,32e1364dbe3541ff7ed6fc101aeb6fef59a20d129ba3b64714fa2705be896be4,cells[cell=galactica-6.7b__unconditioned].endpoints.any_family.controls.markov_4
galactica-6.7b__unconditioned,galactica-6.7b,unconditioned,any_family,fragment,0.11375,0.44625,-0.33249999999999996,-0.504216209484163,-0.18931615685637287,True,800,565,4000,satisfied_beyond_some_but_not_all_qualified_matched_generators,97.5% percentile,frozen near-duplicate sequence group of the attempt ledger,results/R6/generative_control_20260924/gate_endpoints.json,32e1364dbe3541ff7ed6fc101aeb6fef59a20d129ba3b64714fa2705be896be4,cells[cell=galactica-6.7b__unconditioned].endpoints.any_family.controls.fragment
galactica-6.7b__unconditioned,galactica-6.7b,unconditioned,any_family,natural,0.11375,0.47125,-0.3575,-0.5349684082695828,-0.2059836694702939,True,800,565,4000,satisfied_beyond_some_but_not_all_qualified_matched_generators,97.5% percentile,frozen near-duplicate sequence group of the attempt ledger,results/R6/generative_control_20260924/gate_endpoints.json,32e1364dbe3541ff7ed6fc101aeb6fef59a20d129ba3b64714fa2705be896be4,cells[cell=galactica-6.7b__unconditioned].endpoints.any_family.controls.natural
galactica-6.7b__unconditioned,galactica-6.7b,unconditioned,complete_domain,shuffle,0.065,0.0,0.065,0.03203325466196468,0.11467527403035423,True,800,565,4000,satisfied_beyond_some_but_not_all_qualified_matched_generators,97.5% percentile,frozen near-duplicate sequence group of the attempt ledger,results/R6/generative_control_20260924/gate_endpoints.json,32e1364dbe3541ff7ed6fc101aeb6fef59a20d129ba3b64714fa2705be896be4,cells[cell=galactica-6.7b__unconditioned].endpoints.complete_domain.controls.shuffle
galactica-6.7b__unconditioned,galactica-6.7b,unconditioned,complete_domain,hydropathy,0.065,0.0,0.065,0.03203325466196468,0.11467527403035423,True,800,565,4000,satisfied_beyond_some_but_not_all_qualified_matched_generators,97.5% percentile,frozen near-duplicate sequence group of the attempt ledger,results/R6/generative_control_20260924/gate_endpoints.json,32e1364dbe3541ff7ed6fc101aeb6fef59a20d129ba3b64714fa2705be896be4,cells[cell=galactica-6.7b__unconditioned].endpoints.complete_domain.controls.hydropathy
galactica-6.7b__unconditioned,galactica-6.7b,unconditioned,complete_domain,markov_0,0.065,0.0,0.065,0.03203325466196468,0.11467527403035423,False,800,565,4000,satisfied_beyond_some_but_not_all_qualified_matched_generators,97.5% percentile,frozen near-duplicate sequence group of the attempt ledger,results/R6/generative_control_20260924/gate_endpoints.json,32e1364dbe3541ff7ed6fc101aeb6fef59a20d129ba3b64714fa2705be896be4,cells[cell=galactica-6.7b__unconditioned].endpoints.complete_domain.controls.markov_0
galactica-6.7b__unconditioned,galactica-6.7b,unconditioned,complete_domain,markov_2,0.065,0.0,0.065,0.03203325466196468,0.11467527403035423,False,800,565,4000,satisfied_beyond_some_but_not_all_qualified_matched_generators,97.5% percentile,frozen near-duplicate sequence group of the attempt ledger,results/R6/generative_control_20260924/gate_endpoints.json,32e1364dbe3541ff7ed6fc101aeb6fef59a20d129ba3b64714fa2705be896be4,cells[cell=galactica-6.7b__unconditioned].endpoints.complete_domain.controls.markov_2
galactica-6.7b__unconditioned,galactica-6.7b,unconditioned,complete_domain,markov_4,0.065,0.0,0.065,0.03203325466196468,0.11467527403035423,True,800,565,4000,satisfied_beyond_some_but_not_all_qualified_matched_generators,97.5% percentile,frozen near-duplicate sequence group of the attempt ledger,results/R6/generative_control_20260924/gate_endpoints.json,32e1364dbe3541ff7ed6fc101aeb6fef59a20d129ba3b64714fa2705be896be4,cells[cell=galactica-6.7b__unconditioned].endpoints.complete_domain.controls.markov_4
galactica-6.7b__unconditioned,galactica-6.7b,unconditioned,complete_domain,fragment,0.065,0.29375,-0.22875,-0.35517299431092536,-0.12937084696334647,True,800,565,4000,satisfied_beyond_some_but_not_all_qualified_matched_generators,97.5% percentile,frozen near-duplicate sequence group of the attempt ledger,results/R6/generative_control_20260924/gate_endpoints.json,32e1364dbe3541ff7ed6fc101aeb6fef59a20d129ba3b64714fa2705be896be4,cells[cell=galactica-6.7b__unconditioned].endpoints.complete_domain.controls.fragment
galactica-6.7b__unconditioned,galactica-6.7b,unconditioned,complete_domain,natural,0.065,0.37,-0.305,-0.4587813115983742,-0.17589723585552652,True,800,565,4000,satisfied_beyond_some_but_not_all_qualified_matched_generators,97.5% percentile,frozen near-duplicate sequence group of the attempt ledger,results/R6/generative_control_20260924/gate_endpoints.json,32e1364dbe3541ff7ed6fc101aeb6fef59a20d129ba3b64714fa2705be896be4,cells[cell=galactica-6.7b__unconditioned].endpoints.complete_domain.controls.natural
galactica-6.7b__unconditioned,galactica-6.7b,unconditioned,any_family_by_reference_identity,30_to_50,0.18181818181818182,,,0.08610768208940667,0.3438823163466992,,,,,,95% Wilson,"attempt, Wilson interval on the raw rate",results/R6/generative_control_20260924/gate_endpoints.json,32e1364dbe3541ff7ed6fc101aeb6fef59a20d129ba3b64714fa2705be896be4,cells[cell=galactica-6.7b__unconditioned].identity_strata.30_to_50.any_family
galactica-6.7b__unconditioned,galactica-6.7b,unconditioned,any_family_by_reference_identity,50_to_70,0.23076923076923078,,,0.08179528718498569,0.5025637594672749,,,,,,95% Wilson,"attempt, Wilson interval on the raw rate",results/R6/generative_control_20260924/gate_endpoints.json,32e1364dbe3541ff7ed6fc101aeb6fef59a20d129ba3b64714fa2705be896be4,cells[cell=galactica-6.7b__unconditioned].identity_strata.50_to_70.any_family
galactica-6.7b__unconditioned,galactica-6.7b,unconditioned,any_family_by_reference_identity,70_and_over,0.9142857142857143,,,0.8253432750766051,0.9601233303548878,,,,,,95% Wilson,"attempt, Wilson interval on the raw rate",results/R6/generative_control_20260924/gate_endpoints.json,32e1364dbe3541ff7ed6fc101aeb6fef59a20d129ba3b64714fa2705be896be4,cells[cell=galactica-6.7b__unconditioned].identity_strata.70_and_over.any_family
galactica-6.7b__unconditioned,galactica-6.7b,unconditioned,any_family_by_reference_identity,no_reported_alignment,0.023752969121140142,,,0.012952319392889322,0.0431661651045394,,,,,,95% Wilson,"attempt, Wilson interval on the raw rate",results/R6/generative_control_20260924/gate_endpoints.json,32e1364dbe3541ff7ed6fc101aeb6fef59a20d129ba3b64714fa2705be896be4,cells[cell=galactica-6.7b__unconditioned].identity_strata.no_reported_alignment.any_family
galactica-6.7b__unconditioned,galactica-6.7b,unconditioned,any_family_by_reference_identity,not_searched,0.0,,,0.0,0.017715518248153008,,,,,,95% Wilson,"attempt, Wilson interval on the raw rate",results/R6/generative_control_20260924/gate_endpoints.json,32e1364dbe3541ff7ed6fc101aeb6fef59a20d129ba3b64714fa2705be896be4,cells[cell=galactica-6.7b__unconditioned].identity_strata.not_searched.any_family
galactica-6.7b__unconditioned,galactica-6.7b,unconditioned,any_family_by_reference_identity,under_30,0.16,,,0.08337420678033404,0.2851421606303499,,,,,,95% Wilson,"attempt, Wilson interval on the raw rate",results/R6/generative_control_20260924/gate_endpoints.json,32e1364dbe3541ff7ed6fc101aeb6fef59a20d129ba3b64714fa2705be896be4,cells[cell=galactica-6.7b__unconditioned].identity_strata.under_30.any_family
instructprotein__unconditioned,instructprotein,unconditioned,any_family,shuffle,0.5875,0.0,0.5875,0.5470514429109159,0.6267184675871579,True,800,795,4000,satisfied_beyond_some_but_not_all_qualified_matched_generators,97.5% percentile,frozen near-duplicate sequence group of the attempt ledger,results/R6/generative_control_20260924/gate_endpoints.json,32e1364dbe3541ff7ed6fc101aeb6fef59a20d129ba3b64714fa2705be896be4,cells[cell=instructprotein__unconditioned].endpoints.any_family.controls.shuffle
instructprotein__unconditioned,instructprotein,unconditioned,any_family,hydropathy,0.5875,0.0,0.5875,0.5470514429109159,0.6267184675871579,True,800,795,4000,satisfied_beyond_some_but_not_all_qualified_matched_generators,97.5% percentile,frozen near-duplicate sequence group of the attempt ledger,results/R6/generative_control_20260924/gate_endpoints.json,32e1364dbe3541ff7ed6fc101aeb6fef59a20d129ba3b64714fa2705be896be4,cells[cell=instructprotein__unconditioned].endpoints.any_family.controls.hydropathy
instructprotein__unconditioned,instructprotein,unconditioned,any_family,markov_0,0.5875,0.0,0.5875,0.5470514429109159,0.6267184675871579,False,800,795,4000,satisfied_beyond_some_but_not_all_qualified_matched_generators,97.5% percentile,frozen near-duplicate sequence group of the attempt ledger,results/R6/generative_control_20260924/gate_endpoints.json,32e1364dbe3541ff7ed6fc101aeb6fef59a20d129ba3b64714fa2705be896be4,cells[cell=instructprotein__unconditioned].endpoints.any_family.controls.markov_0
instructprotein__unconditioned,instructprotein,unconditioned,any_family,markov_2,0.5875,0.0,0.5875,0.5470514429109159,0.6267184675871579,False,800,795,4000,satisfied_beyond_some_but_not_all_qualified_matched_generators,97.5% percentile,frozen near-duplicate sequence group of the attempt ledger,results/R6/generative_control_20260924/gate_endpoints.json,32e1364dbe3541ff7ed6fc101aeb6fef59a20d129ba3b64714fa2705be896be4,cells[cell=instructprotein__unconditioned].endpoints.any_family.controls.markov_2
instructprotein__unconditioned,instructprotein,unconditioned,any_family,markov_4,0.5875,0.00125,0.58625,0.5463659147869674,0.6254720905813916,True,800,795,4000,satisfied_beyond_some_but_not_all_qualified_matched_generators,97.5% percentile,frozen near-duplicate sequence group of the attempt ledger,results/R6/generative_control_20260924/gate_endpoints.json,32e1364dbe3541ff7ed6fc101aeb6fef59a20d129ba3b64714fa2705be896be4,cells[cell=instructprotein__unconditioned].endpoints.any_family.controls.markov_4
instructprotein__unconditioned,instructprotein,unconditioned,any_family,fragment,0.5875,0.535,0.05249999999999999,-0.00878293601003764,0.10986438826466921,True,800,795,4000,satisfied_beyond_some_but_not_all_qualified_matched_generators,97.5% percentile,frozen near-duplicate sequence group of the attempt ledger,results/R6/generative_control_20260924/gate_endpoints.json,32e1364dbe3541ff7ed6fc101aeb6fef59a20d129ba3b64714fa2705be896be4,cells[cell=instructprotein__unconditioned].endpoints.any_family.controls.fragment
instructprotein__unconditioned,instructprotein,unconditioned,any_family,natural,0.5875,0.55875,0.028750000000000053,-0.02753441802252816,0.08646616541353383,True,800,795,4000,satisfied_beyond_some_but_not_all_qualified_matched_generators,97.5% percentile,frozen near-duplicate sequence group of the attempt ledger,results/R6/generative_control_20260924/gate_endpoints.json,32e1364dbe3541ff7ed6fc101aeb6fef59a20d129ba3b64714fa2705be896be4,cells[cell=instructprotein__unconditioned].endpoints.any_family.controls.natural
instructprotein__unconditioned,instructprotein,unconditioned,complete_domain,shuffle,0.51,0.0,0.51,0.4693366708385482,0.5494367959949937,True,800,795,4000,satisfied_beyond_every_qualified_matched_generator,97.5% percentile,frozen near-duplicate sequence group of the attempt ledger,results/R6/generative_control_20260924/gate_endpoints.json,32e1364dbe3541ff7ed6fc101aeb6fef59a20d129ba3b64714fa2705be896be4,cells[cell=instructprotein__unconditioned].endpoints.complete_domain.controls.shuffle
instructprotein__unconditioned,instructprotein,unconditioned,complete_domain,hydropathy,0.51,0.0,0.51,0.4693366708385482,0.5494367959949937,True,800,795,4000,satisfied_beyond_every_qualified_matched_generator,97.5% percentile,frozen near-duplicate sequence group of the attempt ledger,results/R6/generative_control_20260924/gate_endpoints.json,32e1364dbe3541ff7ed6fc101aeb6fef59a20d129ba3b64714fa2705be896be4,cells[cell=instructprotein__unconditioned].endpoints.complete_domain.controls.hydropathy
instructprotein__unconditioned,instructprotein,unconditioned,complete_domain,markov_0,0.51,0.0,0.51,0.4693366708385482,0.5494367959949937,False,800,795,4000,satisfied_beyond_every_qualified_matched_generator,97.5% percentile,frozen near-duplicate sequence group of the attempt ledger,results/R6/generative_control_20260924/gate_endpoints.json,32e1364dbe3541ff7ed6fc101aeb6fef59a20d129ba3b64714fa2705be896be4,cells[cell=instructprotein__unconditioned].endpoints.complete_domain.controls.markov_0
instructprotein__unconditioned,instructprotein,unconditioned,complete_domain,markov_2,0.51,0.0,0.51,0.4693366708385482,0.5494367959949937,False,800,795,4000,satisfied_beyond_every_qualified_matched_generator,97.5% percentile,frozen near-duplicate sequence group of the attempt ledger,results/R6/generative_control_20260924/gate_endpoints.json,32e1364dbe3541ff7ed6fc101aeb6fef59a20d129ba3b64714fa2705be896be4,cells[cell=instructprotein__unconditioned].endpoints.complete_domain.controls.markov_2
instructprotein__unconditioned,instructprotein,unconditioned,complete_domain,markov_4,0.51,0.0,0.51,0.4693366708385482,0.5494367959949937,True,800,795,4000,satisfied_beyond_every_qualified_matched_generator,97.5% percentile,frozen near-duplicate sequence group of the attempt ledger,results/R6/generative_control_20260924/gate_endpoints.json,32e1364dbe3541ff7ed6fc101aeb6fef59a20d129ba3b64714fa2705be896be4,cells[cell=instructprotein__unconditioned].endpoints.complete_domain.controls.markov_4
instructprotein__unconditioned,instructprotein,unconditioned,complete_domain,fragment,0.51,0.28875,0.22125,0.1624974641073658,0.28035043804755944,True,800,795,4000,satisfied_beyond_every_qualified_matched_generator,97.5% percentile,frozen near-duplicate sequence group of the attempt ledger,results/R6/generative_control_20260924/gate_endpoints.json,32e1364dbe3541ff7ed6fc101aeb6fef59a20d129ba3b64714fa2705be896be4,cells[cell=instructprotein__unconditioned].endpoints.complete_domain.controls.fragment
instructprotein__unconditioned,instructprotein,unconditioned,complete_domain,natural,0.51,0.37875,0.13125000000000003,0.0701710635691473,0.18976873401364702,True,800,795,4000,satisfied_beyond_every_qualified_matched_generator,97.5% percentile,frozen near-duplicate sequence group of the attempt ledger,results/R6/generative_control_20260924/gate_endpoints.json,32e1364dbe3541ff7ed6fc101aeb6fef59a20d129ba3b64714fa2705be896be4,cells[cell=instructprotein__unconditioned].endpoints.complete_domain.controls.natural
instructprotein__unconditioned,instructprotein,unconditioned,any_family_by_reference_identity,30_to_50,0.6744186046511628,,,0.569778553659483,0.7641430054268858,,,,,,95% Wilson,"attempt, Wilson interval on the raw rate",results/R6/generative_control_20260924/gate_endpoints.json,32e1364dbe3541ff7ed6fc101aeb6fef59a20d129ba3b64714fa2705be896be4,cells[cell=instructprotein__unconditioned].identity_strata.30_to_50.any_family
instructprotein__unconditioned,instructprotein,unconditioned,any_family_by_reference_identity,50_to_70,0.9357142857142857,,,0.8823423857613151,0.9658136396310537,,,,,,95% Wilson,"attempt, Wilson interval on the raw rate",results/R6/generative_control_20260924/gate_endpoints.json,32e1364dbe3541ff7ed6fc101aeb6fef59a20d129ba3b64714fa2705be896be4,cells[cell=instructprotein__unconditioned].identity_strata.50_to_70.any_family
instructprotein__unconditioned,instructprotein,unconditioned,any_family_by_reference_identity,70_and_over,0.9866071428571429,,,0.9613707167571758,0.9954349547319666,,,,,,95% Wilson,"attempt, Wilson interval on the raw rate",results/R6/generative_control_20260924/gate_endpoints.json,32e1364dbe3541ff7ed6fc101aeb6fef59a20d129ba3b64714fa2705be896be4,cells[cell=instructprotein__unconditioned].identity_strata.70_and_over.any_family
instructprotein__unconditioned,instructprotein,unconditioned,any_family_by_reference_identity,no_reported_alignment,0.05791505791505792,,,0.0354079203815658,0.09334444225000894,,,,,,95% Wilson,"attempt, Wilson interval on the raw rate",results/R6/generative_control_20260924/gate_endpoints.json,32e1364dbe3541ff7ed6fc101aeb6fef59a20d129ba3b64714fa2705be896be4,cells[cell=instructprotein__unconditioned].identity_strata.no_reported_alignment.any_family
instructprotein__unconditioned,instructprotein,unconditioned,any_family_by_reference_identity,under_30,0.4945054945054945,,,0.39410584110376173,0.5953502468515007,,,,,,95% Wilson,"attempt, Wilson interval on the raw rate",results/R6/generative_control_20260924/gate_endpoints.json,32e1364dbe3541ff7ed6fc101aeb6fef59a20d129ba3b64714fa2705be896be4,cells[cell=instructprotein__unconditioned].identity_strata.under_30.any_family
progen2-base__unconditioned,progen2-base,unconditioned,any_family,shuffle,0.25625,0.0,0.25625,0.19892410074845165,0.30911580317211845,True,800,709,4000,satisfied_beyond_some_but_not_all_qualified_matched_generators,97.5% percentile,frozen near-duplicate sequence group of the attempt ledger,results/R6/generative_control_20260924/gate_endpoints.json,32e1364dbe3541ff7ed6fc101aeb6fef59a20d129ba3b64714fa2705be896be4,cells[cell=progen2-base__unconditioned].endpoints.any_family.controls.shuffle
progen2-base__unconditioned,progen2-base,unconditioned,any_family,hydropathy,0.25625,0.0,0.25625,0.19892410074845165,0.30911580317211845,True,800,709,4000,satisfied_beyond_some_but_not_all_qualified_matched_generators,97.5% percentile,frozen near-duplicate sequence group of the attempt ledger,results/R6/generative_control_20260924/gate_endpoints.json,32e1364dbe3541ff7ed6fc101aeb6fef59a20d129ba3b64714fa2705be896be4,cells[cell=progen2-base__unconditioned].endpoints.any_family.controls.hydropathy
progen2-base__unconditioned,progen2-base,unconditioned,any_family,markov_0,0.25625,0.0,0.25625,0.19892410074845165,0.30911580317211845,False,800,709,4000,satisfied_beyond_some_but_not_all_qualified_matched_generators,97.5% percentile,frozen near-duplicate sequence group of the attempt ledger,results/R6/generative_control_20260924/gate_endpoints.json,32e1364dbe3541ff7ed6fc101aeb6fef59a20d129ba3b64714fa2705be896be4,cells[cell=progen2-base__unconditioned].endpoints.any_family.controls.markov_0
progen2-base__unconditioned,progen2-base,unconditioned,any_family,markov_2,0.25625,0.0,0.25625,0.19892410074845165,0.30911580317211845,False,800,709,4000,satisfied_beyond_some_but_not_all_qualified_matched_generators,97.5% percentile,frozen near-duplicate sequence group of the attempt ledger,results/R6/generative_control_20260924/gate_endpoints.json,32e1364dbe3541ff7ed6fc101aeb6fef59a20d129ba3b64714fa2705be896be4,cells[cell=progen2-base__unconditioned].endpoints.any_family.controls.markov_2
progen2-base__unconditioned,progen2-base,unconditioned,any_family,markov_4,0.25625,0.0,0.25625,0.19892410074845165,0.30911580317211845,True,800,709,4000,satisfied_beyond_some_but_not_all_qualified_matched_generators,97.5% percentile,frozen near-duplicate sequence group of the attempt ledger,results/R6/generative_control_20260924/gate_endpoints.json,32e1364dbe3541ff7ed6fc101aeb6fef59a20d129ba3b64714fa2705be896be4,cells[cell=progen2-base__unconditioned].endpoints.any_family.controls.markov_4
progen2-base__unconditioned,progen2-base,unconditioned,any_family,fragment,0.25625,0.56125,-0.30500000000000005,-0.37548112124129907,-0.2352909172374063,True,800,709,4000,satisfied_beyond_some_but_not_all_qualified_matched_generators,97.5% percentile,frozen near-duplicate sequence group of the attempt ledger,results/R6/generative_control_20260924/gate_endpoints.json,32e1364dbe3541ff7ed6fc101aeb6fef59a20d129ba3b64714fa2705be896be4,cells[cell=progen2-base__unconditioned].endpoints.any_family.controls.fragment
progen2-base__unconditioned,progen2-base,unconditioned,any_family,natural,0.25625,0.61375,-0.35750000000000004,-0.43443995584988965,-0.27817802505089473,True,800,709,4000,satisfied_beyond_some_but_not_all_qualified_matched_generators,97.5% percentile,frozen near-duplicate sequence group of the attempt ledger,results/R6/generative_control_20260924/gate_endpoints.json,32e1364dbe3541ff7ed6fc101aeb6fef59a20d129ba3b64714fa2705be896be4,cells[cell=progen2-base__unconditioned].endpoints.any_family.controls.natural
progen2-base__unconditioned,progen2-base,unconditioned,complete_domain,shuffle,0.18,0.0,0.18,0.13626464617461564,0.22283846563429038,True,800,709,4000,satisfied_beyond_some_but_not_all_qualified_matched_generators,97.5% percentile,frozen near-duplicate sequence group of the attempt ledger,results/R6/generative_control_20260924/gate_endpoints.json,32e1364dbe3541ff7ed6fc101aeb6fef59a20d129ba3b64714fa2705be896be4,cells[cell=progen2-base__unconditioned].endpoints.complete_domain.controls.shuffle
progen2-base__unconditioned,progen2-base,unconditioned,complete_domain,hydropathy,0.18,0.0,0.18,0.13626464617461564,0.22283846563429038,True,800,709,4000,satisfied_beyond_some_but_not_all_qualified_matched_generators,97.5% percentile,frozen near-duplicate sequence group of the attempt ledger,results/R6/generative_control_20260924/gate_endpoints.json,32e1364dbe3541ff7ed6fc101aeb6fef59a20d129ba3b64714fa2705be896be4,cells[cell=progen2-base__unconditioned].endpoints.complete_domain.controls.hydropathy
progen2-base__unconditioned,progen2-base,unconditioned,complete_domain,markov_0,0.18,0.0,0.18,0.13626464617461564,0.22283846563429038,False,800,709,4000,satisfied_beyond_some_but_not_all_qualified_matched_generators,97.5% percentile,frozen near-duplicate sequence group of the attempt ledger,results/R6/generative_control_20260924/gate_endpoints.json,32e1364dbe3541ff7ed6fc101aeb6fef59a20d129ba3b64714fa2705be896be4,cells[cell=progen2-base__unconditioned].endpoints.complete_domain.controls.markov_0
progen2-base__unconditioned,progen2-base,unconditioned,complete_domain,markov_2,0.18,0.0,0.18,0.13626464617461564,0.22283846563429038,False,800,709,4000,satisfied_beyond_some_but_not_all_qualified_matched_generators,97.5% percentile,frozen near-duplicate sequence group of the attempt ledger,results/R6/generative_control_20260924/gate_endpoints.json,32e1364dbe3541ff7ed6fc101aeb6fef59a20d129ba3b64714fa2705be896be4,cells[cell=progen2-base__unconditioned].endpoints.complete_domain.controls.markov_2
progen2-base__unconditioned,progen2-base,unconditioned,complete_domain,markov_4,0.18,0.0,0.18,0.13626464617461564,0.22283846563429038,True,800,709,4000,satisfied_beyond_some_but_not_all_qualified_matched_generators,97.5% percentile,frozen near-duplicate sequence group of the attempt ledger,results/R6/generative_control_20260924/gate_endpoints.json,32e1364dbe3541ff7ed6fc101aeb6fef59a20d129ba3b64714fa2705be896be4,cells[cell=progen2-base__unconditioned].endpoints.complete_domain.controls.markov_4
progen2-base__unconditioned,progen2-base,unconditioned,complete_domain,fragment,0.18,0.375,-0.195,-0.2569100196068001,-0.13843300725344782,True,800,709,4000,satisfied_beyond_some_but_not_all_qualified_matched_generators,97.5% percentile,frozen near-duplicate sequence group of the attempt ledger,results/R6/generative_control_20260924/gate_endpoints.json,32e1364dbe3541ff7ed6fc101aeb6fef59a20d129ba3b64714fa2705be896be4,cells[cell=progen2-base__unconditioned].endpoints.complete_domain.controls.fragment
progen2-base__unconditioned,progen2-base,unconditioned,complete_domain,natural,0.18,0.46,-0.28,-0.34974216241769607,-0.21211880864482383,True,800,709,4000,satisfied_beyond_some_but_not_all_qualified_matched_generators,97.5% percentile,frozen near-duplicate sequence group of the attempt ledger,results/R6/generative_control_20260924/gate_endpoints.json,32e1364dbe3541ff7ed6fc101aeb6fef59a20d129ba3b64714fa2705be896be4,cells[cell=progen2-base__unconditioned].endpoints.complete_domain.controls.natural
progen2-base__unconditioned,progen2-base,unconditioned,any_family_by_reference_identity,30_to_50,0.4678362573099415,,,0.3945797997890047,0.5425060603142281,,,,,,95% Wilson,"attempt, Wilson interval on the raw rate",results/R6/generative_control_20260924/gate_endpoints.json,32e1364dbe3541ff7ed6fc101aeb6fef59a20d129ba3b64714fa2705be896be4,cells[cell=progen2-base__unconditioned].identity_strata.30_to_50.any_family
progen2-base__unconditioned,progen2-base,unconditioned,any_family_by_reference_identity,50_to_70,0.5,,,0.388925948803978,0.611074051196022,,,,,,95% Wilson,"attempt, Wilson interval on the raw rate",results/R6/generative_control_20260924/gate_endpoints.json,32e1364dbe3541ff7ed6fc101aeb6fef59a20d129ba3b64714fa2705be896be4,cells[cell=progen2-base__unconditioned].identity_strata.50_to_70.any_family
progen2-base__unconditioned,progen2-base,unconditioned,any_family_by_reference_identity,70_and_over,0.6829268292682927,,,0.5301580035565572,0.8043538610101142,,,,,,95% Wilson,"attempt, Wilson interval on the raw rate",results/R6/generative_control_20260924/gate_endpoints.json,32e1364dbe3541ff7ed6fc101aeb6fef59a20d129ba3b64714fa2705be896be4,cells[cell=progen2-base__unconditioned].identity_strata.70_and_over.any_family
progen2-base__unconditioned,progen2-base,unconditioned,any_family_by_reference_identity,no_reported_alignment,0.03353658536585366,,,0.01882763437112846,0.059045271903241534,,,,,,95% Wilson,"attempt, Wilson interval on the raw rate",results/R6/generative_control_20260924/gate_endpoints.json,32e1364dbe3541ff7ed6fc101aeb6fef59a20d129ba3b64714fa2705be896be4,cells[cell=progen2-base__unconditioned].identity_strata.no_reported_alignment.any_family
progen2-base__unconditioned,progen2-base,unconditioned,any_family_by_reference_identity,not_searched,0.0,,,0.0,0.05924386789811283,,,,,,95% Wilson,"attempt, Wilson interval on the raw rate",results/R6/generative_control_20260924/gate_endpoints.json,32e1364dbe3541ff7ed6fc101aeb6fef59a20d129ba3b64714fa2705be896be4,cells[cell=progen2-base__unconditioned].identity_strata.not_searched.any_family
progen2-base__unconditioned,progen2-base,unconditioned,any_family_by_reference_identity,under_30,0.392,,,0.31086100564156294,0.47957911939943565,,,,,,95% Wilson,"attempt, Wilson interval on the raw rate",results/R6/generative_control_20260924/gate_endpoints.json,32e1364dbe3541ff7ed6fc101aeb6fef59a20d129ba3b64714fa2705be896be4,cells[cell=progen2-base__unconditioned].identity_strata.under_30.any_family
progen2-large__unconditioned,progen2-large,unconditioned,any_family,shuffle,0.3725,0.0,0.3725,0.3183888694806351,0.4244791666666667,True,800,757,4000,satisfied_beyond_some_but_not_all_qualified_matched_generators,97.5% percentile,frozen near-duplicate sequence group of the attempt ledger,results/R6/generative_control_20260924/gate_endpoints.json,32e1364dbe3541ff7ed6fc101aeb6fef59a20d129ba3b64714fa2705be896be4,cells[cell=progen2-large__unconditioned].endpoints.any_family.controls.shuffle
progen2-large__unconditioned,progen2-large,unconditioned,any_family,hydropathy,0.3725,0.0,0.3725,0.3183888694806351,0.4244791666666667,True,800,757,4000,satisfied_beyond_some_but_not_all_qualified_matched_generators,97.5% percentile,frozen near-duplicate sequence group of the attempt ledger,results/R6/generative_control_20260924/gate_endpoints.json,32e1364dbe3541ff7ed6fc101aeb6fef59a20d129ba3b64714fa2705be896be4,cells[cell=progen2-large__unconditioned].endpoints.any_family.controls.hydropathy
progen2-large__unconditioned,progen2-large,unconditioned,any_family,markov_0,0.3725,0.0,0.3725,0.3183888694806351,0.4244791666666667,False,800,757,4000,satisfied_beyond_some_but_not_all_qualified_matched_generators,97.5% percentile,frozen near-duplicate sequence group of the attempt ledger,results/R6/generative_control_20260924/gate_endpoints.json,32e1364dbe3541ff7ed6fc101aeb6fef59a20d129ba3b64714fa2705be896be4,cells[cell=progen2-large__unconditioned].endpoints.any_family.controls.markov_0
progen2-large__unconditioned,progen2-large,unconditioned,any_family,markov_2,0.3725,0.00125,0.37125,0.31696852166693784,0.4234834316312277,False,800,757,4000,satisfied_beyond_some_but_not_all_qualified_matched_generators,97.5% percentile,frozen near-duplicate sequence group of the attempt ledger,results/R6/generative_control_20260924/gate_endpoints.json,32e1364dbe3541ff7ed6fc101aeb6fef59a20d129ba3b64714fa2705be896be4,cells[cell=progen2-large__unconditioned].endpoints.any_family.controls.markov_2
progen2-large__unconditioned,progen2-large,unconditioned,any_family,markov_4,0.3725,0.0,0.3725,0.3183888694806351,0.4244791666666667,True,800,757,4000,satisfied_beyond_some_but_not_all_qualified_matched_generators,97.5% percentile,frozen near-duplicate sequence group of the attempt ledger,results/R6/generative_control_20260924/gate_endpoints.json,32e1364dbe3541ff7ed6fc101aeb6fef59a20d129ba3b64714fa2705be896be4,cells[cell=progen2-large__unconditioned].endpoints.any_family.controls.markov_4
progen2-large__unconditioned,progen2-large,unconditioned,any_family,fragment,0.3725,0.62125,-0.24874999999999997,-0.3096190854107663,-0.18986907730673308,True,800,757,4000,satisfied_beyond_some_but_not_all_qualified_matched_generators,97.5% percentile,frozen near-duplicate sequence group of the attempt ledger,results/R6/generative_control_20260924/gate_endpoints.json,32e1364dbe3541ff7ed6fc101aeb6fef59a20d129ba3b64714fa2705be896be4,cells[cell=progen2-large__unconditioned].endpoints.any_family.controls.fragment
progen2-large__unconditioned,progen2-large,unconditioned,any_family,natural,0.3725,0.645,-0.2725,-0.32986353949607805,-0.21649388367441144,True,800,757,4000,satisfied_beyond_some_but_not_all_qualified_matched_generators,97.5% percentile,frozen near-duplicate sequence group of the attempt ledger,results/R6/generative_control_20260924/gate_endpoints.json,32e1364dbe3541ff7ed6fc101aeb6fef59a20d129ba3b64714fa2705be896be4,cells[cell=progen2-large__unconditioned].endpoints.any_family.controls.natural
progen2-large__unconditioned,progen2-large,unconditioned,complete_domain,shuffle,0.26,0.0,0.26,0.2164251926278494,0.303270656521315,True,800,757,4000,satisfied_beyond_some_but_not_all_qualified_matched_generators,97.5% percentile,frozen near-duplicate sequence group of the attempt ledger,results/R6/generative_control_20260924/gate_endpoints.json,32e1364dbe3541ff7ed6fc101aeb6fef59a20d129ba3b64714fa2705be896be4,cells[cell=progen2-large__unconditioned].endpoints.complete_domain.controls.shuffle
progen2-large__unconditioned,progen2-large,unconditioned,complete_domain,hydropathy,0.26,0.0,0.26,0.2164251926278494,0.303270656521315,True,800,757,4000,satisfied_beyond_some_but_not_all_qualified_matched_generators,97.5% percentile,frozen near-duplicate sequence group of the attempt ledger,results/R6/generative_control_20260924/gate_endpoints.json,32e1364dbe3541ff7ed6fc101aeb6fef59a20d129ba3b64714fa2705be896be4,cells[cell=progen2-large__unconditioned].endpoints.complete_domain.controls.hydropathy
progen2-large__unconditioned,progen2-large,unconditioned,complete_domain,markov_0,0.26,0.0,0.26,0.2164251926278494,0.303270656521315,False,800,757,4000,satisfied_beyond_some_but_not_all_qualified_matched_generators,97.5% percentile,frozen near-duplicate sequence group of the attempt ledger,results/R6/generative_control_20260924/gate_endpoints.json,32e1364dbe3541ff7ed6fc101aeb6fef59a20d129ba3b64714fa2705be896be4,cells[cell=progen2-large__unconditioned].endpoints.complete_domain.controls.markov_0
progen2-large__unconditioned,progen2-large,unconditioned,complete_domain,markov_2,0.26,0.0,0.26,0.2164251926278494,0.303270656521315,False,800,757,4000,satisfied_beyond_some_but_not_all_qualified_matched_generators,97.5% percentile,frozen near-duplicate sequence group of the attempt ledger,results/R6/generative_control_20260924/gate_endpoints.json,32e1364dbe3541ff7ed6fc101aeb6fef59a20d129ba3b64714fa2705be896be4,cells[cell=progen2-large__unconditioned].endpoints.complete_domain.controls.markov_2
progen2-large__unconditioned,progen2-large,unconditioned,complete_domain,markov_4,0.26,0.0,0.26,0.2164251926278494,0.303270656521315,True,800,757,4000,satisfied_beyond_some_but_not_all_qualified_matched_generators,97.5% percentile,frozen near-duplicate sequence group of the attempt ledger,results/R6/generative_control_20260924/gate_endpoints.json,32e1364dbe3541ff7ed6fc101aeb6fef59a20d129ba3b64714fa2705be896be4,cells[cell=progen2-large__unconditioned].endpoints.complete_domain.controls.markov_4
progen2-large__unconditioned,progen2-large,unconditioned,complete_domain,fragment,0.26,0.4225,-0.16249999999999998,-0.21756436884527383,-0.10697107909969383,True,800,757,4000,satisfied_beyond_some_but_not_all_qualified_matched_generators,97.5% percentile,frozen near-duplicate sequence group of the attempt ledger,results/R6/generative_control_20260924/gate_endpoints.json,32e1364dbe3541ff7ed6fc101aeb6fef59a20d129ba3b64714fa2705be896be4,cells[cell=progen2-large__unconditioned].endpoints.complete_domain.controls.fragment
progen2-large__unconditioned,progen2-large,unconditioned,complete_domain,natural,0.26,0.49375,-0.23375,-0.29134006647410277,-0.17566137566137566,True,800,757,4000,satisfied_beyond_some_but_not_all_qualified_matched_generators,97.5% percentile,frozen near-duplicate sequence group of the attempt ledger,results/R6/generative_control_20260924/gate_endpoints.json,32e1364dbe3541ff7ed6fc101aeb6fef59a20d129ba3b64714fa2705be896be4,cells[cell=progen2-large__unconditioned].endpoints.complete_domain.controls.natural
progen2-large__unconditioned,progen2-large,unconditioned,any_family_by_reference_identity,30_to_50,0.6385542168674698,,,0.5631010068304794,0.7077398133049819,,,,,,95% Wilson,"attempt, Wilson interval on the raw rate",results/R6/generative_control_20260924/gate_endpoints.json,32e1364dbe3541ff7ed6fc101aeb6fef59a20d129ba3b64714fa2705be896be4,cells[cell=progen2-large__unconditioned].identity_strata.30_to_50.any_family
progen2-large__unconditioned,progen2-large,unconditioned,any_family_by_reference_identity,50_to_70,0.6,,,0.4937144282253916,0.6976376750117981,,,,,,95% Wilson,"attempt, Wilson interval on the raw rate",results/R6/generative_control_20260924/gate_endpoints.json,32e1364dbe3541ff7ed6fc101aeb6fef59a20d129ba3b64714fa2705be896be4,cells[cell=progen2-large__unconditioned].identity_strata.50_to_70.any_family
progen2-large__unconditioned,progen2-large,unconditioned,any_family_by_reference_identity,70_and_over,0.8947368421052632,,,0.7887718941661297,0.9508553414762553,,,,,,95% Wilson,"attempt, Wilson interval on the raw rate",results/R6/generative_control_20260924/gate_endpoints.json,32e1364dbe3541ff7ed6fc101aeb6fef59a20d129ba3b64714fa2705be896be4,cells[cell=progen2-large__unconditioned].identity_strata.70_and_over.any_family
progen2-large__unconditioned,progen2-large,unconditioned,any_family_by_reference_identity,no_reported_alignment,0.043478260869565216,,,0.02558230457262052,0.07295591716525125,,,,,,95% Wilson,"attempt, Wilson interval on the raw rate",results/R6/generative_control_20260924/gate_endpoints.json,32e1364dbe3541ff7ed6fc101aeb6fef59a20d129ba3b64714fa2705be896be4,cells[cell=progen2-large__unconditioned].identity_strata.no_reported_alignment.any_family
progen2-large__unconditioned,progen2-large,unconditioned,any_family_by_reference_identity,not_searched,0.0,,,0.0,0.09641862859446367,,,,,,95% Wilson,"attempt, Wilson interval on the raw rate",results/R6/generative_control_20260924/gate_endpoints.json,32e1364dbe3541ff7ed6fc101aeb6fef59a20d129ba3b64714fa2705be896be4,cells[cell=progen2-large__unconditioned].identity_strata.not_searched.any_family
progen2-large__unconditioned,progen2-large,unconditioned,any_family_by_reference_identity,under_30,0.49044585987261147,,,0.41341636186471165,0.5679317307104471,,,,,,95% Wilson,"attempt, Wilson interval on the raw rate",results/R6/generative_control_20260924/gate_endpoints.json,32e1364dbe3541ff7ed6fc101aeb6fef59a20d129ba3b64714fa2705be896be4,cells[cell=progen2-large__unconditioned].identity_strata.under_30.any_family
progen2-medium__unconditioned,progen2-medium,unconditioned,any_family,shuffle,0.375,0.0,0.375,0.3241027824011213,0.42612773531604925,True,800,727,4000,satisfied_beyond_some_but_not_all_qualified_matched_generators,97.5% percentile,frozen near-duplicate sequence group of the attempt ledger,results/R6/generative_control_20260924/gate_endpoints.json,32e1364dbe3541ff7ed6fc101aeb6fef59a20d129ba3b64714fa2705be896be4,cells[cell=progen2-medium__unconditioned].endpoints.any_family.controls.shuffle
progen2-medium__unconditioned,progen2-medium,unconditioned,any_family,hydropathy,0.375,0.0,0.375,0.3241027824011213,0.42612773531604925,True,800,727,4000,satisfied_beyond_some_but_not_all_qualified_matched_generators,97.5% percentile,frozen near-duplicate sequence group of the attempt ledger,results/R6/generative_control_20260924/gate_endpoints.json,32e1364dbe3541ff7ed6fc101aeb6fef59a20d129ba3b64714fa2705be896be4,cells[cell=progen2-medium__unconditioned].endpoints.any_family.controls.hydropathy
progen2-medium__unconditioned,progen2-medium,unconditioned,any_family,markov_0,0.375,0.0,0.375,0.3241027824011213,0.42612773531604925,False,800,727,4000,satisfied_beyond_some_but_not_all_qualified_matched_generators,97.5% percentile,frozen near-duplicate sequence group of the attempt ledger,results/R6/generative_control_20260924/gate_endpoints.json,32e1364dbe3541ff7ed6fc101aeb6fef59a20d129ba3b64714fa2705be896be4,cells[cell=progen2-medium__unconditioned].endpoints.any_family.controls.markov_0
progen2-medium__unconditioned,progen2-medium,unconditioned,any_family,markov_2,0.375,0.0,0.375,0.3241027824011213,0.42612773531604925,False,800,727,4000,satisfied_beyond_some_but_not_all_qualified_matched_generators,97.5% percentile,frozen near-duplicate sequence group of the attempt ledger,results/R6/generative_control_20260924/gate_endpoints.json,32e1364dbe3541ff7ed6fc101aeb6fef59a20d129ba3b64714fa2705be896be4,cells[cell=progen2-medium__unconditioned].endpoints.any_family.controls.markov_2
progen2-medium__unconditioned,progen2-medium,unconditioned,any_family,markov_4,0.375,0.0,0.375,0.3241027824011213,0.42612773531604925,True,800,727,4000,satisfied_beyond_some_but_not_all_qualified_matched_generators,97.5% percentile,frozen near-duplicate sequence group of the attempt ledger,results/R6/generative_control_20260924/gate_endpoints.json,32e1364dbe3541ff7ed6fc101aeb6fef59a20d129ba3b64714fa2705be896be4,cells[cell=progen2-medium__unconditioned].endpoints.any_family.controls.markov_4
progen2-medium__unconditioned,progen2-medium,unconditioned,any_family,fragment,0.375,0.61375,-0.23875000000000002,-0.296132798456267,-0.18170422386311882,True,800,727,4000,satisfied_beyond_some_but_not_all_qualified_matched_generators,97.5% percentile,frozen near-duplicate sequence group of the attempt ledger,results/R6/generative_control_20260924/gate_endpoints.json,32e1364dbe3541ff7ed6fc101aeb6fef59a20d129ba3b64714fa2705be896be4,cells[cell=progen2-medium__unconditioned].endpoints.any_family.controls.fragment
progen2-medium__unconditioned,progen2-medium,unconditioned,any_family,natural,0.375,0.64125,-0.26625,-0.33368551105043054,-0.20076914456861678,True,800,727,4000,satisfied_beyond_some_but_not_all_qualified_matched_generators,97.5% percentile,frozen near-duplicate sequence group of the attempt ledger,results/R6/generative_control_20260924/gate_endpoints.json,32e1364dbe3541ff7ed6fc101aeb6fef59a20d129ba3b64714fa2705be896be4,cells[cell=progen2-medium__unconditioned].endpoints.any_family.controls.natural
progen2-medium__unconditioned,progen2-medium,unconditioned,complete_domain,shuffle,0.27375,0.0,0.27375,0.2311430268060307,0.3183716260697828,True,800,727,4000,satisfied_beyond_some_but_not_all_qualified_matched_generators,97.5% percentile,frozen near-duplicate sequence group of the attempt ledger,results/R6/generative_control_20260924/gate_endpoints.json,32e1364dbe3541ff7ed6fc101aeb6fef59a20d129ba3b64714fa2705be896be4,cells[cell=progen2-medium__unconditioned].endpoints.complete_domain.controls.shuffle
progen2-medium__unconditioned,progen2-medium,unconditioned,complete_domain,hydropathy,0.27375,0.0,0.27375,0.2311430268060307,0.3183716260697828,True,800,727,4000,satisfied_beyond_some_but_not_all_qualified_matched_generators,97.5% percentile,frozen near-duplicate sequence group of the attempt ledger,results/R6/generative_control_20260924/gate_endpoints.json,32e1364dbe3541ff7ed6fc101aeb6fef59a20d129ba3b64714fa2705be896be4,cells[cell=progen2-medium__unconditioned].endpoints.complete_domain.controls.hydropathy
progen2-medium__unconditioned,progen2-medium,unconditioned,complete_domain,markov_0,0.27375,0.0,0.27375,0.2311430268060307,0.3183716260697828,False,800,727,4000,satisfied_beyond_some_but_not_all_qualified_matched_generators,97.5% percentile,frozen near-duplicate sequence group of the attempt ledger,results/R6/generative_control_20260924/gate_endpoints.json,32e1364dbe3541ff7ed6fc101aeb6fef59a20d129ba3b64714fa2705be896be4,cells[cell=progen2-medium__unconditioned].endpoints.complete_domain.controls.markov_0
progen2-medium__unconditioned,progen2-medium,unconditioned,complete_domain,markov_2,0.27375,0.0,0.27375,0.2311430268060307,0.3183716260697828,False,800,727,4000,satisfied_beyond_some_but_not_all_qualified_matched_generators,97.5% percentile,frozen near-duplicate sequence group of the attempt ledger,results/R6/generative_control_20260924/gate_endpoints.json,32e1364dbe3541ff7ed6fc101aeb6fef59a20d129ba3b64714fa2705be896be4,cells[cell=progen2-medium__unconditioned].endpoints.complete_domain.controls.markov_2
progen2-medium__unconditioned,progen2-medium,unconditioned,complete_domain,markov_4,0.27375,0.0,0.27375,0.2311430268060307,0.3183716260697828,True,800,727,4000,satisfied_beyond_some_but_not_all_qualified_matched_generators,97.5% percentile,frozen near-duplicate sequence group of the attempt ledger,results/R6/generative_control_20260924/gate_endpoints.json,32e1364dbe3541ff7ed6fc101aeb6fef59a20d129ba3b64714fa2705be896be4,cells[cell=progen2-medium__unconditioned].endpoints.complete_domain.controls.markov_4
progen2-medium__unconditioned,progen2-medium,unconditioned,complete_domain,fragment,0.27375,0.4125,-0.13874999999999998,-0.1928672237787165,-0.08202498434395179,True,800,727,4000,satisfied_beyond_some_but_not_all_qualified_matched_generators,97.5% percentile,frozen near-duplicate sequence group of the attempt ledger,results/R6/generative_control_20260924/gate_endpoints.json,32e1364dbe3541ff7ed6fc101aeb6fef59a20d129ba3b64714fa2705be896be4,cells[cell=progen2-medium__unconditioned].endpoints.complete_domain.controls.fragment
progen2-medium__unconditioned,progen2-medium,unconditioned,complete_domain,natural,0.27375,0.4775,-0.20375,-0.259524257849142,-0.14476845626840823,True,800,727,4000,satisfied_beyond_some_but_not_all_qualified_matched_generators,97.5% percentile,frozen near-duplicate sequence group of the attempt ledger,results/R6/generative_control_20260924/gate_endpoints.json,32e1364dbe3541ff7ed6fc101aeb6fef59a20d129ba3b64714fa2705be896be4,cells[cell=progen2-medium__unconditioned].endpoints.complete_domain.controls.natural
progen2-medium__unconditioned,progen2-medium,unconditioned,any_family_by_reference_identity,30_to_50,0.5435897435897435,,,0.4735103328075329,0.6119849160245016,,,,,,95% Wilson,"attempt, Wilson interval on the raw rate",results/R6/generative_control_20260924/gate_endpoints.json,32e1364dbe3541ff7ed6fc101aeb6fef59a20d129ba3b64714fa2705be896be4,cells[cell=progen2-medium__unconditioned].identity_strata.30_to_50.any_family
progen2-medium__unconditioned,progen2-medium,unconditioned,any_family_by_reference_identity,50_to_70,0.4852941176470588,,,0.3705084547256065,0.6016524669367487,,,,,,95% Wilson,"attempt, Wilson interval on the raw rate",results/R6/generative_control_20260924/gate_endpoints.json,32e1364dbe3541ff7ed6fc101aeb6fef59a20d129ba3b64714fa2705be896be4,cells[cell=progen2-medium__unconditioned].identity_strata.50_to_70.any_family
progen2-medium__unconditioned,progen2-medium,unconditioned,any_family_by_reference_identity,70_and_over,0.8064516129032258,,,0.6914820382117386,0.8856619175970974,,,,,,95% Wilson,"attempt, Wilson interval on the raw rate",results/R6/generative_control_20260924/gate_endpoints.json,32e1364dbe3541ff7ed6fc101aeb6fef59a20d129ba3b64714fa2705be896be4,cells[cell=progen2-medium__unconditioned].identity_strata.70_and_over.any_family
progen2-medium__unconditioned,progen2-medium,unconditioned,any_family_by_reference_identity,no_reported_alignment,0.047619047619047616,,,0.028037023488583016,0.0797555699611646,,,,,,95% Wilson,"attempt, Wilson interval on the raw rate",results/R6/generative_control_20260924/gate_endpoints.json,32e1364dbe3541ff7ed6fc101aeb6fef59a20d129ba3b64714fa2705be896be4,cells[cell=progen2-medium__unconditioned].identity_strata.no_reported_alignment.any_family
progen2-medium__unconditioned,progen2-medium,unconditioned,any_family_by_reference_identity,not_searched,0.0,,,0.0,0.14311661845042686,,,,,,95% Wilson,"attempt, Wilson interval on the raw rate",results/R6/generative_control_20260924/gate_endpoints.json,32e1364dbe3541ff7ed6fc101aeb6fef59a20d129ba3b64714fa2705be896be4,cells[cell=progen2-medium__unconditioned].identity_strata.not_searched.any_family
progen2-medium__unconditioned,progen2-medium,unconditioned,any_family_by_reference_identity,under_30,0.547486033519553,,,0.47433529664645935,0.6186414281600916,,,,,,95% Wilson,"attempt, Wilson interval on the raw rate",results/R6/generative_control_20260924/gate_endpoints.json,32e1364dbe3541ff7ed6fc101aeb6fef59a20d129ba3b64714fa2705be896be4,cells[cell=progen2-medium__unconditioned].identity_strata.under_30.any_family
progen2-small__unconditioned,progen2-small,unconditioned,any_family,shuffle,0.24625,0.0,0.24625,0.21219419807834441,0.28241371791982284,True,800,768,4000,satisfied_beyond_some_but_not_all_qualified_matched_generators,97.5% percentile,frozen near-duplicate sequence group of the attempt ledger,results/R6/generative_control_20260924/gate_endpoints.json,32e1364dbe3541ff7ed6fc101aeb6fef59a20d129ba3b64714fa2705be896be4,cells[cell=progen2-small__unconditioned].endpoints.any_family.controls.shuffle
progen2-small__unconditioned,progen2-small,unconditioned,any_family,hydropathy,0.24625,0.0,0.24625,0.21219419807834441,0.28241371791982284,True,800,768,4000,satisfied_beyond_some_but_not_all_qualified_matched_generators,97.5% percentile,frozen near-duplicate sequence group of the attempt ledger,results/R6/generative_control_20260924/gate_endpoints.json,32e1364dbe3541ff7ed6fc101aeb6fef59a20d129ba3b64714fa2705be896be4,cells[cell=progen2-small__unconditioned].endpoints.any_family.controls.hydropathy
progen2-small__unconditioned,progen2-small,unconditioned,any_family,markov_0,0.24625,0.0,0.24625,0.21219419807834441,0.28241371791982284,False,800,768,4000,satisfied_beyond_some_but_not_all_qualified_matched_generators,97.5% percentile,frozen near-duplicate sequence group of the attempt ledger,results/R6/generative_control_20260924/gate_endpoints.json,32e1364dbe3541ff7ed6fc101aeb6fef59a20d129ba3b64714fa2705be896be4,cells[cell=progen2-small__unconditioned].endpoints.any_family.controls.markov_0
progen2-small__unconditioned,progen2-small,unconditioned,any_family,markov_2,0.24625,0.0,0.24625,0.21219419807834441,0.28241371791982284,False,800,768,4000,satisfied_beyond_some_but_not_all_qualified_matched_generators,97.5% percentile,frozen near-duplicate sequence group of the attempt ledger,results/R6/generative_control_20260924/gate_endpoints.json,32e1364dbe3541ff7ed6fc101aeb6fef59a20d129ba3b64714fa2705be896be4,cells[cell=progen2-small__unconditioned].endpoints.any_family.controls.markov_2
progen2-small__unconditioned,progen2-small,unconditioned,any_family,markov_4,0.24625,0.0,0.24625,0.21219419807834441,0.28241371791982284,True,800,768,4000,satisfied_beyond_some_but_not_all_qualified_matched_generators,97.5% percentile,frozen near-duplicate sequence group of the attempt ledger,results/R6/generative_control_20260924/gate_endpoints.json,32e1364dbe3541ff7ed6fc101aeb6fef59a20d129ba3b64714fa2705be896be4,cells[cell=progen2-small__unconditioned].endpoints.any_family.controls.markov_4
progen2-small__unconditioned,progen2-small,unconditioned,any_family,fragment,0.24625,0.63125,-0.385,-0.43726332986492666,-0.33210326408819646,True,800,768,4000,satisfied_beyond_some_but_not_all_qualified_matched_generators,97.5% percentile,frozen near-duplicate sequence group of the attempt ledger,results/R6/generative_control_20260924/gate_endpoints.json,32e1364dbe3541ff7ed6fc101aeb6fef59a20d129ba3b64714fa2705be896be4,cells[cell=progen2-small__unconditioned].endpoints.any_family.controls.fragment
progen2-small__unconditioned,progen2-small,unconditioned,any_family,natural,0.24625,0.64875,-0.4025000000000001,-0.45650606241717956,-0.34980290477358,True,800,768,4000,satisfied_beyond_some_but_not_all_qualified_matched_generators,97.5% percentile,frozen near-duplicate sequence group of the attempt ledger,results/R6/generative_control_20260924/gate_endpoints.json,32e1364dbe3541ff7ed6fc101aeb6fef59a20d129ba3b64714fa2705be896be4,cells[cell=progen2-small__unconditioned].endpoints.any_family.controls.natural
progen2-small__unconditioned,progen2-small,unconditioned,complete_domain,shuffle,0.13875,0.0,0.13875,0.11124982441354123,0.1681323691142025,True,800,768,4000,satisfied_beyond_some_but_not_all_qualified_matched_generators,97.5% percentile,frozen near-duplicate sequence group of the attempt ledger,results/R6/generative_control_20260924/gate_endpoints.json,32e1364dbe3541ff7ed6fc101aeb6fef59a20d129ba3b64714fa2705be896be4,cells[cell=progen2-small__unconditioned].endpoints.complete_domain.controls.shuffle
progen2-small__unconditioned,progen2-small,unconditioned,complete_domain,hydropathy,0.13875,0.0,0.13875,0.11124982441354123,0.1681323691142025,True,800,768,4000,satisfied_beyond_some_but_not_all_qualified_matched_generators,97.5% percentile,frozen near-duplicate sequence group of the attempt ledger,results/R6/generative_control_20260924/gate_endpoints.json,32e1364dbe3541ff7ed6fc101aeb6fef59a20d129ba3b64714fa2705be896be4,cells[cell=progen2-small__unconditioned].endpoints.complete_domain.controls.hydropathy
progen2-small__unconditioned,progen2-small,unconditioned,complete_domain,markov_0,0.13875,0.0,0.13875,0.11124982441354123,0.1681323691142025,False,800,768,4000,satisfied_beyond_some_but_not_all_qualified_matched_generators,97.5% percentile,frozen near-duplicate sequence group of the attempt ledger,results/R6/generative_control_20260924/gate_endpoints.json,32e1364dbe3541ff7ed6fc101aeb6fef59a20d129ba3b64714fa2705be896be4,cells[cell=progen2-small__unconditioned].endpoints.complete_domain.controls.markov_0
progen2-small__unconditioned,progen2-small,unconditioned,complete_domain,markov_2,0.13875,0.0,0.13875,0.11124982441354123,0.1681323691142025,False,800,768,4000,satisfied_beyond_some_but_not_all_qualified_matched_generators,97.5% percentile,frozen near-duplicate sequence group of the attempt ledger,results/R6/generative_control_20260924/gate_endpoints.json,32e1364dbe3541ff7ed6fc101aeb6fef59a20d129ba3b64714fa2705be896be4,cells[cell=progen2-small__unconditioned].endpoints.complete_domain.controls.markov_2
progen2-small__unconditioned,progen2-small,unconditioned,complete_domain,markov_4,0.13875,0.0,0.13875,0.11124982441354123,0.1681323691142025,True,800,768,4000,satisfied_beyond_some_but_not_all_qualified_matched_generators,97.5% percentile,frozen near-duplicate sequence group of the attempt ledger,results/R6/generative_control_20260924/gate_endpoints.json,32e1364dbe3541ff7ed6fc101aeb6fef59a20d129ba3b64714fa2705be896be4,cells[cell=progen2-small__unconditioned].endpoints.complete_domain.controls.markov_4
progen2-small__unconditioned,progen2-small,unconditioned,complete_domain,fragment,0.13875,0.43875,-0.29999999999999993,-0.3492268041237113,-0.2518425276636955,True,800,768,4000,satisfied_beyond_some_but_not_all_qualified_matched_generators,97.5% percentile,frozen near-duplicate sequence group of the attempt ledger,results/R6/generative_control_20260924/gate_endpoints.json,32e1364dbe3541ff7ed6fc101aeb6fef59a20d129ba3b64714fa2705be896be4,cells[cell=progen2-small__unconditioned].endpoints.complete_domain.controls.fragment
progen2-small__unconditioned,progen2-small,unconditioned,complete_domain,natural,0.13875,0.4675,-0.32875,-0.3808337837026362,-0.2762478928117048,True,800,768,4000,satisfied_beyond_some_but_not_all_qualified_matched_generators,97.5% percentile,frozen near-duplicate sequence group of the attempt ledger,results/R6/generative_control_20260924/gate_endpoints.json,32e1364dbe3541ff7ed6fc101aeb6fef59a20d129ba3b64714fa2705be896be4,cells[cell=progen2-small__unconditioned].endpoints.complete_domain.controls.natural
progen2-small__unconditioned,progen2-small,unconditioned,any_family_by_reference_identity,30_to_50,0.4065934065934066,,,0.3378769083507812,0.4791714498801757,,,,,,95% Wilson,"attempt, Wilson interval on the raw rate",results/R6/generative_control_20260924/gate_endpoints.json,32e1364dbe3541ff7ed6fc101aeb6fef59a20d129ba3b64714fa2705be896be4,cells[cell=progen2-small__unconditioned].identity_strata.30_to_50.any_family
progen2-small__unconditioned,progen2-small,unconditioned,any_family_by_reference_identity,50_to_70,0.3076923076923077,,,0.20887031366921027,0.4279764291472733,,,,,,95% Wilson,"attempt, Wilson interval on the raw rate",results/R6/generative_control_20260924/gate_endpoints.json,32e1364dbe3541ff7ed6fc101aeb6fef59a20d129ba3b64714fa2705be896be4,cells[cell=progen2-small__unconditioned].identity_strata.50_to_70.any_family
progen2-small__unconditioned,progen2-small,unconditioned,any_family_by_reference_identity,70_and_over,0.5789473684210527,,,0.3627590353425504,0.7685810871754576,,,,,,95% Wilson,"attempt, Wilson interval on the raw rate",results/R6/generative_control_20260924/gate_endpoints.json,32e1364dbe3541ff7ed6fc101aeb6fef59a20d129ba3b64714fa2705be896be4,cells[cell=progen2-small__unconditioned].identity_strata.70_and_over.any_family
progen2-small__unconditioned,progen2-small,unconditioned,any_family_by_reference_identity,no_reported_alignment,0.03857566765578635,,,0.022680155837907695,0.06487215931748769,,,,,,95% Wilson,"attempt, Wilson interval on the raw rate",results/R6/generative_control_20260924/gate_endpoints.json,32e1364dbe3541ff7ed6fc101aeb6fef59a20d129ba3b64714fa2705be896be4,cells[cell=progen2-small__unconditioned].identity_strata.no_reported_alignment.any_family
progen2-small__unconditioned,progen2-small,unconditioned,any_family_by_reference_identity,not_searched,0.0,,,0.0,0.1936076805344365,,,,,,95% Wilson,"attempt, Wilson interval on the raw rate",results/R6/generative_control_20260924/gate_endpoints.json,32e1364dbe3541ff7ed6fc101aeb6fef59a20d129ba3b64714fa2705be896be4,cells[cell=progen2-small__unconditioned].identity_strata.not_searched.any_family
progen2-small__unconditioned,progen2-small,unconditioned,any_family_by_reference_identity,under_30,0.43646408839779005,,,0.366276046917766,0.5092929939957708,,,,,,95% Wilson,"attempt, Wilson interval on the raw rate",results/R6/generative_control_20260924/gate_endpoints.json,32e1364dbe3541ff7ed6fc101aeb6fef59a20d129ba3b64714fa2705be896be4,cells[cell=progen2-small__unconditioned].identity_strata.under_30.any_family
progen2-xlarge__unconditioned,progen2-xlarge,unconditioned,any_family,shuffle,0.42875,0.0,0.42875,0.34259734001030223,0.5047622304735848,True,800,724,4000,satisfied_beyond_some_but_not_all_qualified_matched_generators,97.5% percentile,frozen near-duplicate sequence group of the attempt ledger,results/R6/generative_control_20260924/gate_endpoints.json,32e1364dbe3541ff7ed6fc101aeb6fef59a20d129ba3b64714fa2705be896be4,cells[cell=progen2-xlarge__unconditioned].endpoints.any_family.controls.shuffle
progen2-xlarge__unconditioned,progen2-xlarge,unconditioned,any_family,hydropathy,0.42875,0.0,0.42875,0.34259734001030223,0.5047622304735848,True,800,724,4000,satisfied_beyond_some_but_not_all_qualified_matched_generators,97.5% percentile,frozen near-duplicate sequence group of the attempt ledger,results/R6/generative_control_20260924/gate_endpoints.json,32e1364dbe3541ff7ed6fc101aeb6fef59a20d129ba3b64714fa2705be896be4,cells[cell=progen2-xlarge__unconditioned].endpoints.any_family.controls.hydropathy
progen2-xlarge__unconditioned,progen2-xlarge,unconditioned,any_family,markov_0,0.42875,0.0,0.42875,0.34259734001030223,0.5047622304735848,False,800,724,4000,satisfied_beyond_some_but_not_all_qualified_matched_generators,97.5% percentile,frozen near-duplicate sequence group of the attempt ledger,results/R6/generative_control_20260924/gate_endpoints.json,32e1364dbe3541ff7ed6fc101aeb6fef59a20d129ba3b64714fa2705be896be4,cells[cell=progen2-xlarge__unconditioned].endpoints.any_family.controls.markov_0
progen2-xlarge__unconditioned,progen2-xlarge,unconditioned,any_family,markov_2,0.42875,0.0,0.42875,0.34259734001030223,0.5047622304735848,False,800,724,4000,satisfied_beyond_some_but_not_all_qualified_matched_generators,97.5% percentile,frozen near-duplicate sequence group of the attempt ledger,results/R6/generative_control_20260924/gate_endpoints.json,32e1364dbe3541ff7ed6fc101aeb6fef59a20d129ba3b64714fa2705be896be4,cells[cell=progen2-xlarge__unconditioned].endpoints.any_family.controls.markov_2
progen2-xlarge__unconditioned,progen2-xlarge,unconditioned,any_family,markov_4,0.42875,0.0,0.42875,0.34259734001030223,0.5047622304735848,True,800,724,4000,satisfied_beyond_some_but_not_all_qualified_matched_generators,97.5% percentile,frozen near-duplicate sequence group of the attempt ledger,results/R6/generative_control_20260924/gate_endpoints.json,32e1364dbe3541ff7ed6fc101aeb6fef59a20d129ba3b64714fa2705be896be4,cells[cell=progen2-xlarge__unconditioned].endpoints.any_family.controls.markov_4
progen2-xlarge__unconditioned,progen2-xlarge,unconditioned,any_family,fragment,0.42875,0.5825,-0.15375,-0.21733373381981308,-0.09529276693455797,True,800,724,4000,satisfied_beyond_some_but_not_all_qualified_matched_generators,97.5% percentile,frozen near-duplicate sequence group of the attempt ledger,results/R6/generative_control_20260924/gate_endpoints.json,32e1364dbe3541ff7ed6fc101aeb6fef59a20d129ba3b64714fa2705be896be4,cells[cell=progen2-xlarge__unconditioned].endpoints.any_family.controls.fragment
progen2-xlarge__unconditioned,progen2-xlarge,unconditioned,any_family,natural,0.42875,0.63,-0.20124999999999998,-0.2678610588972431,-0.13985839509791603,True,800,724,4000,satisfied_beyond_some_but_not_all_qualified_matched_generators,97.5% percentile,frozen near-duplicate sequence group of the attempt ledger,results/R6/generative_control_20260924/gate_endpoints.json,32e1364dbe3541ff7ed6fc101aeb6fef59a20d129ba3b64714fa2705be896be4,cells[cell=progen2-xlarge__unconditioned].endpoints.any_family.controls.natural
progen2-xlarge__unconditioned,progen2-xlarge,unconditioned,complete_domain,shuffle,0.31875,0.0,0.31875,0.2522419387137732,0.38303693570451436,True,800,724,4000,satisfied_beyond_some_but_not_all_qualified_matched_generators,97.5% percentile,frozen near-duplicate sequence group of the attempt ledger,results/R6/generative_control_20260924/gate_endpoints.json,32e1364dbe3541ff7ed6fc101aeb6fef59a20d129ba3b64714fa2705be896be4,cells[cell=progen2-xlarge__unconditioned].endpoints.complete_domain.controls.shuffle
progen2-xlarge__unconditioned,progen2-xlarge,unconditioned,complete_domain,hydropathy,0.31875,0.0,0.31875,0.2522419387137732,0.38303693570451436,True,800,724,4000,satisfied_beyond_some_but_not_all_qualified_matched_generators,97.5% percentile,frozen near-duplicate sequence group of the attempt ledger,results/R6/generative_control_20260924/gate_endpoints.json,32e1364dbe3541ff7ed6fc101aeb6fef59a20d129ba3b64714fa2705be896be4,cells[cell=progen2-xlarge__unconditioned].endpoints.complete_domain.controls.hydropathy
progen2-xlarge__unconditioned,progen2-xlarge,unconditioned,complete_domain,markov_0,0.31875,0.0,0.31875,0.2522419387137732,0.38303693570451436,False,800,724,4000,satisfied_beyond_some_but_not_all_qualified_matched_generators,97.5% percentile,frozen near-duplicate sequence group of the attempt ledger,results/R6/generative_control_20260924/gate_endpoints.json,32e1364dbe3541ff7ed6fc101aeb6fef59a20d129ba3b64714fa2705be896be4,cells[cell=progen2-xlarge__unconditioned].endpoints.complete_domain.controls.markov_0
progen2-xlarge__unconditioned,progen2-xlarge,unconditioned,complete_domain,markov_2,0.31875,0.0,0.31875,0.2522419387137732,0.38303693570451436,False,800,724,4000,satisfied_beyond_some_but_not_all_qualified_matched_generators,97.5% percentile,frozen near-duplicate sequence group of the attempt ledger,results/R6/generative_control_20260924/gate_endpoints.json,32e1364dbe3541ff7ed6fc101aeb6fef59a20d129ba3b64714fa2705be896be4,cells[cell=progen2-xlarge__unconditioned].endpoints.complete_domain.controls.markov_2
progen2-xlarge__unconditioned,progen2-xlarge,unconditioned,complete_domain,markov_4,0.31875,0.0,0.31875,0.2522419387137732,0.38303693570451436,True,800,724,4000,satisfied_beyond_some_but_not_all_qualified_matched_generators,97.5% percentile,frozen near-duplicate sequence group of the attempt ledger,results/R6/generative_control_20260924/gate_endpoints.json,32e1364dbe3541ff7ed6fc101aeb6fef59a20d129ba3b64714fa2705be896be4,cells[cell=progen2-xlarge__unconditioned].endpoints.complete_domain.controls.markov_4
progen2-xlarge__unconditioned,progen2-xlarge,unconditioned,complete_domain,fragment,0.31875,0.3925,-0.07375000000000004,-0.1278955183710592,-0.021275270925518636,True,800,724,4000,satisfied_beyond_some_but_not_all_qualified_matched_generators,97.5% percentile,frozen near-duplicate sequence group of the attempt ledger,results/R6/generative_control_20260924/gate_endpoints.json,32e1364dbe3541ff7ed6fc101aeb6fef59a20d129ba3b64714fa2705be896be4,cells[cell=progen2-xlarge__unconditioned].endpoints.complete_domain.controls.fragment
progen2-xlarge__unconditioned,progen2-xlarge,unconditioned,complete_domain,natural,0.31875,0.4625,-0.14375000000000004,-0.2051983584131327,-0.08670311805246772,True,800,724,4000,satisfied_beyond_some_but_not_all_qualified_matched_generators,97.5% percentile,frozen near-duplicate sequence group of the attempt ledger,results/R6/generative_control_20260924/gate_endpoints.json,32e1364dbe3541ff7ed6fc101aeb6fef59a20d129ba3b64714fa2705be896be4,cells[cell=progen2-xlarge__unconditioned].endpoints.complete_domain.controls.natural
progen2-xlarge__unconditioned,progen2-xlarge,unconditioned,any_family_by_reference_identity,30_to_50,0.7218543046357616,,,0.6455586763994509,0.7871419743841729,,,,,,95% Wilson,"attempt, Wilson interval on the raw rate",results/R6/generative_control_20260924/gate_endpoints.json,32e1364dbe3541ff7ed6fc101aeb6fef59a20d129ba3b64714fa2705be896be4,cells[cell=progen2-xlarge__unconditioned].identity_strata.30_to_50.any_family
progen2-xlarge__unconditioned,progen2-xlarge,unconditioned,any_family_by_reference_identity,50_to_70,0.6836734693877551,,,0.5861612171628963,0.7673293987107721,,,,,,95% Wilson,"attempt, Wilson interval on the raw rate",results/R6/generative_control_20260924/gate_endpoints.json,32e1364dbe3541ff7ed6fc101aeb6fef59a20d129ba3b64714fa2705be896be4,cells[cell=progen2-xlarge__unconditioned].identity_strata.50_to_70.any_family
progen2-xlarge__unconditioned,progen2-xlarge,unconditioned,any_family_by_reference_identity,70_and_over,0.9397590361445783,,,0.8666157190676159,0.973996598958118,,,,,,95% Wilson,"attempt, Wilson interval on the raw rate",results/R6/generative_control_20260924/gate_endpoints.json,32e1364dbe3541ff7ed6fc101aeb6fef59a20d129ba3b64714fa2705be896be4,cells[cell=progen2-xlarge__unconditioned].identity_strata.70_and_over.any_family
progen2-xlarge__unconditioned,progen2-xlarge,unconditioned,any_family_by_reference_identity,no_reported_alignment,0.033582089552238806,,,0.01776640827518263,0.06257990429776705,,,,,,95% Wilson,"attempt, Wilson interval on the raw rate",results/R6/generative_control_20260924/gate_endpoints.json,32e1364dbe3541ff7ed6fc101aeb6fef59a20d129ba3b64714fa2705be896be4,cells[cell=progen2-xlarge__unconditioned].identity_strata.no_reported_alignment.any_family
progen2-xlarge__unconditioned,progen2-xlarge,unconditioned,any_family_by_reference_identity,not_searched,0.0,,,3.469446951953614e-18,0.05273725818905173,,,,,,95% Wilson,"attempt, Wilson interval on the raw rate",results/R6/generative_control_20260924/gate_endpoints.json,32e1364dbe3541ff7ed6fc101aeb6fef59a20d129ba3b64714fa2705be896be4,cells[cell=progen2-xlarge__unconditioned].identity_strata.not_searched.any_family
progen2-xlarge__unconditioned,progen2-xlarge,unconditioned,any_family_by_reference_identity,under_30,0.6106870229007634,,,0.5251741909777458,0.6898931944809273,,,,,,95% Wilson,"attempt, Wilson interval on the raw rate",results/R6/generative_control_20260924/gate_endpoints.json,32e1364dbe3541ff7ed6fc101aeb6fef59a20d129ba3b64714fa2705be896be4,cells[cell=progen2-xlarge__unconditioned].identity_strata.under_30.any_family
progen3-112m__unconditioned,progen3-112m,unconditioned,any_family,shuffle,0.315,0.0,0.315,0.27875,0.3525,True,800,800,4000,satisfied_beyond_some_but_not_all_qualified_matched_generators,97.5% percentile,frozen near-duplicate sequence group of the attempt ledger,results/R6/generative_control_20260924/gate_endpoints.json,32e1364dbe3541ff7ed6fc101aeb6fef59a20d129ba3b64714fa2705be896be4,cells[cell=progen3-112m__unconditioned].endpoints.any_family.controls.shuffle
progen3-112m__unconditioned,progen3-112m,unconditioned,any_family,hydropathy,0.315,0.0,0.315,0.27875,0.3525,True,800,800,4000,satisfied_beyond_some_but_not_all_qualified_matched_generators,97.5% percentile,frozen near-duplicate sequence group of the attempt ledger,results/R6/generative_control_20260924/gate_endpoints.json,32e1364dbe3541ff7ed6fc101aeb6fef59a20d129ba3b64714fa2705be896be4,cells[cell=progen3-112m__unconditioned].endpoints.any_family.controls.hydropathy
progen3-112m__unconditioned,progen3-112m,unconditioned,any_family,markov_0,0.315,0.0,0.315,0.27875,0.3525,False,800,800,4000,satisfied_beyond_some_but_not_all_qualified_matched_generators,97.5% percentile,frozen near-duplicate sequence group of the attempt ledger,results/R6/generative_control_20260924/gate_endpoints.json,32e1364dbe3541ff7ed6fc101aeb6fef59a20d129ba3b64714fa2705be896be4,cells[cell=progen3-112m__unconditioned].endpoints.any_family.controls.markov_0
progen3-112m__unconditioned,progen3-112m,unconditioned,any_family,markov_2,0.315,0.0,0.315,0.27875,0.3525,False,800,800,4000,satisfied_beyond_some_but_not_all_qualified_matched_generators,97.5% percentile,frozen near-duplicate sequence group of the attempt ledger,results/R6/generative_control_20260924/gate_endpoints.json,32e1364dbe3541ff7ed6fc101aeb6fef59a20d129ba3b64714fa2705be896be4,cells[cell=progen3-112m__unconditioned].endpoints.any_family.controls.markov_2
progen3-112m__unconditioned,progen3-112m,unconditioned,any_family,markov_4,0.315,0.0,0.315,0.27875,0.3525,True,800,800,4000,satisfied_beyond_some_but_not_all_qualified_matched_generators,97.5% percentile,frozen near-duplicate sequence group of the attempt ledger,results/R6/generative_control_20260924/gate_endpoints.json,32e1364dbe3541ff7ed6fc101aeb6fef59a20d129ba3b64714fa2705be896be4,cells[cell=progen3-112m__unconditioned].endpoints.any_family.controls.markov_4
progen3-112m__unconditioned,progen3-112m,unconditioned,any_family,fragment,0.315,0.5825,-0.2675,-0.3225,-0.21125,True,800,800,4000,satisfied_beyond_some_but_not_all_qualified_matched_generators,97.5% percentile,frozen near-duplicate sequence group of the attempt ledger,results/R6/generative_control_20260924/gate_endpoints.json,32e1364dbe3541ff7ed6fc101aeb6fef59a20d129ba3b64714fa2705be896be4,cells[cell=progen3-112m__unconditioned].endpoints.any_family.controls.fragment
progen3-112m__unconditioned,progen3-112m,unconditioned,any_family,natural,0.315,0.57,-0.25499999999999995,-0.30625,-0.2,True,800,800,4000,satisfied_beyond_some_but_not_all_qualified_matched_generators,97.5% percentile,frozen near-duplicate sequence group of the attempt ledger,results/R6/generative_control_20260924/gate_endpoints.json,32e1364dbe3541ff7ed6fc101aeb6fef59a20d129ba3b64714fa2705be896be4,cells[cell=progen3-112m__unconditioned].endpoints.any_family.controls.natural
progen3-112m__unconditioned,progen3-112m,unconditioned,complete_domain,shuffle,0.25,0.0,0.25,0.2175,0.28625,True,800,800,4000,satisfied_beyond_some_but_not_all_qualified_matched_generators,97.5% percentile,frozen near-duplicate sequence group of the attempt ledger,results/R6/generative_control_20260924/gate_endpoints.json,32e1364dbe3541ff7ed6fc101aeb6fef59a20d129ba3b64714fa2705be896be4,cells[cell=progen3-112m__unconditioned].endpoints.complete_domain.controls.shuffle
progen3-112m__unconditioned,progen3-112m,unconditioned,complete_domain,hydropathy,0.25,0.0,0.25,0.2175,0.28625,True,800,800,4000,satisfied_beyond_some_but_not_all_qualified_matched_generators,97.5% percentile,frozen near-duplicate sequence group of the attempt ledger,results/R6/generative_control_20260924/gate_endpoints.json,32e1364dbe3541ff7ed6fc101aeb6fef59a20d129ba3b64714fa2705be896be4,cells[cell=progen3-112m__unconditioned].endpoints.complete_domain.controls.hydropathy
progen3-112m__unconditioned,progen3-112m,unconditioned,complete_domain,markov_0,0.25,0.0,0.25,0.2175,0.28625,False,800,800,4000,satisfied_beyond_some_but_not_all_qualified_matched_generators,97.5% percentile,frozen near-duplicate sequence group of the attempt ledger,results/R6/generative_control_20260924/gate_endpoints.json,32e1364dbe3541ff7ed6fc101aeb6fef59a20d129ba3b64714fa2705be896be4,cells[cell=progen3-112m__unconditioned].endpoints.complete_domain.controls.markov_0
progen3-112m__unconditioned,progen3-112m,unconditioned,complete_domain,markov_2,0.25,0.0,0.25,0.2175,0.28625,False,800,800,4000,satisfied_beyond_some_but_not_all_qualified_matched_generators,97.5% percentile,frozen near-duplicate sequence group of the attempt ledger,results/R6/generative_control_20260924/gate_endpoints.json,32e1364dbe3541ff7ed6fc101aeb6fef59a20d129ba3b64714fa2705be896be4,cells[cell=progen3-112m__unconditioned].endpoints.complete_domain.controls.markov_2
progen3-112m__unconditioned,progen3-112m,unconditioned,complete_domain,markov_4,0.25,0.0,0.25,0.2175,0.28625,True,800,800,4000,satisfied_beyond_some_but_not_all_qualified_matched_generators,97.5% percentile,frozen near-duplicate sequence group of the attempt ledger,results/R6/generative_control_20260924/gate_endpoints.json,32e1364dbe3541ff7ed6fc101aeb6fef59a20d129ba3b64714fa2705be896be4,cells[cell=progen3-112m__unconditioned].endpoints.complete_domain.controls.markov_4
progen3-112m__unconditioned,progen3-112m,unconditioned,complete_domain,fragment,0.25,0.35,-0.09999999999999998,-0.1525,-0.0475,True,800,800,4000,satisfied_beyond_some_but_not_all_qualified_matched_generators,97.5% percentile,frozen near-duplicate sequence group of the attempt ledger,results/R6/generative_control_20260924/gate_endpoints.json,32e1364dbe3541ff7ed6fc101aeb6fef59a20d129ba3b64714fa2705be896be4,cells[cell=progen3-112m__unconditioned].endpoints.complete_domain.controls.fragment
progen3-112m__unconditioned,progen3-112m,unconditioned,complete_domain,natural,0.25,0.3775,-0.1275,-0.17625,-0.07625,True,800,800,4000,satisfied_beyond_some_but_not_all_qualified_matched_generators,97.5% percentile,frozen near-duplicate sequence group of the attempt ledger,results/R6/generative_control_20260924/gate_endpoints.json,32e1364dbe3541ff7ed6fc101aeb6fef59a20d129ba3b64714fa2705be896be4,cells[cell=progen3-112m__unconditioned].endpoints.complete_domain.controls.natural
progen3-112m__unconditioned,progen3-112m,unconditioned,any_family_by_reference_identity,30_to_50,0.8012820512820513,,,0.7317583750652985,0.8563243457352336,,,,,,95% Wilson,"attempt, Wilson interval on the raw rate",results/R6/generative_control_20260924/gate_endpoints.json,32e1364dbe3541ff7ed6fc101aeb6fef59a20d129ba3b64714fa2705be896be4,cells[cell=progen3-112m__unconditioned].identity_strata.30_to_50.any_family
progen3-112m__unconditioned,progen3-112m,unconditioned,any_family_by_reference_identity,50_to_70,0.8484848484848485,,,0.6908012411955788,0.9334954271839244,,,,,,95% Wilson,"attempt, Wilson interval on the raw rate",results/R6/generative_control_20260924/gate_endpoints.json,32e1364dbe3541ff7ed6fc101aeb6fef59a20d129ba3b64714fa2705be896be4,cells[cell=progen3-112m__unconditioned].identity_strata.50_to_70.any_family
progen3-112m__unconditioned,progen3-112m,unconditioned,any_family_by_reference_identity,70_and_over,0.6666666666666666,,,0.2076596008020477,0.9385080552796037,,,,,,95% Wilson,"attempt, Wilson interval on the raw rate",results/R6/generative_control_20260924/gate_endpoints.json,32e1364dbe3541ff7ed6fc101aeb6fef59a20d129ba3b64714fa2705be896be4,cells[cell=progen3-112m__unconditioned].identity_strata.70_and_over.any_family
progen3-112m__unconditioned,progen3-112m,unconditioned,any_family_by_reference_identity,no_reported_alignment,0.033542976939203356,,,0.020750608143133457,0.053788427880504044,,,,,,95% Wilson,"attempt, Wilson interval on the raw rate",results/R6/generative_control_20260924/gate_endpoints.json,32e1364dbe3541ff7ed6fc101aeb6fef59a20d129ba3b64714fa2705be896be4,cells[cell=progen3-112m__unconditioned].identity_strata.no_reported_alignment.any_family
progen3-112m__unconditioned,progen3-112m,unconditioned,any_family_by_reference_identity,under_30,0.6183206106870229,,,0.5328845682964198,0.6970150506421617,,,,,,95% Wilson,"attempt, Wilson interval on the raw rate",results/R6/generative_control_20260924/gate_endpoints.json,32e1364dbe3541ff7ed6fc101aeb6fef59a20d129ba3b64714fa2705be896be4,cells[cell=progen3-112m__unconditioned].identity_strata.under_30.any_family
progen3-3b__unconditioned,progen3-3b,unconditioned,any_family,shuffle,0.62,0.0,0.62,0.58,0.65875,True,800,800,4000,satisfied_beyond_some_but_not_all_qualified_matched_generators,97.5% percentile,frozen near-duplicate sequence group of the attempt ledger,results/R6/generative_control_20260924/gate_endpoints.json,32e1364dbe3541ff7ed6fc101aeb6fef59a20d129ba3b64714fa2705be896be4,cells[cell=progen3-3b__unconditioned].endpoints.any_family.controls.shuffle
progen3-3b__unconditioned,progen3-3b,unconditioned,any_family,hydropathy,0.62,0.0,0.62,0.58,0.65875,True,800,800,4000,satisfied_beyond_some_but_not_all_qualified_matched_generators,97.5% percentile,frozen near-duplicate sequence group of the attempt ledger,results/R6/generative_control_20260924/gate_endpoints.json,32e1364dbe3541ff7ed6fc101aeb6fef59a20d129ba3b64714fa2705be896be4,cells[cell=progen3-3b__unconditioned].endpoints.any_family.controls.hydropathy
progen3-3b__unconditioned,progen3-3b,unconditioned,any_family,markov_0,0.62,0.00125,0.61875,0.57875,0.6575,False,800,800,4000,satisfied_beyond_some_but_not_all_qualified_matched_generators,97.5% percentile,frozen near-duplicate sequence group of the attempt ledger,results/R6/generative_control_20260924/gate_endpoints.json,32e1364dbe3541ff7ed6fc101aeb6fef59a20d129ba3b64714fa2705be896be4,cells[cell=progen3-3b__unconditioned].endpoints.any_family.controls.markov_0
progen3-3b__unconditioned,progen3-3b,unconditioned,any_family,markov_2,0.62,0.0,0.62,0.58,0.65875,False,800,800,4000,satisfied_beyond_some_but_not_all_qualified_matched_generators,97.5% percentile,frozen near-duplicate sequence group of the attempt ledger,results/R6/generative_control_20260924/gate_endpoints.json,32e1364dbe3541ff7ed6fc101aeb6fef59a20d129ba3b64714fa2705be896be4,cells[cell=progen3-3b__unconditioned].endpoints.any_family.controls.markov_2
progen3-3b__unconditioned,progen3-3b,unconditioned,any_family,markov_4,0.62,0.0,0.62,0.58,0.65875,True,800,800,4000,satisfied_beyond_some_but_not_all_qualified_matched_generators,97.5% percentile,frozen near-duplicate sequence group of the attempt ledger,results/R6/generative_control_20260924/gate_endpoints.json,32e1364dbe3541ff7ed6fc101aeb6fef59a20d129ba3b64714fa2705be896be4,cells[cell=progen3-3b__unconditioned].endpoints.any_family.controls.markov_4
progen3-3b__unconditioned,progen3-3b,unconditioned,any_family,fragment,0.62,0.58625,0.03374999999999995,-0.02,0.08626562500000033,True,800,800,4000,satisfied_beyond_some_but_not_all_qualified_matched_generators,97.5% percentile,frozen near-duplicate sequence group of the attempt ledger,results/R6/generative_control_20260924/gate_endpoints.json,32e1364dbe3541ff7ed6fc101aeb6fef59a20d129ba3b64714fa2705be896be4,cells[cell=progen3-3b__unconditioned].endpoints.any_family.controls.fragment
progen3-3b__unconditioned,progen3-3b,unconditioned,any_family,natural,0.62,0.54,0.07999999999999996,0.025,0.13625,True,800,800,4000,satisfied_beyond_some_but_not_all_qualified_matched_generators,97.5% percentile,frozen near-duplicate sequence group of the attempt ledger,results/R6/generative_control_20260924/gate_endpoints.json,32e1364dbe3541ff7ed6fc101aeb6fef59a20d129ba3b64714fa2705be896be4,cells[cell=progen3-3b__unconditioned].endpoints.any_family.controls.natural
progen3-3b__unconditioned,progen3-3b,unconditioned,complete_domain,shuffle,0.5375,0.0,0.5375,0.4975,0.5775,True,800,800,4000,satisfied_beyond_every_qualified_matched_generator,97.5% percentile,frozen near-duplicate sequence group of the attempt ledger,results/R6/generative_control_20260924/gate_endpoints.json,32e1364dbe3541ff7ed6fc101aeb6fef59a20d129ba3b64714fa2705be896be4,cells[cell=progen3-3b__unconditioned].endpoints.complete_domain.controls.shuffle
progen3-3b__unconditioned,progen3-3b,unconditioned,complete_domain,hydropathy,0.5375,0.0,0.5375,0.4975,0.5775,True,800,800,4000,satisfied_beyond_every_qualified_matched_generator,97.5% percentile,frozen near-duplicate sequence group of the attempt ledger,results/R6/generative_control_20260924/gate_endpoints.json,32e1364dbe3541ff7ed6fc101aeb6fef59a20d129ba3b64714fa2705be896be4,cells[cell=progen3-3b__unconditioned].endpoints.complete_domain.controls.hydropathy
progen3-3b__unconditioned,progen3-3b,unconditioned,complete_domain,markov_0,0.5375,0.0,0.5375,0.4975,0.5775,False,800,800,4000,satisfied_beyond_every_qualified_matched_generator,97.5% percentile,frozen near-duplicate sequence group of the attempt ledger,results/R6/generative_control_20260924/gate_endpoints.json,32e1364dbe3541ff7ed6fc101aeb6fef59a20d129ba3b64714fa2705be896be4,cells[cell=progen3-3b__unconditioned].endpoints.complete_domain.controls.markov_0
progen3-3b__unconditioned,progen3-3b,unconditioned,complete_domain,markov_2,0.5375,0.0,0.5375,0.4975,0.5775,False,800,800,4000,satisfied_beyond_every_qualified_matched_generator,97.5% percentile,frozen near-duplicate sequence group of the attempt ledger,results/R6/generative_control_20260924/gate_endpoints.json,32e1364dbe3541ff7ed6fc101aeb6fef59a20d129ba3b64714fa2705be896be4,cells[cell=progen3-3b__unconditioned].endpoints.complete_domain.controls.markov_2
progen3-3b__unconditioned,progen3-3b,unconditioned,complete_domain,markov_4,0.5375,0.0,0.5375,0.4975,0.5775,True,800,800,4000,satisfied_beyond_every_qualified_matched_generator,97.5% percentile,frozen near-duplicate sequence group of the attempt ledger,results/R6/generative_control_20260924/gate_endpoints.json,32e1364dbe3541ff7ed6fc101aeb6fef59a20d129ba3b64714fa2705be896be4,cells[cell=progen3-3b__unconditioned].endpoints.complete_domain.controls.markov_4
progen3-3b__unconditioned,progen3-3b,unconditioned,complete_domain,fragment,0.5375,0.3425,0.19499999999999995,0.14,0.24875,True,800,800,4000,satisfied_beyond_every_qualified_matched_generator,97.5% percentile,frozen near-duplicate sequence group of the attempt ledger,results/R6/generative_control_20260924/gate_endpoints.json,32e1364dbe3541ff7ed6fc101aeb6fef59a20d129ba3b64714fa2705be896be4,cells[cell=progen3-3b__unconditioned].endpoints.complete_domain.controls.fragment
progen3-3b__unconditioned,progen3-3b,unconditioned,complete_domain,natural,0.5375,0.39,0.14749999999999996,0.0925,0.20375,True,800,800,4000,satisfied_beyond_every_qualified_matched_generator,97.5% percentile,frozen near-duplicate sequence group of the attempt ledger,results/R6/generative_control_20260924/gate_endpoints.json,32e1364dbe3541ff7ed6fc101aeb6fef59a20d129ba3b64714fa2705be896be4,cells[cell=progen3-3b__unconditioned].endpoints.complete_domain.controls.natural
progen3-3b__unconditioned,progen3-3b,unconditioned,any_family_by_reference_identity,30_to_50,0.8509615384615384,,,0.7962204558462924,0.8929741938354616,,,,,,95% Wilson,"attempt, Wilson interval on the raw rate",results/R6/generative_control_20260924/gate_endpoints.json,32e1364dbe3541ff7ed6fc101aeb6fef59a20d129ba3b64714fa2705be896be4,cells[cell=progen3-3b__unconditioned].identity_strata.30_to_50.any_family
progen3-3b__unconditioned,progen3-3b,unconditioned,any_family_by_reference_identity,50_to_70,0.9695121951219512,,,0.9306239840222903,0.9869085558045885,,,,,,95% Wilson,"attempt, Wilson interval on the raw rate",results/R6/generative_control_20260924/gate_endpoints.json,32e1364dbe3541ff7ed6fc101aeb6fef59a20d129ba3b64714fa2705be896be4,cells[cell=progen3-3b__unconditioned].identity_strata.50_to_70.any_family
progen3-3b__unconditioned,progen3-3b,unconditioned,any_family_by_reference_identity,70_and_over,0.9830508474576272,,,0.9100427403585771,0.9970017660816444,,,,,,95% Wilson,"attempt, Wilson interval on the raw rate",results/R6/generative_control_20260924/gate_endpoints.json,32e1364dbe3541ff7ed6fc101aeb6fef59a20d129ba3b64714fa2705be896be4,cells[cell=progen3-3b__unconditioned].identity_strata.70_and_over.any_family
progen3-3b__unconditioned,progen3-3b,unconditioned,any_family_by_reference_identity,no_reported_alignment,0.04329004329004329,,,0.023681592206580556,0.0778399148578834,,,,,,95% Wilson,"attempt, Wilson interval on the raw rate",results/R6/generative_control_20260924/gate_endpoints.json,32e1364dbe3541ff7ed6fc101aeb6fef59a20d129ba3b64714fa2705be896be4,cells[cell=progen3-3b__unconditioned].identity_strata.no_reported_alignment.any_family
progen3-3b__unconditioned,progen3-3b,unconditioned,any_family_by_reference_identity,under_30,0.6666666666666666,,,0.584443372266166,0.7398623729119763,,,,,,95% Wilson,"attempt, Wilson interval on the raw rate",results/R6/generative_control_20260924/gate_endpoints.json,32e1364dbe3541ff7ed6fc101aeb6fef59a20d129ba3b64714fa2705be896be4,cells[cell=progen3-3b__unconditioned].identity_strata.under_30.any_family
prollama-stage-1__unconditioned,prollama-stage-1,unconditioned,any_family,shuffle,0.17,0.0,0.17,0.14125,0.2,True,800,800,4000,satisfied_beyond_some_but_not_all_qualified_matched_generators,97.5% percentile,frozen near-duplicate sequence group of the attempt ledger,results/R6/generative_control_20260924/gate_endpoints.json,32e1364dbe3541ff7ed6fc101aeb6fef59a20d129ba3b64714fa2705be896be4,cells[cell=prollama-stage-1__unconditioned].endpoints.any_family.controls.shuffle
prollama-stage-1__unconditioned,prollama-stage-1,unconditioned,any_family,hydropathy,0.17,0.0,0.17,0.14125,0.2,True,800,800,4000,satisfied_beyond_some_but_not_all_qualified_matched_generators,97.5% percentile,frozen near-duplicate sequence group of the attempt ledger,results/R6/generative_control_20260924/gate_endpoints.json,32e1364dbe3541ff7ed6fc101aeb6fef59a20d129ba3b64714fa2705be896be4,cells[cell=prollama-stage-1__unconditioned].endpoints.any_family.controls.hydropathy
prollama-stage-1__unconditioned,prollama-stage-1,unconditioned,any_family,markov_0,0.17,0.0,0.17,0.14125,0.2,False,800,800,4000,satisfied_beyond_some_but_not_all_qualified_matched_generators,97.5% percentile,frozen near-duplicate sequence group of the attempt ledger,results/R6/generative_control_20260924/gate_endpoints.json,32e1364dbe3541ff7ed6fc101aeb6fef59a20d129ba3b64714fa2705be896be4,cells[cell=prollama-stage-1__unconditioned].endpoints.any_family.controls.markov_0
prollama-stage-1__unconditioned,prollama-stage-1,unconditioned,any_family,markov_2,0.17,0.0,0.17,0.14125,0.2,False,800,800,4000,satisfied_beyond_some_but_not_all_qualified_matched_generators,97.5% percentile,frozen near-duplicate sequence group of the attempt ledger,results/R6/generative_control_20260924/gate_endpoints.json,32e1364dbe3541ff7ed6fc101aeb6fef59a20d129ba3b64714fa2705be896be4,cells[cell=prollama-stage-1__unconditioned].endpoints.any_family.controls.markov_2
prollama-stage-1__unconditioned,prollama-stage-1,unconditioned,any_family,markov_4,0.17,0.0,0.17,0.14125,0.2,True,800,800,4000,satisfied_beyond_some_but_not_all_qualified_matched_generators,97.5% percentile,frozen near-duplicate sequence group of the attempt ledger,results/R6/generative_control_20260924/gate_endpoints.json,32e1364dbe3541ff7ed6fc101aeb6fef59a20d129ba3b64714fa2705be896be4,cells[cell=prollama-stage-1__unconditioned].endpoints.any_family.controls.markov_4
prollama-stage-1__unconditioned,prollama-stage-1,unconditioned,any_family,fragment,0.17,0.495,-0.32499999999999996,-0.37125,-0.2775,True,800,800,4000,satisfied_beyond_some_but_not_all_qualified_matched_generators,97.5% percentile,frozen near-duplicate sequence group of the attempt ledger,results/R6/generative_control_20260924/gate_endpoints.json,32e1364dbe3541ff7ed6fc101aeb6fef59a20d129ba3b64714fa2705be896be4,cells[cell=prollama-stage-1__unconditioned].endpoints.any_family.controls.fragment
prollama-stage-1__unconditioned,prollama-stage-1,unconditioned,any_family,natural,0.17,0.52125,-0.35124999999999995,-0.3975,-0.305,True,800,800,4000,satisfied_beyond_some_but_not_all_qualified_matched_generators,97.5% percentile,frozen near-duplicate sequence group of the attempt ledger,results/R6/generative_control_20260924/gate_endpoints.json,32e1364dbe3541ff7ed6fc101aeb6fef59a20d129ba3b64714fa2705be896be4,cells[cell=prollama-stage-1__unconditioned].endpoints.any_family.controls.natural
prollama-stage-1__unconditioned,prollama-stage-1,unconditioned,complete_domain,shuffle,0.075,0.0,0.075,0.055,0.095,True,800,800,4000,satisfied_beyond_some_but_not_all_qualified_matched_generators,97.5% percentile,frozen near-duplicate sequence group of the attempt ledger,results/R6/generative_control_20260924/gate_endpoints.json,32e1364dbe3541ff7ed6fc101aeb6fef59a20d129ba3b64714fa2705be896be4,cells[cell=prollama-stage-1__unconditioned].endpoints.complete_domain.controls.shuffle
prollama-stage-1__unconditioned,prollama-stage-1,unconditioned,complete_domain,hydropathy,0.075,0.0,0.075,0.055,0.095,True,800,800,4000,satisfied_beyond_some_but_not_all_qualified_matched_generators,97.5% percentile,frozen near-duplicate sequence group of the attempt ledger,results/R6/generative_control_20260924/gate_endpoints.json,32e1364dbe3541ff7ed6fc101aeb6fef59a20d129ba3b64714fa2705be896be4,cells[cell=prollama-stage-1__unconditioned].endpoints.complete_domain.controls.hydropathy
prollama-stage-1__unconditioned,prollama-stage-1,unconditioned,complete_domain,markov_0,0.075,0.0,0.075,0.055,0.095,False,800,800,4000,satisfied_beyond_some_but_not_all_qualified_matched_generators,97.5% percentile,frozen near-duplicate sequence group of the attempt ledger,results/R6/generative_control_20260924/gate_endpoints.json,32e1364dbe3541ff7ed6fc101aeb6fef59a20d129ba3b64714fa2705be896be4,cells[cell=prollama-stage-1__unconditioned].endpoints.complete_domain.controls.markov_0
prollama-stage-1__unconditioned,prollama-stage-1,unconditioned,complete_domain,markov_2,0.075,0.0,0.075,0.055,0.095,False,800,800,4000,satisfied_beyond_some_but_not_all_qualified_matched_generators,97.5% percentile,frozen near-duplicate sequence group of the attempt ledger,results/R6/generative_control_20260924/gate_endpoints.json,32e1364dbe3541ff7ed6fc101aeb6fef59a20d129ba3b64714fa2705be896be4,cells[cell=prollama-stage-1__unconditioned].endpoints.complete_domain.controls.markov_2
prollama-stage-1__unconditioned,prollama-stage-1,unconditioned,complete_domain,markov_4,0.075,0.0,0.075,0.055,0.095,True,800,800,4000,satisfied_beyond_some_but_not_all_qualified_matched_generators,97.5% percentile,frozen near-duplicate sequence group of the attempt ledger,results/R6/generative_control_20260924/gate_endpoints.json,32e1364dbe3541ff7ed6fc101aeb6fef59a20d129ba3b64714fa2705be896be4,cells[cell=prollama-stage-1__unconditioned].endpoints.complete_domain.controls.markov_4
prollama-stage-1__unconditioned,prollama-stage-1,unconditioned,complete_domain,fragment,0.075,0.2475,-0.1725,-0.2125,-0.135,True,800,800,4000,satisfied_beyond_some_but_not_all_qualified_matched_generators,97.5% percentile,frozen near-duplicate sequence group of the attempt ledger,results/R6/generative_control_20260924/gate_endpoints.json,32e1364dbe3541ff7ed6fc101aeb6fef59a20d129ba3b64714fa2705be896be4,cells[cell=prollama-stage-1__unconditioned].endpoints.complete_domain.controls.fragment
prollama-stage-1__unconditioned,prollama-stage-1,unconditioned,complete_domain,natural,0.075,0.3475,-0.27249999999999996,-0.313765625,-0.23125,True,800,800,4000,satisfied_beyond_some_but_not_all_qualified_matched_generators,97.5% percentile,frozen near-duplicate sequence group of the attempt ledger,results/R6/generative_control_20260924/gate_endpoints.json,32e1364dbe3541ff7ed6fc101aeb6fef59a20d129ba3b64714fa2705be896be4,cells[cell=prollama-stage-1__unconditioned].endpoints.complete_domain.controls.natural
prollama-stage-1__unconditioned,prollama-stage-1,unconditioned,any_family_by_reference_identity,30_to_50,0.42735042735042733,,,0.3414280334411742,0.5178917714841803,,,,,,95% Wilson,"attempt, Wilson interval on the raw rate",results/R6/generative_control_20260924/gate_endpoints.json,32e1364dbe3541ff7ed6fc101aeb6fef59a20d129ba3b64714fa2705be896be4,cells[cell=prollama-stage-1__unconditioned].identity_strata.30_to_50.any_family
prollama-stage-1__unconditioned,prollama-stage-1,unconditioned,any_family_by_reference_identity,50_to_70,0.38095238095238093,,,0.24999725763955144,0.5318595973284732,,,,,,95% Wilson,"attempt, Wilson interval on the raw rate",results/R6/generative_control_20260924/gate_endpoints.json,32e1364dbe3541ff7ed6fc101aeb6fef59a20d129ba3b64714fa2705be896be4,cells[cell=prollama-stage-1__unconditioned].identity_strata.50_to_70.any_family
prollama-stage-1__unconditioned,prollama-stage-1,unconditioned,any_family_by_reference_identity,70_and_over,0.5,,,0.2537815976337061,0.7462184023662939,,,,,,95% Wilson,"attempt, Wilson interval on the raw rate",results/R6/generative_control_20260924/gate_endpoints.json,32e1364dbe3541ff7ed6fc101aeb6fef59a20d129ba3b64714fa2705be896be4,cells[cell=prollama-stage-1__unconditioned].identity_strata.70_and_over.any_family
prollama-stage-1__unconditioned,prollama-stage-1,unconditioned,any_family_by_reference_identity,no_reported_alignment,0.03590664272890485,,,0.023362365843936212,0.05480849355166105,,,,,,95% Wilson,"attempt, Wilson interval on the raw rate",results/R6/generative_control_20260924/gate_endpoints.json,32e1364dbe3541ff7ed6fc101aeb6fef59a20d129ba3b64714fa2705be896be4,cells[cell=prollama-stage-1__unconditioned].identity_strata.no_reported_alignment.any_family
prollama-stage-1__unconditioned,prollama-stage-1,unconditioned,any_family_by_reference_identity,under_30,0.6111111111111112,,,0.49562354994215396,0.7153428561475221,,,,,,95% Wilson,"attempt, Wilson interval on the raw rate",results/R6/generative_control_20260924/gate_endpoints.json,32e1364dbe3541ff7ed6fc101aeb6fef59a20d129ba3b64714fa2705be896be4,cells[cell=prollama-stage-1__unconditioned].identity_strata.under_30.any_family
prollama__requested,prollama,requested,any_family,shuffle,0.12375,0.0,0.12375,0.09875,0.15125,True,800,800,4000,satisfied_beyond_some_but_not_all_qualified_matched_generators,97.5% percentile,frozen near-duplicate sequence group of the attempt ledger,results/R6/generative_control_20260924/gate_endpoints.json,32e1364dbe3541ff7ed6fc101aeb6fef59a20d129ba3b64714fa2705be896be4,cells[cell=prollama__requested].endpoints.any_family.controls.shuffle
prollama__requested,prollama,requested,any_family,hydropathy,0.12375,0.0,0.12375,0.09875,0.15125,True,800,800,4000,satisfied_beyond_some_but_not_all_qualified_matched_generators,97.5% percentile,frozen near-duplicate sequence group of the attempt ledger,results/R6/generative_control_20260924/gate_endpoints.json,32e1364dbe3541ff7ed6fc101aeb6fef59a20d129ba3b64714fa2705be896be4,cells[cell=prollama__requested].endpoints.any_family.controls.hydropathy
prollama__requested,prollama,requested,any_family,markov_0,0.12375,0.0,0.12375,0.09875,0.15125,False,800,800,4000,satisfied_beyond_some_but_not_all_qualified_matched_generators,97.5% percentile,frozen near-duplicate sequence group of the attempt ledger,results/R6/generative_control_20260924/gate_endpoints.json,32e1364dbe3541ff7ed6fc101aeb6fef59a20d129ba3b64714fa2705be896be4,cells[cell=prollama__requested].endpoints.any_family.controls.markov_0
prollama__requested,prollama,requested,any_family,markov_2,0.12375,0.0,0.12375,0.09875,0.15125,False,800,800,4000,satisfied_beyond_some_but_not_all_qualified_matched_generators,97.5% percentile,frozen near-duplicate sequence group of the attempt ledger,results/R6/generative_control_20260924/gate_endpoints.json,32e1364dbe3541ff7ed6fc101aeb6fef59a20d129ba3b64714fa2705be896be4,cells[cell=prollama__requested].endpoints.any_family.controls.markov_2
prollama__requested,prollama,requested,any_family,markov_4,0.12375,0.0,0.12375,0.09875,0.15125,True,800,800,4000,satisfied_beyond_some_but_not_all_qualified_matched_generators,97.5% percentile,frozen near-duplicate sequence group of the attempt ledger,results/R6/generative_control_20260924/gate_endpoints.json,32e1364dbe3541ff7ed6fc101aeb6fef59a20d129ba3b64714fa2705be896be4,cells[cell=prollama__requested].endpoints.any_family.controls.markov_4
prollama__requested,prollama,requested,any_family,fragment,0.12375,0.3925,-0.26875000000000004,-0.312515625,-0.225,True,800,800,4000,satisfied_beyond_some_but_not_all_qualified_matched_generators,97.5% percentile,frozen near-duplicate sequence group of the attempt ledger,results/R6/generative_control_20260924/gate_endpoints.json,32e1364dbe3541ff7ed6fc101aeb6fef59a20d129ba3b64714fa2705be896be4,cells[cell=prollama__requested].endpoints.any_family.controls.fragment
prollama__requested,prollama,requested,any_family,natural,0.12375,0.35,-0.22624999999999998,-0.27125,-0.18123437499999964,True,800,800,4000,satisfied_beyond_some_but_not_all_qualified_matched_generators,97.5% percentile,frozen near-duplicate sequence group of the attempt ledger,results/R6/generative_control_20260924/gate_endpoints.json,32e1364dbe3541ff7ed6fc101aeb6fef59a20d129ba3b64714fa2705be896be4,cells[cell=prollama__requested].endpoints.any_family.controls.natural
prollama__requested,prollama,requested,complete_domain,shuffle,0.05125,0.0,0.05125,0.03375,0.06876562500000034,True,800,800,4000,satisfied_beyond_some_but_not_all_qualified_matched_generators,97.5% percentile,frozen near-duplicate sequence group of the attempt ledger,results/R6/generative_control_20260924/gate_endpoints.json,32e1364dbe3541ff7ed6fc101aeb6fef59a20d129ba3b64714fa2705be896be4,cells[cell=prollama__requested].endpoints.complete_domain.controls.shuffle
prollama__requested,prollama,requested,complete_domain,hydropathy,0.05125,0.0,0.05125,0.03375,0.06876562500000034,True,800,800,4000,satisfied_beyond_some_but_not_all_qualified_matched_generators,97.5% percentile,frozen near-duplicate sequence group of the attempt ledger,results/R6/generative_control_20260924/gate_endpoints.json,32e1364dbe3541ff7ed6fc101aeb6fef59a20d129ba3b64714fa2705be896be4,cells[cell=prollama__requested].endpoints.complete_domain.controls.hydropathy
prollama__requested,prollama,requested,complete_domain,markov_0,0.05125,0.0,0.05125,0.03375,0.06876562500000034,False,800,800,4000,satisfied_beyond_some_but_not_all_qualified_matched_generators,97.5% percentile,frozen near-duplicate sequence group of the attempt ledger,results/R6/generative_control_20260924/gate_endpoints.json,32e1364dbe3541ff7ed6fc101aeb6fef59a20d129ba3b64714fa2705be896be4,cells[cell=prollama__requested].endpoints.complete_domain.controls.markov_0
prollama__requested,prollama,requested,complete_domain,markov_2,0.05125,0.0,0.05125,0.03375,0.06876562500000034,False,800,800,4000,satisfied_beyond_some_but_not_all_qualified_matched_generators,97.5% percentile,frozen near-duplicate sequence group of the attempt ledger,results/R6/generative_control_20260924/gate_endpoints.json,32e1364dbe3541ff7ed6fc101aeb6fef59a20d129ba3b64714fa2705be896be4,cells[cell=prollama__requested].endpoints.complete_domain.controls.markov_2
prollama__requested,prollama,requested,complete_domain,markov_4,0.05125,0.0,0.05125,0.03375,0.06876562500000034,True,800,800,4000,satisfied_beyond_some_but_not_all_qualified_matched_generators,97.5% percentile,frozen near-duplicate sequence group of the attempt ledger,results/R6/generative_control_20260924/gate_endpoints.json,32e1364dbe3541ff7ed6fc101aeb6fef59a20d129ba3b64714fa2705be896be4,cells[cell=prollama__requested].endpoints.complete_domain.controls.markov_4
prollama__requested,prollama,requested,complete_domain,fragment,0.05125,0.14,-0.08875000000000002,-0.12125,-0.0575,True,800,800,4000,satisfied_beyond_some_but_not_all_qualified_matched_generators,97.5% percentile,frozen near-duplicate sequence group of the attempt ledger,results/R6/generative_control_20260924/gate_endpoints.json,32e1364dbe3541ff7ed6fc101aeb6fef59a20d129ba3b64714fa2705be896be4,cells[cell=prollama__requested].endpoints.complete_domain.controls.fragment
prollama__requested,prollama,requested,complete_domain,natural,0.05125,0.18875,-0.1375,-0.1725,-0.1025,True,800,800,4000,satisfied_beyond_some_but_not_all_qualified_matched_generators,97.5% percentile,frozen near-duplicate sequence group of the attempt ledger,results/R6/generative_control_20260924/gate_endpoints.json,32e1364dbe3541ff7ed6fc101aeb6fef59a20d129ba3b64714fa2705be896be4,cells[cell=prollama__requested].endpoints.complete_domain.controls.natural
prollama__requested,prollama,requested,any_family_by_reference_identity,30_to_50,0.8666666666666667,,,0.7382269817382293,0.9374285125243192,,,,,,95% Wilson,"attempt, Wilson interval on the raw rate",results/R6/generative_control_20260924/gate_endpoints.json,32e1364dbe3541ff7ed6fc101aeb6fef59a20d129ba3b64714fa2705be896be4,cells[cell=prollama__requested].identity_strata.30_to_50.any_family
prollama__requested,prollama,requested,any_family_by_reference_identity,50_to_70,1.0,,,0.4385029682449546,1.0,,,,,,95% Wilson,"attempt, Wilson interval on the raw rate",results/R6/generative_control_20260924/gate_endpoints.json,32e1364dbe3541ff7ed6fc101aeb6fef59a20d129ba3b64714fa2705be896be4,cells[cell=prollama__requested].identity_strata.50_to_70.any_family
prollama__requested,prollama,requested,any_family_by_reference_identity,no_reported_alignment,0.033707865168539325,,,0.022754581362171084,0.04966572648937445,,,,,,95% Wilson,"attempt, Wilson interval on the raw rate",results/R6/generative_control_20260924/gate_endpoints.json,32e1364dbe3541ff7ed6fc101aeb6fef59a20d129ba3b64714fa2705be896be4,cells[cell=prollama__requested].identity_strata.no_reported_alignment.any_family
prollama__requested,prollama,requested,any_family_by_reference_identity,under_30,0.825,,,0.6805000966821229,0.9125458625396408,,,,,,95% Wilson,"attempt, Wilson interval on the raw rate",results/R6/generative_control_20260924/gate_endpoints.json,32e1364dbe3541ff7ed6fc101aeb6fef59a20d129ba3b64714fa2705be896be4,cells[cell=prollama__requested].identity_strata.under_30.any_family
prollama__unconditioned,prollama,unconditioned,any_family,shuffle,0.045,0.0,0.045,0.029484029484029485,0.062340966921119595,True,800,786,4000,satisfied_beyond_some_but_not_all_qualified_matched_generators,97.5% percentile,frozen near-duplicate sequence group of the attempt ledger,results/R6/generative_control_20260924/gate_endpoints.json,32e1364dbe3541ff7ed6fc101aeb6fef59a20d129ba3b64714fa2705be896be4,cells[cell=prollama__unconditioned].endpoints.any_family.controls.shuffle
prollama__unconditioned,prollama,unconditioned,any_family,hydropathy,0.045,0.0,0.045,0.029484029484029485,0.062340966921119595,True,800,786,4000,satisfied_beyond_some_but_not_all_qualified_matched_generators,97.5% percentile,frozen near-duplicate sequence group of the attempt ledger,results/R6/generative_control_20260924/gate_endpoints.json,32e1364dbe3541ff7ed6fc101aeb6fef59a20d129ba3b64714fa2705be896be4,cells[cell=prollama__unconditioned].endpoints.any_family.controls.hydropathy
prollama__unconditioned,prollama,unconditioned,any_family,markov_0,0.045,0.0,0.045,0.029484029484029485,0.062340966921119595,False,800,786,4000,satisfied_beyond_some_but_not_all_qualified_matched_generators,97.5% percentile,frozen near-duplicate sequence group of the attempt ledger,results/R6/generative_control_20260924/gate_endpoints.json,32e1364dbe3541ff7ed6fc101aeb6fef59a20d129ba3b64714fa2705be896be4,cells[cell=prollama__unconditioned].endpoints.any_family.controls.markov_0
prollama__unconditioned,prollama,unconditioned,any_family,markov_2,0.045,0.0,0.045,0.029484029484029485,0.062340966921119595,False,800,786,4000,satisfied_beyond_some_but_not_all_qualified_matched_generators,97.5% percentile,frozen near-duplicate sequence group of the attempt ledger,results/R6/generative_control_20260924/gate_endpoints.json,32e1364dbe3541ff7ed6fc101aeb6fef59a20d129ba3b64714fa2705be896be4,cells[cell=prollama__unconditioned].endpoints.any_family.controls.markov_2
prollama__unconditioned,prollama,unconditioned,any_family,markov_4,0.045,0.0,0.045,0.029484029484029485,0.062340966921119595,True,800,786,4000,satisfied_beyond_some_but_not_all_qualified_matched_generators,97.5% percentile,frozen near-duplicate sequence group of the attempt ledger,results/R6/generative_control_20260924/gate_endpoints.json,32e1364dbe3541ff7ed6fc101aeb6fef59a20d129ba3b64714fa2705be896be4,cells[cell=prollama__unconditioned].endpoints.any_family.controls.markov_4
prollama__unconditioned,prollama,unconditioned,any_family,fragment,0.045,0.37,-0.325,-0.3671519098149533,-0.28498727735368956,True,800,786,4000,satisfied_beyond_some_but_not_all_qualified_matched_generators,97.5% percentile,frozen near-duplicate sequence group of the attempt ledger,results/R6/generative_control_20260924/gate_endpoints.json,32e1364dbe3541ff7ed6fc101aeb6fef59a20d129ba3b64714fa2705be896be4,cells[cell=prollama__unconditioned].endpoints.any_family.controls.fragment
prollama__unconditioned,prollama,unconditioned,any_family,natural,0.045,0.35625,-0.31125,-0.3550009057971014,-0.2697201017811705,True,800,786,4000,satisfied_beyond_some_but_not_all_qualified_matched_generators,97.5% percentile,frozen near-duplicate sequence group of the attempt ledger,results/R6/generative_control_20260924/gate_endpoints.json,32e1364dbe3541ff7ed6fc101aeb6fef59a20d129ba3b64714fa2705be896be4,cells[cell=prollama__unconditioned].endpoints.any_family.controls.natural
prollama__unconditioned,prollama,unconditioned,complete_domain,shuffle,0.02125,0.0,0.02125,0.010178117048346057,0.03375,True,800,786,4000,satisfied_beyond_some_but_not_all_qualified_matched_generators,97.5% percentile,frozen near-duplicate sequence group of the attempt ledger,results/R6/generative_control_20260924/gate_endpoints.json,32e1364dbe3541ff7ed6fc101aeb6fef59a20d129ba3b64714fa2705be896be4,cells[cell=prollama__unconditioned].endpoints.complete_domain.controls.shuffle
prollama__unconditioned,prollama,unconditioned,complete_domain,hydropathy,0.02125,0.0,0.02125,0.010178117048346057,0.03375,True,800,786,4000,satisfied_beyond_some_but_not_all_qualified_matched_generators,97.5% percentile,frozen near-duplicate sequence group of the attempt ledger,results/R6/generative_control_20260924/gate_endpoints.json,32e1364dbe3541ff7ed6fc101aeb6fef59a20d129ba3b64714fa2705be896be4,cells[cell=prollama__unconditioned].endpoints.complete_domain.controls.hydropathy
prollama__unconditioned,prollama,unconditioned,complete_domain,markov_0,0.02125,0.0,0.02125,0.010178117048346057,0.03375,False,800,786,4000,satisfied_beyond_some_but_not_all_qualified_matched_generators,97.5% percentile,frozen near-duplicate sequence group of the attempt ledger,results/R6/generative_control_20260924/gate_endpoints.json,32e1364dbe3541ff7ed6fc101aeb6fef59a20d129ba3b64714fa2705be896be4,cells[cell=prollama__unconditioned].endpoints.complete_domain.controls.markov_0
prollama__unconditioned,prollama,unconditioned,complete_domain,markov_2,0.02125,0.0,0.02125,0.010178117048346057,0.03375,False,800,786,4000,satisfied_beyond_some_but_not_all_qualified_matched_generators,97.5% percentile,frozen near-duplicate sequence group of the attempt ledger,results/R6/generative_control_20260924/gate_endpoints.json,32e1364dbe3541ff7ed6fc101aeb6fef59a20d129ba3b64714fa2705be896be4,cells[cell=prollama__unconditioned].endpoints.complete_domain.controls.markov_2
prollama__unconditioned,prollama,unconditioned,complete_domain,markov_4,0.02125,0.0,0.02125,0.010178117048346057,0.03375,True,800,786,4000,satisfied_beyond_some_but_not_all_qualified_matched_generators,97.5% percentile,frozen near-duplicate sequence group of the attempt ledger,results/R6/generative_control_20260924/gate_endpoints.json,32e1364dbe3541ff7ed6fc101aeb6fef59a20d129ba3b64714fa2705be896be4,cells[cell=prollama__unconditioned].endpoints.complete_domain.controls.markov_4
prollama__unconditioned,prollama,unconditioned,complete_domain,fragment,0.02125,0.125,-0.10375,-0.135,-0.0737913486005089,True,800,786,4000,satisfied_beyond_some_but_not_all_qualified_matched_generators,97.5% percentile,frozen near-duplicate sequence group of the attempt ledger,results/R6/generative_control_20260924/gate_endpoints.json,32e1364dbe3541ff7ed6fc101aeb6fef59a20d129ba3b64714fa2705be896be4,cells[cell=prollama__unconditioned].endpoints.complete_domain.controls.fragment
prollama__unconditioned,prollama,unconditioned,complete_domain,natural,0.02125,0.20625,-0.185,-0.22481572481572482,-0.1475,True,800,786,4000,satisfied_beyond_some_but_not_all_qualified_matched_generators,97.5% percentile,frozen near-duplicate sequence group of the attempt ledger,results/R6/generative_control_20260924/gate_endpoints.json,32e1364dbe3541ff7ed6fc101aeb6fef59a20d129ba3b64714fa2705be896be4,cells[cell=prollama__unconditioned].endpoints.complete_domain.controls.natural
prollama__unconditioned,prollama,unconditioned,any_family_by_reference_identity,30_to_50,0.29411764705882354,,,0.1683463067042242,0.4616890979471443,,,,,,95% Wilson,"attempt, Wilson interval on the raw rate",results/R6/generative_control_20260924/gate_endpoints.json,32e1364dbe3541ff7ed6fc101aeb6fef59a20d129ba3b64714fa2705be896be4,cells[cell=prollama__unconditioned].identity_strata.30_to_50.any_family
prollama__unconditioned,prollama,unconditioned,any_family_by_reference_identity,50_to_70,0.21428571428571427,,,0.07571386712693184,0.47589230586600295,,,,,,95% Wilson,"attempt, Wilson interval on the raw rate",results/R6/generative_control_20260924/gate_endpoints.json,32e1364dbe3541ff7ed6fc101aeb6fef59a20d129ba3b64714fa2705be896be4,cells[cell=prollama__unconditioned].identity_strata.50_to_70.any_family
prollama__unconditioned,prollama,unconditioned,any_family_by_reference_identity,70_and_over,0.5,,,0.09453120573423074,0.9054687942657693,,,,,,95% Wilson,"attempt, Wilson interval on the raw rate",results/R6/generative_control_20260924/gate_endpoints.json,32e1364dbe3541ff7ed6fc101aeb6fef59a20d129ba3b64714fa2705be896be4,cells[cell=prollama__unconditioned].identity_strata.70_and_over.any_family
prollama__unconditioned,prollama,unconditioned,any_family_by_reference_identity,no_reported_alignment,0.016506189821182942,,,0.009467013364250987,0.02862805976641112,,,,,,95% Wilson,"attempt, Wilson interval on the raw rate",results/R6/generative_control_20260924/gate_endpoints.json,32e1364dbe3541ff7ed6fc101aeb6fef59a20d129ba3b64714fa2705be896be4,cells[cell=prollama__unconditioned].identity_strata.no_reported_alignment.any_family
prollama__unconditioned,prollama,unconditioned,any_family_by_reference_identity,under_30,0.43478260869565216,,,0.25634635325674215,0.6318862491498354,,,,,,95% Wilson,"attempt, Wilson interval on the raw rate",results/R6/generative_control_20260924/gate_endpoints.json,32e1364dbe3541ff7ed6fc101aeb6fef59a20d129ba3b64714fa2705be896be4,cells[cell=prollama__unconditioned].identity_strata.under_30.any_family
proteinglm-7b-clm__unconditioned,proteinglm-7b-clm,unconditioned,any_family,shuffle,0.35125,0.0,0.35125,0.3125,0.39,True,800,799,4000,satisfied_beyond_some_but_not_all_qualified_matched_generators,97.5% percentile,frozen near-duplicate sequence group of the attempt ledger,results/R6/generative_control_20260924/gate_endpoints.json,32e1364dbe3541ff7ed6fc101aeb6fef59a20d129ba3b64714fa2705be896be4,cells[cell=proteinglm-7b-clm__unconditioned].endpoints.any_family.controls.shuffle
proteinglm-7b-clm__unconditioned,proteinglm-7b-clm,unconditioned,any_family,hydropathy,0.35125,0.0,0.35125,0.3125,0.39,True,800,799,4000,satisfied_beyond_some_but_not_all_qualified_matched_generators,97.5% percentile,frozen near-duplicate sequence group of the attempt ledger,results/R6/generative_control_20260924/gate_endpoints.json,32e1364dbe3541ff7ed6fc101aeb6fef59a20d129ba3b64714fa2705be896be4,cells[cell=proteinglm-7b-clm__unconditioned].endpoints.any_family.controls.hydropathy
proteinglm-7b-clm__unconditioned,proteinglm-7b-clm,unconditioned,any_family,markov_0,0.35125,0.0,0.35125,0.3125,0.39,False,800,799,4000,satisfied_beyond_some_but_not_all_qualified_matched_generators,97.5% percentile,frozen near-duplicate sequence group of the attempt ledger,results/R6/generative_control_20260924/gate_endpoints.json,32e1364dbe3541ff7ed6fc101aeb6fef59a20d129ba3b64714fa2705be896be4,cells[cell=proteinglm-7b-clm__unconditioned].endpoints.any_family.controls.markov_0
proteinglm-7b-clm__unconditioned,proteinglm-7b-clm,unconditioned,any_family,markov_2,0.35125,0.0,0.35125,0.3125,0.39,False,800,799,4000,satisfied_beyond_some_but_not_all_qualified_matched_generators,97.5% percentile,frozen near-duplicate sequence group of the attempt ledger,results/R6/generative_control_20260924/gate_endpoints.json,32e1364dbe3541ff7ed6fc101aeb6fef59a20d129ba3b64714fa2705be896be4,cells[cell=proteinglm-7b-clm__unconditioned].endpoints.any_family.controls.markov_2
proteinglm-7b-clm__unconditioned,proteinglm-7b-clm,unconditioned,any_family,markov_4,0.35125,0.0,0.35125,0.3125,0.39,True,800,799,4000,satisfied_beyond_some_but_not_all_qualified_matched_generators,97.5% percentile,frozen near-duplicate sequence group of the attempt ledger,results/R6/generative_control_20260924/gate_endpoints.json,32e1364dbe3541ff7ed6fc101aeb6fef59a20d129ba3b64714fa2705be896be4,cells[cell=proteinglm-7b-clm__unconditioned].endpoints.any_family.controls.markov_4
proteinglm-7b-clm__unconditioned,proteinglm-7b-clm,unconditioned,any_family,fragment,0.35125,0.56375,-0.21249999999999997,-0.26717021691635456,-0.16104868913857678,True,800,799,4000,satisfied_beyond_some_but_not_all_qualified_matched_generators,97.5% percentile,frozen near-duplicate sequence group of the attempt ledger,results/R6/generative_control_20260924/gate_endpoints.json,32e1364dbe3541ff7ed6fc101aeb6fef59a20d129ba3b64714fa2705be896be4,cells[cell=proteinglm-7b-clm__unconditioned].endpoints.any_family.controls.fragment
proteinglm-7b-clm__unconditioned,proteinglm-7b-clm,unconditioned,any_family,natural,0.35125,0.53,-0.17875000000000002,-0.23125,-0.1276595744680851,True,800,799,4000,satisfied_beyond_some_but_not_all_qualified_matched_generators,97.5% percentile,frozen near-duplicate sequence group of the attempt ledger,results/R6/generative_control_20260924/gate_endpoints.json,32e1364dbe3541ff7ed6fc101aeb6fef59a20d129ba3b64714fa2705be896be4,cells[cell=proteinglm-7b-clm__unconditioned].endpoints.any_family.controls.natural
proteinglm-7b-clm__unconditioned,proteinglm-7b-clm,unconditioned,complete_domain,shuffle,0.275,0.0,0.275,0.24030037546933666,0.31038798498122655,True,800,799,4000,satisfied_beyond_some_but_not_all_qualified_matched_generators,97.5% percentile,frozen near-duplicate sequence group of the attempt ledger,results/R6/generative_control_20260924/gate_endpoints.json,32e1364dbe3541ff7ed6fc101aeb6fef59a20d129ba3b64714fa2705be896be4,cells[cell=proteinglm-7b-clm__unconditioned].endpoints.complete_domain.controls.shuffle
proteinglm-7b-clm__unconditioned,proteinglm-7b-clm,unconditioned,complete_domain,hydropathy,0.275,0.0,0.275,0.24030037546933666,0.31038798498122655,True,800,799,4000,satisfied_beyond_some_but_not_all_qualified_matched_generators,97.5% percentile,frozen near-duplicate sequence group of the attempt ledger,results/R6/generative_control_20260924/gate_endpoints.json,32e1364dbe3541ff7ed6fc101aeb6fef59a20d129ba3b64714fa2705be896be4,cells[cell=proteinglm-7b-clm__unconditioned].endpoints.complete_domain.controls.hydropathy
proteinglm-7b-clm__unconditioned,proteinglm-7b-clm,unconditioned,complete_domain,markov_0,0.275,0.0,0.275,0.24030037546933666,0.31038798498122655,False,800,799,4000,satisfied_beyond_some_but_not_all_qualified_matched_generators,97.5% percentile,frozen near-duplicate sequence group of the attempt ledger,results/R6/generative_control_20260924/gate_endpoints.json,32e1364dbe3541ff7ed6fc101aeb6fef59a20d129ba3b64714fa2705be896be4,cells[cell=proteinglm-7b-clm__unconditioned].endpoints.complete_domain.controls.markov_0
proteinglm-7b-clm__unconditioned,proteinglm-7b-clm,unconditioned,complete_domain,markov_2,0.275,0.0,0.275,0.24030037546933666,0.31038798498122655,False,800,799,4000,satisfied_beyond_some_but_not_all_qualified_matched_generators,97.5% percentile,frozen near-duplicate sequence group of the attempt ledger,results/R6/generative_control_20260924/gate_endpoints.json,32e1364dbe3541ff7ed6fc101aeb6fef59a20d129ba3b64714fa2705be896be4,cells[cell=proteinglm-7b-clm__unconditioned].endpoints.complete_domain.controls.markov_2
proteinglm-7b-clm__unconditioned,proteinglm-7b-clm,unconditioned,complete_domain,markov_4,0.275,0.0,0.275,0.24030037546933666,0.31038798498122655,True,800,799,4000,satisfied_beyond_some_but_not_all_qualified_matched_generators,97.5% percentile,frozen near-duplicate sequence group of the attempt ledger,results/R6/generative_control_20260924/gate_endpoints.json,32e1364dbe3541ff7ed6fc101aeb6fef59a20d129ba3b64714fa2705be896be4,cells[cell=proteinglm-7b-clm__unconditioned].endpoints.complete_domain.controls.markov_4
proteinglm-7b-clm__unconditioned,proteinglm-7b-clm,unconditioned,complete_domain,fragment,0.275,0.30375,-0.028749999999999998,-0.08114856429463171,0.022543062567285586,True,800,799,4000,satisfied_beyond_some_but_not_all_qualified_matched_generators,97.5% percentile,frozen near-duplicate sequence group of the attempt ledger,results/R6/generative_control_20260924/gate_endpoints.json,32e1364dbe3541ff7ed6fc101aeb6fef59a20d129ba3b64714fa2705be896be4,cells[cell=proteinglm-7b-clm__unconditioned].endpoints.complete_domain.controls.fragment
proteinglm-7b-clm__unconditioned,proteinglm-7b-clm,unconditioned,complete_domain,natural,0.275,0.37875,-0.10374999999999995,-0.155,-0.05366893151395519,True,800,799,4000,satisfied_beyond_some_but_not_all_qualified_matched_generators,97.5% percentile,frozen near-duplicate sequence group of the attempt ledger,results/R6/generative_control_20260924/gate_endpoints.json,32e1364dbe3541ff7ed6fc101aeb6fef59a20d129ba3b64714fa2705be896be4,cells[cell=proteinglm-7b-clm__unconditioned].endpoints.complete_domain.controls.natural
proteinglm-7b-clm__unconditioned,proteinglm-7b-clm,unconditioned,any_family_by_reference_identity,30_to_50,0.6414141414141414,,,0.572506001185316,0.7049394767020967,,,,,,95% Wilson,"attempt, Wilson interval on the raw rate",results/R6/generative_control_20260924/gate_endpoints.json,32e1364dbe3541ff7ed6fc101aeb6fef59a20d129ba3b64714fa2705be896be4,cells[cell=proteinglm-7b-clm__unconditioned].identity_strata.30_to_50.any_family
proteinglm-7b-clm__unconditioned,proteinglm-7b-clm,unconditioned,any_family_by_reference_identity,50_to_70,0.7894736842105263,,,0.697068523805465,0.8593781399348401,,,,,,95% Wilson,"attempt, Wilson interval on the raw rate",results/R6/generative_control_20260924/gate_endpoints.json,32e1364dbe3541ff7ed6fc101aeb6fef59a20d129ba3b64714fa2705be896be4,cells[cell=proteinglm-7b-clm__unconditioned].identity_strata.50_to_70.any_family
proteinglm-7b-clm__unconditioned,proteinglm-7b-clm,unconditioned,any_family_by_reference_identity,70_and_over,0.5,,,0.27999563610326017,0.7200043638967398,,,,,,95% Wilson,"attempt, Wilson interval on the raw rate",results/R6/generative_control_20260924/gate_endpoints.json,32e1364dbe3541ff7ed6fc101aeb6fef59a20d129ba3b64714fa2705be896be4,cells[cell=proteinglm-7b-clm__unconditioned].identity_strata.70_and_over.any_family
proteinglm-7b-clm__unconditioned,proteinglm-7b-clm,unconditioned,any_family_by_reference_identity,no_reported_alignment,0.02247191011235955,,,0.011429901681687431,0.043709544689279387,,,,,,95% Wilson,"attempt, Wilson interval on the raw rate",results/R6/generative_control_20260924/gate_endpoints.json,32e1364dbe3541ff7ed6fc101aeb6fef59a20d129ba3b64714fa2705be896be4,cells[cell=proteinglm-7b-clm__unconditioned].identity_strata.no_reported_alignment.any_family
proteinglm-7b-clm__unconditioned,proteinglm-7b-clm,unconditioned,any_family_by_reference_identity,under_30,0.4666666666666667,,,0.38460039994592204,0.550577463521913,,,,,,95% Wilson,"attempt, Wilson interval on the raw rate",results/R6/generative_control_20260924/gate_endpoints.json,32e1364dbe3541ff7ed6fc101aeb6fef59a20d129ba3b64714fa2705be896be4,cells[cell=proteinglm-7b-clm__unconditioned].identity_strata.under_30.any_family
protgpt2__unconditioned,protgpt2,unconditioned,any_family,shuffle,0.38625,0.0,0.38625,0.3435564276229405,0.4289331064405701,True,800,763,4000,satisfied_beyond_some_but_not_all_qualified_matched_generators,97.5% percentile,frozen near-duplicate sequence group of the attempt ledger,results/R6/generative_control_20260924/gate_endpoints.json,32e1364dbe3541ff7ed6fc101aeb6fef59a20d129ba3b64714fa2705be896be4,cells[cell=protgpt2__unconditioned].endpoints.any_family.controls.shuffle
protgpt2__unconditioned,protgpt2,unconditioned,any_family,hydropathy,0.38625,0.0,0.38625,0.3435564276229405,0.4289331064405701,True,800,763,4000,satisfied_beyond_some_but_not_all_qualified_matched_generators,97.5% percentile,frozen near-duplicate sequence group of the attempt ledger,results/R6/generative_control_20260924/gate_endpoints.json,32e1364dbe3541ff7ed6fc101aeb6fef59a20d129ba3b64714fa2705be896be4,cells[cell=protgpt2__unconditioned].endpoints.any_family.controls.hydropathy
protgpt2__unconditioned,protgpt2,unconditioned,any_family,markov_0,0.38625,0.0,0.38625,0.3435564276229405,0.4289331064405701,False,800,763,4000,satisfied_beyond_some_but_not_all_qualified_matched_generators,97.5% percentile,frozen near-duplicate sequence group of the attempt ledger,results/R6/generative_control_20260924/gate_endpoints.json,32e1364dbe3541ff7ed6fc101aeb6fef59a20d129ba3b64714fa2705be896be4,cells[cell=protgpt2__unconditioned].endpoints.any_family.controls.markov_0
protgpt2__unconditioned,protgpt2,unconditioned,any_family,markov_2,0.38625,0.0,0.38625,0.3435564276229405,0.4289331064405701,False,800,763,4000,satisfied_beyond_some_but_not_all_qualified_matched_generators,97.5% percentile,frozen near-duplicate sequence group of the attempt ledger,results/R6/generative_control_20260924/gate_endpoints.json,32e1364dbe3541ff7ed6fc101aeb6fef59a20d129ba3b64714fa2705be896be4,cells[cell=protgpt2__unconditioned].endpoints.any_family.controls.markov_2
protgpt2__unconditioned,protgpt2,unconditioned,any_family,markov_4,0.38625,0.0,0.38625,0.3435564276229405,0.4289331064405701,True,800,763,4000,satisfied_beyond_some_but_not_all_qualified_matched_generators,97.5% percentile,frozen near-duplicate sequence group of the attempt ledger,results/R6/generative_control_20260924/gate_endpoints.json,32e1364dbe3541ff7ed6fc101aeb6fef59a20d129ba3b64714fa2705be896be4,cells[cell=protgpt2__unconditioned].endpoints.any_family.controls.markov_4
protgpt2__unconditioned,protgpt2,unconditioned,any_family,fragment,0.38625,0.565,-0.17874999999999996,-0.23672247530503882,-0.12020398402030173,True,800,763,4000,satisfied_beyond_some_but_not_all_qualified_matched_generators,97.5% percentile,frozen near-duplicate sequence group of the attempt ledger,results/R6/generative_control_20260924/gate_endpoints.json,32e1364dbe3541ff7ed6fc101aeb6fef59a20d129ba3b64714fa2705be896be4,cells[cell=protgpt2__unconditioned].endpoints.any_family.controls.fragment
protgpt2__unconditioned,protgpt2,unconditioned,any_family,natural,0.38625,0.56625,-0.18000000000000005,-0.2396088019559902,-0.11989795918367346,True,800,763,4000,satisfied_beyond_some_but_not_all_qualified_matched_generators,97.5% percentile,frozen near-duplicate sequence group of the attempt ledger,results/R6/generative_control_20260924/gate_endpoints.json,32e1364dbe3541ff7ed6fc101aeb6fef59a20d129ba3b64714fa2705be896be4,cells[cell=protgpt2__unconditioned].endpoints.any_family.controls.natural
protgpt2__unconditioned,protgpt2,unconditioned,complete_domain,shuffle,0.2875,0.0,0.2875,0.24908413616798328,0.3255531826752757,True,800,763,4000,satisfied_beyond_some_but_not_all_qualified_matched_generators,97.5% percentile,frozen near-duplicate sequence group of the attempt ledger,results/R6/generative_control_20260924/gate_endpoints.json,32e1364dbe3541ff7ed6fc101aeb6fef59a20d129ba3b64714fa2705be896be4,cells[cell=protgpt2__unconditioned].endpoints.complete_domain.controls.shuffle
protgpt2__unconditioned,protgpt2,unconditioned,complete_domain,hydropathy,0.2875,0.0,0.2875,0.24908413616798328,0.3255531826752757,True,800,763,4000,satisfied_beyond_some_but_not_all_qualified_matched_generators,97.5% percentile,frozen near-duplicate sequence group of the attempt ledger,results/R6/generative_control_20260924/gate_endpoints.json,32e1364dbe3541ff7ed6fc101aeb6fef59a20d129ba3b64714fa2705be896be4,cells[cell=protgpt2__unconditioned].endpoints.complete_domain.controls.hydropathy
protgpt2__unconditioned,protgpt2,unconditioned,complete_domain,markov_0,0.2875,0.0,0.2875,0.24908413616798328,0.3255531826752757,False,800,763,4000,satisfied_beyond_some_but_not_all_qualified_matched_generators,97.5% percentile,frozen near-duplicate sequence group of the attempt ledger,results/R6/generative_control_20260924/gate_endpoints.json,32e1364dbe3541ff7ed6fc101aeb6fef59a20d129ba3b64714fa2705be896be4,cells[cell=protgpt2__unconditioned].endpoints.complete_domain.controls.markov_0
protgpt2__unconditioned,protgpt2,unconditioned,complete_domain,markov_2,0.2875,0.0,0.2875,0.24908413616798328,0.3255531826752757,False,800,763,4000,satisfied_beyond_some_but_not_all_qualified_matched_generators,97.5% percentile,frozen near-duplicate sequence group of the attempt ledger,results/R6/generative_control_20260924/gate_endpoints.json,32e1364dbe3541ff7ed6fc101aeb6fef59a20d129ba3b64714fa2705be896be4,cells[cell=protgpt2__unconditioned].endpoints.complete_domain.controls.markov_2
protgpt2__unconditioned,protgpt2,unconditioned,complete_domain,markov_4,0.2875,0.0,0.2875,0.24908413616798328,0.3255531826752757,True,800,763,4000,satisfied_beyond_some_but_not_all_qualified_matched_generators,97.5% percentile,frozen near-duplicate sequence group of the attempt ledger,results/R6/generative_control_20260924/gate_endpoints.json,32e1364dbe3541ff7ed6fc101aeb6fef59a20d129ba3b64714fa2705be896be4,cells[cell=protgpt2__unconditioned].endpoints.complete_domain.controls.markov_4
protgpt2__unconditioned,protgpt2,unconditioned,complete_domain,fragment,0.2875,0.38125,-0.09375,-0.15196140013794462,-0.03679714161710431,True,800,763,4000,satisfied_beyond_some_but_not_all_qualified_matched_generators,97.5% percentile,frozen near-duplicate sequence group of the attempt ledger,results/R6/generative_control_20260924/gate_endpoints.json,32e1364dbe3541ff7ed6fc101aeb6fef59a20d129ba3b64714fa2705be896be4,cells[cell=protgpt2__unconditioned].endpoints.complete_domain.controls.fragment
protgpt2__unconditioned,protgpt2,unconditioned,complete_domain,natural,0.2875,0.45125,-0.16375,-0.22046464031299595,-0.10646320805303693,True,800,763,4000,satisfied_beyond_some_but_not_all_qualified_matched_generators,97.5% percentile,frozen near-duplicate sequence group of the attempt ledger,results/R6/generative_control_20260924/gate_endpoints.json,32e1364dbe3541ff7ed6fc101aeb6fef59a20d129ba3b64714fa2705be896be4,cells[cell=protgpt2__unconditioned].endpoints.complete_domain.controls.natural
protgpt2__unconditioned,protgpt2,unconditioned,any_family_by_reference_identity,30_to_50,0.6677966101694915,,,0.6121948283202472,0.7190845075211709,,,,,,95% Wilson,"attempt, Wilson interval on the raw rate",results/R6/generative_control_20260924/gate_endpoints.json,32e1364dbe3541ff7ed6fc101aeb6fef59a20d129ba3b64714fa2705be896be4,cells[cell=protgpt2__unconditioned].identity_strata.30_to_50.any_family
protgpt2__unconditioned,protgpt2,unconditioned,any_family_by_reference_identity,50_to_70,0.3509933774834437,,,0.2794233693506971,0.42995679057074987,,,,,,95% Wilson,"attempt, Wilson interval on the raw rate",results/R6/generative_control_20260924/gate_endpoints.json,32e1364dbe3541ff7ed6fc101aeb6fef59a20d129ba3b64714fa2705be896be4,cells[cell=protgpt2__unconditioned].identity_strata.50_to_70.any_family
protgpt2__unconditioned,protgpt2,unconditioned,any_family_by_reference_identity,70_and_over,0.13513513513513514,,,0.059132944257320186,0.2797741178400979,,,,,,95% Wilson,"attempt, Wilson interval on the raw rate",results/R6/generative_control_20260924/gate_endpoints.json,32e1364dbe3541ff7ed6fc101aeb6fef59a20d129ba3b64714fa2705be896be4,cells[cell=protgpt2__unconditioned].identity_strata.70_and_over.any_family
protgpt2__unconditioned,protgpt2,unconditioned,any_family_by_reference_identity,no_reported_alignment,0.049107142857142856,,,0.027638837274390086,0.08577976070356064,,,,,,95% Wilson,"attempt, Wilson interval on the raw rate",results/R6/generative_control_20260924/gate_endpoints.json,32e1364dbe3541ff7ed6fc101aeb6fef59a20d129ba3b64714fa2705be896be4,cells[cell=protgpt2__unconditioned].identity_strata.no_reported_alignment.any_family
protgpt2__unconditioned,protgpt2,unconditioned,any_family_by_reference_identity,under_30,0.46236559139784944,,,0.3645462130759074,0.5631706957228254,,,,,,95% Wilson,"attempt, Wilson interval on the raw rate",results/R6/generative_control_20260924/gate_endpoints.json,32e1364dbe3541ff7ed6fc101aeb6fef59a20d129ba3b64714fa2705be896be4,cells[cell=protgpt2__unconditioned].identity_strata.under_30.any_family
protgpt3-1.3b__unconditioned,protgpt3-1.3b,unconditioned,any_family,shuffle,0.395,0.0,0.395,0.3570536828963795,0.4330413016270338,True,800,799,4000,satisfied_beyond_some_but_not_all_qualified_matched_generators,97.5% percentile,frozen near-duplicate sequence group of the attempt ledger,results/R6/generative_control_20260924/gate_endpoints.json,32e1364dbe3541ff7ed6fc101aeb6fef59a20d129ba3b64714fa2705be896be4,cells[cell=protgpt3-1.3b__unconditioned].endpoints.any_family.controls.shuffle
protgpt3-1.3b__unconditioned,protgpt3-1.3b,unconditioned,any_family,hydropathy,0.395,0.0,0.395,0.3570536828963795,0.4330413016270338,True,800,799,4000,satisfied_beyond_some_but_not_all_qualified_matched_generators,97.5% percentile,frozen near-duplicate sequence group of the attempt ledger,results/R6/generative_control_20260924/gate_endpoints.json,32e1364dbe3541ff7ed6fc101aeb6fef59a20d129ba3b64714fa2705be896be4,cells[cell=protgpt3-1.3b__unconditioned].endpoints.any_family.controls.hydropathy
protgpt3-1.3b__unconditioned,protgpt3-1.3b,unconditioned,any_family,markov_0,0.395,0.0,0.395,0.3570536828963795,0.4330413016270338,False,800,799,4000,satisfied_beyond_some_but_not_all_qualified_matched_generators,97.5% percentile,frozen near-duplicate sequence group of the attempt ledger,results/R6/generative_control_20260924/gate_endpoints.json,32e1364dbe3541ff7ed6fc101aeb6fef59a20d129ba3b64714fa2705be896be4,cells[cell=protgpt3-1.3b__unconditioned].endpoints.any_family.controls.markov_0
protgpt3-1.3b__unconditioned,protgpt3-1.3b,unconditioned,any_family,markov_2,0.395,0.0,0.395,0.3570536828963795,0.4330413016270338,False,800,799,4000,satisfied_beyond_some_but_not_all_qualified_matched_generators,97.5% percentile,frozen near-duplicate sequence group of the attempt ledger,results/R6/generative_control_20260924/gate_endpoints.json,32e1364dbe3541ff7ed6fc101aeb6fef59a20d129ba3b64714fa2705be896be4,cells[cell=protgpt3-1.3b__unconditioned].endpoints.any_family.controls.markov_2
protgpt3-1.3b__unconditioned,protgpt3-1.3b,unconditioned,any_family,markov_4,0.395,0.0,0.395,0.3570536828963795,0.4330413016270338,True,800,799,4000,satisfied_beyond_some_but_not_all_qualified_matched_generators,97.5% percentile,frozen near-duplicate sequence group of the attempt ledger,results/R6/generative_control_20260924/gate_endpoints.json,32e1364dbe3541ff7ed6fc101aeb6fef59a20d129ba3b64714fa2705be896be4,cells[cell=protgpt3-1.3b__unconditioned].endpoints.any_family.controls.markov_4
protgpt3-1.3b__unconditioned,protgpt3-1.3b,unconditioned,any_family,fragment,0.395,0.5825,-0.1875,-0.24125,-0.13357155636180656,True,800,799,4000,satisfied_beyond_some_but_not_all_qualified_matched_generators,97.5% percentile,frozen near-duplicate sequence group of the attempt ledger,results/R6/generative_control_20260924/gate_endpoints.json,32e1364dbe3541ff7ed6fc101aeb6fef59a20d129ba3b64714fa2705be896be4,cells[cell=protgpt3-1.3b__unconditioned].endpoints.any_family.controls.fragment
protgpt3-1.3b__unconditioned,protgpt3-1.3b,unconditioned,any_family,natural,0.395,0.56625,-0.17125,-0.22528665429667383,-0.11625,True,800,799,4000,satisfied_beyond_some_but_not_all_qualified_matched_generators,97.5% percentile,frozen near-duplicate sequence group of the attempt ledger,results/R6/generative_control_20260924/gate_endpoints.json,32e1364dbe3541ff7ed6fc101aeb6fef59a20d129ba3b64714fa2705be896be4,cells[cell=protgpt3-1.3b__unconditioned].endpoints.any_family.controls.natural
protgpt3-1.3b__unconditioned,protgpt3-1.3b,unconditioned,complete_domain,shuffle,0.285,0.0,0.285,0.2484394506866417,0.3216520650813517,True,800,799,4000,satisfied_beyond_some_but_not_all_qualified_matched_generators,97.5% percentile,frozen near-duplicate sequence group of the attempt ledger,results/R6/generative_control_20260924/gate_endpoints.json,32e1364dbe3541ff7ed6fc101aeb6fef59a20d129ba3b64714fa2705be896be4,cells[cell=protgpt3-1.3b__unconditioned].endpoints.complete_domain.controls.shuffle
protgpt3-1.3b__unconditioned,protgpt3-1.3b,unconditioned,complete_domain,hydropathy,0.285,0.0,0.285,0.2484394506866417,0.3216520650813517,True,800,799,4000,satisfied_beyond_some_but_not_all_qualified_matched_generators,97.5% percentile,frozen near-duplicate sequence group of the attempt ledger,results/R6/generative_control_20260924/gate_endpoints.json,32e1364dbe3541ff7ed6fc101aeb6fef59a20d129ba3b64714fa2705be896be4,cells[cell=protgpt3-1.3b__unconditioned].endpoints.complete_domain.controls.hydropathy
protgpt3-1.3b__unconditioned,protgpt3-1.3b,unconditioned,complete_domain,markov_0,0.285,0.0,0.285,0.2484394506866417,0.3216520650813517,False,800,799,4000,satisfied_beyond_some_but_not_all_qualified_matched_generators,97.5% percentile,frozen near-duplicate sequence group of the attempt ledger,results/R6/generative_control_20260924/gate_endpoints.json,32e1364dbe3541ff7ed6fc101aeb6fef59a20d129ba3b64714fa2705be896be4,cells[cell=protgpt3-1.3b__unconditioned].endpoints.complete_domain.controls.markov_0
protgpt3-1.3b__unconditioned,protgpt3-1.3b,unconditioned,complete_domain,markov_2,0.285,0.0,0.285,0.2484394506866417,0.3216520650813517,False,800,799,4000,satisfied_beyond_some_but_not_all_qualified_matched_generators,97.5% percentile,frozen near-duplicate sequence group of the attempt ledger,results/R6/generative_control_20260924/gate_endpoints.json,32e1364dbe3541ff7ed6fc101aeb6fef59a20d129ba3b64714fa2705be896be4,cells[cell=protgpt3-1.3b__unconditioned].endpoints.complete_domain.controls.markov_2
protgpt3-1.3b__unconditioned,protgpt3-1.3b,unconditioned,complete_domain,markov_4,0.285,0.0,0.285,0.2484394506866417,0.3216520650813517,True,800,799,4000,satisfied_beyond_some_but_not_all_qualified_matched_generators,97.5% percentile,frozen near-duplicate sequence group of the attempt ledger,results/R6/generative_control_20260924/gate_endpoints.json,32e1364dbe3541ff7ed6fc101aeb6fef59a20d129ba3b64714fa2705be896be4,cells[cell=protgpt3-1.3b__unconditioned].endpoints.complete_domain.controls.markov_4
protgpt3-1.3b__unconditioned,protgpt3-1.3b,unconditioned,complete_domain,fragment,0.285,0.3325,-0.04750000000000004,-0.10000156445556947,0.0025,True,800,799,4000,satisfied_beyond_some_but_not_all_qualified_matched_generators,97.5% percentile,frozen near-duplicate sequence group of the attempt ledger,results/R6/generative_control_20260924/gate_endpoints.json,32e1364dbe3541ff7ed6fc101aeb6fef59a20d129ba3b64714fa2705be896be4,cells[cell=protgpt3-1.3b__unconditioned].endpoints.complete_domain.controls.fragment
protgpt3-1.3b__unconditioned,protgpt3-1.3b,unconditioned,complete_domain,natural,0.285,0.3925,-0.10750000000000004,-0.15894868585732166,-0.05734365587907549,True,800,799,4000,satisfied_beyond_some_but_not_all_qualified_matched_generators,97.5% percentile,frozen near-duplicate sequence group of the attempt ledger,results/R6/generative_control_20260924/gate_endpoints.json,32e1364dbe3541ff7ed6fc101aeb6fef59a20d129ba3b64714fa2705be896be4,cells[cell=protgpt3-1.3b__unconditioned].endpoints.complete_domain.controls.natural
protgpt3-1.3b__unconditioned,protgpt3-1.3b,unconditioned,any_family_by_reference_identity,30_to_50,0.6444444444444445,,,0.5721657088286799,0.7106867028828542,,,,,,95% Wilson,"attempt, Wilson interval on the raw rate",results/R6/generative_control_20260924/gate_endpoints.json,32e1364dbe3541ff7ed6fc101aeb6fef59a20d129ba3b64714fa2705be896be4,cells[cell=protgpt3-1.3b__unconditioned].identity_strata.30_to_50.any_family
protgpt3-1.3b__unconditioned,protgpt3-1.3b,unconditioned,any_family_by_reference_identity,50_to_70,0.7171717171717171,,,0.6216388444158312,0.7964804675143045,,,,,,95% Wilson,"attempt, Wilson interval on the raw rate",results/R6/generative_control_20260924/gate_endpoints.json,32e1364dbe3541ff7ed6fc101aeb6fef59a20d129ba3b64714fa2705be896be4,cells[cell=protgpt3-1.3b__unconditioned].identity_strata.50_to_70.any_family
protgpt3-1.3b__unconditioned,protgpt3-1.3b,unconditioned,any_family_by_reference_identity,70_and_over,0.55,,,0.34208534245034233,0.7418021417443759,,,,,,95% Wilson,"attempt, Wilson interval on the raw rate",results/R6/generative_control_20260924/gate_endpoints.json,32e1364dbe3541ff7ed6fc101aeb6fef59a20d129ba3b64714fa2705be896be4,cells[cell=protgpt3-1.3b__unconditioned].identity_strata.70_and_over.any_family
protgpt3-1.3b__unconditioned,protgpt3-1.3b,unconditioned,any_family_by_reference_identity,no_reported_alignment,0.033707865168539325,,,0.01938559664122019,0.057985862756312095,,,,,,95% Wilson,"attempt, Wilson interval on the raw rate",results/R6/generative_control_20260924/gate_endpoints.json,32e1364dbe3541ff7ed6fc101aeb6fef59a20d129ba3b64714fa2705be896be4,cells[cell=protgpt3-1.3b__unconditioned].identity_strata.no_reported_alignment.any_family
protgpt3-1.3b__unconditioned,protgpt3-1.3b,unconditioned,any_family_by_reference_identity,under_30,0.7310344827586207,,,0.6535859503463012,0.7965574474062925,,,,,,95% Wilson,"attempt, Wilson interval on the raw rate",results/R6/generative_control_20260924/gate_endpoints.json,32e1364dbe3541ff7ed6fc101aeb6fef59a20d129ba3b64714fa2705be896be4,cells[cell=protgpt3-1.3b__unconditioned].identity_strata.under_30.any_family
rita-xl__unconditioned,rita-xl,unconditioned,any_family,shuffle,0.4125,0.0,0.4125,0.3732833957553059,0.45217650103519674,True,800,798,4000,satisfied_beyond_some_but_not_all_qualified_matched_generators,97.5% percentile,frozen near-duplicate sequence group of the attempt ledger,results/R6/generative_control_20260924/gate_endpoints.json,32e1364dbe3541ff7ed6fc101aeb6fef59a20d129ba3b64714fa2705be896be4,cells[cell=rita-xl__unconditioned].endpoints.any_family.controls.shuffle
rita-xl__unconditioned,rita-xl,unconditioned,any_family,hydropathy,0.4125,0.0,0.4125,0.3732833957553059,0.45217650103519674,True,800,798,4000,satisfied_beyond_some_but_not_all_qualified_matched_generators,97.5% percentile,frozen near-duplicate sequence group of the attempt ledger,results/R6/generative_control_20260924/gate_endpoints.json,32e1364dbe3541ff7ed6fc101aeb6fef59a20d129ba3b64714fa2705be896be4,cells[cell=rita-xl__unconditioned].endpoints.any_family.controls.hydropathy
rita-xl__unconditioned,rita-xl,unconditioned,any_family,markov_0,0.4125,0.0,0.4125,0.3732833957553059,0.45217650103519674,False,800,798,4000,satisfied_beyond_some_but_not_all_qualified_matched_generators,97.5% percentile,frozen near-duplicate sequence group of the attempt ledger,results/R6/generative_control_20260924/gate_endpoints.json,32e1364dbe3541ff7ed6fc101aeb6fef59a20d129ba3b64714fa2705be896be4,cells[cell=rita-xl__unconditioned].endpoints.any_family.controls.markov_0
rita-xl__unconditioned,rita-xl,unconditioned,any_family,markov_2,0.4125,0.0,0.4125,0.3732833957553059,0.45217650103519674,False,800,798,4000,satisfied_beyond_some_but_not_all_qualified_matched_generators,97.5% percentile,frozen near-duplicate sequence group of the attempt ledger,results/R6/generative_control_20260924/gate_endpoints.json,32e1364dbe3541ff7ed6fc101aeb6fef59a20d129ba3b64714fa2705be896be4,cells[cell=rita-xl__unconditioned].endpoints.any_family.controls.markov_2
rita-xl__unconditioned,rita-xl,unconditioned,any_family,markov_4,0.4125,0.0,0.4125,0.3732833957553059,0.45217650103519674,True,800,798,4000,satisfied_beyond_some_but_not_all_qualified_matched_generators,97.5% percentile,frozen near-duplicate sequence group of the attempt ledger,results/R6/generative_control_20260924/gate_endpoints.json,32e1364dbe3541ff7ed6fc101aeb6fef59a20d129ba3b64714fa2705be896be4,cells[cell=rita-xl__unconditioned].endpoints.any_family.controls.markov_4
rita-xl__unconditioned,rita-xl,unconditioned,any_family,fragment,0.4125,0.59875,-0.18625000000000003,-0.24030037546933666,-0.1310766382247752,True,800,798,4000,satisfied_beyond_some_but_not_all_qualified_matched_generators,97.5% percentile,frozen near-duplicate sequence group of the attempt ledger,results/R6/generative_control_20260924/gate_endpoints.json,32e1364dbe3541ff7ed6fc101aeb6fef59a20d129ba3b64714fa2705be896be4,cells[cell=rita-xl__unconditioned].endpoints.any_family.controls.fragment
rita-xl__unconditioned,rita-xl,unconditioned,any_family,natural,0.4125,0.6,-0.1875,-0.24280730769351414,-0.13375,True,800,798,4000,satisfied_beyond_some_but_not_all_qualified_matched_generators,97.5% percentile,frozen near-duplicate sequence group of the attempt ledger,results/R6/generative_control_20260924/gate_endpoints.json,32e1364dbe3541ff7ed6fc101aeb6fef59a20d129ba3b64714fa2705be896be4,cells[cell=rita-xl__unconditioned].endpoints.any_family.controls.natural
rita-xl__unconditioned,rita-xl,unconditioned,complete_domain,shuffle,0.3475,0.0,0.3475,0.308745181803995,0.3837536237531173,True,800,798,4000,satisfied_beyond_some_but_not_all_qualified_matched_generators,97.5% percentile,frozen near-duplicate sequence group of the attempt ledger,results/R6/generative_control_20260924/gate_endpoints.json,32e1364dbe3541ff7ed6fc101aeb6fef59a20d129ba3b64714fa2705be896be4,cells[cell=rita-xl__unconditioned].endpoints.complete_domain.controls.shuffle
rita-xl__unconditioned,rita-xl,unconditioned,complete_domain,hydropathy,0.3475,0.0,0.3475,0.308745181803995,0.3837536237531173,True,800,798,4000,satisfied_beyond_some_but_not_all_qualified_matched_generators,97.5% percentile,frozen near-duplicate sequence group of the attempt ledger,results/R6/generative_control_20260924/gate_endpoints.json,32e1364dbe3541ff7ed6fc101aeb6fef59a20d129ba3b64714fa2705be896be4,cells[cell=rita-xl__unconditioned].endpoints.complete_domain.controls.hydropathy
rita-xl__unconditioned,rita-xl,unconditioned,complete_domain,markov_0,0.3475,0.0,0.3475,0.308745181803995,0.3837536237531173,False,800,798,4000,satisfied_beyond_some_but_not_all_qualified_matched_generators,97.5% percentile,frozen near-duplicate sequence group of the attempt ledger,results/R6/generative_control_20260924/gate_endpoints.json,32e1364dbe3541ff7ed6fc101aeb6fef59a20d129ba3b64714fa2705be896be4,cells[cell=rita-xl__unconditioned].endpoints.complete_domain.controls.markov_0
rita-xl__unconditioned,rita-xl,unconditioned,complete_domain,markov_2,0.3475,0.0,0.3475,0.308745181803995,0.3837536237531173,False,800,798,4000,satisfied_beyond_some_but_not_all_qualified_matched_generators,97.5% percentile,frozen near-duplicate sequence group of the attempt ledger,results/R6/generative_control_20260924/gate_endpoints.json,32e1364dbe3541ff7ed6fc101aeb6fef59a20d129ba3b64714fa2705be896be4,cells[cell=rita-xl__unconditioned].endpoints.complete_domain.controls.markov_2
rita-xl__unconditioned,rita-xl,unconditioned,complete_domain,markov_4,0.3475,0.0,0.3475,0.308745181803995,0.3837536237531173,True,800,798,4000,satisfied_beyond_some_but_not_all_qualified_matched_generators,97.5% percentile,frozen near-duplicate sequence group of the attempt ledger,results/R6/generative_control_20260924/gate_endpoints.json,32e1364dbe3541ff7ed6fc101aeb6fef59a20d129ba3b64714fa2705be896be4,cells[cell=rita-xl__unconditioned].endpoints.complete_domain.controls.markov_4
rita-xl__unconditioned,rita-xl,unconditioned,complete_domain,fragment,0.3475,0.35375,-0.006250000000000033,-0.06007603489324061,0.04630788485607009,True,800,798,4000,satisfied_beyond_some_but_not_all_qualified_matched_generators,97.5% percentile,frozen near-duplicate sequence group of the attempt ledger,results/R6/generative_control_20260924/gate_endpoints.json,32e1364dbe3541ff7ed6fc101aeb6fef59a20d129ba3b64714fa2705be896be4,cells[cell=rita-xl__unconditioned].endpoints.complete_domain.controls.fragment
rita-xl__unconditioned,rita-xl,unconditioned,complete_domain,natural,0.3475,0.44625,-0.09875,-0.15355805243445692,-0.04600785574629952,True,800,798,4000,satisfied_beyond_some_but_not_all_qualified_matched_generators,97.5% percentile,frozen near-duplicate sequence group of the attempt ledger,results/R6/generative_control_20260924/gate_endpoints.json,32e1364dbe3541ff7ed6fc101aeb6fef59a20d129ba3b64714fa2705be896be4,cells[cell=rita-xl__unconditioned].endpoints.complete_domain.controls.natural
rita-xl__unconditioned,rita-xl,unconditioned,any_family_by_reference_identity,30_to_50,0.6510067114093959,,,0.5715497080618411,0.7228730247962095,,,,,,95% Wilson,"attempt, Wilson interval on the raw rate",results/R6/generative_control_20260924/gate_endpoints.json,32e1364dbe3541ff7ed6fc101aeb6fef59a20d129ba3b64714fa2705be896be4,cells[cell=rita-xl__unconditioned].identity_strata.30_to_50.any_family
rita-xl__unconditioned,rita-xl,unconditioned,any_family_by_reference_identity,50_to_70,0.7883211678832117,,,0.7125362408470779,0.8483781423287968,,,,,,95% Wilson,"attempt, Wilson interval on the raw rate",results/R6/generative_control_20260924/gate_endpoints.json,32e1364dbe3541ff7ed6fc101aeb6fef59a20d129ba3b64714fa2705be896be4,cells[cell=rita-xl__unconditioned].identity_strata.50_to_70.any_family
rita-xl__unconditioned,rita-xl,unconditioned,any_family_by_reference_identity,70_and_over,0.9135802469135802,,,0.8322008336612947,0.9575074166600406,,,,,,95% Wilson,"attempt, Wilson interval on the raw rate",results/R6/generative_control_20260924/gate_endpoints.json,32e1364dbe3541ff7ed6fc101aeb6fef59a20d129ba3b64714fa2705be896be4,cells[cell=rita-xl__unconditioned].identity_strata.70_and_over.any_family
rita-xl__unconditioned,rita-xl,unconditioned,any_family_by_reference_identity,no_reported_alignment,0.02564102564102564,,,0.013547320729910758,0.04800540451612902,,,,,,95% Wilson,"attempt, Wilson interval on the raw rate",results/R6/generative_control_20260924/gate_endpoints.json,32e1364dbe3541ff7ed6fc101aeb6fef59a20d129ba3b64714fa2705be896be4,cells[cell=rita-xl__unconditioned].identity_strata.no_reported_alignment.any_family
rita-xl__unconditioned,rita-xl,unconditioned,any_family_by_reference_identity,under_30,0.5121951219512195,,,0.4059077238820504,0.6173910413938009,,,,,,95% Wilson,"attempt, Wilson interval on the raw rate",results/R6/generative_control_20260924/gate_endpoints.json,32e1364dbe3541ff7ed6fc101aeb6fef59a20d129ba3b64714fa2705be896be4,cells[cell=rita-xl__unconditioned].identity_strata.under_30.any_family
zymctrl__requested,zymctrl,requested,any_family,shuffle,0.96375,0.0,0.96375,0.9477597288426974,0.9779508074005194,True,800,654,4000,satisfied_beyond_every_qualified_matched_generator,97.5% percentile,frozen near-duplicate sequence group of the attempt ledger,results/R6/generative_control_20260924/gate_endpoints.json,32e1364dbe3541ff7ed6fc101aeb6fef59a20d129ba3b64714fa2705be896be4,cells[cell=zymctrl__requested].endpoints.any_family.controls.shuffle
zymctrl__requested,zymctrl,requested,any_family,hydropathy,0.96375,0.0,0.96375,0.9477597288426974,0.9779508074005194,True,800,654,4000,satisfied_beyond_every_qualified_matched_generator,97.5% percentile,frozen near-duplicate sequence group of the attempt ledger,results/R6/generative_control_20260924/gate_endpoints.json,32e1364dbe3541ff7ed6fc101aeb6fef59a20d129ba3b64714fa2705be896be4,cells[cell=zymctrl__requested].endpoints.any_family.controls.hydropathy
zymctrl__requested,zymctrl,requested,any_family,markov_0,0.96375,0.0,0.96375,0.9477597288426974,0.9779508074005194,False,800,654,4000,satisfied_beyond_every_qualified_matched_generator,97.5% percentile,frozen near-duplicate sequence group of the attempt ledger,results/R6/generative_control_20260924/gate_endpoints.json,32e1364dbe3541ff7ed6fc101aeb6fef59a20d129ba3b64714fa2705be896be4,cells[cell=zymctrl__requested].endpoints.any_family.controls.markov_0
zymctrl__requested,zymctrl,requested,any_family,markov_2,0.96375,0.0,0.96375,0.9477597288426974,0.9779508074005194,False,800,654,4000,satisfied_beyond_every_qualified_matched_generator,97.5% percentile,frozen near-duplicate sequence group of the attempt ledger,results/R6/generative_control_20260924/gate_endpoints.json,32e1364dbe3541ff7ed6fc101aeb6fef59a20d129ba3b64714fa2705be896be4,cells[cell=zymctrl__requested].endpoints.any_family.controls.markov_2
zymctrl__requested,zymctrl,requested,any_family,markov_4,0.96375,0.0,0.96375,0.9477597288426974,0.9779508074005194,True,800,654,4000,satisfied_beyond_every_qualified_matched_generator,97.5% percentile,frozen near-duplicate sequence group of the attempt ledger,results/R6/generative_control_20260924/gate_endpoints.json,32e1364dbe3541ff7ed6fc101aeb6fef59a20d129ba3b64714fa2705be896be4,cells[cell=zymctrl__requested].endpoints.any_family.controls.markov_4
zymctrl__requested,zymctrl,requested,any_family,fragment,0.96375,0.61375,0.35,0.3089710185373114,0.39249059710343975,True,800,654,4000,satisfied_beyond_every_qualified_matched_generator,97.5% percentile,frozen near-duplicate sequence group of the attempt ledger,results/R6/generative_control_20260924/gate_endpoints.json,32e1364dbe3541ff7ed6fc101aeb6fef59a20d129ba3b64714fa2705be896be4,cells[cell=zymctrl__requested].endpoints.any_family.controls.fragment
zymctrl__requested,zymctrl,requested,any_family,natural,0.96375,0.63375,0.32999999999999996,0.2891857310910062,0.3701886358408098,True,800,654,4000,satisfied_beyond_every_qualified_matched_generator,97.5% percentile,frozen near-duplicate sequence group of the attempt ledger,results/R6/generative_control_20260924/gate_endpoints.json,32e1364dbe3541ff7ed6fc101aeb6fef59a20d129ba3b64714fa2705be896be4,cells[cell=zymctrl__requested].endpoints.any_family.controls.natural
zymctrl__requested,zymctrl,requested,complete_domain,shuffle,0.92125,0.0,0.92125,0.8991371277349137,0.942502189490446,True,800,654,4000,satisfied_beyond_every_qualified_matched_generator,97.5% percentile,frozen near-duplicate sequence group of the attempt ledger,results/R6/generative_control_20260924/gate_endpoints.json,32e1364dbe3541ff7ed6fc101aeb6fef59a20d129ba3b64714fa2705be896be4,cells[cell=zymctrl__requested].endpoints.complete_domain.controls.shuffle
zymctrl__requested,zymctrl,requested,complete_domain,hydropathy,0.92125,0.0,0.92125,0.8991371277349137,0.942502189490446,True,800,654,4000,satisfied_beyond_every_qualified_matched_generator,97.5% percentile,frozen near-duplicate sequence group of the attempt ledger,results/R6/generative_control_20260924/gate_endpoints.json,32e1364dbe3541ff7ed6fc101aeb6fef59a20d129ba3b64714fa2705be896be4,cells[cell=zymctrl__requested].endpoints.complete_domain.controls.hydropathy
zymctrl__requested,zymctrl,requested,complete_domain,markov_0,0.92125,0.0,0.92125,0.8991371277349137,0.942502189490446,False,800,654,4000,satisfied_beyond_every_qualified_matched_generator,97.5% percentile,frozen near-duplicate sequence group of the attempt ledger,results/R6/generative_control_20260924/gate_endpoints.json,32e1364dbe3541ff7ed6fc101aeb6fef59a20d129ba3b64714fa2705be896be4,cells[cell=zymctrl__requested].endpoints.complete_domain.controls.markov_0
zymctrl__requested,zymctrl,requested,complete_domain,markov_2,0.92125,0.0,0.92125,0.8991371277349137,0.942502189490446,False,800,654,4000,satisfied_beyond_every_qualified_matched_generator,97.5% percentile,frozen near-duplicate sequence group of the attempt ledger,results/R6/generative_control_20260924/gate_endpoints.json,32e1364dbe3541ff7ed6fc101aeb6fef59a20d129ba3b64714fa2705be896be4,cells[cell=zymctrl__requested].endpoints.complete_domain.controls.markov_2
zymctrl__requested,zymctrl,requested,complete_domain,markov_4,0.92125,0.0,0.92125,0.8991371277349137,0.942502189490446,True,800,654,4000,satisfied_beyond_every_qualified_matched_generator,97.5% percentile,frozen near-duplicate sequence group of the attempt ledger,results/R6/generative_control_20260924/gate_endpoints.json,32e1364dbe3541ff7ed6fc101aeb6fef59a20d129ba3b64714fa2705be896be4,cells[cell=zymctrl__requested].endpoints.complete_domain.controls.markov_4
zymctrl__requested,zymctrl,requested,complete_domain,fragment,0.92125,0.385,0.53625,0.4888301797517014,0.583548810851886,True,800,654,4000,satisfied_beyond_every_qualified_matched_generator,97.5% percentile,frozen near-duplicate sequence group of the attempt ledger,results/R6/generative_control_20260924/gate_endpoints.json,32e1364dbe3541ff7ed6fc101aeb6fef59a20d129ba3b64714fa2705be896be4,cells[cell=zymctrl__requested].endpoints.complete_domain.controls.fragment
zymctrl__requested,zymctrl,requested,complete_domain,natural,0.92125,0.45625,0.465,0.41955246807741226,0.5107462317677164,True,800,654,4000,satisfied_beyond_every_qualified_matched_generator,97.5% percentile,frozen near-duplicate sequence group of the attempt ledger,results/R6/generative_control_20260924/gate_endpoints.json,32e1364dbe3541ff7ed6fc101aeb6fef59a20d129ba3b64714fa2705be896be4,cells[cell=zymctrl__requested].endpoints.complete_domain.controls.natural
zymctrl__requested,zymctrl,requested,any_family_by_reference_identity,30_to_50,1.0,,,0.9273021807795035,0.9999999999999999,,,,,,95% Wilson,"attempt, Wilson interval on the raw rate",results/R6/generative_control_20260924/gate_endpoints.json,32e1364dbe3541ff7ed6fc101aeb6fef59a20d129ba3b64714fa2705be896be4,cells[cell=zymctrl__requested].identity_strata.30_to_50.any_family
zymctrl__requested,zymctrl,requested,any_family_by_reference_identity,50_to_70,1.0,,,0.9871454956890737,1.0,,,,,,95% Wilson,"attempt, Wilson interval on the raw rate",results/R6/generative_control_20260924/gate_endpoints.json,32e1364dbe3541ff7ed6fc101aeb6fef59a20d129ba3b64714fa2705be896be4,cells[cell=zymctrl__requested].identity_strata.50_to_70.any_family
zymctrl__requested,zymctrl,requested,any_family_by_reference_identity,70_and_over,1.0,,,0.990440362146883,1.0,,,,,,95% Wilson,"attempt, Wilson interval on the raw rate",results/R6/generative_control_20260924/gate_endpoints.json,32e1364dbe3541ff7ed6fc101aeb6fef59a20d129ba3b64714fa2705be896be4,cells[cell=zymctrl__requested].identity_strata.70_and_over.any_family
zymctrl__requested,zymctrl,requested,any_family_by_reference_identity,no_reported_alignment,0.19444444444444445,,,0.09753095418928728,0.3502804299517739,,,,,,95% Wilson,"attempt, Wilson interval on the raw rate",results/R6/generative_control_20260924/gate_endpoints.json,32e1364dbe3541ff7ed6fc101aeb6fef59a20d129ba3b64714fa2705be896be4,cells[cell=zymctrl__requested].identity_strata.no_reported_alignment.any_family
zymctrl__requested,zymctrl,requested,any_family_by_reference_identity,under_30,1.0,,,0.8513451253913791,1.0,,,,,,95% Wilson,"attempt, Wilson interval on the raw rate",results/R6/generative_control_20260924/gate_endpoints.json,32e1364dbe3541ff7ed6fc101aeb6fef59a20d129ba3b64714fa2705be896be4,cells[cell=zymctrl__requested].identity_strata.under_30.any_family
profile_sampler_ceiling,profile_sampler,oracle_access,any_family,ceiling,0.892,,,0.8712410199098767,0.9097588014374481,,1000,,,oracle_access_ceiling_not_a_matched_control,95% Wilson,"emitted sequence, Wilson interval on the raw rate",results/R6/generative_control_20260924/gate_endpoints.json,32e1364dbe3541ff7ed6fc101aeb6fef59a20d129ba3b64714fa2705be896be4,profile_sampler_ceiling
profile_sampler_ceiling,profile_sampler,oracle_access,complete_domain,ceiling,0.835,,,0.8107207516702334,0.8567153201444447,,1000,,,oracle_access_ceiling_not_a_matched_control,95% Wilson,"emitted sequence, Wilson interval on the raw rate",results/R6/generative_control_20260924/gate_endpoints.json,32e1364dbe3541ff7ed6fc101aeb6fef59a20d129ba3b64714fa2705be896be4,profile_sampler_ceiling
