channel,contrast,arm,stratification,band,split_seed,estimate,ci_low,ci_high,resolution,groups,effective_units_kish,seeds_above_zero,seeds_below_zero,seeds,source_path,source_sha256,source_pointer
stability,C_G_T_M1|C_G_T,bygpt5-base-en,full_support,,20260923,-0.00015456944907274277,-0.0006522283797809618,0.0003367699747270658,unresolved_interval_crosses_zero,64,129.20837040546317,0,0,3,archive/logs/R5/gate_retrieval_20260923/retrieval_strata_report.json,6e5dc6b50d952f9aa4c113967ff5c26d3cc23b37c6c29a3766a30faa61e6a0ce,stability.bygpt5-base-en.contrasts.C_G_T_M1|C_G_T.<seed>.full_support
stability,C_G_T_M1|C_G_T,bygpt5-base-en,near_duplicate,near_duplicate_absent,20260923,9.259360362341429e-05,-0.0004520385880102774,0.0006771898189092314,unresolved_interval_crosses_zero,15,24.355670103092773,0,0,3,archive/logs/R5/gate_retrieval_20260923/retrieval_strata_report.json,6e5dc6b50d952f9aa4c113967ff5c26d3cc23b37c6c29a3766a30faa61e6a0ce,stability.bygpt5-base-en.contrasts.C_G_T_M1|C_G_T.<seed>.strata.near_duplicate.bands.near_duplicate_absent
stability,C_G_T_M1|C_G_T,bygpt5-base-en,near_duplicate,near_duplicate_present,20260923,-0.0002302316080613623,-0.0008540157183418601,0.0004038097411567812,unresolved_interval_crosses_zero,49,106.88860623257176,0,0,3,archive/logs/R5/gate_retrieval_20260923/retrieval_strata_report.json,6e5dc6b50d952f9aa4c113967ff5c26d3cc23b37c6c29a3766a30faa61e6a0ce,stability.bygpt5-base-en.contrasts.C_G_T_M1|C_G_T.<seed>.strata.near_duplicate.bands.near_duplicate_present
stability,C_G_T_M1|C_G_T,bygpt5-base-en,identity_band,ge95_near_duplicate,20260923,-0.0002302316080613623,-0.0008540157183418601,0.0004038097411567812,unresolved_interval_crosses_zero,49,106.88860623257176,0,0,3,archive/logs/R5/gate_retrieval_20260923/retrieval_strata_report.json,6e5dc6b50d952f9aa4c113967ff5c26d3cc23b37c6c29a3766a30faa61e6a0ce,stability.bygpt5-base-en.contrasts.C_G_T_M1|C_G_T.<seed>.strata.identity_band.bands.ge95_near_duplicate
stability,C_G_T_M1|C_G_T,bygpt5-base-en,identity_band,id30_to_70_remote_homology,20260923,-0.000489796248648422,,,unresolved_thin_support,2,3.2,0,0,3,archive/logs/R5/gate_retrieval_20260923/retrieval_strata_report.json,6e5dc6b50d952f9aa4c113967ff5c26d3cc23b37c6c29a3766a30faa61e6a0ce,stability.bygpt5-base-en.contrasts.C_G_T_M1|C_G_T.<seed>.strata.identity_band.bands.id30_to_70_remote_homology
stability,C_G_T_M1|C_G_T,bygpt5-base-en,identity_band,id70_to_95_close_homology,20260923,0.00015573765668314143,-0.0005399247626966512,0.0008469535250595676,unresolved_interval_crosses_zero,12,19.23052464228936,0,0,3,archive/logs/R5/gate_retrieval_20260923/retrieval_strata_report.json,6e5dc6b50d952f9aa4c113967ff5c26d3cc23b37c6c29a3766a30faa61e6a0ce,stability.bygpt5-base-en.contrasts.C_G_T_M1|C_G_T.<seed>.strata.identity_band.bands.id70_to_95_close_homology
stability,C_G_T_M1|C_G_T,bygpt5-base-en,identity_band,lt30_no_detectable_homology,20260923,0.0004996446714503611,,,unresolved_thin_support,1,2.0,0,0,3,archive/logs/R5/gate_retrieval_20260923/retrieval_strata_report.json,6e5dc6b50d952f9aa4c113967ff5c26d3cc23b37c6c29a3766a30faa61e6a0ce,stability.bygpt5-base-en.contrasts.C_G_T_M1|C_G_T.<seed>.strata.identity_band.bands.lt30_no_detectable_homology
stability,C_G_T_M1|C_G_T,bygpt5-base-en,depth_band,neff_100_1000,20260923,-0.0004677681508063998,-0.001423524936419366,0.00030179478704404536,unresolved_interval_crosses_zero,21,43.8840625493603,0,0,3,archive/logs/R5/gate_retrieval_20260923/retrieval_strata_report.json,6e5dc6b50d952f9aa4c113967ff5c26d3cc23b37c6c29a3766a30faa61e6a0ce,stability.bygpt5-base-en.contrasts.C_G_T_M1|C_G_T.<seed>.strata.depth_band.bands.neff_100_1000
stability,C_G_T_M1|C_G_T,bygpt5-base-en,depth_band,neff_10_100,20260923,0.00027730363241784353,-0.0004987681654892744,0.0011754667041917817,unresolved_interval_crosses_zero,25,48.810199245736406,0,0,3,archive/logs/R5/gate_retrieval_20260923/retrieval_strata_report.json,6e5dc6b50d952f9aa4c113967ff5c26d3cc23b37c6c29a3766a30faa61e6a0ce,stability.bygpt5-base-en.contrasts.C_G_T_M1|C_G_T.<seed>.strata.depth_band.bands.neff_10_100
stability,C_G_T_M1|C_G_T,bygpt5-base-en,depth_band,neff_ge1000,20260923,0.0010115842862743335,,,unresolved_thin_support,6,11.984147952443857,0,0,3,archive/logs/R5/gate_retrieval_20260923/retrieval_strata_report.json,6e5dc6b50d952f9aa4c113967ff5c26d3cc23b37c6c29a3766a30faa61e6a0ce,stability.bygpt5-base-en.contrasts.C_G_T_M1|C_G_T.<seed>.strata.depth_band.bands.neff_ge1000
stability,C_G_T_M1|C_G_T,bygpt5-base-en,depth_band,neff_lt10,20260923,-0.001233732252114872,-0.0020299460799419336,-0.00047264071892592967,resolved,11,22.647058823529417,0,3,3,archive/logs/R5/gate_retrieval_20260923/retrieval_strata_report.json,6e5dc6b50d952f9aa4c113967ff5c26d3cc23b37c6c29a3766a30faa61e6a0ce,stability.bygpt5-base-en.contrasts.C_G_T_M1|C_G_T.<seed>.strata.depth_band.bands.neff_lt10
stability,C_G_T_M1|C_G_T,bygpt5-base-en,depth_band,no_homolog_support,20260923,0.0004996446714503611,,,unresolved_thin_support,1,2.0,0,0,3,archive/logs/R5/gate_retrieval_20260923/retrieval_strata_report.json,6e5dc6b50d952f9aa4c113967ff5c26d3cc23b37c6c29a3766a30faa61e6a0ce,stability.bygpt5-base-en.contrasts.C_G_T_M1|C_G_T.<seed>.strata.depth_band.bands.no_homolog_support
stability,C_G_T_M1|C_G_T,bygpt5-base-en,source_provenance,source_other,20260923,,,,unresolved_thin_support,0,0.0,0,0,3,archive/logs/R5/gate_retrieval_20260923/retrieval_strata_report.json,6e5dc6b50d952f9aa4c113967ff5c26d3cc23b37c6c29a3766a30faa61e6a0ce,stability.bygpt5-base-en.contrasts.C_G_T_M1|C_G_T.<seed>.strata.source_provenance.bands.source_other
stability,C_G_T_M1|C_G_T,bygpt5-base-en,source_provenance,source_tsuboyama_2023,20260923,-0.00015456944907274277,-0.0006522283797809618,0.0003367699747270658,unresolved_interval_crosses_zero,64,129.20837040546317,0,0,3,archive/logs/R5/gate_retrieval_20260923/retrieval_strata_report.json,6e5dc6b50d952f9aa4c113967ff5c26d3cc23b37c6c29a3766a30faa61e6a0ce,stability.bygpt5-base-en.contrasts.C_G_T_M1|C_G_T.<seed>.strata.source_provenance.bands.source_tsuboyama_2023
stability,C_G_T_M1|C_G_T,bygpt5-base-en,family_band,close_multi_member_group,20260923,-0.00032640247210796725,-0.0011923994376673882,0.0004051570143233047,unresolved_interval_crosses_zero,28,48.20142480726066,0,0,3,archive/logs/R5/gate_retrieval_20260923/retrieval_strata_report.json,6e5dc6b50d952f9aa4c113967ff5c26d3cc23b37c6c29a3766a30faa61e6a0ce,stability.bygpt5-base-en.contrasts.C_G_T_M1|C_G_T.<seed>.strata.family_band.bands.close_multi_member_group
stability,C_G_T_M1|C_G_T,bygpt5-base-en,family_band,remote_singleton_group,20260923,-2.0921542267568175e-05,-0.0005501987518286048,0.0006240283527315704,unresolved_interval_crosses_zero,36,83.96146118432502,0,0,3,archive/logs/R5/gate_retrieval_20260923/retrieval_strata_report.json,6e5dc6b50d952f9aa4c113967ff5c26d3cc23b37c6c29a3766a30faa61e6a0ce,stability.bygpt5-base-en.contrasts.C_G_T_M1|C_G_T.<seed>.strata.family_band.bands.remote_singleton_group
stability,C_G_T_M1|C_G_T,bygpt5-medium-en,full_support,,20260923,0.00014056000509528473,-0.0004464400779449239,0.0007261283539897008,unresolved_interval_crosses_zero,64,129.20837040546317,0,0,3,archive/logs/R5/gate_retrieval_20260923/retrieval_strata_report.json,6e5dc6b50d952f9aa4c113967ff5c26d3cc23b37c6c29a3766a30faa61e6a0ce,stability.bygpt5-medium-en.contrasts.C_G_T_M1|C_G_T.<seed>.full_support
stability,C_G_T_M1|C_G_T,bygpt5-medium-en,near_duplicate,near_duplicate_absent,20260923,0.0007223318349133183,-0.0002622513741920045,0.0015572226081863561,unresolved_interval_crosses_zero,15,24.355670103092773,0,0,3,archive/logs/R5/gate_retrieval_20260923/retrieval_strata_report.json,6e5dc6b50d952f9aa4c113967ff5c26d3cc23b37c6c29a3766a30faa61e6a0ce,stability.bygpt5-medium-en.contrasts.C_G_T_M1|C_G_T.<seed>.strata.near_duplicate.bands.near_duplicate_absent
stability,C_G_T_M1|C_G_T,bygpt5-medium-en,near_duplicate,near_duplicate_present,20260923,-3.7533412195950015e-05,-0.0007461568606056449,0.0007238244291118428,unresolved_interval_crosses_zero,49,106.88860623257176,0,0,3,archive/logs/R5/gate_retrieval_20260923/retrieval_strata_report.json,6e5dc6b50d952f9aa4c113967ff5c26d3cc23b37c6c29a3766a30faa61e6a0ce,stability.bygpt5-medium-en.contrasts.C_G_T_M1|C_G_T.<seed>.strata.near_duplicate.bands.near_duplicate_present
stability,C_G_T_M1|C_G_T,bygpt5-medium-en,identity_band,ge95_near_duplicate,20260923,-3.7533412195950015e-05,-0.0007461568606056449,0.0007238244291118428,unresolved_interval_crosses_zero,49,106.88860623257176,0,0,3,archive/logs/R5/gate_retrieval_20260923/retrieval_strata_report.json,6e5dc6b50d952f9aa4c113967ff5c26d3cc23b37c6c29a3766a30faa61e6a0ce,stability.bygpt5-medium-en.contrasts.C_G_T_M1|C_G_T.<seed>.strata.identity_band.bands.ge95_near_duplicate
stability,C_G_T_M1|C_G_T,bygpt5-medium-en,identity_band,id30_to_70_remote_homology,20260923,0.0019948958439796882,,,unresolved_thin_support,2,3.2,0,0,3,archive/logs/R5/gate_retrieval_20260923/retrieval_strata_report.json,6e5dc6b50d952f9aa4c113967ff5c26d3cc23b37c6c29a3766a30faa61e6a0ce,stability.bygpt5-medium-en.contrasts.C_G_T_M1|C_G_T.<seed>.strata.identity_band.bands.id30_to_70_remote_homology
stability,C_G_T_M1|C_G_T,bygpt5-medium-en,identity_band,id70_to_95_close_homology,20260923,0.00047572524008873224,-0.0005950726927088484,0.0014051559594414835,unresolved_interval_crosses_zero,12,19.23052464228936,0,0,3,archive/logs/R5/gate_retrieval_20260923/retrieval_strata_report.json,6e5dc6b50d952f9aa4c113967ff5c26d3cc23b37c6c29a3766a30faa61e6a0ce,stability.bygpt5-medium-en.contrasts.C_G_T_M1|C_G_T.<seed>.strata.identity_band.bands.id70_to_95_close_homology
stability,C_G_T_M1|C_G_T,bygpt5-medium-en,identity_band,lt30_no_detectable_homology,20260923,0.0011364829546756106,,,unresolved_thin_support,1,2.0,0,0,3,archive/logs/R5/gate_retrieval_20260923/retrieval_strata_report.json,6e5dc6b50d952f9aa4c113967ff5c26d3cc23b37c6c29a3766a30faa61e6a0ce,stability.bygpt5-medium-en.contrasts.C_G_T_M1|C_G_T.<seed>.strata.identity_band.bands.lt30_no_detectable_homology
stability,C_G_T_M1|C_G_T,bygpt5-medium-en,depth_band,neff_100_1000,20260923,-0.0003408553305433675,-0.0014202216909490503,0.0007827019099728594,unresolved_interval_crosses_zero,21,43.8840625493603,0,0,3,archive/logs/R5/gate_retrieval_20260923/retrieval_strata_report.json,6e5dc6b50d952f9aa4c113967ff5c26d3cc23b37c6c29a3766a30faa61e6a0ce,stability.bygpt5-medium-en.contrasts.C_G_T_M1|C_G_T.<seed>.strata.depth_band.bands.neff_100_1000
stability,C_G_T_M1|C_G_T,bygpt5-medium-en,depth_band,neff_10_100,20260923,0.00043672001944029484,-0.00025761220087656267,0.0012547163541408014,unresolved_interval_crosses_zero,25,48.810199245736406,0,0,3,archive/logs/R5/gate_retrieval_20260923/retrieval_strata_report.json,6e5dc6b50d952f9aa4c113967ff5c26d3cc23b37c6c29a3766a30faa61e6a0ce,stability.bygpt5-medium-en.contrasts.C_G_T_M1|C_G_T.<seed>.strata.depth_band.bands.neff_10_100
stability,C_G_T_M1|C_G_T,bygpt5-medium-en,depth_band,neff_ge1000,20260923,0.0017317282005741425,,,unresolved_thin_support,6,11.984147952443857,0,0,3,archive/logs/R5/gate_retrieval_20260923/retrieval_strata_report.json,6e5dc6b50d952f9aa4c113967ff5c26d3cc23b37c6c29a3766a30faa61e6a0ce,stability.bygpt5-medium-en.contrasts.C_G_T_M1|C_G_T.<seed>.strata.depth_band.bands.neff_ge1000
stability,C_G_T_M1|C_G_T,bygpt5-medium-en,depth_band,neff_lt10,20260923,-0.0005719136706017178,-0.002091626012427357,0.0005177165510179806,unresolved_interval_crosses_zero,11,22.647058823529417,0,0,3,archive/logs/R5/gate_retrieval_20260923/retrieval_strata_report.json,6e5dc6b50d952f9aa4c113967ff5c26d3cc23b37c6c29a3766a30faa61e6a0ce,stability.bygpt5-medium-en.contrasts.C_G_T_M1|C_G_T.<seed>.strata.depth_band.bands.neff_lt10
stability,C_G_T_M1|C_G_T,bygpt5-medium-en,depth_band,no_homolog_support,20260923,0.0011364829546756106,,,unresolved_thin_support,1,2.0,0,0,3,archive/logs/R5/gate_retrieval_20260923/retrieval_strata_report.json,6e5dc6b50d952f9aa4c113967ff5c26d3cc23b37c6c29a3766a30faa61e6a0ce,stability.bygpt5-medium-en.contrasts.C_G_T_M1|C_G_T.<seed>.strata.depth_band.bands.no_homolog_support
stability,C_G_T_M1|C_G_T,bygpt5-medium-en,source_provenance,source_other,20260923,,,,unresolved_thin_support,0,0.0,0,0,3,archive/logs/R5/gate_retrieval_20260923/retrieval_strata_report.json,6e5dc6b50d952f9aa4c113967ff5c26d3cc23b37c6c29a3766a30faa61e6a0ce,stability.bygpt5-medium-en.contrasts.C_G_T_M1|C_G_T.<seed>.strata.source_provenance.bands.source_other
stability,C_G_T_M1|C_G_T,bygpt5-medium-en,source_provenance,source_tsuboyama_2023,20260923,0.00014056000509528473,-0.0004464400779449239,0.0007261283539897008,unresolved_interval_crosses_zero,64,129.20837040546317,0,0,3,archive/logs/R5/gate_retrieval_20260923/retrieval_strata_report.json,6e5dc6b50d952f9aa4c113967ff5c26d3cc23b37c6c29a3766a30faa61e6a0ce,stability.bygpt5-medium-en.contrasts.C_G_T_M1|C_G_T.<seed>.strata.source_provenance.bands.source_tsuboyama_2023
stability,C_G_T_M1|C_G_T,bygpt5-medium-en,family_band,close_multi_member_group,20260923,0.000241173915312465,-0.00040533313345504434,0.000943568977166847,unresolved_interval_crosses_zero,28,48.20142480726066,0,0,3,archive/logs/R5/gate_retrieval_20260923/retrieval_strata_report.json,6e5dc6b50d952f9aa4c113967ff5c26d3cc23b37c6c29a3766a30faa61e6a0ce,stability.bygpt5-medium-en.contrasts.C_G_T_M1|C_G_T.<seed>.strata.family_band.bands.close_multi_member_group
stability,C_G_T_M1|C_G_T,bygpt5-medium-en,family_band,remote_singleton_group,20260923,6.230474159303342e-05,-0.0008646766103265591,0.0009473944746407545,unresolved_interval_crosses_zero,36,83.96146118432502,0,0,3,archive/logs/R5/gate_retrieval_20260923/retrieval_strata_report.json,6e5dc6b50d952f9aa4c113967ff5c26d3cc23b37c6c29a3766a30faa61e6a0ce,stability.bygpt5-medium-en.contrasts.C_G_T_M1|C_G_T.<seed>.strata.family_band.bands.remote_singleton_group
stability,C_G_T_M1|C_G_T,bygpt5-small-en,full_support,,20260923,-0.0001971097321707921,-0.0005221405265008824,0.00010854657214963747,unresolved_interval_crosses_zero,64,129.20837040546317,0,0,3,archive/logs/R5/gate_retrieval_20260923/retrieval_strata_report.json,6e5dc6b50d952f9aa4c113967ff5c26d3cc23b37c6c29a3766a30faa61e6a0ce,stability.bygpt5-small-en.contrasts.C_G_T_M1|C_G_T.<seed>.full_support
stability,C_G_T_M1|C_G_T,bygpt5-small-en,near_duplicate,near_duplicate_absent,20260923,-3.205428204665813e-05,-0.0006635291271350345,0.0005032164901995982,unresolved_interval_crosses_zero,15,24.355670103092773,0,0,3,archive/logs/R5/gate_retrieval_20260923/retrieval_strata_report.json,6e5dc6b50d952f9aa4c113967ff5c26d3cc23b37c6c29a3766a30faa61e6a0ce,stability.bygpt5-small-en.contrasts.C_G_T_M1|C_G_T.<seed>.strata.near_duplicate.bands.near_duplicate_absent
stability,C_G_T_M1|C_G_T,bygpt5-small-en,near_duplicate,near_duplicate_present,20260923,-0.00024763691078022085,-0.0006498207706754301,0.00013705581795156813,unresolved_interval_crosses_zero,49,106.88860623257176,0,0,3,archive/logs/R5/gate_retrieval_20260923/retrieval_strata_report.json,6e5dc6b50d952f9aa4c113967ff5c26d3cc23b37c6c29a3766a30faa61e6a0ce,stability.bygpt5-small-en.contrasts.C_G_T_M1|C_G_T.<seed>.strata.near_duplicate.bands.near_duplicate_present
stability,C_G_T_M1|C_G_T,bygpt5-small-en,identity_band,ge95_near_duplicate,20260923,-0.00024763691078022085,-0.0006498207706754301,0.00013705581795156813,unresolved_interval_crosses_zero,49,106.88860623257176,0,0,3,archive/logs/R5/gate_retrieval_20260923/retrieval_strata_report.json,6e5dc6b50d952f9aa4c113967ff5c26d3cc23b37c6c29a3766a30faa61e6a0ce,stability.bygpt5-small-en.contrasts.C_G_T_M1|C_G_T.<seed>.strata.identity_band.bands.ge95_near_duplicate
stability,C_G_T_M1|C_G_T,bygpt5-small-en,identity_band,id30_to_70_remote_homology,20260923,-0.0002240812324359187,,,unresolved_thin_support,2,3.2,0,0,3,archive/logs/R5/gate_retrieval_20260923/retrieval_strata_report.json,6e5dc6b50d952f9aa4c113967ff5c26d3cc23b37c6c29a3766a30faa61e6a0ce,stability.bygpt5-small-en.contrasts.C_G_T_M1|C_G_T.<seed>.strata.identity_band.bands.id30_to_70_remote_homology
stability,C_G_T_M1|C_G_T,bygpt5-small-en,identity_band,id70_to_95_close_homology,20260923,-8.808944916810733e-05,-0.0008249988148960848,0.0005619552037893228,unresolved_interval_crosses_zero,12,19.23052464228936,0,0,3,archive/logs/R5/gate_retrieval_20260923/retrieval_strata_report.json,6e5dc6b50d952f9aa4c113967ff5c26d3cc23b37c6c29a3766a30faa61e6a0ce,stability.bygpt5-small-en.contrasts.C_G_T_M1|C_G_T.<seed>.strata.identity_band.bands.id70_to_95_close_homology
stability,C_G_T_M1|C_G_T,bygpt5-small-en,identity_band,lt30_no_detectable_homology,20260923,0.0010244216241892534,,,unresolved_thin_support,1,2.0,0,0,3,archive/logs/R5/gate_retrieval_20260923/retrieval_strata_report.json,6e5dc6b50d952f9aa4c113967ff5c26d3cc23b37c6c29a3766a30faa61e6a0ce,stability.bygpt5-small-en.contrasts.C_G_T_M1|C_G_T.<seed>.strata.identity_band.bands.lt30_no_detectable_homology
stability,C_G_T_M1|C_G_T,bygpt5-small-en,depth_band,neff_100_1000,20260923,-0.0005276160144219668,-0.0012389788497479636,0.00010664208918897267,unresolved_interval_crosses_zero,21,43.8840625493603,0,0,3,archive/logs/R5/gate_retrieval_20260923/retrieval_strata_report.json,6e5dc6b50d952f9aa4c113967ff5c26d3cc23b37c6c29a3766a30faa61e6a0ce,stability.bygpt5-small-en.contrasts.C_G_T_M1|C_G_T.<seed>.strata.depth_band.bands.neff_100_1000
stability,C_G_T_M1|C_G_T,bygpt5-small-en,depth_band,neff_10_100,20260923,-0.00027540779524847734,-0.0006801991992311555,0.0001479979769854938,unresolved_interval_crosses_zero,25,48.810199245736406,0,0,3,archive/logs/R5/gate_retrieval_20260923/retrieval_strata_report.json,6e5dc6b50d952f9aa4c113967ff5c26d3cc23b37c6c29a3766a30faa61e6a0ce,stability.bygpt5-small-en.contrasts.C_G_T_M1|C_G_T.<seed>.strata.depth_band.bands.neff_10_100
stability,C_G_T_M1|C_G_T,bygpt5-small-en,depth_band,neff_ge1000,20260923,0.0007512608330915993,,,unresolved_thin_support,6,11.984147952443857,0,0,3,archive/logs/R5/gate_retrieval_20260923/retrieval_strata_report.json,6e5dc6b50d952f9aa4c113967ff5c26d3cc23b37c6c29a3766a30faa61e6a0ce,stability.bygpt5-small-en.contrasts.C_G_T_M1|C_G_T.<seed>.strata.depth_band.bands.neff_ge1000
stability,C_G_T_M1|C_G_T,bygpt5-small-en,depth_band,neff_lt10,20260923,-1.6534390690573193e-05,-0.0006971799863094656,0.0007704183500167847,unresolved_interval_crosses_zero,11,22.647058823529417,0,0,3,archive/logs/R5/gate_retrieval_20260923/retrieval_strata_report.json,6e5dc6b50d952f9aa4c113967ff5c26d3cc23b37c6c29a3766a30faa61e6a0ce,stability.bygpt5-small-en.contrasts.C_G_T_M1|C_G_T.<seed>.strata.depth_band.bands.neff_lt10
stability,C_G_T_M1|C_G_T,bygpt5-small-en,depth_band,no_homolog_support,20260923,0.0010244216241892534,,,unresolved_thin_support,1,2.0,0,0,3,archive/logs/R5/gate_retrieval_20260923/retrieval_strata_report.json,6e5dc6b50d952f9aa4c113967ff5c26d3cc23b37c6c29a3766a30faa61e6a0ce,stability.bygpt5-small-en.contrasts.C_G_T_M1|C_G_T.<seed>.strata.depth_band.bands.no_homolog_support
stability,C_G_T_M1|C_G_T,bygpt5-small-en,source_provenance,source_other,20260923,,,,unresolved_thin_support,0,0.0,0,0,3,archive/logs/R5/gate_retrieval_20260923/retrieval_strata_report.json,6e5dc6b50d952f9aa4c113967ff5c26d3cc23b37c6c29a3766a30faa61e6a0ce,stability.bygpt5-small-en.contrasts.C_G_T_M1|C_G_T.<seed>.strata.source_provenance.bands.source_other
stability,C_G_T_M1|C_G_T,bygpt5-small-en,source_provenance,source_tsuboyama_2023,20260923,-0.0001971097321707921,-0.0005221405265008824,0.00010854657214963747,unresolved_interval_crosses_zero,64,129.20837040546317,0,0,3,archive/logs/R5/gate_retrieval_20260923/retrieval_strata_report.json,6e5dc6b50d952f9aa4c113967ff5c26d3cc23b37c6c29a3766a30faa61e6a0ce,stability.bygpt5-small-en.contrasts.C_G_T_M1|C_G_T.<seed>.strata.source_provenance.bands.source_tsuboyama_2023
stability,C_G_T_M1|C_G_T,bygpt5-small-en,family_band,close_multi_member_group,20260923,-6.313039476382334e-05,-0.0004996561397415433,0.00039520213797764124,unresolved_interval_crosses_zero,28,48.20142480726066,0,0,3,archive/logs/R5/gate_retrieval_20260923/retrieval_strata_report.json,6e5dc6b50d952f9aa4c113967ff5c26d3cc23b37c6c29a3766a30faa61e6a0ce,stability.bygpt5-small-en.contrasts.C_G_T_M1|C_G_T.<seed>.strata.family_band.bands.close_multi_member_group
stability,C_G_T_M1|C_G_T,bygpt5-small-en,family_band,remote_singleton_group,20260923,-0.00030131588348732336,-0.0007888351272576219,0.00015743843995841492,unresolved_interval_crosses_zero,36,83.96146118432502,0,0,3,archive/logs/R5/gate_retrieval_20260923/retrieval_strata_report.json,6e5dc6b50d952f9aa4c113967ff5c26d3cc23b37c6c29a3766a30faa61e6a0ce,stability.bygpt5-small-en.contrasts.C_G_T_M1|C_G_T.<seed>.strata.family_band.bands.remote_singleton_group
stability,C_G_T_M1|C_G_T,dialogpt-small,full_support,,20260923,-0.000507222111989497,-0.001038226692830269,-0.00012683377520627466,resolved,64,129.20837040546317,0,1,3,archive/logs/R5/gate_retrieval_20260923/retrieval_strata_report.json,6e5dc6b50d952f9aa4c113967ff5c26d3cc23b37c6c29a3766a30faa61e6a0ce,stability.dialogpt-small.contrasts.C_G_T_M1|C_G_T.<seed>.full_support
stability,C_G_T_M1|C_G_T,dialogpt-small,near_duplicate,near_duplicate_absent,20260923,-0.0001704958671571999,-0.0006117407504361478,0.0002017019957966452,unresolved_interval_crosses_zero,15,24.355670103092773,0,0,3,archive/logs/R5/gate_retrieval_20260923/retrieval_strata_report.json,6e5dc6b50d952f9aa4c113967ff5c26d3cc23b37c6c29a3766a30faa61e6a0ce,stability.dialogpt-small.contrasts.C_G_T_M1|C_G_T.<seed>.strata.near_duplicate.bands.near_duplicate_absent
stability,C_G_T_M1|C_G_T,dialogpt-small,near_duplicate,near_duplicate_present,20260923,-0.0006103015746932615,-0.0012975307843532053,-0.00013752234685872686,resolved,49,106.88860623257176,0,1,3,archive/logs/R5/gate_retrieval_20260923/retrieval_strata_report.json,6e5dc6b50d952f9aa4c113967ff5c26d3cc23b37c6c29a3766a30faa61e6a0ce,stability.dialogpt-small.contrasts.C_G_T_M1|C_G_T.<seed>.strata.near_duplicate.bands.near_duplicate_present
stability,C_G_T_M1|C_G_T,dialogpt-small,identity_band,ge95_near_duplicate,20260923,-0.0006103015746932615,-0.0012975307843532053,-0.00013752234685872686,resolved,49,106.88860623257176,0,1,3,archive/logs/R5/gate_retrieval_20260923/retrieval_strata_report.json,6e5dc6b50d952f9aa4c113967ff5c26d3cc23b37c6c29a3766a30faa61e6a0ce,stability.dialogpt-small.contrasts.C_G_T_M1|C_G_T.<seed>.strata.identity_band.bands.ge95_near_duplicate
stability,C_G_T_M1|C_G_T,dialogpt-small,identity_band,id30_to_70_remote_homology,20260923,-0.0008520282829314885,,,unresolved_thin_support,2,3.2,0,0,3,archive/logs/R5/gate_retrieval_20260923/retrieval_strata_report.json,6e5dc6b50d952f9aa4c113967ff5c26d3cc23b37c6c29a3766a30faa61e6a0ce,stability.dialogpt-small.contrasts.C_G_T_M1|C_G_T.<seed>.strata.identity_band.bands.id30_to_70_remote_homology
stability,C_G_T_M1|C_G_T,dialogpt-small,identity_band,id70_to_95_close_homology,20260923,-0.00014667823858964765,-0.0004899961634282127,0.00013877270180122004,unresolved_interval_crosses_zero,12,19.23052464228936,0,0,3,archive/logs/R5/gate_retrieval_20260923/retrieval_strata_report.json,6e5dc6b50d952f9aa4c113967ff5c26d3cc23b37c6c29a3766a30faa61e6a0ce,stability.dialogpt-small.contrasts.C_G_T_M1|C_G_T.<seed>.strata.identity_band.bands.id70_to_95_close_homology
stability,C_G_T_M1|C_G_T,dialogpt-small,identity_band,lt30_no_detectable_homology,20260923,0.0009067574215807506,,,unresolved_thin_support,1,2.0,0,0,3,archive/logs/R5/gate_retrieval_20260923/retrieval_strata_report.json,6e5dc6b50d952f9aa4c113967ff5c26d3cc23b37c6c29a3766a30faa61e6a0ce,stability.dialogpt-small.contrasts.C_G_T_M1|C_G_T.<seed>.strata.identity_band.bands.lt30_no_detectable_homology
stability,C_G_T_M1|C_G_T,dialogpt-small,depth_band,neff_100_1000,20260923,-0.000545554043677182,-0.0011345698694394653,-6.464488425503299e-05,resolved,21,43.8840625493603,0,1,3,archive/logs/R5/gate_retrieval_20260923/retrieval_strata_report.json,6e5dc6b50d952f9aa4c113967ff5c26d3cc23b37c6c29a3766a30faa61e6a0ce,stability.dialogpt-small.contrasts.C_G_T_M1|C_G_T.<seed>.strata.depth_band.bands.neff_100_1000
stability,C_G_T_M1|C_G_T,dialogpt-small,depth_band,neff_10_100,20260923,-0.0001382702591651519,-0.00039450267668853694,0.00010011860812415705,unresolved_interval_crosses_zero,25,48.810199245736406,0,0,3,archive/logs/R5/gate_retrieval_20260923/retrieval_strata_report.json,6e5dc6b50d952f9aa4c113967ff5c26d3cc23b37c6c29a3766a30faa61e6a0ce,stability.dialogpt-small.contrasts.C_G_T_M1|C_G_T.<seed>.strata.depth_band.bands.neff_10_100
stability,C_G_T_M1|C_G_T,dialogpt-small,depth_band,neff_ge1000,20260923,-0.0007272159017009672,,,unresolved_thin_support,6,11.984147952443857,0,0,3,archive/logs/R5/gate_retrieval_20260923/retrieval_strata_report.json,6e5dc6b50d952f9aa4c113967ff5c26d3cc23b37c6c29a3766a30faa61e6a0ce,stability.dialogpt-small.contrasts.C_G_T_M1|C_G_T.<seed>.strata.depth_band.bands.neff_ge1000
stability,C_G_T_M1|C_G_T,dialogpt-small,depth_band,neff_lt10,20260923,-0.0012811168893048306,-0.0037989320503529836,0.00011809914629535008,unresolved_interval_crosses_zero,11,22.647058823529417,0,0,3,archive/logs/R5/gate_retrieval_20260923/retrieval_strata_report.json,6e5dc6b50d952f9aa4c113967ff5c26d3cc23b37c6c29a3766a30faa61e6a0ce,stability.dialogpt-small.contrasts.C_G_T_M1|C_G_T.<seed>.strata.depth_band.bands.neff_lt10
stability,C_G_T_M1|C_G_T,dialogpt-small,depth_band,no_homolog_support,20260923,0.0009067574215807506,,,unresolved_thin_support,1,2.0,0,0,3,archive/logs/R5/gate_retrieval_20260923/retrieval_strata_report.json,6e5dc6b50d952f9aa4c113967ff5c26d3cc23b37c6c29a3766a30faa61e6a0ce,stability.dialogpt-small.contrasts.C_G_T_M1|C_G_T.<seed>.strata.depth_band.bands.no_homolog_support
stability,C_G_T_M1|C_G_T,dialogpt-small,source_provenance,source_other,20260923,,,,unresolved_thin_support,0,0.0,0,0,3,archive/logs/R5/gate_retrieval_20260923/retrieval_strata_report.json,6e5dc6b50d952f9aa4c113967ff5c26d3cc23b37c6c29a3766a30faa61e6a0ce,stability.dialogpt-small.contrasts.C_G_T_M1|C_G_T.<seed>.strata.source_provenance.bands.source_other
stability,C_G_T_M1|C_G_T,dialogpt-small,source_provenance,source_tsuboyama_2023,20260923,-0.000507222111989497,-0.001038226692830269,-0.00012683377520627466,resolved,64,129.20837040546317,0,1,3,archive/logs/R5/gate_retrieval_20260923/retrieval_strata_report.json,6e5dc6b50d952f9aa4c113967ff5c26d3cc23b37c6c29a3766a30faa61e6a0ce,stability.dialogpt-small.contrasts.C_G_T_M1|C_G_T.<seed>.strata.source_provenance.bands.source_tsuboyama_2023
stability,C_G_T_M1|C_G_T,dialogpt-small,family_band,close_multi_member_group,20260923,-0.0009185407714801778,-0.002030125501877027,-0.00016247386529960882,resolved,28,48.20142480726066,0,1,3,archive/logs/R5/gate_retrieval_20260923/retrieval_strata_report.json,6e5dc6b50d952f9aa4c113967ff5c26d3cc23b37c6c29a3766a30faa61e6a0ce,stability.dialogpt-small.contrasts.C_G_T_M1|C_G_T.<seed>.strata.family_band.bands.close_multi_member_group
stability,C_G_T_M1|C_G_T,dialogpt-small,family_band,remote_singleton_group,20260923,-0.0001873075990523008,-0.00043286942203566884,4.842372377914218e-05,unresolved_interval_crosses_zero,36,83.96146118432502,0,0,3,archive/logs/R5/gate_retrieval_20260923/retrieval_strata_report.json,6e5dc6b50d952f9aa4c113967ff5c26d3cc23b37c6c29a3766a30faa61e6a0ce,stability.dialogpt-small.contrasts.C_G_T_M1|C_G_T.<seed>.strata.family_band.bands.remote_singleton_group
stability,C_G_T_M1|C_G_T,galactica-1.3b,full_support,,20260923,-0.0005700156396531561,-0.001439699687721155,1.1809184662144642e-05,unresolved_interval_crosses_zero,64,129.20837040546317,0,0,3,archive/logs/R5/gate_retrieval_20260923/retrieval_strata_report.json,6e5dc6b50d952f9aa4c113967ff5c26d3cc23b37c6c29a3766a30faa61e6a0ce,stability.galactica-1.3b.contrasts.C_G_T_M1|C_G_T.<seed>.full_support
stability,C_G_T_M1|C_G_T,galactica-1.3b,near_duplicate,near_duplicate_absent,20260923,-0.0009241952532352382,-0.0019352244585772822,-0.0001555665269339927,resolved,15,24.355670103092773,0,1,3,archive/logs/R5/gate_retrieval_20260923/retrieval_strata_report.json,6e5dc6b50d952f9aa4c113967ff5c26d3cc23b37c6c29a3766a30faa61e6a0ce,stability.galactica-1.3b.contrasts.C_G_T_M1|C_G_T.<seed>.strata.near_duplicate.bands.near_duplicate_absent
stability,C_G_T_M1|C_G_T,galactica-1.3b,near_duplicate,near_duplicate_present,20260923,-0.0004615933089647636,-0.001552790010909785,0.00024975762526964067,unresolved_interval_crosses_zero,49,106.88860623257176,0,1,3,archive/logs/R5/gate_retrieval_20260923/retrieval_strata_report.json,6e5dc6b50d952f9aa4c113967ff5c26d3cc23b37c6c29a3766a30faa61e6a0ce,stability.galactica-1.3b.contrasts.C_G_T_M1|C_G_T.<seed>.strata.near_duplicate.bands.near_duplicate_present
stability,C_G_T_M1|C_G_T,galactica-1.3b,identity_band,ge95_near_duplicate,20260923,-0.0004615933089647636,-0.001552790010909785,0.00024975762526964067,unresolved_interval_crosses_zero,49,106.88860623257176,0,1,3,archive/logs/R5/gate_retrieval_20260923/retrieval_strata_report.json,6e5dc6b50d952f9aa4c113967ff5c26d3cc23b37c6c29a3766a30faa61e6a0ce,stability.galactica-1.3b.contrasts.C_G_T_M1|C_G_T.<seed>.strata.identity_band.bands.ge95_near_duplicate
stability,C_G_T_M1|C_G_T,galactica-1.3b,identity_band,id30_to_70_remote_homology,20260923,-6.57357025310723e-05,,,unresolved_thin_support,2,3.2,0,0,3,archive/logs/R5/gate_retrieval_20260923/retrieval_strata_report.json,6e5dc6b50d952f9aa4c113967ff5c26d3cc23b37c6c29a3766a30faa61e6a0ce,stability.galactica-1.3b.contrasts.C_G_T_M1|C_G_T.<seed>.strata.identity_band.bands.id30_to_70_remote_homology
stability,C_G_T_M1|C_G_T,galactica-1.3b,identity_band,id70_to_95_close_homology,20260923,-0.0005938368676579551,-0.001286048328034342,-4.236920522525785e-05,resolved,12,19.23052464228936,0,1,3,archive/logs/R5/gate_retrieval_20260923/retrieval_strata_report.json,6e5dc6b50d952f9aa4c113967ff5c26d3cc23b37c6c29a3766a30faa61e6a0ce,stability.galactica-1.3b.contrasts.C_G_T_M1|C_G_T.<seed>.strata.identity_band.bands.id70_to_95_close_homology
stability,C_G_T_M1|C_G_T,galactica-1.3b,identity_band,lt30_no_detectable_homology,20260923,-0.006605414981570967,,,unresolved_thin_support,1,2.0,0,0,3,archive/logs/R5/gate_retrieval_20260923/retrieval_strata_report.json,6e5dc6b50d952f9aa4c113967ff5c26d3cc23b37c6c29a3766a30faa61e6a0ce,stability.galactica-1.3b.contrasts.C_G_T_M1|C_G_T.<seed>.strata.identity_band.bands.lt30_no_detectable_homology
stability,C_G_T_M1|C_G_T,galactica-1.3b,depth_band,neff_100_1000,20260923,-9.834594864930166e-05,-0.0006678970401926788,0.0004947046781033565,unresolved_interval_crosses_zero,21,43.8840625493603,0,0,3,archive/logs/R5/gate_retrieval_20260923/retrieval_strata_report.json,6e5dc6b50d952f9aa4c113967ff5c26d3cc23b37c6c29a3766a30faa61e6a0ce,stability.galactica-1.3b.contrasts.C_G_T_M1|C_G_T.<seed>.strata.depth_band.bands.neff_100_1000
stability,C_G_T_M1|C_G_T,galactica-1.3b,depth_band,neff_10_100,20260923,-0.000986128722192149,-0.002959414667376504,0.00026081346621045586,unresolved_interval_crosses_zero,25,48.810199245736406,0,0,3,archive/logs/R5/gate_retrieval_20260923/retrieval_strata_report.json,6e5dc6b50d952f9aa4c113967ff5c26d3cc23b37c6c29a3766a30faa61e6a0ce,stability.galactica-1.3b.contrasts.C_G_T_M1|C_G_T.<seed>.strata.depth_band.bands.neff_10_100
stability,C_G_T_M1|C_G_T,galactica-1.3b,depth_band,neff_ge1000,20260923,-0.0008163569782058122,,,unresolved_thin_support,6,11.984147952443857,0,0,3,archive/logs/R5/gate_retrieval_20260923/retrieval_strata_report.json,6e5dc6b50d952f9aa4c113967ff5c26d3cc23b37c6c29a3766a30faa61e6a0ce,stability.galactica-1.3b.contrasts.C_G_T_M1|C_G_T.<seed>.strata.depth_band.bands.neff_ge1000
stability,C_G_T_M1|C_G_T,galactica-1.3b,depth_band,neff_lt10,20260923,0.00015827626267662804,-9.357669780630897e-05,0.00047030436927671966,unresolved_interval_crosses_zero,11,22.647058823529417,0,0,3,archive/logs/R5/gate_retrieval_20260923/retrieval_strata_report.json,6e5dc6b50d952f9aa4c113967ff5c26d3cc23b37c6c29a3766a30faa61e6a0ce,stability.galactica-1.3b.contrasts.C_G_T_M1|C_G_T.<seed>.strata.depth_band.bands.neff_lt10
stability,C_G_T_M1|C_G_T,galactica-1.3b,depth_band,no_homolog_support,20260923,-0.006605414981570967,,,unresolved_thin_support,1,2.0,0,0,3,archive/logs/R5/gate_retrieval_20260923/retrieval_strata_report.json,6e5dc6b50d952f9aa4c113967ff5c26d3cc23b37c6c29a3766a30faa61e6a0ce,stability.galactica-1.3b.contrasts.C_G_T_M1|C_G_T.<seed>.strata.depth_band.bands.no_homolog_support
stability,C_G_T_M1|C_G_T,galactica-1.3b,source_provenance,source_other,20260923,,,,unresolved_thin_support,0,0.0,0,0,3,archive/logs/R5/gate_retrieval_20260923/retrieval_strata_report.json,6e5dc6b50d952f9aa4c113967ff5c26d3cc23b37c6c29a3766a30faa61e6a0ce,stability.galactica-1.3b.contrasts.C_G_T_M1|C_G_T.<seed>.strata.source_provenance.bands.source_other
stability,C_G_T_M1|C_G_T,galactica-1.3b,source_provenance,source_tsuboyama_2023,20260923,-0.0005700156396531561,-0.001439699687721155,1.1809184662144642e-05,unresolved_interval_crosses_zero,64,129.20837040546317,0,0,3,archive/logs/R5/gate_retrieval_20260923/retrieval_strata_report.json,6e5dc6b50d952f9aa4c113967ff5c26d3cc23b37c6c29a3766a30faa61e6a0ce,stability.galactica-1.3b.contrasts.C_G_T_M1|C_G_T.<seed>.strata.source_provenance.bands.source_tsuboyama_2023
stability,C_G_T_M1|C_G_T,galactica-1.3b,family_band,close_multi_member_group,20260923,-0.00011094478246860749,-0.0005568935192016135,0.000389913336774929,unresolved_interval_crosses_zero,28,48.20142480726066,0,0,3,archive/logs/R5/gate_retrieval_20260923/retrieval_strata_report.json,6e5dc6b50d952f9aa4c113967ff5c26d3cc23b37c6c29a3766a30faa61e6a0ce,stability.galactica-1.3b.contrasts.C_G_T_M1|C_G_T.<seed>.strata.family_band.bands.close_multi_member_group
stability,C_G_T_M1|C_G_T,galactica-1.3b,family_band,remote_singleton_group,20260923,-0.0009270707507966938,-0.0024721074640515926,5.3524092980787794e-05,unresolved_interval_crosses_zero,36,83.96146118432502,0,0,3,archive/logs/R5/gate_retrieval_20260923/retrieval_strata_report.json,6e5dc6b50d952f9aa4c113967ff5c26d3cc23b37c6c29a3766a30faa61e6a0ce,stability.galactica-1.3b.contrasts.C_G_T_M1|C_G_T.<seed>.strata.family_band.bands.remote_singleton_group
stability,C_G_T_M1|C_G_T,galactica-125m,full_support,,20260923,-4.5868622437381275e-05,-0.0002761075981504937,0.0001507677388920965,unresolved_interval_crosses_zero,64,129.20837040546317,0,0,3,archive/logs/R5/gate_retrieval_20260923/retrieval_strata_report.json,6e5dc6b50d952f9aa4c113967ff5c26d3cc23b37c6c29a3766a30faa61e6a0ce,stability.galactica-125m.contrasts.C_G_T_M1|C_G_T.<seed>.full_support
stability,C_G_T_M1|C_G_T,galactica-125m,near_duplicate,near_duplicate_absent,20260923,-0.0003136357862496127,-0.0010129561019339957,0.00011282241692525471,unresolved_interval_crosses_zero,15,24.355670103092773,0,1,3,archive/logs/R5/gate_retrieval_20260923/retrieval_strata_report.json,6e5dc6b50d952f9aa4c113967ff5c26d3cc23b37c6c29a3766a30faa61e6a0ce,stability.galactica-125m.contrasts.C_G_T_M1|C_G_T.<seed>.strata.near_duplicate.bands.near_duplicate_absent
stability,C_G_T_M1|C_G_T,galactica-125m,near_duplicate,near_duplicate_present,20260923,3.610091750513855e-05,-0.0001614407377715881,0.00024611399012991307,unresolved_interval_crosses_zero,49,106.88860623257176,0,0,3,archive/logs/R5/gate_retrieval_20260923/retrieval_strata_report.json,6e5dc6b50d952f9aa4c113967ff5c26d3cc23b37c6c29a3766a30faa61e6a0ce,stability.galactica-125m.contrasts.C_G_T_M1|C_G_T.<seed>.strata.near_duplicate.bands.near_duplicate_present
stability,C_G_T_M1|C_G_T,galactica-125m,identity_band,ge95_near_duplicate,20260923,3.610091750513855e-05,-0.0001614407377715881,0.00024611399012991307,unresolved_interval_crosses_zero,49,106.88860623257176,0,0,3,archive/logs/R5/gate_retrieval_20260923/retrieval_strata_report.json,6e5dc6b50d952f9aa4c113967ff5c26d3cc23b37c6c29a3766a30faa61e6a0ce,stability.galactica-125m.contrasts.C_G_T_M1|C_G_T.<seed>.strata.identity_band.bands.ge95_near_duplicate
stability,C_G_T_M1|C_G_T,galactica-125m,identity_band,id30_to_70_remote_homology,20260923,1.5818454351113065e-06,,,unresolved_thin_support,2,3.2,0,0,3,archive/logs/R5/gate_retrieval_20260923/retrieval_strata_report.json,6e5dc6b50d952f9aa4c113967ff5c26d3cc23b37c6c29a3766a30faa61e6a0ce,stability.galactica-125m.contrasts.C_G_T_M1|C_G_T.<seed>.strata.identity_band.bands.id30_to_70_remote_homology
stability,C_G_T_M1|C_G_T,galactica-125m,identity_band,id70_to_95_close_homology,20260923,-0.00043325269435084735,-0.0012806253088702816,7.564028390357933e-05,unresolved_interval_crosses_zero,12,19.23052464228936,0,1,3,archive/logs/R5/gate_retrieval_20260923/retrieval_strata_report.json,6e5dc6b50d952f9aa4c113967ff5c26d3cc23b37c6c29a3766a30faa61e6a0ce,stability.galactica-125m.contrasts.C_G_T_M1|C_G_T.<seed>.strata.identity_band.bands.id70_to_95_close_homology
stability,C_G_T_M1|C_G_T,galactica-125m,identity_band,lt30_no_detectable_homology,20260923,0.0004913318475957551,,,unresolved_thin_support,1,2.0,0,0,3,archive/logs/R5/gate_retrieval_20260923/retrieval_strata_report.json,6e5dc6b50d952f9aa4c113967ff5c26d3cc23b37c6c29a3766a30faa61e6a0ce,stability.galactica-125m.contrasts.C_G_T_M1|C_G_T.<seed>.strata.identity_band.bands.lt30_no_detectable_homology
stability,C_G_T_M1|C_G_T,galactica-125m,depth_band,neff_100_1000,20260923,-0.00018025426765932995,-0.0007578297321451977,0.0003134085616150361,unresolved_interval_crosses_zero,21,43.8840625493603,0,0,3,archive/logs/R5/gate_retrieval_20260923/retrieval_strata_report.json,6e5dc6b50d952f9aa4c113967ff5c26d3cc23b37c6c29a3766a30faa61e6a0ce,stability.galactica-125m.contrasts.C_G_T_M1|C_G_T.<seed>.strata.depth_band.bands.neff_100_1000
stability,C_G_T_M1|C_G_T,galactica-125m,depth_band,neff_10_100,20260923,8.159603600240262e-05,-8.723485029346079e-05,0.00029928827028296586,unresolved_interval_crosses_zero,25,48.810199245736406,0,0,3,archive/logs/R5/gate_retrieval_20260923/retrieval_strata_report.json,6e5dc6b50d952f9aa4c113967ff5c26d3cc23b37c6c29a3766a30faa61e6a0ce,stability.galactica-125m.contrasts.C_G_T_M1|C_G_T.<seed>.strata.depth_band.bands.neff_10_100
stability,C_G_T_M1|C_G_T,galactica-125m,depth_band,neff_ge1000,20260923,-3.2366393553454977e-05,,,unresolved_thin_support,6,11.984147952443857,0,0,3,archive/logs/R5/gate_retrieval_20260923/retrieval_strata_report.json,6e5dc6b50d952f9aa4c113967ff5c26d3cc23b37c6c29a3766a30faa61e6a0ce,stability.galactica-125m.contrasts.C_G_T_M1|C_G_T.<seed>.strata.depth_band.bands.neff_ge1000
stability,C_G_T_M1|C_G_T,galactica-125m,depth_band,neff_lt10,20260923,-0.0001352078728619603,-0.0006305733656011717,0.00026821852361449836,unresolved_interval_crosses_zero,11,22.647058823529417,0,0,3,archive/logs/R5/gate_retrieval_20260923/retrieval_strata_report.json,6e5dc6b50d952f9aa4c113967ff5c26d3cc23b37c6c29a3766a30faa61e6a0ce,stability.galactica-125m.contrasts.C_G_T_M1|C_G_T.<seed>.strata.depth_band.bands.neff_lt10
stability,C_G_T_M1|C_G_T,galactica-125m,depth_band,no_homolog_support,20260923,0.0004913318475957551,,,unresolved_thin_support,1,2.0,0,0,3,archive/logs/R5/gate_retrieval_20260923/retrieval_strata_report.json,6e5dc6b50d952f9aa4c113967ff5c26d3cc23b37c6c29a3766a30faa61e6a0ce,stability.galactica-125m.contrasts.C_G_T_M1|C_G_T.<seed>.strata.depth_band.bands.no_homolog_support
stability,C_G_T_M1|C_G_T,galactica-125m,source_provenance,source_other,20260923,,,,unresolved_thin_support,0,0.0,0,0,3,archive/logs/R5/gate_retrieval_20260923/retrieval_strata_report.json,6e5dc6b50d952f9aa4c113967ff5c26d3cc23b37c6c29a3766a30faa61e6a0ce,stability.galactica-125m.contrasts.C_G_T_M1|C_G_T.<seed>.strata.source_provenance.bands.source_other
stability,C_G_T_M1|C_G_T,galactica-125m,source_provenance,source_tsuboyama_2023,20260923,-4.5868622437381275e-05,-0.0002761075981504937,0.0001507677388920965,unresolved_interval_crosses_zero,64,129.20837040546317,0,0,3,archive/logs/R5/gate_retrieval_20260923/retrieval_strata_report.json,6e5dc6b50d952f9aa4c113967ff5c26d3cc23b37c6c29a3766a30faa61e6a0ce,stability.galactica-125m.contrasts.C_G_T_M1|C_G_T.<seed>.strata.source_provenance.bands.source_tsuboyama_2023
stability,C_G_T_M1|C_G_T,galactica-125m,family_band,close_multi_member_group,20260923,2.847476000306897e-06,-0.0002606296650620332,0.0002403934657036364,unresolved_interval_crosses_zero,28,48.20142480726066,0,0,3,archive/logs/R5/gate_retrieval_20260923/retrieval_strata_report.json,6e5dc6b50d952f9aa4c113967ff5c26d3cc23b37c6c29a3766a30faa61e6a0ce,stability.galactica-125m.contrasts.C_G_T_M1|C_G_T.<seed>.strata.family_band.bands.close_multi_member_group
stability,C_G_T_M1|C_G_T,galactica-125m,family_band,remote_singleton_group,20260923,-8.375892122224986e-05,-0.00045569716469290127,0.00020182828372693323,unresolved_interval_crosses_zero,36,83.96146118432502,0,0,3,archive/logs/R5/gate_retrieval_20260923/retrieval_strata_report.json,6e5dc6b50d952f9aa4c113967ff5c26d3cc23b37c6c29a3766a30faa61e6a0ce,stability.galactica-125m.contrasts.C_G_T_M1|C_G_T.<seed>.strata.family_band.bands.remote_singleton_group
stability,C_G_T_M1|C_G_T,galactica-30b,full_support,,20260923,-0.0009247050551411792,-0.0024113097102755558,9.824166363947754e-05,unresolved_interval_crosses_zero,64,129.20837040546317,0,2,3,archive/logs/R5/gate_retrieval_20260923/retrieval_strata_report.json,6e5dc6b50d952f9aa4c113967ff5c26d3cc23b37c6c29a3766a30faa61e6a0ce,stability.galactica-30b.contrasts.C_G_T_M1|C_G_T.<seed>.full_support
stability,C_G_T_M1|C_G_T,galactica-30b,near_duplicate,near_duplicate_absent,20260923,-0.0004776367352474165,-0.0016427860225726716,0.0005548056372523566,unresolved_interval_crosses_zero,15,24.355670103092773,0,1,3,archive/logs/R5/gate_retrieval_20260923/retrieval_strata_report.json,6e5dc6b50d952f9aa4c113967ff5c26d3cc23b37c6c29a3766a30faa61e6a0ce,stability.galactica-30b.contrasts.C_G_T_M1|C_G_T.<seed>.strata.near_duplicate.bands.near_duplicate_absent
stability,C_G_T_M1|C_G_T,galactica-30b,near_duplicate,near_duplicate_present,20260923,-0.0010615627040882496,-0.0029468242870144767,0.00020876690913287596,unresolved_interval_crosses_zero,49,106.88860623257176,0,1,3,archive/logs/R5/gate_retrieval_20260923/retrieval_strata_report.json,6e5dc6b50d952f9aa4c113967ff5c26d3cc23b37c6c29a3766a30faa61e6a0ce,stability.galactica-30b.contrasts.C_G_T_M1|C_G_T.<seed>.strata.near_duplicate.bands.near_duplicate_present
stability,C_G_T_M1|C_G_T,galactica-30b,identity_band,ge95_near_duplicate,20260923,-0.0010615627040882496,-0.0029468242870144767,0.00020876690913287596,unresolved_interval_crosses_zero,49,106.88860623257176,0,1,3,archive/logs/R5/gate_retrieval_20260923/retrieval_strata_report.json,6e5dc6b50d952f9aa4c113967ff5c26d3cc23b37c6c29a3766a30faa61e6a0ce,stability.galactica-30b.contrasts.C_G_T_M1|C_G_T.<seed>.strata.identity_band.bands.ge95_near_duplicate
stability,C_G_T_M1|C_G_T,galactica-30b,identity_band,id30_to_70_remote_homology,20260923,0.0010149750537999935,,,unresolved_thin_support,2,3.2,0,0,3,archive/logs/R5/gate_retrieval_20260923/retrieval_strata_report.json,6e5dc6b50d952f9aa4c113967ff5c26d3cc23b37c6c29a3766a30faa61e6a0ce,stability.galactica-30b.contrasts.C_G_T_M1|C_G_T.<seed>.strata.identity_band.bands.id30_to_70_remote_homology
stability,C_G_T_M1|C_G_T,galactica-30b,identity_band,id70_to_95_close_homology,20260923,-0.0007597696786724797,-0.0021650940252341947,0.0005131126721068865,unresolved_interval_crosses_zero,12,19.23052464228936,0,1,3,archive/logs/R5/gate_retrieval_20260923/retrieval_strata_report.json,6e5dc6b50d952f9aa4c113967ff5c26d3cc23b37c6c29a3766a30faa61e6a0ce,stability.galactica-30b.contrasts.C_G_T_M1|C_G_T.<seed>.strata.identity_band.bands.id70_to_95_close_homology
stability,C_G_T_M1|C_G_T,galactica-30b,identity_band,lt30_no_detectable_homology,20260923,-7.726499224147698e-05,,,unresolved_thin_support,1,2.0,0,0,3,archive/logs/R5/gate_retrieval_20260923/retrieval_strata_report.json,6e5dc6b50d952f9aa4c113967ff5c26d3cc23b37c6c29a3766a30faa61e6a0ce,stability.galactica-30b.contrasts.C_G_T_M1|C_G_T.<seed>.strata.identity_band.bands.lt30_no_detectable_homology
stability,C_G_T_M1|C_G_T,galactica-30b,depth_band,neff_100_1000,20260923,-0.0026603840751375984,-0.006700057907391056,-0.0001631981795981924,resolved,21,43.8840625493603,0,2,3,archive/logs/R5/gate_retrieval_20260923/retrieval_strata_report.json,6e5dc6b50d952f9aa4c113967ff5c26d3cc23b37c6c29a3766a30faa61e6a0ce,stability.galactica-30b.contrasts.C_G_T_M1|C_G_T.<seed>.strata.depth_band.bands.neff_100_1000
stability,C_G_T_M1|C_G_T,galactica-30b,depth_band,neff_10_100,20260923,-0.0001871544324341018,-0.0008953913363940573,0.0004480424583764468,unresolved_interval_crosses_zero,25,48.810199245736406,0,1,3,archive/logs/R5/gate_retrieval_20260923/retrieval_strata_report.json,6e5dc6b50d952f9aa4c113967ff5c26d3cc23b37c6c29a3766a30faa61e6a0ce,stability.galactica-30b.contrasts.C_G_T_M1|C_G_T.<seed>.strata.depth_band.bands.neff_10_100
stability,C_G_T_M1|C_G_T,galactica-30b,depth_band,neff_ge1000,20260923,-0.0008193286309035828,,,unresolved_thin_support,6,11.984147952443857,0,0,3,archive/logs/R5/gate_retrieval_20260923/retrieval_strata_report.json,6e5dc6b50d952f9aa4c113967ff5c26d3cc23b37c6c29a3766a30faa61e6a0ce,stability.galactica-30b.contrasts.C_G_T_M1|C_G_T.<seed>.strata.depth_band.bands.neff_ge1000
stability,C_G_T_M1|C_G_T,galactica-30b,depth_band,neff_lt10,20260923,0.0005780945124881466,-0.0013703023783854064,0.002344238937582292,unresolved_interval_crosses_zero,11,22.647058823529417,0,1,3,archive/logs/R5/gate_retrieval_20260923/retrieval_strata_report.json,6e5dc6b50d952f9aa4c113967ff5c26d3cc23b37c6c29a3766a30faa61e6a0ce,stability.galactica-30b.contrasts.C_G_T_M1|C_G_T.<seed>.strata.depth_band.bands.neff_lt10
stability,C_G_T_M1|C_G_T,galactica-30b,depth_band,no_homolog_support,20260923,-7.726499224147698e-05,,,unresolved_thin_support,1,2.0,0,0,3,archive/logs/R5/gate_retrieval_20260923/retrieval_strata_report.json,6e5dc6b50d952f9aa4c113967ff5c26d3cc23b37c6c29a3766a30faa61e6a0ce,stability.galactica-30b.contrasts.C_G_T_M1|C_G_T.<seed>.strata.depth_band.bands.no_homolog_support
stability,C_G_T_M1|C_G_T,galactica-30b,source_provenance,source_other,20260923,,,,unresolved_thin_support,0,0.0,0,0,3,archive/logs/R5/gate_retrieval_20260923/retrieval_strata_report.json,6e5dc6b50d952f9aa4c113967ff5c26d3cc23b37c6c29a3766a30faa61e6a0ce,stability.galactica-30b.contrasts.C_G_T_M1|C_G_T.<seed>.strata.source_provenance.bands.source_other
stability,C_G_T_M1|C_G_T,galactica-30b,source_provenance,source_tsuboyama_2023,20260923,-0.0009247050551411792,-0.0024113097102755558,9.824166363947754e-05,unresolved_interval_crosses_zero,64,129.20837040546317,0,2,3,archive/logs/R5/gate_retrieval_20260923/retrieval_strata_report.json,6e5dc6b50d952f9aa4c113967ff5c26d3cc23b37c6c29a3766a30faa61e6a0ce,stability.galactica-30b.contrasts.C_G_T_M1|C_G_T.<seed>.strata.source_provenance.bands.source_tsuboyama_2023
stability,C_G_T_M1|C_G_T,galactica-30b,family_band,close_multi_member_group,20260923,-0.0016487252922030432,-0.0048207536090805,0.0005072840921204701,unresolved_interval_crosses_zero,28,48.20142480726066,0,2,3,archive/logs/R5/gate_retrieval_20260923/retrieval_strata_report.json,6e5dc6b50d952f9aa4c113967ff5c26d3cc23b37c6c29a3766a30faa61e6a0ce,stability.galactica-30b.contrasts.C_G_T_M1|C_G_T.<seed>.strata.family_band.bands.close_multi_member_group
stability,C_G_T_M1|C_G_T,galactica-30b,family_band,remote_singleton_group,20260923,-0.0003615782040930628,-0.0011320738148553969,0.0002926316657246804,unresolved_interval_crosses_zero,36,83.96146118432502,0,1,3,archive/logs/R5/gate_retrieval_20260923/retrieval_strata_report.json,6e5dc6b50d952f9aa4c113967ff5c26d3cc23b37c6c29a3766a30faa61e6a0ce,stability.galactica-30b.contrasts.C_G_T_M1|C_G_T.<seed>.strata.family_band.bands.remote_singleton_group
stability,C_G_T_M1|C_G_T,galactica-6.7b,full_support,,20260923,-0.0004061878339262654,-0.0008312101042533351,-9.882142477926492e-06,resolved,64,129.20837040546317,0,2,3,archive/logs/R5/gate_retrieval_20260923/retrieval_strata_report.json,6e5dc6b50d952f9aa4c113967ff5c26d3cc23b37c6c29a3766a30faa61e6a0ce,stability.galactica-6.7b.contrasts.C_G_T_M1|C_G_T.<seed>.full_support
stability,C_G_T_M1|C_G_T,galactica-6.7b,near_duplicate,near_duplicate_absent,20260923,-6.107758587359791e-05,-0.0006789417122879407,0.0005368001601615499,unresolved_interval_crosses_zero,15,24.355670103092773,0,0,3,archive/logs/R5/gate_retrieval_20260923/retrieval_strata_report.json,6e5dc6b50d952f9aa4c113967ff5c26d3cc23b37c6c29a3766a30faa61e6a0ce,stability.galactica-6.7b.contrasts.C_G_T_M1|C_G_T.<seed>.strata.near_duplicate.bands.near_duplicate_absent
stability,C_G_T_M1|C_G_T,galactica-6.7b,near_duplicate,near_duplicate_present,20260923,-0.0005118338282281024,-0.0010481805671948032,-2.3236757520738885e-05,resolved,49,106.88860623257176,0,2,3,archive/logs/R5/gate_retrieval_20260923/retrieval_strata_report.json,6e5dc6b50d952f9aa4c113967ff5c26d3cc23b37c6c29a3766a30faa61e6a0ce,stability.galactica-6.7b.contrasts.C_G_T_M1|C_G_T.<seed>.strata.near_duplicate.bands.near_duplicate_present
stability,C_G_T_M1|C_G_T,galactica-6.7b,identity_band,ge95_near_duplicate,20260923,-0.0005118338282281024,-0.0010481805671948032,-2.3236757520738885e-05,resolved,49,106.88860623257176,0,2,3,archive/logs/R5/gate_retrieval_20260923/retrieval_strata_report.json,6e5dc6b50d952f9aa4c113967ff5c26d3cc23b37c6c29a3766a30faa61e6a0ce,stability.galactica-6.7b.contrasts.C_G_T_M1|C_G_T.<seed>.strata.identity_band.bands.ge95_near_duplicate
stability,C_G_T_M1|C_G_T,galactica-6.7b,identity_band,id30_to_70_remote_homology,20260923,0.00015164882030666016,,,unresolved_thin_support,2,3.2,0,0,3,archive/logs/R5/gate_retrieval_20260923/retrieval_strata_report.json,6e5dc6b50d952f9aa4c113967ff5c26d3cc23b37c6c29a3766a30faa61e6a0ce,stability.galactica-6.7b.contrasts.C_G_T_M1|C_G_T.<seed>.strata.identity_band.bands.id30_to_70_remote_homology
stability,C_G_T_M1|C_G_T,galactica-6.7b,identity_band,id70_to_95_close_homology,20260923,0.00013503838724757364,-0.0004452092273134937,0.0007116901783718383,unresolved_interval_crosses_zero,12,19.23052464228936,0,0,3,archive/logs/R5/gate_retrieval_20260923/retrieval_strata_report.json,6e5dc6b50d952f9aa4c113967ff5c26d3cc23b37c6c29a3766a30faa61e6a0ce,stability.galactica-6.7b.contrasts.C_G_T_M1|C_G_T.<seed>.strata.identity_band.bands.id70_to_95_close_homology
stability,C_G_T_M1|C_G_T,galactica-6.7b,identity_band,lt30_no_detectable_homology,20260923,-0.0028399220756881727,,,unresolved_thin_support,1,2.0,0,0,3,archive/logs/R5/gate_retrieval_20260923/retrieval_strata_report.json,6e5dc6b50d952f9aa4c113967ff5c26d3cc23b37c6c29a3766a30faa61e6a0ce,stability.galactica-6.7b.contrasts.C_G_T_M1|C_G_T.<seed>.strata.identity_band.bands.lt30_no_detectable_homology
stability,C_G_T_M1|C_G_T,galactica-6.7b,depth_band,neff_100_1000,20260923,-0.0002492710255426454,-0.0006183367226716494,0.00010014410576063291,unresolved_interval_crosses_zero,21,43.8840625493603,0,0,3,archive/logs/R5/gate_retrieval_20260923/retrieval_strata_report.json,6e5dc6b50d952f9aa4c113967ff5c26d3cc23b37c6c29a3766a30faa61e6a0ce,stability.galactica-6.7b.contrasts.C_G_T_M1|C_G_T.<seed>.strata.depth_band.bands.neff_100_1000
stability,C_G_T_M1|C_G_T,galactica-6.7b,depth_band,neff_10_100,20260923,-0.00018879554737561533,-0.0009066993449767525,0.0004556126396474919,unresolved_interval_crosses_zero,25,48.810199245736406,0,0,3,archive/logs/R5/gate_retrieval_20260923/retrieval_strata_report.json,6e5dc6b50d952f9aa4c113967ff5c26d3cc23b37c6c29a3766a30faa61e6a0ce,stability.galactica-6.7b.contrasts.C_G_T_M1|C_G_T.<seed>.strata.depth_band.bands.neff_10_100
stability,C_G_T_M1|C_G_T,galactica-6.7b,depth_band,neff_ge1000,20260923,-0.00024009746639636528,,,unresolved_thin_support,6,11.984147952443857,0,0,3,archive/logs/R5/gate_retrieval_20260923/retrieval_strata_report.json,6e5dc6b50d952f9aa4c113967ff5c26d3cc23b37c6c29a3766a30faa61e6a0ce,stability.galactica-6.7b.contrasts.C_G_T_M1|C_G_T.<seed>.strata.depth_band.bands.neff_ge1000
stability,C_G_T_M1|C_G_T,galactica-6.7b,depth_band,neff_lt10,20260923,-0.0010691758433116988,-0.0026073592188502813,8.8044180013504e-05,unresolved_interval_crosses_zero,11,22.647058823529417,0,0,3,archive/logs/R5/gate_retrieval_20260923/retrieval_strata_report.json,6e5dc6b50d952f9aa4c113967ff5c26d3cc23b37c6c29a3766a30faa61e6a0ce,stability.galactica-6.7b.contrasts.C_G_T_M1|C_G_T.<seed>.strata.depth_band.bands.neff_lt10
stability,C_G_T_M1|C_G_T,galactica-6.7b,depth_band,no_homolog_support,20260923,-0.0028399220756881727,,,unresolved_thin_support,1,2.0,0,0,3,archive/logs/R5/gate_retrieval_20260923/retrieval_strata_report.json,6e5dc6b50d952f9aa4c113967ff5c26d3cc23b37c6c29a3766a30faa61e6a0ce,stability.galactica-6.7b.contrasts.C_G_T_M1|C_G_T.<seed>.strata.depth_band.bands.no_homolog_support
stability,C_G_T_M1|C_G_T,galactica-6.7b,source_provenance,source_other,20260923,,,,unresolved_thin_support,0,0.0,0,0,3,archive/logs/R5/gate_retrieval_20260923/retrieval_strata_report.json,6e5dc6b50d952f9aa4c113967ff5c26d3cc23b37c6c29a3766a30faa61e6a0ce,stability.galactica-6.7b.contrasts.C_G_T_M1|C_G_T.<seed>.strata.source_provenance.bands.source_other
stability,C_G_T_M1|C_G_T,galactica-6.7b,source_provenance,source_tsuboyama_2023,20260923,-0.0004061878339262654,-0.0008312101042533351,-9.882142477926492e-06,resolved,64,129.20837040546317,0,2,3,archive/logs/R5/gate_retrieval_20260923/retrieval_strata_report.json,6e5dc6b50d952f9aa4c113967ff5c26d3cc23b37c6c29a3766a30faa61e6a0ce,stability.galactica-6.7b.contrasts.C_G_T_M1|C_G_T.<seed>.strata.source_provenance.bands.source_tsuboyama_2023
stability,C_G_T_M1|C_G_T,galactica-6.7b,family_band,close_multi_member_group,20260923,-0.0004706693564393274,-0.001218531760447862,0.00015345537136272753,unresolved_interval_crosses_zero,28,48.20142480726066,0,0,3,archive/logs/R5/gate_retrieval_20260923/retrieval_strata_report.json,6e5dc6b50d952f9aa4c113967ff5c26d3cc23b37c6c29a3766a30faa61e6a0ce,stability.galactica-6.7b.contrasts.C_G_T_M1|C_G_T.<seed>.strata.family_band.bands.close_multi_member_group
stability,C_G_T_M1|C_G_T,galactica-6.7b,family_band,remote_singleton_group,20260923,-0.0003560355386383283,-0.0008800695404827391,0.00013296305402011701,unresolved_interval_crosses_zero,36,83.96146118432502,0,1,3,archive/logs/R5/gate_retrieval_20260923/retrieval_strata_report.json,6e5dc6b50d952f9aa4c113967ff5c26d3cc23b37c6c29a3766a30faa61e6a0ce,stability.galactica-6.7b.contrasts.C_G_T_M1|C_G_T.<seed>.strata.family_band.bands.remote_singleton_group
stability,C_G_T_M1|C_G_T,gpt2,full_support,,20260923,0.00019337092996261408,-0.00024075936839131867,0.0006154115288070036,unresolved_interval_crosses_zero,64,129.20837040546317,0,0,3,archive/logs/R5/gate_retrieval_20260923/retrieval_strata_report.json,6e5dc6b50d952f9aa4c113967ff5c26d3cc23b37c6c29a3766a30faa61e6a0ce,stability.gpt2.contrasts.C_G_T_M1|C_G_T.<seed>.full_support
stability,C_G_T_M1|C_G_T,gpt2,near_duplicate,near_duplicate_absent,20260923,0.00012176991825461429,-0.0006062515932941577,0.0010818277583715538,unresolved_interval_crosses_zero,15,24.355670103092773,0,0,3,archive/logs/R5/gate_retrieval_20260923/retrieval_strata_report.json,6e5dc6b50d952f9aa4c113967ff5c26d3cc23b37c6c29a3766a30faa61e6a0ce,stability.gpt2.contrasts.C_G_T_M1|C_G_T.<seed>.strata.near_duplicate.bands.near_duplicate_absent
stability,C_G_T_M1|C_G_T,gpt2,near_duplicate,near_duplicate_present,20260923,0.0002152896070160834,-0.00028767879739860296,0.0006846577568721162,unresolved_interval_crosses_zero,49,106.88860623257176,0,0,3,archive/logs/R5/gate_retrieval_20260923/retrieval_strata_report.json,6e5dc6b50d952f9aa4c113967ff5c26d3cc23b37c6c29a3766a30faa61e6a0ce,stability.gpt2.contrasts.C_G_T_M1|C_G_T.<seed>.strata.near_duplicate.bands.near_duplicate_present
stability,C_G_T_M1|C_G_T,gpt2,identity_band,ge95_near_duplicate,20260923,0.0002152896070160834,-0.00028767879739860296,0.0006846577568721162,unresolved_interval_crosses_zero,49,106.88860623257176,0,0,3,archive/logs/R5/gate_retrieval_20260923/retrieval_strata_report.json,6e5dc6b50d952f9aa4c113967ff5c26d3cc23b37c6c29a3766a30faa61e6a0ce,stability.gpt2.contrasts.C_G_T_M1|C_G_T.<seed>.strata.identity_band.bands.ge95_near_duplicate
stability,C_G_T_M1|C_G_T,gpt2,identity_band,id30_to_70_remote_homology,20260923,-4.152210013202984e-05,,,unresolved_thin_support,2,3.2,0,0,3,archive/logs/R5/gate_retrieval_20260923/retrieval_strata_report.json,6e5dc6b50d952f9aa4c113967ff5c26d3cc23b37c6c29a3766a30faa61e6a0ce,stability.gpt2.contrasts.C_G_T_M1|C_G_T.<seed>.strata.identity_band.bands.id30_to_70_remote_homology
stability,C_G_T_M1|C_G_T,gpt2,identity_band,id70_to_95_close_homology,20260923,0.00015530495106709044,-0.0007685040695613397,0.0013777514059354582,unresolved_interval_crosses_zero,12,19.23052464228936,0,0,3,archive/logs/R5/gate_retrieval_20260923/retrieval_strata_report.json,6e5dc6b50d952f9aa4c113967ff5c26d3cc23b37c6c29a3766a30faa61e6a0ce,stability.gpt2.contrasts.C_G_T_M1|C_G_T.<seed>.strata.identity_band.bands.id70_to_95_close_homology
stability,C_G_T_M1|C_G_T,gpt2,identity_band,lt30_no_detectable_homology,20260923,4.5933561278188595e-05,,,unresolved_thin_support,1,2.0,0,0,3,archive/logs/R5/gate_retrieval_20260923/retrieval_strata_report.json,6e5dc6b50d952f9aa4c113967ff5c26d3cc23b37c6c29a3766a30faa61e6a0ce,stability.gpt2.contrasts.C_G_T_M1|C_G_T.<seed>.strata.identity_band.bands.lt30_no_detectable_homology
stability,C_G_T_M1|C_G_T,gpt2,depth_band,neff_100_1000,20260923,0.0002584905428127472,-0.0008874752190621513,0.0012554826544834597,unresolved_interval_crosses_zero,21,43.8840625493603,0,0,3,archive/logs/R5/gate_retrieval_20260923/retrieval_strata_report.json,6e5dc6b50d952f9aa4c113967ff5c26d3cc23b37c6c29a3766a30faa61e6a0ce,stability.gpt2.contrasts.C_G_T_M1|C_G_T.<seed>.strata.depth_band.bands.neff_100_1000
stability,C_G_T_M1|C_G_T,gpt2,depth_band,neff_10_100,20260923,5.056150863183284e-05,-0.0003537447127808077,0.0004665386135983024,unresolved_interval_crosses_zero,25,48.810199245736406,0,0,3,archive/logs/R5/gate_retrieval_20260923/retrieval_strata_report.json,6e5dc6b50d952f9aa4c113967ff5c26d3cc23b37c6c29a3766a30faa61e6a0ce,stability.gpt2.contrasts.C_G_T_M1|C_G_T.<seed>.strata.depth_band.bands.neff_10_100
stability,C_G_T_M1|C_G_T,gpt2,depth_band,neff_ge1000,20260923,0.00045113967645326697,,,unresolved_thin_support,6,11.984147952443857,0,0,3,archive/logs/R5/gate_retrieval_20260923/retrieval_strata_report.json,6e5dc6b50d952f9aa4c113967ff5c26d3cc23b37c6c29a3766a30faa61e6a0ce,stability.gpt2.contrasts.C_G_T_M1|C_G_T.<seed>.strata.depth_band.bands.neff_ge1000
stability,C_G_T_M1|C_G_T,gpt2,depth_band,neff_lt10,20260923,0.0002664207984314543,-0.00020345589551270992,0.0007696504053574741,unresolved_interval_crosses_zero,11,22.647058823529417,0,0,3,archive/logs/R5/gate_retrieval_20260923/retrieval_strata_report.json,6e5dc6b50d952f9aa4c113967ff5c26d3cc23b37c6c29a3766a30faa61e6a0ce,stability.gpt2.contrasts.C_G_T_M1|C_G_T.<seed>.strata.depth_band.bands.neff_lt10
stability,C_G_T_M1|C_G_T,gpt2,depth_band,no_homolog_support,20260923,4.5933561278188595e-05,,,unresolved_thin_support,1,2.0,0,0,3,archive/logs/R5/gate_retrieval_20260923/retrieval_strata_report.json,6e5dc6b50d952f9aa4c113967ff5c26d3cc23b37c6c29a3766a30faa61e6a0ce,stability.gpt2.contrasts.C_G_T_M1|C_G_T.<seed>.strata.depth_band.bands.no_homolog_support
stability,C_G_T_M1|C_G_T,gpt2,source_provenance,source_other,20260923,,,,unresolved_thin_support,0,0.0,0,0,3,archive/logs/R5/gate_retrieval_20260923/retrieval_strata_report.json,6e5dc6b50d952f9aa4c113967ff5c26d3cc23b37c6c29a3766a30faa61e6a0ce,stability.gpt2.contrasts.C_G_T_M1|C_G_T.<seed>.strata.source_provenance.bands.source_other
stability,C_G_T_M1|C_G_T,gpt2,source_provenance,source_tsuboyama_2023,20260923,0.00019337092996261408,-0.00024075936839131867,0.0006154115288070036,unresolved_interval_crosses_zero,64,129.20837040546317,0,0,3,archive/logs/R5/gate_retrieval_20260923/retrieval_strata_report.json,6e5dc6b50d952f9aa4c113967ff5c26d3cc23b37c6c29a3766a30faa61e6a0ce,stability.gpt2.contrasts.C_G_T_M1|C_G_T.<seed>.strata.source_provenance.bands.source_tsuboyama_2023
stability,C_G_T_M1|C_G_T,gpt2,family_band,close_multi_member_group,20260923,-8.490452050498805e-05,-0.0005545843039498942,0.0004290758449974332,unresolved_interval_crosses_zero,28,48.20142480726066,0,0,3,archive/logs/R5/gate_retrieval_20260923/retrieval_strata_report.json,6e5dc6b50d952f9aa4c113967ff5c26d3cc23b37c6c29a3766a30faa61e6a0ce,stability.gpt2.contrasts.C_G_T_M1|C_G_T.<seed>.strata.family_band.bands.close_multi_member_group
stability,C_G_T_M1|C_G_T,gpt2,family_band,remote_singleton_group,20260923,0.0004098073914374157,-0.0002542534333344942,0.001005389847125493,unresolved_interval_crosses_zero,36,83.96146118432502,0,0,3,archive/logs/R5/gate_retrieval_20260923/retrieval_strata_report.json,6e5dc6b50d952f9aa4c113967ff5c26d3cc23b37c6c29a3766a30faa61e6a0ce,stability.gpt2.contrasts.C_G_T_M1|C_G_T.<seed>.strata.family_band.bands.remote_singleton_group
stability,C_G_T_M1|C_G_T,gpt2-large,full_support,,20260923,-4.354336427625418e-05,-0.00034925867457628017,0.00026076560004085017,unresolved_interval_crosses_zero,64,129.20837040546317,0,1,3,archive/logs/R5/gate_retrieval_20260923/retrieval_strata_report.json,6e5dc6b50d952f9aa4c113967ff5c26d3cc23b37c6c29a3766a30faa61e6a0ce,stability.gpt2-large.contrasts.C_G_T_M1|C_G_T.<seed>.full_support
stability,C_G_T_M1|C_G_T,gpt2-large,near_duplicate,near_duplicate_absent,20260923,0.0005175261767788097,-6.804625112948706e-05,0.0010756032811951616,unresolved_interval_crosses_zero,15,24.355670103092773,0,0,3,archive/logs/R5/gate_retrieval_20260923/retrieval_strata_report.json,6e5dc6b50d952f9aa4c113967ff5c26d3cc23b37c6c29a3766a30faa61e6a0ce,stability.gpt2-large.contrasts.C_G_T_M1|C_G_T.<seed>.strata.near_duplicate.bands.near_duplicate_absent
stability,C_G_T_M1|C_G_T,gpt2-large,near_duplicate,near_duplicate_present,20260923,-0.000215299346231886,-0.0005781416219205044,0.00012047865968146747,unresolved_interval_crosses_zero,49,106.88860623257176,0,2,3,archive/logs/R5/gate_retrieval_20260923/retrieval_strata_report.json,6e5dc6b50d952f9aa4c113967ff5c26d3cc23b37c6c29a3766a30faa61e6a0ce,stability.gpt2-large.contrasts.C_G_T_M1|C_G_T.<seed>.strata.near_duplicate.bands.near_duplicate_present
stability,C_G_T_M1|C_G_T,gpt2-large,identity_band,ge95_near_duplicate,20260923,-0.000215299346231886,-0.0005781416219205044,0.00012047865968146747,unresolved_interval_crosses_zero,49,106.88860623257176,0,2,3,archive/logs/R5/gate_retrieval_20260923/retrieval_strata_report.json,6e5dc6b50d952f9aa4c113967ff5c26d3cc23b37c6c29a3766a30faa61e6a0ce,stability.gpt2-large.contrasts.C_G_T_M1|C_G_T.<seed>.strata.identity_band.bands.ge95_near_duplicate
stability,C_G_T_M1|C_G_T,gpt2-large,identity_band,id30_to_70_remote_homology,20260923,0.0009400969025098183,,,unresolved_thin_support,2,3.2,0,0,3,archive/logs/R5/gate_retrieval_20260923/retrieval_strata_report.json,6e5dc6b50d952f9aa4c113967ff5c26d3cc23b37c6c29a3766a30faa61e6a0ce,stability.gpt2-large.contrasts.C_G_T_M1|C_G_T.<seed>.strata.identity_band.bands.id30_to_70_remote_homology
stability,C_G_T_M1|C_G_T,gpt2-large,identity_band,id70_to_95_close_homology,20260923,0.0004402460708537055,-0.00028713395181854354,0.001134467000693633,unresolved_interval_crosses_zero,12,19.23052464228936,0,1,3,archive/logs/R5/gate_retrieval_20260923/retrieval_strata_report.json,6e5dc6b50d952f9aa4c113967ff5c26d3cc23b37c6c29a3766a30faa61e6a0ce,stability.gpt2-large.contrasts.C_G_T_M1|C_G_T.<seed>.strata.identity_band.bands.id70_to_95_close_homology
stability,C_G_T_M1|C_G_T,gpt2-large,identity_band,lt30_no_detectable_homology,20260923,0.000599745996418044,,,unresolved_thin_support,1,2.0,0,0,3,archive/logs/R5/gate_retrieval_20260923/retrieval_strata_report.json,6e5dc6b50d952f9aa4c113967ff5c26d3cc23b37c6c29a3766a30faa61e6a0ce,stability.gpt2-large.contrasts.C_G_T_M1|C_G_T.<seed>.strata.identity_band.bands.lt30_no_detectable_homology
stability,C_G_T_M1|C_G_T,gpt2-large,depth_band,neff_100_1000,20260923,2.9512823038424507e-05,-0.0006584748884953854,0.0006510525509427539,unresolved_interval_crosses_zero,21,43.8840625493603,0,0,3,archive/logs/R5/gate_retrieval_20260923/retrieval_strata_report.json,6e5dc6b50d952f9aa4c113967ff5c26d3cc23b37c6c29a3766a30faa61e6a0ce,stability.gpt2-large.contrasts.C_G_T_M1|C_G_T.<seed>.strata.depth_band.bands.neff_100_1000
stability,C_G_T_M1|C_G_T,gpt2-large,depth_band,neff_10_100,20260923,-1.7490150554969608e-05,-0.00047341736650849777,0.0004102095633706276,unresolved_interval_crosses_zero,25,48.810199245736406,0,0,3,archive/logs/R5/gate_retrieval_20260923/retrieval_strata_report.json,6e5dc6b50d952f9aa4c113967ff5c26d3cc23b37c6c29a3766a30faa61e6a0ce,stability.gpt2-large.contrasts.C_G_T_M1|C_G_T.<seed>.strata.depth_band.bands.neff_10_100
stability,C_G_T_M1|C_G_T,gpt2-large,depth_band,neff_ge1000,20260923,0.00047908112422191673,,,unresolved_thin_support,6,11.984147952443857,0,0,3,archive/logs/R5/gate_retrieval_20260923/retrieval_strata_report.json,6e5dc6b50d952f9aa4c113967ff5c26d3cc23b37c6c29a3766a30faa61e6a0ce,stability.gpt2-large.contrasts.C_G_T_M1|C_G_T.<seed>.strata.depth_band.bands.neff_ge1000
stability,C_G_T_M1|C_G_T,gpt2-large,depth_band,neff_lt10,20260923,-0.0005857748704874988,-0.0011537015341234393,1.8067405963497663e-05,unresolved_interval_crosses_zero,11,22.647058823529417,0,2,3,archive/logs/R5/gate_retrieval_20260923/retrieval_strata_report.json,6e5dc6b50d952f9aa4c113967ff5c26d3cc23b37c6c29a3766a30faa61e6a0ce,stability.gpt2-large.contrasts.C_G_T_M1|C_G_T.<seed>.strata.depth_band.bands.neff_lt10
stability,C_G_T_M1|C_G_T,gpt2-large,depth_band,no_homolog_support,20260923,0.000599745996418044,,,unresolved_thin_support,1,2.0,0,0,3,archive/logs/R5/gate_retrieval_20260923/retrieval_strata_report.json,6e5dc6b50d952f9aa4c113967ff5c26d3cc23b37c6c29a3766a30faa61e6a0ce,stability.gpt2-large.contrasts.C_G_T_M1|C_G_T.<seed>.strata.depth_band.bands.no_homolog_support
stability,C_G_T_M1|C_G_T,gpt2-large,source_provenance,source_other,20260923,,,,unresolved_thin_support,0,0.0,0,0,3,archive/logs/R5/gate_retrieval_20260923/retrieval_strata_report.json,6e5dc6b50d952f9aa4c113967ff5c26d3cc23b37c6c29a3766a30faa61e6a0ce,stability.gpt2-large.contrasts.C_G_T_M1|C_G_T.<seed>.strata.source_provenance.bands.source_other
stability,C_G_T_M1|C_G_T,gpt2-large,source_provenance,source_tsuboyama_2023,20260923,-4.354336427625418e-05,-0.00034925867457628017,0.00026076560004085017,unresolved_interval_crosses_zero,64,129.20837040546317,0,1,3,archive/logs/R5/gate_retrieval_20260923/retrieval_strata_report.json,6e5dc6b50d952f9aa4c113967ff5c26d3cc23b37c6c29a3766a30faa61e6a0ce,stability.gpt2-large.contrasts.C_G_T_M1|C_G_T.<seed>.strata.source_provenance.bands.source_tsuboyama_2023
stability,C_G_T_M1|C_G_T,gpt2-large,family_band,close_multi_member_group,20260923,0.0001543721248349914,-0.0002209913382995477,0.0005421923988905706,unresolved_interval_crosses_zero,28,48.20142480726066,0,1,3,archive/logs/R5/gate_retrieval_20260923/retrieval_strata_report.json,6e5dc6b50d952f9aa4c113967ff5c26d3cc23b37c6c29a3766a30faa61e6a0ce,stability.gpt2-large.contrasts.C_G_T_M1|C_G_T.<seed>.strata.family_band.bands.close_multi_member_group
stability,C_G_T_M1|C_G_T,gpt2-large,family_band,remote_singleton_group,20260923,-0.00019747763358500073,-0.0006637337192022651,0.0002546723478456916,unresolved_interval_crosses_zero,36,83.96146118432502,0,1,3,archive/logs/R5/gate_retrieval_20260923/retrieval_strata_report.json,6e5dc6b50d952f9aa4c113967ff5c26d3cc23b37c6c29a3766a30faa61e6a0ce,stability.gpt2-large.contrasts.C_G_T_M1|C_G_T.<seed>.strata.family_band.bands.remote_singleton_group
stability,C_G_T_M1|C_G_T,gpt2-medium,full_support,,20260923,-0.00011388410390439602,-0.0004999439298060346,0.00021239446086681368,unresolved_interval_crosses_zero,64,129.20837040546317,0,1,3,archive/logs/R5/gate_retrieval_20260923/retrieval_strata_report.json,6e5dc6b50d952f9aa4c113967ff5c26d3cc23b37c6c29a3766a30faa61e6a0ce,stability.gpt2-medium.contrasts.C_G_T_M1|C_G_T.<seed>.full_support
stability,C_G_T_M1|C_G_T,gpt2-medium,near_duplicate,near_duplicate_absent,20260923,-0.00046192470116067824,-0.0017236597191456176,0.0004922002160493173,unresolved_interval_crosses_zero,15,24.355670103092773,0,0,3,archive/logs/R5/gate_retrieval_20260923/retrieval_strata_report.json,6e5dc6b50d952f9aa4c113967ff5c26d3cc23b37c6c29a3766a30faa61e6a0ce,stability.gpt2-medium.contrasts.C_G_T_M1|C_G_T.<seed>.strata.near_duplicate.bands.near_duplicate_absent
stability,C_G_T_M1|C_G_T,gpt2-medium,near_duplicate,near_duplicate_present,20260923,-7.3410639279830825e-06,-0.00031668776253881867,0.0003165653558156698,unresolved_interval_crosses_zero,49,106.88860623257176,0,1,3,archive/logs/R5/gate_retrieval_20260923/retrieval_strata_report.json,6e5dc6b50d952f9aa4c113967ff5c26d3cc23b37c6c29a3766a30faa61e6a0ce,stability.gpt2-medium.contrasts.C_G_T_M1|C_G_T.<seed>.strata.near_duplicate.bands.near_duplicate_present
stability,C_G_T_M1|C_G_T,gpt2-medium,identity_band,ge95_near_duplicate,20260923,-7.3410639279830825e-06,-0.00031668776253881867,0.0003165653558156698,unresolved_interval_crosses_zero,49,106.88860623257176,0,1,3,archive/logs/R5/gate_retrieval_20260923/retrieval_strata_report.json,6e5dc6b50d952f9aa4c113967ff5c26d3cc23b37c6c29a3766a30faa61e6a0ce,stability.gpt2-medium.contrasts.C_G_T_M1|C_G_T.<seed>.strata.identity_band.bands.ge95_near_duplicate
stability,C_G_T_M1|C_G_T,gpt2-medium,identity_band,id30_to_70_remote_homology,20260923,-0.0009916955475985367,,,unresolved_thin_support,2,3.2,0,0,3,archive/logs/R5/gate_retrieval_20260923/retrieval_strata_report.json,6e5dc6b50d952f9aa4c113967ff5c26d3cc23b37c6c29a3766a30faa61e6a0ce,stability.gpt2-medium.contrasts.C_G_T_M1|C_G_T.<seed>.strata.identity_band.bands.id30_to_70_remote_homology
stability,C_G_T_M1|C_G_T,gpt2-medium,identity_band,id70_to_95_close_homology,20260923,-0.00026048534247942223,-0.0018509357265310239,0.0008168053755398816,unresolved_interval_crosses_zero,12,19.23052464228936,0,0,3,archive/logs/R5/gate_retrieval_20260923/retrieval_strata_report.json,6e5dc6b50d952f9aa4c113967ff5c26d3cc23b37c6c29a3766a30faa61e6a0ce,stability.gpt2-medium.contrasts.C_G_T_M1|C_G_T.<seed>.strata.identity_band.bands.id70_to_95_close_homology
stability,C_G_T_M1|C_G_T,gpt2-medium,identity_band,lt30_no_detectable_homology,20260923,-0.0018196553124600334,,,unresolved_thin_support,1,2.0,0,0,3,archive/logs/R5/gate_retrieval_20260923/retrieval_strata_report.json,6e5dc6b50d952f9aa4c113967ff5c26d3cc23b37c6c29a3766a30faa61e6a0ce,stability.gpt2-medium.contrasts.C_G_T_M1|C_G_T.<seed>.strata.identity_band.bands.lt30_no_detectable_homology
stability,C_G_T_M1|C_G_T,gpt2-medium,depth_band,neff_100_1000,20260923,-0.0002182420479512218,-0.0008243471341825541,0.00046111565885479305,unresolved_interval_crosses_zero,21,43.8840625493603,0,1,3,archive/logs/R5/gate_retrieval_20260923/retrieval_strata_report.json,6e5dc6b50d952f9aa4c113967ff5c26d3cc23b37c6c29a3766a30faa61e6a0ce,stability.gpt2-medium.contrasts.C_G_T_M1|C_G_T.<seed>.strata.depth_band.bands.neff_100_1000
stability,C_G_T_M1|C_G_T,gpt2-medium,depth_band,neff_10_100,20260923,0.00020896566245166392,-0.00018019729251354886,0.000639164229676931,unresolved_interval_crosses_zero,25,48.810199245736406,0,0,3,archive/logs/R5/gate_retrieval_20260923/retrieval_strata_report.json,6e5dc6b50d952f9aa4c113967ff5c26d3cc23b37c6c29a3766a30faa61e6a0ce,stability.gpt2-medium.contrasts.C_G_T_M1|C_G_T.<seed>.strata.depth_band.bands.neff_10_100
stability,C_G_T_M1|C_G_T,gpt2-medium,depth_band,neff_ge1000,20260923,-0.0012326950644633017,,,unresolved_thin_support,6,11.984147952443857,0,0,3,archive/logs/R5/gate_retrieval_20260923/retrieval_strata_report.json,6e5dc6b50d952f9aa4c113967ff5c26d3cc23b37c6c29a3766a30faa61e6a0ce,stability.gpt2-medium.contrasts.C_G_T_M1|C_G_T.<seed>.strata.depth_band.bands.neff_ge1000
stability,C_G_T_M1|C_G_T,gpt2-medium,depth_band,neff_lt10,20260923,0.00011692586318568712,-0.00028721722506506433,0.0004942724375281941,unresolved_interval_crosses_zero,11,22.647058823529417,0,0,3,archive/logs/R5/gate_retrieval_20260923/retrieval_strata_report.json,6e5dc6b50d952f9aa4c113967ff5c26d3cc23b37c6c29a3766a30faa61e6a0ce,stability.gpt2-medium.contrasts.C_G_T_M1|C_G_T.<seed>.strata.depth_band.bands.neff_lt10
stability,C_G_T_M1|C_G_T,gpt2-medium,depth_band,no_homolog_support,20260923,-0.0018196553124600334,,,unresolved_thin_support,1,2.0,0,0,3,archive/logs/R5/gate_retrieval_20260923/retrieval_strata_report.json,6e5dc6b50d952f9aa4c113967ff5c26d3cc23b37c6c29a3766a30faa61e6a0ce,stability.gpt2-medium.contrasts.C_G_T_M1|C_G_T.<seed>.strata.depth_band.bands.no_homolog_support
stability,C_G_T_M1|C_G_T,gpt2-medium,source_provenance,source_other,20260923,,,,unresolved_thin_support,0,0.0,0,0,3,archive/logs/R5/gate_retrieval_20260923/retrieval_strata_report.json,6e5dc6b50d952f9aa4c113967ff5c26d3cc23b37c6c29a3766a30faa61e6a0ce,stability.gpt2-medium.contrasts.C_G_T_M1|C_G_T.<seed>.strata.source_provenance.bands.source_other
stability,C_G_T_M1|C_G_T,gpt2-medium,source_provenance,source_tsuboyama_2023,20260923,-0.00011388410390439602,-0.0004999439298060346,0.00021239446086681368,unresolved_interval_crosses_zero,64,129.20837040546317,0,1,3,archive/logs/R5/gate_retrieval_20260923/retrieval_strata_report.json,6e5dc6b50d952f9aa4c113967ff5c26d3cc23b37c6c29a3766a30faa61e6a0ce,stability.gpt2-medium.contrasts.C_G_T_M1|C_G_T.<seed>.strata.source_provenance.bands.source_tsuboyama_2023
stability,C_G_T_M1|C_G_T,gpt2-medium,family_band,close_multi_member_group,20260923,-0.0002664868456658997,-0.0009223439389733408,0.00021523933660309267,unresolved_interval_crosses_zero,28,48.20142480726066,0,0,3,archive/logs/R5/gate_retrieval_20260923/retrieval_strata_report.json,6e5dc6b50d952f9aa4c113967ff5c26d3cc23b37c6c29a3766a30faa61e6a0ce,stability.gpt2-medium.contrasts.C_G_T_M1|C_G_T.<seed>.strata.family_band.bands.close_multi_member_group
stability,C_G_T_M1|C_G_T,gpt2-medium,family_band,remote_singleton_group,20260923,4.806917465662416e-06,-0.00043837733702793875,0.00046373593154563165,unresolved_interval_crosses_zero,36,83.96146118432502,0,0,3,archive/logs/R5/gate_retrieval_20260923/retrieval_strata_report.json,6e5dc6b50d952f9aa4c113967ff5c26d3cc23b37c6c29a3766a30faa61e6a0ce,stability.gpt2-medium.contrasts.C_G_T_M1|C_G_T.<seed>.strata.family_band.bands.remote_singleton_group
stability,C_G_T_M1|C_G_T,gpt2-xl,full_support,,20260923,-4.152312921464562e-05,-0.0003325525706203555,0.00021785586883878023,unresolved_interval_crosses_zero,64,129.20837040546317,0,1,3,archive/logs/R5/gate_retrieval_20260923/retrieval_strata_report.json,6e5dc6b50d952f9aa4c113967ff5c26d3cc23b37c6c29a3766a30faa61e6a0ce,stability.gpt2-xl.contrasts.C_G_T_M1|C_G_T.<seed>.full_support
stability,C_G_T_M1|C_G_T,gpt2-xl,near_duplicate,near_duplicate_absent,20260923,-0.0005744890917451043,-0.0015043882886344386,0.00023450557986392527,unresolved_interval_crosses_zero,15,24.355670103092773,0,0,3,archive/logs/R5/gate_retrieval_20260923/retrieval_strata_report.json,6e5dc6b50d952f9aa4c113967ff5c26d3cc23b37c6c29a3766a30faa61e6a0ce,stability.gpt2-xl.contrasts.C_G_T_M1|C_G_T.<seed>.strata.near_duplicate.bands.near_duplicate_absent
stability,C_G_T_M1|C_G_T,gpt2-xl,near_duplicate,near_duplicate_present,20260923,0.00012162971645794379,-8.651613416537019e-05,0.00032190087108457255,unresolved_interval_crosses_zero,49,106.88860623257176,0,0,3,archive/logs/R5/gate_retrieval_20260923/retrieval_strata_report.json,6e5dc6b50d952f9aa4c113967ff5c26d3cc23b37c6c29a3766a30faa61e6a0ce,stability.gpt2-xl.contrasts.C_G_T_M1|C_G_T.<seed>.strata.near_duplicate.bands.near_duplicate_present
stability,C_G_T_M1|C_G_T,gpt2-xl,identity_band,ge95_near_duplicate,20260923,0.00012162971645794379,-8.651613416537019e-05,0.00032190087108457255,unresolved_interval_crosses_zero,49,106.88860623257176,0,0,3,archive/logs/R5/gate_retrieval_20260923/retrieval_strata_report.json,6e5dc6b50d952f9aa4c113967ff5c26d3cc23b37c6c29a3766a30faa61e6a0ce,stability.gpt2-xl.contrasts.C_G_T_M1|C_G_T.<seed>.strata.identity_band.bands.ge95_near_duplicate
stability,C_G_T_M1|C_G_T,gpt2-xl,identity_band,id30_to_70_remote_homology,20260923,0.0012245392738546024,,,unresolved_thin_support,2,3.2,0,0,3,archive/logs/R5/gate_retrieval_20260923/retrieval_strata_report.json,6e5dc6b50d952f9aa4c113967ff5c26d3cc23b37c6c29a3766a30faa61e6a0ce,stability.gpt2-xl.contrasts.C_G_T_M1|C_G_T.<seed>.strata.identity_band.bands.id30_to_70_remote_homology
stability,C_G_T_M1|C_G_T,gpt2-xl,identity_band,id70_to_95_close_homology,20260923,-0.0006102834654299616,-0.0015812957097643494,0.00011563082597399592,unresolved_interval_crosses_zero,12,19.23052464228936,0,0,3,archive/logs/R5/gate_retrieval_20260923/retrieval_strata_report.json,6e5dc6b50d952f9aa4c113967ff5c26d3cc23b37c6c29a3766a30faa61e6a0ce,stability.gpt2-xl.contrasts.C_G_T_M1|C_G_T.<seed>.strata.identity_band.bands.id70_to_95_close_homology
stability,C_G_T_M1|C_G_T,gpt2-xl,identity_band,lt30_no_detectable_homology,20260923,-0.003743013338726231,,,unresolved_thin_support,1,2.0,0,0,3,archive/logs/R5/gate_retrieval_20260923/retrieval_strata_report.json,6e5dc6b50d952f9aa4c113967ff5c26d3cc23b37c6c29a3766a30faa61e6a0ce,stability.gpt2-xl.contrasts.C_G_T_M1|C_G_T.<seed>.strata.identity_band.bands.lt30_no_detectable_homology
stability,C_G_T_M1|C_G_T,gpt2-xl,depth_band,neff_100_1000,20260923,8.585391835164951e-06,-0.0003845206130206812,0.0003922862693616167,unresolved_interval_crosses_zero,21,43.8840625493603,0,0,3,archive/logs/R5/gate_retrieval_20260923/retrieval_strata_report.json,6e5dc6b50d952f9aa4c113967ff5c26d3cc23b37c6c29a3766a30faa61e6a0ce,stability.gpt2-xl.contrasts.C_G_T_M1|C_G_T.<seed>.strata.depth_band.bands.neff_100_1000
stability,C_G_T_M1|C_G_T,gpt2-xl,depth_band,neff_10_100,20260923,2.631978395005341e-05,-0.0003275563585898534,0.0004080255456196587,unresolved_interval_crosses_zero,25,48.810199245736406,0,1,3,archive/logs/R5/gate_retrieval_20260923/retrieval_strata_report.json,6e5dc6b50d952f9aa4c113967ff5c26d3cc23b37c6c29a3766a30faa61e6a0ce,stability.gpt2-xl.contrasts.C_G_T_M1|C_G_T.<seed>.strata.depth_band.bands.neff_10_100
stability,C_G_T_M1|C_G_T,gpt2-xl,depth_band,neff_ge1000,20260923,-0.0005675228408566121,,,unresolved_thin_support,6,11.984147952443857,0,0,3,archive/logs/R5/gate_retrieval_20260923/retrieval_strata_report.json,6e5dc6b50d952f9aa4c113967ff5c26d3cc23b37c6c29a3766a30faa61e6a0ce,stability.gpt2-xl.contrasts.C_G_T_M1|C_G_T.<seed>.strata.depth_band.bands.neff_ge1000
stability,C_G_T_M1|C_G_T,gpt2-xl,depth_band,neff_lt10,20260923,0.0003320347533489804,0.00015893663234854,0.000497942313309897,resolved,11,22.647058823529417,1,0,3,archive/logs/R5/gate_retrieval_20260923/retrieval_strata_report.json,6e5dc6b50d952f9aa4c113967ff5c26d3cc23b37c6c29a3766a30faa61e6a0ce,stability.gpt2-xl.contrasts.C_G_T_M1|C_G_T.<seed>.strata.depth_band.bands.neff_lt10
stability,C_G_T_M1|C_G_T,gpt2-xl,depth_band,no_homolog_support,20260923,-0.003743013338726231,,,unresolved_thin_support,1,2.0,0,0,3,archive/logs/R5/gate_retrieval_20260923/retrieval_strata_report.json,6e5dc6b50d952f9aa4c113967ff5c26d3cc23b37c6c29a3766a30faa61e6a0ce,stability.gpt2-xl.contrasts.C_G_T_M1|C_G_T.<seed>.strata.depth_band.bands.no_homolog_support
stability,C_G_T_M1|C_G_T,gpt2-xl,source_provenance,source_other,20260923,,,,unresolved_thin_support,0,0.0,0,0,3,archive/logs/R5/gate_retrieval_20260923/retrieval_strata_report.json,6e5dc6b50d952f9aa4c113967ff5c26d3cc23b37c6c29a3766a30faa61e6a0ce,stability.gpt2-xl.contrasts.C_G_T_M1|C_G_T.<seed>.strata.source_provenance.bands.source_other
stability,C_G_T_M1|C_G_T,gpt2-xl,source_provenance,source_tsuboyama_2023,20260923,-4.152312921464562e-05,-0.0003325525706203555,0.00021785586883878023,unresolved_interval_crosses_zero,64,129.20837040546317,0,1,3,archive/logs/R5/gate_retrieval_20260923/retrieval_strata_report.json,6e5dc6b50d952f9aa4c113967ff5c26d3cc23b37c6c29a3766a30faa61e6a0ce,stability.gpt2-xl.contrasts.C_G_T_M1|C_G_T.<seed>.strata.source_provenance.bands.source_tsuboyama_2023
stability,C_G_T_M1|C_G_T,gpt2-xl,family_band,close_multi_member_group,20260923,-0.0002524818434276093,-0.0007385232787491178,0.00010940754993012207,unresolved_interval_crosses_zero,28,48.20142480726066,0,0,3,archive/logs/R5/gate_retrieval_20260923/retrieval_strata_report.json,6e5dc6b50d952f9aa4c113967ff5c26d3cc23b37c6c29a3766a30faa61e6a0ce,stability.gpt2-xl.contrasts.C_G_T_M1|C_G_T.<seed>.strata.family_band.bands.close_multi_member_group
stability,C_G_T_M1|C_G_T,gpt2-xl,family_band,remote_singleton_group,20260923,0.0001225558707287706,-0.0002546148462626547,0.00044751969727758724,unresolved_interval_crosses_zero,36,83.96146118432502,0,1,3,archive/logs/R5/gate_retrieval_20260923/retrieval_strata_report.json,6e5dc6b50d952f9aa4c113967ff5c26d3cc23b37c6c29a3766a30faa61e6a0ce,stability.gpt2-xl.contrasts.C_G_T_M1|C_G_T.<seed>.strata.family_band.bands.remote_singleton_group
stability,C_G_T_M1|C_G_T,instructprotein,full_support,,20260923,-0.00026721513163316087,-0.0013867845558007237,0.0005935076011162845,unresolved_interval_crosses_zero,64,129.20837040546317,0,0,3,archive/logs/R5/gate_retrieval_20260923/retrieval_strata_report.json,6e5dc6b50d952f9aa4c113967ff5c26d3cc23b37c6c29a3766a30faa61e6a0ce,stability.instructprotein.contrasts.C_G_T_M1|C_G_T.<seed>.full_support
stability,C_G_T_M1|C_G_T,instructprotein,near_duplicate,near_duplicate_absent,20260923,-0.0011349090172268577,-0.003349280036642199,0.0007879884070106998,unresolved_interval_crosses_zero,15,24.355670103092773,0,0,3,archive/logs/R5/gate_retrieval_20260923/retrieval_strata_report.json,6e5dc6b50d952f9aa4c113967ff5c26d3cc23b37c6c29a3766a30faa61e6a0ce,stability.instructprotein.contrasts.C_G_T_M1|C_G_T.<seed>.strata.near_duplicate.bands.near_duplicate_absent
stability,C_G_T_M1|C_G_T,instructprotein,near_duplicate,near_duplicate_present,20260923,-1.5945544106006484e-06,-0.0011658323712011552,0.0008731906413014268,unresolved_interval_crosses_zero,49,106.88860623257176,0,0,3,archive/logs/R5/gate_retrieval_20260923/retrieval_strata_report.json,6e5dc6b50d952f9aa4c113967ff5c26d3cc23b37c6c29a3766a30faa61e6a0ce,stability.instructprotein.contrasts.C_G_T_M1|C_G_T.<seed>.strata.near_duplicate.bands.near_duplicate_present
stability,C_G_T_M1|C_G_T,instructprotein,identity_band,ge95_near_duplicate,20260923,-1.5945544106006484e-06,-0.0011658323712011552,0.0008731906413014268,unresolved_interval_crosses_zero,49,106.88860623257176,0,0,3,archive/logs/R5/gate_retrieval_20260923/retrieval_strata_report.json,6e5dc6b50d952f9aa4c113967ff5c26d3cc23b37c6c29a3766a30faa61e6a0ce,stability.instructprotein.contrasts.C_G_T_M1|C_G_T.<seed>.strata.identity_band.bands.ge95_near_duplicate
stability,C_G_T_M1|C_G_T,instructprotein,identity_band,id30_to_70_remote_homology,20260923,0.0012274781925660505,,,unresolved_thin_support,2,3.2,0,0,3,archive/logs/R5/gate_retrieval_20260923/retrieval_strata_report.json,6e5dc6b50d952f9aa4c113967ff5c26d3cc23b37c6c29a3766a30faa61e6a0ce,stability.instructprotein.contrasts.C_G_T_M1|C_G_T.<seed>.strata.identity_band.bands.id30_to_70_remote_homology
stability,C_G_T_M1|C_G_T,instructprotein,identity_band,id70_to_95_close_homology,20260923,-0.0015212988987396495,-0.0042928640995174225,0.0006908402374415273,unresolved_interval_crosses_zero,12,19.23052464228936,0,0,3,archive/logs/R5/gate_retrieval_20260923/retrieval_strata_report.json,6e5dc6b50d952f9aa4c113967ff5c26d3cc23b37c6c29a3766a30faa61e6a0ce,stability.instructprotein.contrasts.C_G_T_M1|C_G_T.<seed>.strata.identity_band.bands.id70_to_95_close_homology
stability,C_G_T_M1|C_G_T,instructprotein,identity_band,lt30_no_detectable_homology,20260923,-0.0012230048586591713,,,unresolved_thin_support,1,2.0,0,0,3,archive/logs/R5/gate_retrieval_20260923/retrieval_strata_report.json,6e5dc6b50d952f9aa4c113967ff5c26d3cc23b37c6c29a3766a30faa61e6a0ce,stability.instructprotein.contrasts.C_G_T_M1|C_G_T.<seed>.strata.identity_band.bands.lt30_no_detectable_homology
stability,C_G_T_M1|C_G_T,instructprotein,depth_band,neff_100_1000,20260923,-0.000956992358349225,-0.002781436205155195,0.0005456613956962546,unresolved_interval_crosses_zero,21,43.8840625493603,0,0,3,archive/logs/R5/gate_retrieval_20260923/retrieval_strata_report.json,6e5dc6b50d952f9aa4c113967ff5c26d3cc23b37c6c29a3766a30faa61e6a0ce,stability.instructprotein.contrasts.C_G_T_M1|C_G_T.<seed>.strata.depth_band.bands.neff_100_1000
stability,C_G_T_M1|C_G_T,instructprotein,depth_band,neff_10_100,20260923,0.0007764122585122147,0.00012644335474613902,0.0013780382727634707,resolved,25,48.810199245736406,3,0,3,archive/logs/R5/gate_retrieval_20260923/retrieval_strata_report.json,6e5dc6b50d952f9aa4c113967ff5c26d3cc23b37c6c29a3766a30faa61e6a0ce,stability.instructprotein.contrasts.C_G_T_M1|C_G_T.<seed>.strata.depth_band.bands.neff_10_100
stability,C_G_T_M1|C_G_T,instructprotein,depth_band,neff_ge1000,20260923,-0.0002406588160752491,,,unresolved_thin_support,6,11.984147952443857,0,0,3,archive/logs/R5/gate_retrieval_20260923/retrieval_strata_report.json,6e5dc6b50d952f9aa4c113967ff5c26d3cc23b37c6c29a3766a30faa61e6a0ce,stability.instructprotein.contrasts.C_G_T_M1|C_G_T.<seed>.strata.depth_band.bands.neff_ge1000
stability,C_G_T_M1|C_G_T,instructprotein,depth_band,neff_lt10,20260923,-0.0012498434188075698,-0.00552920070649653,0.0015344353053281586,unresolved_interval_crosses_zero,11,22.647058823529417,0,0,3,archive/logs/R5/gate_retrieval_20260923/retrieval_strata_report.json,6e5dc6b50d952f9aa4c113967ff5c26d3cc23b37c6c29a3766a30faa61e6a0ce,stability.instructprotein.contrasts.C_G_T_M1|C_G_T.<seed>.strata.depth_band.bands.neff_lt10
stability,C_G_T_M1|C_G_T,instructprotein,depth_band,no_homolog_support,20260923,-0.0012230048586591713,,,unresolved_thin_support,1,2.0,0,0,3,archive/logs/R5/gate_retrieval_20260923/retrieval_strata_report.json,6e5dc6b50d952f9aa4c113967ff5c26d3cc23b37c6c29a3766a30faa61e6a0ce,stability.instructprotein.contrasts.C_G_T_M1|C_G_T.<seed>.strata.depth_band.bands.no_homolog_support
stability,C_G_T_M1|C_G_T,instructprotein,source_provenance,source_other,20260923,,,,unresolved_thin_support,0,0.0,0,0,3,archive/logs/R5/gate_retrieval_20260923/retrieval_strata_report.json,6e5dc6b50d952f9aa4c113967ff5c26d3cc23b37c6c29a3766a30faa61e6a0ce,stability.instructprotein.contrasts.C_G_T_M1|C_G_T.<seed>.strata.source_provenance.bands.source_other
stability,C_G_T_M1|C_G_T,instructprotein,source_provenance,source_tsuboyama_2023,20260923,-0.00026721513163316087,-0.0013867845558007237,0.0005935076011162845,unresolved_interval_crosses_zero,64,129.20837040546317,0,0,3,archive/logs/R5/gate_retrieval_20260923/retrieval_strata_report.json,6e5dc6b50d952f9aa4c113967ff5c26d3cc23b37c6c29a3766a30faa61e6a0ce,stability.instructprotein.contrasts.C_G_T_M1|C_G_T.<seed>.strata.source_provenance.bands.source_tsuboyama_2023
stability,C_G_T_M1|C_G_T,instructprotein,family_band,close_multi_member_group,20260923,-0.0014408681863826087,-0.003722752713219062,0.0002580039144388166,unresolved_interval_crosses_zero,28,48.20142480726066,0,0,3,archive/logs/R5/gate_retrieval_20260923/retrieval_strata_report.json,6e5dc6b50d952f9aa4c113967ff5c26d3cc23b37c6c29a3766a30faa61e6a0ce,stability.instructprotein.contrasts.C_G_T_M1|C_G_T.<seed>.strata.family_band.bands.close_multi_member_group
stability,C_G_T_M1|C_G_T,instructprotein,family_band,remote_singleton_group,20260923,0.0006456261331719652,3.673825566337798e-05,0.0012149892642781064,resolved,36,83.96146118432502,3,0,3,archive/logs/R5/gate_retrieval_20260923/retrieval_strata_report.json,6e5dc6b50d952f9aa4c113967ff5c26d3cc23b37c6c29a3766a30faa61e6a0ce,stability.instructprotein.contrasts.C_G_T_M1|C_G_T.<seed>.strata.family_band.bands.remote_singleton_group
stability,C_G_T_M1|C_G_T,llama-2-7b,full_support,,20260923,-1.569589220079201e-05,-0.0003572929572335548,0.0002982110009978641,unresolved_interval_crosses_zero,64,129.20837040546317,0,0,3,archive/logs/R5/gate_retrieval_20260923/retrieval_strata_report.json,6e5dc6b50d952f9aa4c113967ff5c26d3cc23b37c6c29a3766a30faa61e6a0ce,stability.llama-2-7b.contrasts.C_G_T_M1|C_G_T.<seed>.full_support
stability,C_G_T_M1|C_G_T,llama-2-7b,near_duplicate,near_duplicate_absent,20260923,7.409907946382225e-05,-0.000549007442194483,0.0006940905801086747,unresolved_interval_crosses_zero,15,24.355670103092773,0,0,3,archive/logs/R5/gate_retrieval_20260923/retrieval_strata_report.json,6e5dc6b50d952f9aa4c113967ff5c26d3cc23b37c6c29a3766a30faa61e6a0ce,stability.llama-2-7b.contrasts.C_G_T_M1|C_G_T.<seed>.strata.near_duplicate.bands.near_duplicate_absent
stability,C_G_T_M1|C_G_T,llama-2-7b,near_duplicate,near_duplicate_present,20260923,-4.3184148832816783e-05,-0.0004319572799265559,0.00032173032886984227,unresolved_interval_crosses_zero,49,106.88860623257176,0,0,3,archive/logs/R5/gate_retrieval_20260923/retrieval_strata_report.json,6e5dc6b50d952f9aa4c113967ff5c26d3cc23b37c6c29a3766a30faa61e6a0ce,stability.llama-2-7b.contrasts.C_G_T_M1|C_G_T.<seed>.strata.near_duplicate.bands.near_duplicate_present
stability,C_G_T_M1|C_G_T,llama-2-7b,identity_band,ge95_near_duplicate,20260923,-4.3184148832816783e-05,-0.0004319572799265559,0.00032173032886984227,unresolved_interval_crosses_zero,49,106.88860623257176,0,0,3,archive/logs/R5/gate_retrieval_20260923/retrieval_strata_report.json,6e5dc6b50d952f9aa4c113967ff5c26d3cc23b37c6c29a3766a30faa61e6a0ce,stability.llama-2-7b.contrasts.C_G_T_M1|C_G_T.<seed>.strata.identity_band.bands.ge95_near_duplicate
stability,C_G_T_M1|C_G_T,llama-2-7b,identity_band,id30_to_70_remote_homology,20260923,1.4445700422860419e-05,,,unresolved_thin_support,2,3.2,0,0,3,archive/logs/R5/gate_retrieval_20260923/retrieval_strata_report.json,6e5dc6b50d952f9aa4c113967ff5c26d3cc23b37c6c29a3766a30faa61e6a0ce,stability.llama-2-7b.contrasts.C_G_T_M1|C_G_T.<seed>.strata.identity_band.bands.id30_to_70_remote_homology
stability,C_G_T_M1|C_G_T,llama-2-7b,identity_band,id70_to_95_close_homology,20260923,0.00020494109889091874,-0.0003551857740060091,0.0007512635075330584,unresolved_interval_crosses_zero,12,19.23052464228936,0,0,3,archive/logs/R5/gate_retrieval_20260923/retrieval_strata_report.json,6e5dc6b50d952f9aa4c113967ff5c26d3cc23b37c6c29a3766a30faa61e6a0ce,stability.llama-2-7b.contrasts.C_G_T_M1|C_G_T.<seed>.strata.identity_band.bands.id70_to_95_close_homology
stability,C_G_T_M1|C_G_T,llama-2-7b,identity_band,lt30_no_detectable_homology,20260923,-0.001376698395579412,,,unresolved_thin_support,1,2.0,0,0,3,archive/logs/R5/gate_retrieval_20260923/retrieval_strata_report.json,6e5dc6b50d952f9aa4c113967ff5c26d3cc23b37c6c29a3766a30faa61e6a0ce,stability.llama-2-7b.contrasts.C_G_T_M1|C_G_T.<seed>.strata.identity_band.bands.lt30_no_detectable_homology
stability,C_G_T_M1|C_G_T,llama-2-7b,depth_band,neff_100_1000,20260923,-0.00043909979738627575,-0.0011682397764426293,0.00024683591941678776,unresolved_interval_crosses_zero,21,43.8840625493603,0,0,3,archive/logs/R5/gate_retrieval_20260923/retrieval_strata_report.json,6e5dc6b50d952f9aa4c113967ff5c26d3cc23b37c6c29a3766a30faa61e6a0ce,stability.llama-2-7b.contrasts.C_G_T_M1|C_G_T.<seed>.strata.depth_band.bands.neff_100_1000
stability,C_G_T_M1|C_G_T,llama-2-7b,depth_band,neff_10_100,20260923,9.619134633515547e-05,-0.00019052687009113326,0.0003863550942061628,unresolved_interval_crosses_zero,25,48.810199245736406,0,0,3,archive/logs/R5/gate_retrieval_20260923/retrieval_strata_report.json,6e5dc6b50d952f9aa4c113967ff5c26d3cc23b37c6c29a3766a30faa61e6a0ce,stability.llama-2-7b.contrasts.C_G_T_M1|C_G_T.<seed>.strata.depth_band.bands.neff_10_100
stability,C_G_T_M1|C_G_T,llama-2-7b,depth_band,neff_ge1000,20260923,-0.00013675826358020468,,,unresolved_thin_support,6,11.984147952443857,0,0,3,archive/logs/R5/gate_retrieval_20260923/retrieval_strata_report.json,6e5dc6b50d952f9aa4c113967ff5c26d3cc23b37c6c29a3766a30faa61e6a0ce,stability.llama-2-7b.contrasts.C_G_T_M1|C_G_T.<seed>.strata.depth_band.bands.neff_ge1000
stability,C_G_T_M1|C_G_T,llama-2-7b,depth_band,neff_lt10,20260923,0.0007280929966311686,-0.0001414204645739021,0.0015363138847223686,unresolved_interval_crosses_zero,11,22.647058823529417,2,0,3,archive/logs/R5/gate_retrieval_20260923/retrieval_strata_report.json,6e5dc6b50d952f9aa4c113967ff5c26d3cc23b37c6c29a3766a30faa61e6a0ce,stability.llama-2-7b.contrasts.C_G_T_M1|C_G_T.<seed>.strata.depth_band.bands.neff_lt10
stability,C_G_T_M1|C_G_T,llama-2-7b,depth_band,no_homolog_support,20260923,-0.001376698395579412,,,unresolved_thin_support,1,2.0,0,0,3,archive/logs/R5/gate_retrieval_20260923/retrieval_strata_report.json,6e5dc6b50d952f9aa4c113967ff5c26d3cc23b37c6c29a3766a30faa61e6a0ce,stability.llama-2-7b.contrasts.C_G_T_M1|C_G_T.<seed>.strata.depth_band.bands.no_homolog_support
stability,C_G_T_M1|C_G_T,llama-2-7b,source_provenance,source_other,20260923,,,,unresolved_thin_support,0,0.0,0,0,3,archive/logs/R5/gate_retrieval_20260923/retrieval_strata_report.json,6e5dc6b50d952f9aa4c113967ff5c26d3cc23b37c6c29a3766a30faa61e6a0ce,stability.llama-2-7b.contrasts.C_G_T_M1|C_G_T.<seed>.strata.source_provenance.bands.source_other
stability,C_G_T_M1|C_G_T,llama-2-7b,source_provenance,source_tsuboyama_2023,20260923,-1.569589220079201e-05,-0.0003572929572335548,0.0002982110009978641,unresolved_interval_crosses_zero,64,129.20837040546317,0,0,3,archive/logs/R5/gate_retrieval_20260923/retrieval_strata_report.json,6e5dc6b50d952f9aa4c113967ff5c26d3cc23b37c6c29a3766a30faa61e6a0ce,stability.llama-2-7b.contrasts.C_G_T_M1|C_G_T.<seed>.strata.source_provenance.bands.source_tsuboyama_2023
stability,C_G_T_M1|C_G_T,llama-2-7b,family_band,close_multi_member_group,20260923,3.4497590080816944e-05,-0.0004421332146295622,0.0004648472073778139,unresolved_interval_crosses_zero,28,48.20142480726066,0,0,3,archive/logs/R5/gate_retrieval_20260923/retrieval_strata_report.json,6e5dc6b50d952f9aa4c113967ff5c26d3cc23b37c6c29a3766a30faa61e6a0ce,stability.llama-2-7b.contrasts.C_G_T_M1|C_G_T.<seed>.strata.family_band.bands.close_multi_member_group
stability,C_G_T_M1|C_G_T,llama-2-7b,family_band,remote_singleton_group,20260923,-5.473526730871009e-05,-0.0005195294901812392,0.00039311654198201655,unresolved_interval_crosses_zero,36,83.96146118432502,0,0,3,archive/logs/R5/gate_retrieval_20260923/retrieval_strata_report.json,6e5dc6b50d952f9aa4c113967ff5c26d3cc23b37c6c29a3766a30faa61e6a0ce,stability.llama-2-7b.contrasts.C_G_T_M1|C_G_T.<seed>.strata.family_band.bands.remote_singleton_group
stability,C_G_T_M1|C_G_T,llama-3.2-3b,full_support,,20260923,-0.000423681182631552,-0.0008298321280429423,-5.7314797046646884e-05,resolved,64,129.20837040546317,0,1,3,archive/logs/R5/gate_retrieval_20260923/retrieval_strata_report.json,6e5dc6b50d952f9aa4c113967ff5c26d3cc23b37c6c29a3766a30faa61e6a0ce,stability.llama-3.2-3b.contrasts.C_G_T_M1|C_G_T.<seed>.full_support
stability,C_G_T_M1|C_G_T,llama-3.2-3b,near_duplicate,near_duplicate_absent,20260923,-0.0003052236127457586,-0.0009192178672014308,0.0003631009297505226,unresolved_interval_crosses_zero,15,24.355670103092773,0,0,3,archive/logs/R5/gate_retrieval_20260923/retrieval_strata_report.json,6e5dc6b50d952f9aa4c113967ff5c26d3cc23b37c6c29a3766a30faa61e6a0ce,stability.llama-3.2-3b.contrasts.C_G_T_M1|C_G_T.<seed>.strata.near_duplicate.bands.near_duplicate_absent
stability,C_G_T_M1|C_G_T,llama-3.2-3b,near_duplicate,near_duplicate_present,20260923,-0.0004599437040251622,-0.0009458235767371812,-4.80976964992262e-05,resolved,49,106.88860623257176,0,2,3,archive/logs/R5/gate_retrieval_20260923/retrieval_strata_report.json,6e5dc6b50d952f9aa4c113967ff5c26d3cc23b37c6c29a3766a30faa61e6a0ce,stability.llama-3.2-3b.contrasts.C_G_T_M1|C_G_T.<seed>.strata.near_duplicate.bands.near_duplicate_present
stability,C_G_T_M1|C_G_T,llama-3.2-3b,identity_band,ge95_near_duplicate,20260923,-0.0004599437040251622,-0.0009458235767371812,-4.80976964992262e-05,resolved,49,106.88860623257176,0,2,3,archive/logs/R5/gate_retrieval_20260923/retrieval_strata_report.json,6e5dc6b50d952f9aa4c113967ff5c26d3cc23b37c6c29a3766a30faa61e6a0ce,stability.llama-3.2-3b.contrasts.C_G_T_M1|C_G_T.<seed>.strata.identity_band.bands.ge95_near_duplicate
stability,C_G_T_M1|C_G_T,llama-3.2-3b,identity_band,id30_to_70_remote_homology,20260923,7.315901352064613e-05,,,unresolved_thin_support,2,3.2,0,0,3,archive/logs/R5/gate_retrieval_20260923/retrieval_strata_report.json,6e5dc6b50d952f9aa4c113967ff5c26d3cc23b37c6c29a3766a30faa61e6a0ce,stability.llama-3.2-3b.contrasts.C_G_T_M1|C_G_T.<seed>.strata.identity_band.bands.id30_to_70_remote_homology
stability,C_G_T_M1|C_G_T,llama-3.2-3b,identity_band,id70_to_95_close_homology,20260923,-0.00030190786579341555,-0.0010462382219645508,0.0005086121053213256,unresolved_interval_crosses_zero,12,19.23052464228936,0,0,3,archive/logs/R5/gate_retrieval_20260923/retrieval_strata_report.json,6e5dc6b50d952f9aa4c113967ff5c26d3cc23b37c6c29a3766a30faa61e6a0ce,stability.llama-3.2-3b.contrasts.C_G_T_M1|C_G_T.<seed>.strata.identity_band.bands.id70_to_95_close_homology
stability,C_G_T_M1|C_G_T,llama-3.2-3b,identity_band,lt30_no_detectable_homology,20260923,-0.0011017778287066848,,,unresolved_thin_support,1,2.0,0,0,3,archive/logs/R5/gate_retrieval_20260923/retrieval_strata_report.json,6e5dc6b50d952f9aa4c113967ff5c26d3cc23b37c6c29a3766a30faa61e6a0ce,stability.llama-3.2-3b.contrasts.C_G_T_M1|C_G_T.<seed>.strata.identity_band.bands.lt30_no_detectable_homology
stability,C_G_T_M1|C_G_T,llama-3.2-3b,depth_band,neff_100_1000,20260923,-0.000340205518448453,-0.0014325983919457144,0.0004963569876095747,unresolved_interval_crosses_zero,21,43.8840625493603,0,0,3,archive/logs/R5/gate_retrieval_20260923/retrieval_strata_report.json,6e5dc6b50d952f9aa4c113967ff5c26d3cc23b37c6c29a3766a30faa61e6a0ce,stability.llama-3.2-3b.contrasts.C_G_T_M1|C_G_T.<seed>.strata.depth_band.bands.neff_100_1000
stability,C_G_T_M1|C_G_T,llama-3.2-3b,depth_band,neff_10_100,20260923,-0.0005703119822493985,-0.001038366891139996,-0.00013978956803315418,resolved,25,48.810199245736406,0,2,3,archive/logs/R5/gate_retrieval_20260923/retrieval_strata_report.json,6e5dc6b50d952f9aa4c113967ff5c26d3cc23b37c6c29a3766a30faa61e6a0ce,stability.llama-3.2-3b.contrasts.C_G_T_M1|C_G_T.<seed>.strata.depth_band.bands.neff_10_100
stability,C_G_T_M1|C_G_T,llama-3.2-3b,depth_band,neff_ge1000,20260923,-0.0003993588860351921,,,unresolved_thin_support,6,11.984147952443857,0,0,3,archive/logs/R5/gate_retrieval_20260923/retrieval_strata_report.json,6e5dc6b50d952f9aa4c113967ff5c26d3cc23b37c6c29a3766a30faa61e6a0ce,stability.llama-3.2-3b.contrasts.C_G_T_M1|C_G_T.<seed>.strata.depth_band.bands.neff_ge1000
stability,C_G_T_M1|C_G_T,llama-3.2-3b,depth_band,neff_lt10,20260923,-0.00020141355453172865,-0.000513206352425219,6.946406461914995e-05,unresolved_interval_crosses_zero,11,22.647058823529417,0,1,3,archive/logs/R5/gate_retrieval_20260923/retrieval_strata_report.json,6e5dc6b50d952f9aa4c113967ff5c26d3cc23b37c6c29a3766a30faa61e6a0ce,stability.llama-3.2-3b.contrasts.C_G_T_M1|C_G_T.<seed>.strata.depth_band.bands.neff_lt10
stability,C_G_T_M1|C_G_T,llama-3.2-3b,depth_band,no_homolog_support,20260923,-0.0011017778287066848,,,unresolved_thin_support,1,2.0,0,0,3,archive/logs/R5/gate_retrieval_20260923/retrieval_strata_report.json,6e5dc6b50d952f9aa4c113967ff5c26d3cc23b37c6c29a3766a30faa61e6a0ce,stability.llama-3.2-3b.contrasts.C_G_T_M1|C_G_T.<seed>.strata.depth_band.bands.no_homolog_support
stability,C_G_T_M1|C_G_T,llama-3.2-3b,source_provenance,source_other,20260923,,,,unresolved_thin_support,0,0.0,0,0,3,archive/logs/R5/gate_retrieval_20260923/retrieval_strata_report.json,6e5dc6b50d952f9aa4c113967ff5c26d3cc23b37c6c29a3766a30faa61e6a0ce,stability.llama-3.2-3b.contrasts.C_G_T_M1|C_G_T.<seed>.strata.source_provenance.bands.source_other
stability,C_G_T_M1|C_G_T,llama-3.2-3b,source_provenance,source_tsuboyama_2023,20260923,-0.000423681182631552,-0.0008298321280429423,-5.7314797046646884e-05,resolved,64,129.20837040546317,0,1,3,archive/logs/R5/gate_retrieval_20260923/retrieval_strata_report.json,6e5dc6b50d952f9aa4c113967ff5c26d3cc23b37c6c29a3766a30faa61e6a0ce,stability.llama-3.2-3b.contrasts.C_G_T_M1|C_G_T.<seed>.strata.source_provenance.bands.source_tsuboyama_2023
stability,C_G_T_M1|C_G_T,llama-3.2-3b,family_band,close_multi_member_group,20260923,-0.00021941438867286386,-0.00060320418809819,0.00018034349436343202,unresolved_interval_crosses_zero,28,48.20142480726066,0,0,3,archive/logs/R5/gate_retrieval_20260923/retrieval_strata_report.json,6e5dc6b50d952f9aa4c113967ff5c26d3cc23b37c6c29a3766a30faa61e6a0ce,stability.llama-3.2-3b.contrasts.C_G_T_M1|C_G_T.<seed>.strata.family_band.bands.close_multi_member_group
stability,C_G_T_M1|C_G_T,llama-3.2-3b,family_band,remote_singleton_group,20260923,-0.0005825553557105317,-0.0012331926657411952,-5.747329889472333e-05,resolved,36,83.96146118432502,0,2,3,archive/logs/R5/gate_retrieval_20260923/retrieval_strata_report.json,6e5dc6b50d952f9aa4c113967ff5c26d3cc23b37c6c29a3766a30faa61e6a0ce,stability.llama-3.2-3b.contrasts.C_G_T_M1|C_G_T.<seed>.strata.family_band.bands.remote_singleton_group
stability,C_G_T_M1|C_G_T,progen2-base,full_support,,20260923,0.0009818714330843358,-0.0014259191187305123,0.00333427578427158,unresolved_interval_crosses_zero,64,129.20837040546317,0,0,3,archive/logs/R5/gate_retrieval_20260923/retrieval_strata_report.json,6e5dc6b50d952f9aa4c113967ff5c26d3cc23b37c6c29a3766a30faa61e6a0ce,stability.progen2-base.contrasts.C_G_T_M1|C_G_T.<seed>.full_support
stability,C_G_T_M1|C_G_T,progen2-base,near_duplicate,near_duplicate_absent,20260923,-0.000812826059793742,-0.0042064330072624475,0.0024803503045220934,unresolved_interval_crosses_zero,15,24.355670103092773,0,0,3,archive/logs/R5/gate_retrieval_20260923/retrieval_strata_report.json,6e5dc6b50d952f9aa4c113967ff5c26d3cc23b37c6c29a3766a30faa61e6a0ce,stability.progen2-base.contrasts.C_G_T_M1|C_G_T.<seed>.strata.near_duplicate.bands.near_duplicate_absent
stability,C_G_T_M1|C_G_T,progen2-base,near_duplicate,near_duplicate_present,20260923,0.0015312686247817065,-0.0015006190711353052,0.004385310338938045,unresolved_interval_crosses_zero,49,106.88860623257176,0,0,3,archive/logs/R5/gate_retrieval_20260923/retrieval_strata_report.json,6e5dc6b50d952f9aa4c113967ff5c26d3cc23b37c6c29a3766a30faa61e6a0ce,stability.progen2-base.contrasts.C_G_T_M1|C_G_T.<seed>.strata.near_duplicate.bands.near_duplicate_present
stability,C_G_T_M1|C_G_T,progen2-base,identity_band,ge95_near_duplicate,20260923,0.0015312686247817065,-0.0015006190711353052,0.004385310338938045,unresolved_interval_crosses_zero,49,106.88860623257176,0,0,3,archive/logs/R5/gate_retrieval_20260923/retrieval_strata_report.json,6e5dc6b50d952f9aa4c113967ff5c26d3cc23b37c6c29a3766a30faa61e6a0ce,stability.progen2-base.contrasts.C_G_T_M1|C_G_T.<seed>.strata.identity_band.bands.ge95_near_duplicate
stability,C_G_T_M1|C_G_T,progen2-base,identity_band,id30_to_70_remote_homology,20260923,0.0014269935174086867,,,unresolved_thin_support,2,3.2,0,0,3,archive/logs/R5/gate_retrieval_20260923/retrieval_strata_report.json,6e5dc6b50d952f9aa4c113967ff5c26d3cc23b37c6c29a3766a30faa61e6a0ce,stability.progen2-base.contrasts.C_G_T_M1|C_G_T.<seed>.strata.identity_band.bands.id30_to_70_remote_homology
stability,C_G_T_M1|C_G_T,progen2-base,identity_band,id70_to_95_close_homology,20260923,-0.0012547734963791121,-0.005717581279499502,0.0028629608607029767,unresolved_interval_crosses_zero,12,19.23052464228936,0,0,3,archive/logs/R5/gate_retrieval_20260923/retrieval_strata_report.json,6e5dc6b50d952f9aa4c113967ff5c26d3cc23b37c6c29a3766a30faa61e6a0ce,stability.progen2-base.contrasts.C_G_T_M1|C_G_T.<seed>.strata.identity_band.bands.id70_to_95_close_homology
stability,C_G_T_M1|C_G_T,progen2-base,identity_band,lt30_no_detectable_homology,20260923,1.0904024825841852e-05,,,unresolved_thin_support,1,2.0,0,0,3,archive/logs/R5/gate_retrieval_20260923/retrieval_strata_report.json,6e5dc6b50d952f9aa4c113967ff5c26d3cc23b37c6c29a3766a30faa61e6a0ce,stability.progen2-base.contrasts.C_G_T_M1|C_G_T.<seed>.strata.identity_band.bands.lt30_no_detectable_homology
stability,C_G_T_M1|C_G_T,progen2-base,depth_band,neff_100_1000,20260923,0.0004209596704698237,-0.005291101738388165,0.005625529202731791,unresolved_interval_crosses_zero,21,43.8840625493603,0,0,3,archive/logs/R5/gate_retrieval_20260923/retrieval_strata_report.json,6e5dc6b50d952f9aa4c113967ff5c26d3cc23b37c6c29a3766a30faa61e6a0ce,stability.progen2-base.contrasts.C_G_T_M1|C_G_T.<seed>.strata.depth_band.bands.neff_100_1000
stability,C_G_T_M1|C_G_T,progen2-base,depth_band,neff_10_100,20260923,0.00013578151259200033,-0.0028942480872009837,0.0034858058362564983,unresolved_interval_crosses_zero,25,48.810199245736406,0,0,3,archive/logs/R5/gate_retrieval_20260923/retrieval_strata_report.json,6e5dc6b50d952f9aa4c113967ff5c26d3cc23b37c6c29a3766a30faa61e6a0ce,stability.progen2-base.contrasts.C_G_T_M1|C_G_T.<seed>.strata.depth_band.bands.neff_10_100
stability,C_G_T_M1|C_G_T,progen2-base,depth_band,neff_ge1000,20260923,0.0013011090464705815,,,unresolved_thin_support,6,11.984147952443857,0,0,3,archive/logs/R5/gate_retrieval_20260923/retrieval_strata_report.json,6e5dc6b50d952f9aa4c113967ff5c26d3cc23b37c6c29a3766a30faa61e6a0ce,stability.progen2-base.contrasts.C_G_T_M1|C_G_T.<seed>.strata.depth_band.bands.neff_ge1000
stability,C_G_T_M1|C_G_T,progen2-base,depth_band,neff_lt10,20260923,0.0038897747744619867,0.001017514336865744,0.006585421641106423,resolved,11,22.647058823529417,3,0,3,archive/logs/R5/gate_retrieval_20260923/retrieval_strata_report.json,6e5dc6b50d952f9aa4c113967ff5c26d3cc23b37c6c29a3766a30faa61e6a0ce,stability.progen2-base.contrasts.C_G_T_M1|C_G_T.<seed>.strata.depth_band.bands.neff_lt10
stability,C_G_T_M1|C_G_T,progen2-base,depth_band,no_homolog_support,20260923,1.0904024825841852e-05,,,unresolved_thin_support,1,2.0,0,0,3,archive/logs/R5/gate_retrieval_20260923/retrieval_strata_report.json,6e5dc6b50d952f9aa4c113967ff5c26d3cc23b37c6c29a3766a30faa61e6a0ce,stability.progen2-base.contrasts.C_G_T_M1|C_G_T.<seed>.strata.depth_band.bands.no_homolog_support
stability,C_G_T_M1|C_G_T,progen2-base,source_provenance,source_other,20260923,,,,unresolved_thin_support,0,0.0,0,0,3,archive/logs/R5/gate_retrieval_20260923/retrieval_strata_report.json,6e5dc6b50d952f9aa4c113967ff5c26d3cc23b37c6c29a3766a30faa61e6a0ce,stability.progen2-base.contrasts.C_G_T_M1|C_G_T.<seed>.strata.source_provenance.bands.source_other
stability,C_G_T_M1|C_G_T,progen2-base,source_provenance,source_tsuboyama_2023,20260923,0.0009818714330843358,-0.0014259191187305123,0.00333427578427158,unresolved_interval_crosses_zero,64,129.20837040546317,0,0,3,archive/logs/R5/gate_retrieval_20260923/retrieval_strata_report.json,6e5dc6b50d952f9aa4c113967ff5c26d3cc23b37c6c29a3766a30faa61e6a0ce,stability.progen2-base.contrasts.C_G_T_M1|C_G_T.<seed>.strata.source_provenance.bands.source_tsuboyama_2023
stability,C_G_T_M1|C_G_T,progen2-base,family_band,close_multi_member_group,20260923,0.0018028872084228317,-0.0009644402744862206,0.0047114150961217,unresolved_interval_crosses_zero,28,48.20142480726066,0,0,3,archive/logs/R5/gate_retrieval_20260923/retrieval_strata_report.json,6e5dc6b50d952f9aa4c113967ff5c26d3cc23b37c6c29a3766a30faa61e6a0ce,stability.progen2-base.contrasts.C_G_T_M1|C_G_T.<seed>.strata.family_band.bands.close_multi_member_group
stability,C_G_T_M1|C_G_T,progen2-base,family_band,remote_singleton_group,20260923,0.00034330360782106127,-0.003225056562132718,0.0036924220270408074,unresolved_interval_crosses_zero,36,83.96146118432502,0,0,3,archive/logs/R5/gate_retrieval_20260923/retrieval_strata_report.json,6e5dc6b50d952f9aa4c113967ff5c26d3cc23b37c6c29a3766a30faa61e6a0ce,stability.progen2-base.contrasts.C_G_T_M1|C_G_T.<seed>.strata.family_band.bands.remote_singleton_group
stability,C_G_T_M1|C_G_T,progen2-large,full_support,,20260923,0.0034873761273292404,0.0007435518643407073,0.006466406865038156,resolved,64,129.20837040546317,3,0,3,archive/logs/R5/gate_retrieval_20260923/retrieval_strata_report.json,6e5dc6b50d952f9aa4c113967ff5c26d3cc23b37c6c29a3766a30faa61e6a0ce,stability.progen2-large.contrasts.C_G_T_M1|C_G_T.<seed>.full_support
stability,C_G_T_M1|C_G_T,progen2-large,near_duplicate,near_duplicate_absent,20260923,0.004324199939083815,-0.00035134210446265124,0.00924593110626743,unresolved_interval_crosses_zero,15,24.355670103092773,1,0,3,archive/logs/R5/gate_retrieval_20260923/retrieval_strata_report.json,6e5dc6b50d952f9aa4c113967ff5c26d3cc23b37c6c29a3766a30faa61e6a0ce,stability.progen2-large.contrasts.C_G_T_M1|C_G_T.<seed>.strata.near_duplicate.bands.near_duplicate_absent
stability,C_G_T_M1|C_G_T,progen2-large,near_duplicate,near_duplicate_present,20260923,0.0032312055727104936,-0.00025293872502903087,0.0067355184779429,unresolved_interval_crosses_zero,49,106.88860623257176,0,0,3,archive/logs/R5/gate_retrieval_20260923/retrieval_strata_report.json,6e5dc6b50d952f9aa4c113967ff5c26d3cc23b37c6c29a3766a30faa61e6a0ce,stability.progen2-large.contrasts.C_G_T_M1|C_G_T.<seed>.strata.near_duplicate.bands.near_duplicate_present
stability,C_G_T_M1|C_G_T,progen2-large,identity_band,ge95_near_duplicate,20260923,0.0032312055727104936,-0.00025293872502903087,0.0067355184779429,unresolved_interval_crosses_zero,49,106.88860623257176,0,0,3,archive/logs/R5/gate_retrieval_20260923/retrieval_strata_report.json,6e5dc6b50d952f9aa4c113967ff5c26d3cc23b37c6c29a3766a30faa61e6a0ce,stability.progen2-large.contrasts.C_G_T_M1|C_G_T.<seed>.strata.identity_band.bands.ge95_near_duplicate
stability,C_G_T_M1|C_G_T,progen2-large,identity_band,id30_to_70_remote_homology,20260923,0.009913146052978328,,,unresolved_thin_support,2,3.2,0,0,3,archive/logs/R5/gate_retrieval_20260923/retrieval_strata_report.json,6e5dc6b50d952f9aa4c113967ff5c26d3cc23b37c6c29a3766a30faa61e6a0ce,stability.progen2-large.contrasts.C_G_T_M1|C_G_T.<seed>.strata.identity_band.bands.id30_to_70_remote_homology
stability,C_G_T_M1|C_G_T,progen2-large,identity_band,id70_to_95_close_homology,20260923,0.0038274993166849147,-0.0019008311369607888,0.009745885694873363,unresolved_interval_crosses_zero,12,19.23052464228936,0,0,3,archive/logs/R5/gate_retrieval_20260923/retrieval_strata_report.json,6e5dc6b50d952f9aa4c113967ff5c26d3cc23b37c6c29a3766a30faa61e6a0ce,stability.progen2-large.contrasts.C_G_T_M1|C_G_T.<seed>.strata.identity_band.bands.id70_to_95_close_homology
stability,C_G_T_M1|C_G_T,progen2-large,identity_band,lt30_no_detectable_homology,20260923,-0.0008932848199184051,,,unresolved_thin_support,1,2.0,0,0,3,archive/logs/R5/gate_retrieval_20260923/retrieval_strata_report.json,6e5dc6b50d952f9aa4c113967ff5c26d3cc23b37c6c29a3766a30faa61e6a0ce,stability.progen2-large.contrasts.C_G_T_M1|C_G_T.<seed>.strata.identity_band.bands.lt30_no_detectable_homology
stability,C_G_T_M1|C_G_T,progen2-large,depth_band,neff_100_1000,20260923,0.004150478092199534,-0.0022741594761528216,0.011184013684441127,unresolved_interval_crosses_zero,21,43.8840625493603,0,0,3,archive/logs/R5/gate_retrieval_20260923/retrieval_strata_report.json,6e5dc6b50d952f9aa4c113967ff5c26d3cc23b37c6c29a3766a30faa61e6a0ce,stability.progen2-large.contrasts.C_G_T_M1|C_G_T.<seed>.strata.depth_band.bands.neff_100_1000
stability,C_G_T_M1|C_G_T,progen2-large,depth_band,neff_10_100,20260923,0.0015054749121669619,-0.0023768001707378137,0.005052787928899058,unresolved_interval_crosses_zero,25,48.810199245736406,0,0,3,archive/logs/R5/gate_retrieval_20260923/retrieval_strata_report.json,6e5dc6b50d952f9aa4c113967ff5c26d3cc23b37c6c29a3766a30faa61e6a0ce,stability.progen2-large.contrasts.C_G_T_M1|C_G_T.<seed>.strata.depth_band.bands.neff_10_100
stability,C_G_T_M1|C_G_T,progen2-large,depth_band,neff_ge1000,20260923,0.002965628899250968,,,unresolved_thin_support,6,11.984147952443857,0,0,3,archive/logs/R5/gate_retrieval_20260923/retrieval_strata_report.json,6e5dc6b50d952f9aa4c113967ff5c26d3cc23b37c6c29a3766a30faa61e6a0ce,stability.progen2-large.contrasts.C_G_T_M1|C_G_T.<seed>.strata.depth_band.bands.neff_ge1000
stability,C_G_T_M1|C_G_T,progen2-large,depth_band,neff_lt10,20260923,0.007408606439374522,0.0020825837630592606,0.013236370225028854,resolved,11,22.647058823529417,3,0,3,archive/logs/R5/gate_retrieval_20260923/retrieval_strata_report.json,6e5dc6b50d952f9aa4c113967ff5c26d3cc23b37c6c29a3766a30faa61e6a0ce,stability.progen2-large.contrasts.C_G_T_M1|C_G_T.<seed>.strata.depth_band.bands.neff_lt10
stability,C_G_T_M1|C_G_T,progen2-large,depth_band,no_homolog_support,20260923,-0.0008932848199184051,,,unresolved_thin_support,1,2.0,0,0,3,archive/logs/R5/gate_retrieval_20260923/retrieval_strata_report.json,6e5dc6b50d952f9aa4c113967ff5c26d3cc23b37c6c29a3766a30faa61e6a0ce,stability.progen2-large.contrasts.C_G_T_M1|C_G_T.<seed>.strata.depth_band.bands.no_homolog_support
stability,C_G_T_M1|C_G_T,progen2-large,source_provenance,source_other,20260923,,,,unresolved_thin_support,0,0.0,0,0,3,archive/logs/R5/gate_retrieval_20260923/retrieval_strata_report.json,6e5dc6b50d952f9aa4c113967ff5c26d3cc23b37c6c29a3766a30faa61e6a0ce,stability.progen2-large.contrasts.C_G_T_M1|C_G_T.<seed>.strata.source_provenance.bands.source_other
stability,C_G_T_M1|C_G_T,progen2-large,source_provenance,source_tsuboyama_2023,20260923,0.0034873761273292404,0.0007435518643407073,0.006466406865038156,resolved,64,129.20837040546317,3,0,3,archive/logs/R5/gate_retrieval_20260923/retrieval_strata_report.json,6e5dc6b50d952f9aa4c113967ff5c26d3cc23b37c6c29a3766a30faa61e6a0ce,stability.progen2-large.contrasts.C_G_T_M1|C_G_T.<seed>.strata.source_provenance.bands.source_tsuboyama_2023
stability,C_G_T_M1|C_G_T,progen2-large,family_band,close_multi_member_group,20260923,0.004632138895924237,0.0004230891049282614,0.009351800293885573,resolved,28,48.20142480726066,3,0,3,archive/logs/R5/gate_retrieval_20260923/retrieval_strata_report.json,6e5dc6b50d952f9aa4c113967ff5c26d3cc23b37c6c29a3766a30faa61e6a0ce,stability.progen2-large.contrasts.C_G_T_M1|C_G_T.<seed>.strata.family_band.bands.close_multi_member_group
stability,C_G_T_M1|C_G_T,progen2-large,family_band,remote_singleton_group,20260923,0.002597005085088688,-0.001030826363245314,0.006193669631222353,unresolved_interval_crosses_zero,36,83.96146118432502,0,0,3,archive/logs/R5/gate_retrieval_20260923/retrieval_strata_report.json,6e5dc6b50d952f9aa4c113967ff5c26d3cc23b37c6c29a3766a30faa61e6a0ce,stability.progen2-large.contrasts.C_G_T_M1|C_G_T.<seed>.strata.family_band.bands.remote_singleton_group
stability,C_G_T_M1|C_G_T,progen2-medium,full_support,,20260923,0.004258006254038847,0.0011601642025756275,0.007598206879289589,resolved,64,129.20837040546317,3,0,3,archive/logs/R5/gate_retrieval_20260923/retrieval_strata_report.json,6e5dc6b50d952f9aa4c113967ff5c26d3cc23b37c6c29a3766a30faa61e6a0ce,stability.progen2-medium.contrasts.C_G_T_M1|C_G_T.<seed>.full_support
stability,C_G_T_M1|C_G_T,progen2-medium,near_duplicate,near_duplicate_absent,20260923,0.0026615211491020324,-0.0016340650751220029,0.006867734055129498,unresolved_interval_crosses_zero,15,24.355670103092773,0,0,3,archive/logs/R5/gate_retrieval_20260923/retrieval_strata_report.json,6e5dc6b50d952f9aa4c113967ff5c26d3cc23b37c6c29a3766a30faa61e6a0ce,stability.progen2-medium.contrasts.C_G_T_M1|C_G_T.<seed>.strata.near_duplicate.bands.near_duplicate_absent
stability,C_G_T_M1|C_G_T,progen2-medium,near_duplicate,near_duplicate_present,20260923,0.004746726184121546,0.000862161226970691,0.00886848118953512,resolved,49,106.88860623257176,2,0,3,archive/logs/R5/gate_retrieval_20260923/retrieval_strata_report.json,6e5dc6b50d952f9aa4c113967ff5c26d3cc23b37c6c29a3766a30faa61e6a0ce,stability.progen2-medium.contrasts.C_G_T_M1|C_G_T.<seed>.strata.near_duplicate.bands.near_duplicate_present
stability,C_G_T_M1|C_G_T,progen2-medium,identity_band,ge95_near_duplicate,20260923,0.004746726184121546,0.000862161226970691,0.00886848118953512,resolved,49,106.88860623257176,2,0,3,archive/logs/R5/gate_retrieval_20260923/retrieval_strata_report.json,6e5dc6b50d952f9aa4c113967ff5c26d3cc23b37c6c29a3766a30faa61e6a0ce,stability.progen2-medium.contrasts.C_G_T_M1|C_G_T.<seed>.strata.identity_band.bands.ge95_near_duplicate
stability,C_G_T_M1|C_G_T,progen2-medium,identity_band,id30_to_70_remote_homology,20260923,0.006445098156478646,,,unresolved_thin_support,2,3.2,0,0,3,archive/logs/R5/gate_retrieval_20260923/retrieval_strata_report.json,6e5dc6b50d952f9aa4c113967ff5c26d3cc23b37c6c29a3766a30faa61e6a0ce,stability.progen2-medium.contrasts.C_G_T_M1|C_G_T.<seed>.strata.identity_band.bands.id30_to_70_remote_homology
stability,C_G_T_M1|C_G_T,progen2-medium,identity_band,id70_to_95_close_homology,20260923,0.002327954313740256,-0.002980249908927053,0.007482294009190049,unresolved_interval_crosses_zero,12,19.23052464228936,0,0,3,archive/logs/R5/gate_retrieval_20260923/retrieval_strata_report.json,6e5dc6b50d952f9aa4c113967ff5c26d3cc23b37c6c29a3766a30faa61e6a0ce,stability.progen2-medium.contrasts.C_G_T_M1|C_G_T.<seed>.strata.identity_band.bands.id70_to_95_close_homology
stability,C_G_T_M1|C_G_T,progen2-medium,identity_band,lt30_no_detectable_homology,20260923,-0.0009028308413098762,,,unresolved_thin_support,1,2.0,0,0,3,archive/logs/R5/gate_retrieval_20260923/retrieval_strata_report.json,6e5dc6b50d952f9aa4c113967ff5c26d3cc23b37c6c29a3766a30faa61e6a0ce,stability.progen2-medium.contrasts.C_G_T_M1|C_G_T.<seed>.strata.identity_band.bands.lt30_no_detectable_homology
stability,C_G_T_M1|C_G_T,progen2-medium,depth_band,neff_100_1000,20260923,0.0062756723322932965,-0.001277879025277369,0.01414056468081431,unresolved_interval_crosses_zero,21,43.8840625493603,0,0,3,archive/logs/R5/gate_retrieval_20260923/retrieval_strata_report.json,6e5dc6b50d952f9aa4c113967ff5c26d3cc23b37c6c29a3766a30faa61e6a0ce,stability.progen2-medium.contrasts.C_G_T_M1|C_G_T.<seed>.strata.depth_band.bands.neff_100_1000
stability,C_G_T_M1|C_G_T,progen2-medium,depth_band,neff_10_100,20260923,0.001886779673066883,-0.00251603022927376,0.00581296769186797,unresolved_interval_crosses_zero,25,48.810199245736406,0,0,3,archive/logs/R5/gate_retrieval_20260923/retrieval_strata_report.json,6e5dc6b50d952f9aa4c113967ff5c26d3cc23b37c6c29a3766a30faa61e6a0ce,stability.progen2-medium.contrasts.C_G_T_M1|C_G_T.<seed>.strata.depth_band.bands.neff_10_100
stability,C_G_T_M1|C_G_T,progen2-medium,depth_band,neff_ge1000,20260923,0.0031542990009170943,,,unresolved_thin_support,6,11.984147952443857,0,0,3,archive/logs/R5/gate_retrieval_20260923/retrieval_strata_report.json,6e5dc6b50d952f9aa4c113967ff5c26d3cc23b37c6c29a3766a30faa61e6a0ce,stability.progen2-medium.contrasts.C_G_T_M1|C_G_T.<seed>.strata.depth_band.bands.neff_ge1000
stability,C_G_T_M1|C_G_T,progen2-medium,depth_band,neff_lt10,20260923,0.006866438753587478,0.0018509789367642108,0.011882187784883723,resolved,11,22.647058823529417,3,0,3,archive/logs/R5/gate_retrieval_20260923/retrieval_strata_report.json,6e5dc6b50d952f9aa4c113967ff5c26d3cc23b37c6c29a3766a30faa61e6a0ce,stability.progen2-medium.contrasts.C_G_T_M1|C_G_T.<seed>.strata.depth_band.bands.neff_lt10
stability,C_G_T_M1|C_G_T,progen2-medium,depth_band,no_homolog_support,20260923,-0.0009028308413098762,,,unresolved_thin_support,1,2.0,0,0,3,archive/logs/R5/gate_retrieval_20260923/retrieval_strata_report.json,6e5dc6b50d952f9aa4c113967ff5c26d3cc23b37c6c29a3766a30faa61e6a0ce,stability.progen2-medium.contrasts.C_G_T_M1|C_G_T.<seed>.strata.depth_band.bands.no_homolog_support
stability,C_G_T_M1|C_G_T,progen2-medium,source_provenance,source_other,20260923,,,,unresolved_thin_support,0,0.0,0,0,3,archive/logs/R5/gate_retrieval_20260923/retrieval_strata_report.json,6e5dc6b50d952f9aa4c113967ff5c26d3cc23b37c6c29a3766a30faa61e6a0ce,stability.progen2-medium.contrasts.C_G_T_M1|C_G_T.<seed>.strata.source_provenance.bands.source_other
stability,C_G_T_M1|C_G_T,progen2-medium,source_provenance,source_tsuboyama_2023,20260923,0.004258006254038847,0.0011601642025756275,0.007598206879289589,resolved,64,129.20837040546317,3,0,3,archive/logs/R5/gate_retrieval_20260923/retrieval_strata_report.json,6e5dc6b50d952f9aa4c113967ff5c26d3cc23b37c6c29a3766a30faa61e6a0ce,stability.progen2-medium.contrasts.C_G_T_M1|C_G_T.<seed>.strata.source_provenance.bands.source_tsuboyama_2023
stability,C_G_T_M1|C_G_T,progen2-medium,family_band,close_multi_member_group,20260923,0.005241898385575388,0.0010418399877303302,0.009622484640404218,resolved,28,48.20142480726066,3,0,3,archive/logs/R5/gate_retrieval_20260923/retrieval_strata_report.json,6e5dc6b50d952f9aa4c113967ff5c26d3cc23b37c6c29a3766a30faa61e6a0ce,stability.progen2-medium.contrasts.C_G_T_M1|C_G_T.<seed>.strata.family_band.bands.close_multi_member_group
stability,C_G_T_M1|C_G_T,progen2-medium,family_band,remote_singleton_group,20260923,0.0034927568183993163,-0.0007475463393867507,0.00819174125074943,unresolved_interval_crosses_zero,36,83.96146118432502,0,0,3,archive/logs/R5/gate_retrieval_20260923/retrieval_strata_report.json,6e5dc6b50d952f9aa4c113967ff5c26d3cc23b37c6c29a3766a30faa61e6a0ce,stability.progen2-medium.contrasts.C_G_T_M1|C_G_T.<seed>.strata.family_band.bands.remote_singleton_group
stability,C_G_T_M1|C_G_T,progen2-small,full_support,,20260923,0.0010656419648219866,-0.0009230216324281297,0.0031256155770440835,unresolved_interval_crosses_zero,64,129.20837040546317,0,0,3,archive/logs/R5/gate_retrieval_20260923/retrieval_strata_report.json,6e5dc6b50d952f9aa4c113967ff5c26d3cc23b37c6c29a3766a30faa61e6a0ce,stability.progen2-small.contrasts.C_G_T_M1|C_G_T.<seed>.full_support
stability,C_G_T_M1|C_G_T,progen2-small,near_duplicate,near_duplicate_absent,20260923,0.0005495476119289133,-0.002474034575325078,0.003587327894109633,unresolved_interval_crosses_zero,15,24.355670103092773,0,0,3,archive/logs/R5/gate_retrieval_20260923/retrieval_strata_report.json,6e5dc6b50d952f9aa4c113967ff5c26d3cc23b37c6c29a3766a30faa61e6a0ce,stability.progen2-small.contrasts.C_G_T_M1|C_G_T.<seed>.strata.near_duplicate.bands.near_duplicate_absent
stability,C_G_T_M1|C_G_T,progen2-small,near_duplicate,near_duplicate_present,20260923,0.0012236300320341519,-0.001247086004825407,0.0036493988379352723,unresolved_interval_crosses_zero,49,106.88860623257176,0,0,3,archive/logs/R5/gate_retrieval_20260923/retrieval_strata_report.json,6e5dc6b50d952f9aa4c113967ff5c26d3cc23b37c6c29a3766a30faa61e6a0ce,stability.progen2-small.contrasts.C_G_T_M1|C_G_T.<seed>.strata.near_duplicate.bands.near_duplicate_present
stability,C_G_T_M1|C_G_T,progen2-small,identity_band,ge95_near_duplicate,20260923,0.0012236300320341519,-0.001247086004825407,0.0036493988379352723,unresolved_interval_crosses_zero,49,106.88860623257176,0,0,3,archive/logs/R5/gate_retrieval_20260923/retrieval_strata_report.json,6e5dc6b50d952f9aa4c113967ff5c26d3cc23b37c6c29a3766a30faa61e6a0ce,stability.progen2-small.contrasts.C_G_T_M1|C_G_T.<seed>.strata.identity_band.bands.ge95_near_duplicate
stability,C_G_T_M1|C_G_T,progen2-small,identity_band,id30_to_70_remote_homology,20260923,0.0008622813859145706,,,unresolved_thin_support,2,3.2,0,0,3,archive/logs/R5/gate_retrieval_20260923/retrieval_strata_report.json,6e5dc6b50d952f9aa4c113967ff5c26d3cc23b37c6c29a3766a30faa61e6a0ce,stability.progen2-small.contrasts.C_G_T_M1|C_G_T.<seed>.strata.identity_band.bands.id30_to_70_remote_homology
stability,C_G_T_M1|C_G_T,progen2-small,identity_band,id70_to_95_close_homology,20260923,0.0005700343456727097,-0.003278961832889651,0.004391537773642395,unresolved_interval_crosses_zero,12,19.23052464228936,0,0,3,archive/logs/R5/gate_retrieval_20260923/retrieval_strata_report.json,6e5dc6b50d952f9aa4c113967ff5c26d3cc23b37c6c29a3766a30faa61e6a0ce,stability.progen2-small.contrasts.C_G_T_M1|C_G_T.<seed>.strata.identity_band.bands.id70_to_95_close_homology
stability,C_G_T_M1|C_G_T,progen2-small,identity_band,lt30_no_detectable_homology,20260923,-0.0003217607409679579,,,unresolved_thin_support,1,2.0,0,0,3,archive/logs/R5/gate_retrieval_20260923/retrieval_strata_report.json,6e5dc6b50d952f9aa4c113967ff5c26d3cc23b37c6c29a3766a30faa61e6a0ce,stability.progen2-small.contrasts.C_G_T_M1|C_G_T.<seed>.strata.identity_band.bands.lt30_no_detectable_homology
stability,C_G_T_M1|C_G_T,progen2-small,depth_band,neff_100_1000,20260923,0.0008844738463696232,-0.0037510962480175637,0.005474399360803462,unresolved_interval_crosses_zero,21,43.8840625493603,0,0,3,archive/logs/R5/gate_retrieval_20260923/retrieval_strata_report.json,6e5dc6b50d952f9aa4c113967ff5c26d3cc23b37c6c29a3766a30faa61e6a0ce,stability.progen2-small.contrasts.C_G_T_M1|C_G_T.<seed>.strata.depth_band.bands.neff_100_1000
stability,C_G_T_M1|C_G_T,progen2-small,depth_band,neff_10_100,20260923,0.0002937705736874663,-0.0023124546826569347,0.003000896907265449,unresolved_interval_crosses_zero,25,48.810199245736406,0,0,3,archive/logs/R5/gate_retrieval_20260923/retrieval_strata_report.json,6e5dc6b50d952f9aa4c113967ff5c26d3cc23b37c6c29a3766a30faa61e6a0ce,stability.progen2-small.contrasts.C_G_T_M1|C_G_T.<seed>.strata.depth_band.bands.neff_10_100
stability,C_G_T_M1|C_G_T,progen2-small,depth_band,neff_ge1000,20260923,0.00018741147447180287,,,unresolved_thin_support,6,11.984147952443857,0,0,3,archive/logs/R5/gate_retrieval_20260923/retrieval_strata_report.json,6e5dc6b50d952f9aa4c113967ff5c26d3cc23b37c6c29a3766a30faa61e6a0ce,stability.progen2-small.contrasts.C_G_T_M1|C_G_T.<seed>.strata.depth_band.bands.neff_ge1000
stability,C_G_T_M1|C_G_T,progen2-small,depth_band,neff_lt10,20260923,0.0037709238660723217,0.0009294943813372013,0.0067266245695024604,resolved,11,22.647058823529417,3,0,3,archive/logs/R5/gate_retrieval_20260923/retrieval_strata_report.json,6e5dc6b50d952f9aa4c113967ff5c26d3cc23b37c6c29a3766a30faa61e6a0ce,stability.progen2-small.contrasts.C_G_T_M1|C_G_T.<seed>.strata.depth_band.bands.neff_lt10
stability,C_G_T_M1|C_G_T,progen2-small,depth_band,no_homolog_support,20260923,-0.0003217607409679579,,,unresolved_thin_support,1,2.0,0,0,3,archive/logs/R5/gate_retrieval_20260923/retrieval_strata_report.json,6e5dc6b50d952f9aa4c113967ff5c26d3cc23b37c6c29a3766a30faa61e6a0ce,stability.progen2-small.contrasts.C_G_T_M1|C_G_T.<seed>.strata.depth_band.bands.no_homolog_support
stability,C_G_T_M1|C_G_T,progen2-small,source_provenance,source_other,20260923,,,,unresolved_thin_support,0,0.0,0,0,3,archive/logs/R5/gate_retrieval_20260923/retrieval_strata_report.json,6e5dc6b50d952f9aa4c113967ff5c26d3cc23b37c6c29a3766a30faa61e6a0ce,stability.progen2-small.contrasts.C_G_T_M1|C_G_T.<seed>.strata.source_provenance.bands.source_other
stability,C_G_T_M1|C_G_T,progen2-small,source_provenance,source_tsuboyama_2023,20260923,0.0010656419648219866,-0.0009230216324281297,0.0031256155770440835,unresolved_interval_crosses_zero,64,129.20837040546317,0,0,3,archive/logs/R5/gate_retrieval_20260923/retrieval_strata_report.json,6e5dc6b50d952f9aa4c113967ff5c26d3cc23b37c6c29a3766a30faa61e6a0ce,stability.progen2-small.contrasts.C_G_T_M1|C_G_T.<seed>.strata.source_provenance.bands.source_tsuboyama_2023
stability,C_G_T_M1|C_G_T,progen2-small,family_band,close_multi_member_group,20260923,0.0007866392159226931,-0.00199961219876529,0.0034290127412969253,unresolved_interval_crosses_zero,28,48.20142480726066,0,0,3,archive/logs/R5/gate_retrieval_20260923/retrieval_strata_report.json,6e5dc6b50d952f9aa4c113967ff5c26d3cc23b37c6c29a3766a30faa61e6a0ce,stability.progen2-small.contrasts.C_G_T_M1|C_G_T.<seed>.strata.family_band.bands.close_multi_member_group
stability,C_G_T_M1|C_G_T,progen2-small,family_band,remote_singleton_group,20260923,0.0012826441028547704,-0.0015920505372729653,0.003993406028775018,unresolved_interval_crosses_zero,36,83.96146118432502,0,0,3,archive/logs/R5/gate_retrieval_20260923/retrieval_strata_report.json,6e5dc6b50d952f9aa4c113967ff5c26d3cc23b37c6c29a3766a30faa61e6a0ce,stability.progen2-small.contrasts.C_G_T_M1|C_G_T.<seed>.strata.family_band.bands.remote_singleton_group
stability,C_G_T_M1|C_G_T,progen2-xlarge,full_support,,20260923,0.007003003634553119,0.003310506330680134,0.011154070511799586,resolved,64,129.20837040546317,3,0,3,archive/logs/R5/gate_retrieval_20260923/retrieval_strata_report.json,6e5dc6b50d952f9aa4c113967ff5c26d3cc23b37c6c29a3766a30faa61e6a0ce,stability.progen2-xlarge.contrasts.C_G_T_M1|C_G_T.<seed>.full_support
stability,C_G_T_M1|C_G_T,progen2-xlarge,near_duplicate,near_duplicate_absent,20260923,0.006953614512243101,0.0016038817878800795,0.014470448377564619,resolved,15,24.355670103092773,3,0,3,archive/logs/R5/gate_retrieval_20260923/retrieval_strata_report.json,6e5dc6b50d952f9aa4c113967ff5c26d3cc23b37c6c29a3766a30faa61e6a0ce,stability.progen2-xlarge.contrasts.C_G_T_M1|C_G_T.<seed>.strata.near_duplicate.bands.near_duplicate_absent
stability,C_G_T_M1|C_G_T,progen2-xlarge,near_duplicate,near_duplicate_present,20260923,0.007018122753627614,0.002756792914547289,0.012034789477539581,resolved,49,106.88860623257176,3,0,3,archive/logs/R5/gate_retrieval_20260923/retrieval_strata_report.json,6e5dc6b50d952f9aa4c113967ff5c26d3cc23b37c6c29a3766a30faa61e6a0ce,stability.progen2-xlarge.contrasts.C_G_T_M1|C_G_T.<seed>.strata.near_duplicate.bands.near_duplicate_present
stability,C_G_T_M1|C_G_T,progen2-xlarge,identity_band,ge95_near_duplicate,20260923,0.007018122753627614,0.002756792914547289,0.012034789477539581,resolved,49,106.88860623257176,3,0,3,archive/logs/R5/gate_retrieval_20260923/retrieval_strata_report.json,6e5dc6b50d952f9aa4c113967ff5c26d3cc23b37c6c29a3766a30faa61e6a0ce,stability.progen2-xlarge.contrasts.C_G_T_M1|C_G_T.<seed>.strata.identity_band.bands.ge95_near_duplicate
stability,C_G_T_M1|C_G_T,progen2-xlarge,identity_band,id30_to_70_remote_homology,20260923,0.013345196114483482,,,unresolved_thin_support,2,3.2,0,0,3,archive/logs/R5/gate_retrieval_20260923/retrieval_strata_report.json,6e5dc6b50d952f9aa4c113967ff5c26d3cc23b37c6c29a3766a30faa61e6a0ce,stability.progen2-xlarge.contrasts.C_G_T_M1|C_G_T.<seed>.strata.identity_band.bands.id30_to_70_remote_homology
stability,C_G_T_M1|C_G_T,progen2-xlarge,identity_band,id70_to_95_close_homology,20260923,0.006540093971753434,0.00010484919690234066,0.015338295925891062,resolved,12,19.23052464228936,1,0,3,archive/logs/R5/gate_retrieval_20260923/retrieval_strata_report.json,6e5dc6b50d952f9aa4c113967ff5c26d3cc23b37c6c29a3766a30faa61e6a0ce,stability.progen2-xlarge.contrasts.C_G_T_M1|C_G_T.<seed>.strata.identity_band.bands.id70_to_95_close_homology
stability,C_G_T_M1|C_G_T,progen2-xlarge,identity_band,lt30_no_detectable_homology,20260923,-0.0008673022063616642,,,unresolved_thin_support,1,2.0,0,0,3,archive/logs/R5/gate_retrieval_20260923/retrieval_strata_report.json,6e5dc6b50d952f9aa4c113967ff5c26d3cc23b37c6c29a3766a30faa61e6a0ce,stability.progen2-xlarge.contrasts.C_G_T_M1|C_G_T.<seed>.strata.identity_band.bands.lt30_no_detectable_homology
stability,C_G_T_M1|C_G_T,progen2-xlarge,depth_band,neff_100_1000,20260923,0.008674881060250906,0.0014058186364888617,0.017146204514304347,resolved,21,43.8840625493603,3,0,3,archive/logs/R5/gate_retrieval_20260923/retrieval_strata_report.json,6e5dc6b50d952f9aa4c113967ff5c26d3cc23b37c6c29a3766a30faa61e6a0ce,stability.progen2-xlarge.contrasts.C_G_T_M1|C_G_T.<seed>.strata.depth_band.bands.neff_100_1000
stability,C_G_T_M1|C_G_T,progen2-xlarge,depth_band,neff_10_100,20260923,0.005013058395576242,-0.0008513073591490158,0.011203609253900635,unresolved_interval_crosses_zero,25,48.810199245736406,0,0,3,archive/logs/R5/gate_retrieval_20260923/retrieval_strata_report.json,6e5dc6b50d952f9aa4c113967ff5c26d3cc23b37c6c29a3766a30faa61e6a0ce,stability.progen2-xlarge.contrasts.C_G_T_M1|C_G_T.<seed>.strata.depth_band.bands.neff_10_100
stability,C_G_T_M1|C_G_T,progen2-xlarge,depth_band,neff_ge1000,20260923,0.004651293319125833,,,unresolved_thin_support,6,11.984147952443857,0,0,3,archive/logs/R5/gate_retrieval_20260923/retrieval_strata_report.json,6e5dc6b50d952f9aa4c113967ff5c26d3cc23b37c6c29a3766a30faa61e6a0ce,stability.progen2-xlarge.contrasts.C_G_T_M1|C_G_T.<seed>.strata.depth_band.bands.neff_ge1000
stability,C_G_T_M1|C_G_T,progen2-xlarge,depth_band,neff_lt10,20260923,0.010332073886211933,0.0020482572806309516,0.018857919925200712,resolved,11,22.647058823529417,3,0,3,archive/logs/R5/gate_retrieval_20260923/retrieval_strata_report.json,6e5dc6b50d952f9aa4c113967ff5c26d3cc23b37c6c29a3766a30faa61e6a0ce,stability.progen2-xlarge.contrasts.C_G_T_M1|C_G_T.<seed>.strata.depth_band.bands.neff_lt10
stability,C_G_T_M1|C_G_T,progen2-xlarge,depth_band,no_homolog_support,20260923,-0.0008673022063616642,,,unresolved_thin_support,1,2.0,0,0,3,archive/logs/R5/gate_retrieval_20260923/retrieval_strata_report.json,6e5dc6b50d952f9aa4c113967ff5c26d3cc23b37c6c29a3766a30faa61e6a0ce,stability.progen2-xlarge.contrasts.C_G_T_M1|C_G_T.<seed>.strata.depth_band.bands.no_homolog_support
stability,C_G_T_M1|C_G_T,progen2-xlarge,source_provenance,source_other,20260923,,,,unresolved_thin_support,0,0.0,0,0,3,archive/logs/R5/gate_retrieval_20260923/retrieval_strata_report.json,6e5dc6b50d952f9aa4c113967ff5c26d3cc23b37c6c29a3766a30faa61e6a0ce,stability.progen2-xlarge.contrasts.C_G_T_M1|C_G_T.<seed>.strata.source_provenance.bands.source_other
stability,C_G_T_M1|C_G_T,progen2-xlarge,source_provenance,source_tsuboyama_2023,20260923,0.007003003634553119,0.003310506330680134,0.011154070511799586,resolved,64,129.20837040546317,3,0,3,archive/logs/R5/gate_retrieval_20260923/retrieval_strata_report.json,6e5dc6b50d952f9aa4c113967ff5c26d3cc23b37c6c29a3766a30faa61e6a0ce,stability.progen2-xlarge.contrasts.C_G_T_M1|C_G_T.<seed>.strata.source_provenance.bands.source_tsuboyama_2023
stability,C_G_T_M1|C_G_T,progen2-xlarge,family_band,close_multi_member_group,20260923,0.008656207579007901,0.002995425781145547,0.015185957405824499,resolved,28,48.20142480726066,3,0,3,archive/logs/R5/gate_retrieval_20260923/retrieval_strata_report.json,6e5dc6b50d952f9aa4c113967ff5c26d3cc23b37c6c29a3766a30faa61e6a0ce,stability.progen2-xlarge.contrasts.C_G_T_M1|C_G_T.<seed>.strata.family_band.bands.close_multi_member_group
stability,C_G_T_M1|C_G_T,progen2-xlarge,family_band,remote_singleton_group,20260923,0.005717178344421621,0.0013227517520481968,0.01060670587767089,resolved,36,83.96146118432502,3,0,3,archive/logs/R5/gate_retrieval_20260923/retrieval_strata_report.json,6e5dc6b50d952f9aa4c113967ff5c26d3cc23b37c6c29a3766a30faa61e6a0ce,stability.progen2-xlarge.contrasts.C_G_T_M1|C_G_T.<seed>.strata.family_band.bands.remote_singleton_group
stability,C_G_T_M1|C_G_T,progen3-112m,full_support,,20260923,0.00031531845603755687,-0.00085819969449934,0.0013981331079832749,unresolved_interval_crosses_zero,64,129.20837040546317,0,0,3,archive/logs/R5/gate_retrieval_20260923/retrieval_strata_report.json,6e5dc6b50d952f9aa4c113967ff5c26d3cc23b37c6c29a3766a30faa61e6a0ce,stability.progen3-112m.contrasts.C_G_T_M1|C_G_T.<seed>.full_support
stability,C_G_T_M1|C_G_T,progen3-112m,near_duplicate,near_duplicate_absent,20260923,-0.001824789519136318,-0.005159069463093461,0.001061546182790871,unresolved_interval_crosses_zero,15,24.355670103092773,0,0,3,archive/logs/R5/gate_retrieval_20260923/retrieval_strata_report.json,6e5dc6b50d952f9aa4c113967ff5c26d3cc23b37c6c29a3766a30faa61e6a0ce,stability.progen3-112m.contrasts.C_G_T_M1|C_G_T.<seed>.strata.near_duplicate.bands.near_duplicate_absent
stability,C_G_T_M1|C_G_T,progen3-112m,near_duplicate,near_duplicate_present,20260923,0.000970453550478539,-5.730593274402211e-05,0.0020571244130879896,unresolved_interval_crosses_zero,49,106.88860623257176,0,0,3,archive/logs/R5/gate_retrieval_20260923/retrieval_strata_report.json,6e5dc6b50d952f9aa4c113967ff5c26d3cc23b37c6c29a3766a30faa61e6a0ce,stability.progen3-112m.contrasts.C_G_T_M1|C_G_T.<seed>.strata.near_duplicate.bands.near_duplicate_present
stability,C_G_T_M1|C_G_T,progen3-112m,identity_band,ge95_near_duplicate,20260923,0.000970453550478539,-5.730593274402211e-05,0.0020571244130879896,unresolved_interval_crosses_zero,49,106.88860623257176,0,0,3,archive/logs/R5/gate_retrieval_20260923/retrieval_strata_report.json,6e5dc6b50d952f9aa4c113967ff5c26d3cc23b37c6c29a3766a30faa61e6a0ce,stability.progen3-112m.contrasts.C_G_T_M1|C_G_T.<seed>.strata.identity_band.bands.ge95_near_duplicate
stability,C_G_T_M1|C_G_T,progen3-112m,identity_band,id30_to_70_remote_homology,20260923,0.0012661411650816135,,,unresolved_thin_support,2,3.2,0,0,3,archive/logs/R5/gate_retrieval_20260923/retrieval_strata_report.json,6e5dc6b50d952f9aa4c113967ff5c26d3cc23b37c6c29a3766a30faa61e6a0ce,stability.progen3-112m.contrasts.C_G_T_M1|C_G_T.<seed>.strata.identity_band.bands.id30_to_70_remote_homology
stability,C_G_T_M1|C_G_T,progen3-112m,identity_band,id70_to_95_close_homology,20260923,-0.0025133555206075125,-0.0068856058210229835,0.0009423108283744526,unresolved_interval_crosses_zero,12,19.23052464228936,0,0,3,archive/logs/R5/gate_retrieval_20260923/retrieval_strata_report.json,6e5dc6b50d952f9aa4c113967ff5c26d3cc23b37c6c29a3766a30faa61e6a0ce,stability.progen3-112m.contrasts.C_G_T_M1|C_G_T.<seed>.strata.identity_band.bands.id70_to_95_close_homology
stability,C_G_T_M1|C_G_T,progen3-112m,identity_band,lt30_no_detectable_homology,20260923,0.0002561411300821548,,,unresolved_thin_support,1,2.0,0,0,3,archive/logs/R5/gate_retrieval_20260923/retrieval_strata_report.json,6e5dc6b50d952f9aa4c113967ff5c26d3cc23b37c6c29a3766a30faa61e6a0ce,stability.progen3-112m.contrasts.C_G_T_M1|C_G_T.<seed>.strata.identity_band.bands.lt30_no_detectable_homology
stability,C_G_T_M1|C_G_T,progen3-112m,depth_band,neff_100_1000,20260923,-0.0009753815988145152,-0.003913626288873371,0.0016873725458806136,unresolved_interval_crosses_zero,21,43.8840625493603,0,0,3,archive/logs/R5/gate_retrieval_20260923/retrieval_strata_report.json,6e5dc6b50d952f9aa4c113967ff5c26d3cc23b37c6c29a3766a30faa61e6a0ce,stability.progen3-112m.contrasts.C_G_T_M1|C_G_T.<seed>.strata.depth_band.bands.neff_100_1000
stability,C_G_T_M1|C_G_T,progen3-112m,depth_band,neff_10_100,20260923,0.0005833682001998913,-0.0005752803468579192,0.001983177770680002,unresolved_interval_crosses_zero,25,48.810199245736406,0,0,3,archive/logs/R5/gate_retrieval_20260923/retrieval_strata_report.json,6e5dc6b50d952f9aa4c113967ff5c26d3cc23b37c6c29a3766a30faa61e6a0ce,stability.progen3-112m.contrasts.C_G_T_M1|C_G_T.<seed>.strata.depth_band.bands.neff_10_100
stability,C_G_T_M1|C_G_T,progen3-112m,depth_band,neff_ge1000,20260923,0.002612874377268773,,,unresolved_thin_support,6,11.984147952443857,0,0,3,archive/logs/R5/gate_retrieval_20260923/retrieval_strata_report.json,6e5dc6b50d952f9aa4c113967ff5c26d3cc23b37c6c29a3766a30faa61e6a0ce,stability.progen3-112m.contrasts.C_G_T_M1|C_G_T.<seed>.strata.depth_band.bands.neff_ge1000
stability,C_G_T_M1|C_G_T,progen3-112m,depth_band,neff_lt10,20260923,0.000922345669346944,-0.0006264652446333608,0.002257289769256299,unresolved_interval_crosses_zero,11,22.647058823529417,0,0,3,archive/logs/R5/gate_retrieval_20260923/retrieval_strata_report.json,6e5dc6b50d952f9aa4c113967ff5c26d3cc23b37c6c29a3766a30faa61e6a0ce,stability.progen3-112m.contrasts.C_G_T_M1|C_G_T.<seed>.strata.depth_band.bands.neff_lt10
stability,C_G_T_M1|C_G_T,progen3-112m,depth_band,no_homolog_support,20260923,0.0002561411300821548,,,unresolved_thin_support,1,2.0,0,0,3,archive/logs/R5/gate_retrieval_20260923/retrieval_strata_report.json,6e5dc6b50d952f9aa4c113967ff5c26d3cc23b37c6c29a3766a30faa61e6a0ce,stability.progen3-112m.contrasts.C_G_T_M1|C_G_T.<seed>.strata.depth_band.bands.no_homolog_support
stability,C_G_T_M1|C_G_T,progen3-112m,source_provenance,source_other,20260923,,,,unresolved_thin_support,0,0.0,0,0,3,archive/logs/R5/gate_retrieval_20260923/retrieval_strata_report.json,6e5dc6b50d952f9aa4c113967ff5c26d3cc23b37c6c29a3766a30faa61e6a0ce,stability.progen3-112m.contrasts.C_G_T_M1|C_G_T.<seed>.strata.source_provenance.bands.source_other
stability,C_G_T_M1|C_G_T,progen3-112m,source_provenance,source_tsuboyama_2023,20260923,0.00031531845603755687,-0.00085819969449934,0.0013981331079832749,unresolved_interval_crosses_zero,64,129.20837040546317,0,0,3,archive/logs/R5/gate_retrieval_20260923/retrieval_strata_report.json,6e5dc6b50d952f9aa4c113967ff5c26d3cc23b37c6c29a3766a30faa61e6a0ce,stability.progen3-112m.contrasts.C_G_T_M1|C_G_T.<seed>.strata.source_provenance.bands.source_tsuboyama_2023
stability,C_G_T_M1|C_G_T,progen3-112m,family_band,close_multi_member_group,20260923,-0.00036113171398994323,-0.002816203678967133,0.00184328252606713,unresolved_interval_crosses_zero,28,48.20142480726066,0,0,3,archive/logs/R5/gate_retrieval_20260923/retrieval_strata_report.json,6e5dc6b50d952f9aa4c113967ff5c26d3cc23b37c6c29a3766a30faa61e6a0ce,stability.progen3-112m.contrasts.C_G_T_M1|C_G_T.<seed>.strata.family_band.bands.close_multi_member_group
stability,C_G_T_M1|C_G_T,progen3-112m,family_band,remote_singleton_group,20260923,0.0008414463660589458,4.2299047080070544e-05,0.0018185397407931099,resolved,36,83.96146118432502,2,0,3,archive/logs/R5/gate_retrieval_20260923/retrieval_strata_report.json,6e5dc6b50d952f9aa4c113967ff5c26d3cc23b37c6c29a3766a30faa61e6a0ce,stability.progen3-112m.contrasts.C_G_T_M1|C_G_T.<seed>.strata.family_band.bands.remote_singleton_group
stability,C_G_T_M1|C_G_T,progen3-3b,full_support,,20260923,0.0039091609589212125,0.001642188495741009,0.0065175423199183265,resolved,64,129.20837040546317,3,0,3,archive/logs/R5/gate_retrieval_20260923/retrieval_strata_report.json,6e5dc6b50d952f9aa4c113967ff5c26d3cc23b37c6c29a3766a30faa61e6a0ce,stability.progen3-3b.contrasts.C_G_T_M1|C_G_T.<seed>.full_support
stability,C_G_T_M1|C_G_T,progen3-3b,near_duplicate,near_duplicate_absent,20260923,0.005732028484516762,0.002135628013554197,0.009671990035140583,resolved,15,24.355670103092773,3,0,3,archive/logs/R5/gate_retrieval_20260923/retrieval_strata_report.json,6e5dc6b50d952f9aa4c113967ff5c26d3cc23b37c6c29a3766a30faa61e6a0ce,stability.progen3-3b.contrasts.C_G_T_M1|C_G_T.<seed>.strata.near_duplicate.bands.near_duplicate_absent
stability,C_G_T_M1|C_G_T,progen3-3b,near_duplicate,near_duplicate_present,20260923,0.003351140287820534,0.0007297901363646808,0.00646573039963551,resolved,49,106.88860623257176,3,0,3,archive/logs/R5/gate_retrieval_20260923/retrieval_strata_report.json,6e5dc6b50d952f9aa4c113967ff5c26d3cc23b37c6c29a3766a30faa61e6a0ce,stability.progen3-3b.contrasts.C_G_T_M1|C_G_T.<seed>.strata.near_duplicate.bands.near_duplicate_present
stability,C_G_T_M1|C_G_T,progen3-3b,identity_band,ge95_near_duplicate,20260923,0.003351140287820534,0.0007297901363646808,0.00646573039963551,resolved,49,106.88860623257176,3,0,3,archive/logs/R5/gate_retrieval_20260923/retrieval_strata_report.json,6e5dc6b50d952f9aa4c113967ff5c26d3cc23b37c6c29a3766a30faa61e6a0ce,stability.progen3-3b.contrasts.C_G_T_M1|C_G_T.<seed>.strata.identity_band.bands.ge95_near_duplicate
stability,C_G_T_M1|C_G_T,progen3-3b,identity_band,id30_to_70_remote_homology,20260923,0.008213688695142968,,,unresolved_thin_support,2,3.2,0,0,3,archive/logs/R5/gate_retrieval_20260923/retrieval_strata_report.json,6e5dc6b50d952f9aa4c113967ff5c26d3cc23b37c6c29a3766a30faa61e6a0ce,stability.progen3-3b.contrasts.C_G_T_M1|C_G_T.<seed>.strata.identity_band.bands.id30_to_70_remote_homology
stability,C_G_T_M1|C_G_T,progen3-3b,identity_band,id70_to_95_close_homology,20260923,0.005949978452341254,0.0015105756258579934,0.010592329465368618,resolved,12,19.23052464228936,3,0,3,archive/logs/R5/gate_retrieval_20260923/retrieval_strata_report.json,6e5dc6b50d952f9aa4c113967ff5c26d3cc23b37c6c29a3766a30faa61e6a0ce,stability.progen3-3b.contrasts.C_G_T_M1|C_G_T.<seed>.strata.identity_band.bands.id70_to_95_close_homology
stability,C_G_T_M1|C_G_T,progen3-3b,identity_band,lt30_no_detectable_homology,20260923,-0.0018466915506295534,,,unresolved_thin_support,1,2.0,0,0,3,archive/logs/R5/gate_retrieval_20260923/retrieval_strata_report.json,6e5dc6b50d952f9aa4c113967ff5c26d3cc23b37c6c29a3766a30faa61e6a0ce,stability.progen3-3b.contrasts.C_G_T_M1|C_G_T.<seed>.strata.identity_band.bands.lt30_no_detectable_homology
stability,C_G_T_M1|C_G_T,progen3-3b,depth_band,neff_100_1000,20260923,0.003732766447570684,-0.0008329207484607798,0.00968864506948046,unresolved_interval_crosses_zero,21,43.8840625493603,0,0,3,archive/logs/R5/gate_retrieval_20260923/retrieval_strata_report.json,6e5dc6b50d952f9aa4c113967ff5c26d3cc23b37c6c29a3766a30faa61e6a0ce,stability.progen3-3b.contrasts.C_G_T_M1|C_G_T.<seed>.strata.depth_band.bands.neff_100_1000
stability,C_G_T_M1|C_G_T,progen3-3b,depth_band,neff_10_100,20260923,0.0035265851424738414,0.000297069834256062,0.00674139137151593,resolved,25,48.810199245736406,3,0,3,archive/logs/R5/gate_retrieval_20260923/retrieval_strata_report.json,6e5dc6b50d952f9aa4c113967ff5c26d3cc23b37c6c29a3766a30faa61e6a0ce,stability.progen3-3b.contrasts.C_G_T_M1|C_G_T.<seed>.strata.depth_band.bands.neff_10_100
stability,C_G_T_M1|C_G_T,progen3-3b,depth_band,neff_ge1000,20260923,0.0015644684397420477,,,unresolved_thin_support,6,11.984147952443857,0,0,3,archive/logs/R5/gate_retrieval_20260923/retrieval_strata_report.json,6e5dc6b50d952f9aa4c113967ff5c26d3cc23b37c6c29a3766a30faa61e6a0ce,stability.progen3-3b.contrasts.C_G_T_M1|C_G_T.<seed>.strata.depth_band.bands.neff_ge1000
stability,C_G_T_M1|C_G_T,progen3-3b,depth_band,neff_lt10,20260923,0.006917587120209497,0.0015023904367750713,0.013071498723784724,resolved,11,22.647058823529417,3,0,3,archive/logs/R5/gate_retrieval_20260923/retrieval_strata_report.json,6e5dc6b50d952f9aa4c113967ff5c26d3cc23b37c6c29a3766a30faa61e6a0ce,stability.progen3-3b.contrasts.C_G_T_M1|C_G_T.<seed>.strata.depth_band.bands.neff_lt10
stability,C_G_T_M1|C_G_T,progen3-3b,depth_band,no_homolog_support,20260923,-0.0018466915506295534,,,unresolved_thin_support,1,2.0,0,0,3,archive/logs/R5/gate_retrieval_20260923/retrieval_strata_report.json,6e5dc6b50d952f9aa4c113967ff5c26d3cc23b37c6c29a3766a30faa61e6a0ce,stability.progen3-3b.contrasts.C_G_T_M1|C_G_T.<seed>.strata.depth_band.bands.no_homolog_support
stability,C_G_T_M1|C_G_T,progen3-3b,source_provenance,source_other,20260923,,,,unresolved_thin_support,0,0.0,0,0,3,archive/logs/R5/gate_retrieval_20260923/retrieval_strata_report.json,6e5dc6b50d952f9aa4c113967ff5c26d3cc23b37c6c29a3766a30faa61e6a0ce,stability.progen3-3b.contrasts.C_G_T_M1|C_G_T.<seed>.strata.source_provenance.bands.source_other
stability,C_G_T_M1|C_G_T,progen3-3b,source_provenance,source_tsuboyama_2023,20260923,0.0039091609589212125,0.001642188495741009,0.0065175423199183265,resolved,64,129.20837040546317,3,0,3,archive/logs/R5/gate_retrieval_20260923/retrieval_strata_report.json,6e5dc6b50d952f9aa4c113967ff5c26d3cc23b37c6c29a3766a30faa61e6a0ce,stability.progen3-3b.contrasts.C_G_T_M1|C_G_T.<seed>.strata.source_provenance.bands.source_tsuboyama_2023
stability,C_G_T_M1|C_G_T,progen3-3b,family_band,close_multi_member_group,20260923,0.0036057324196746405,0.0004121011763104988,0.007200701859747324,resolved,28,48.20142480726066,2,0,3,archive/logs/R5/gate_retrieval_20260923/retrieval_strata_report.json,6e5dc6b50d952f9aa4c113967ff5c26d3cc23b37c6c29a3766a30faa61e6a0ce,stability.progen3-3b.contrasts.C_G_T_M1|C_G_T.<seed>.strata.family_band.bands.close_multi_member_group
stability,C_G_T_M1|C_G_T,progen3-3b,family_band,remote_singleton_group,20260923,0.004145160933890769,0.0011433650785206005,0.007710288208812725,resolved,36,83.96146118432502,3,0,3,archive/logs/R5/gate_retrieval_20260923/retrieval_strata_report.json,6e5dc6b50d952f9aa4c113967ff5c26d3cc23b37c6c29a3766a30faa61e6a0ce,stability.progen3-3b.contrasts.C_G_T_M1|C_G_T.<seed>.strata.family_band.bands.remote_singleton_group
stability,C_G_T_M1|C_G_T,prollama,full_support,,20260923,0.00016984977766820644,-0.0004273117218491524,0.0007633739370068432,unresolved_interval_crosses_zero,64,129.20837040546317,0,0,3,archive/logs/R5/gate_retrieval_20260923/retrieval_strata_report.json,6e5dc6b50d952f9aa4c113967ff5c26d3cc23b37c6c29a3766a30faa61e6a0ce,stability.prollama.contrasts.C_G_T_M1|C_G_T.<seed>.full_support
stability,C_G_T_M1|C_G_T,prollama,near_duplicate,near_duplicate_absent,20260923,-0.00012056935450566,-0.0011127627623030475,0.000753977683102572,unresolved_interval_crosses_zero,15,24.355670103092773,0,0,3,archive/logs/R5/gate_retrieval_20260923/retrieval_strata_report.json,6e5dc6b50d952f9aa4c113967ff5c26d3cc23b37c6c29a3766a30faa61e6a0ce,stability.prollama.contrasts.C_G_T_M1|C_G_T.<seed>.strata.near_duplicate.bands.near_duplicate_absent
stability,C_G_T_M1|C_G_T,prollama,near_duplicate,near_duplicate_present,20260923,0.0002587535936397982,-0.0004893605877680693,0.0010113338961155733,unresolved_interval_crosses_zero,49,106.88860623257176,0,0,3,archive/logs/R5/gate_retrieval_20260923/retrieval_strata_report.json,6e5dc6b50d952f9aa4c113967ff5c26d3cc23b37c6c29a3766a30faa61e6a0ce,stability.prollama.contrasts.C_G_T_M1|C_G_T.<seed>.strata.near_duplicate.bands.near_duplicate_present
stability,C_G_T_M1|C_G_T,prollama,identity_band,ge95_near_duplicate,20260923,0.0002587535936397982,-0.0004893605877680693,0.0010113338961155733,unresolved_interval_crosses_zero,49,106.88860623257176,0,0,3,archive/logs/R5/gate_retrieval_20260923/retrieval_strata_report.json,6e5dc6b50d952f9aa4c113967ff5c26d3cc23b37c6c29a3766a30faa61e6a0ce,stability.prollama.contrasts.C_G_T_M1|C_G_T.<seed>.strata.identity_band.bands.ge95_near_duplicate
stability,C_G_T_M1|C_G_T,prollama,identity_band,id30_to_70_remote_homology,20260923,0.0008416025052795373,,,unresolved_thin_support,2,3.2,0,0,3,archive/logs/R5/gate_retrieval_20260923/retrieval_strata_report.json,6e5dc6b50d952f9aa4c113967ff5c26d3cc23b37c6c29a3766a30faa61e6a0ce,stability.prollama.contrasts.C_G_T_M1|C_G_T.<seed>.strata.identity_band.bands.id30_to_70_remote_homology
stability,C_G_T_M1|C_G_T,prollama,identity_band,id70_to_95_close_homology,20260923,-0.0002736571860550545,-0.0014599388736674865,0.0007920547050994034,unresolved_interval_crosses_zero,12,19.23052464228936,0,0,3,archive/logs/R5/gate_retrieval_20260923/retrieval_strata_report.json,6e5dc6b50d952f9aa4c113967ff5c26d3cc23b37c6c29a3766a30faa61e6a0ce,stability.prollama.contrasts.C_G_T_M1|C_G_T.<seed>.strata.identity_band.bands.id70_to_95_close_homology
stability,C_G_T_M1|C_G_T,prollama,identity_band,lt30_no_detectable_homology,20260923,-0.00020785909548332038,,,unresolved_thin_support,1,2.0,0,0,3,archive/logs/R5/gate_retrieval_20260923/retrieval_strata_report.json,6e5dc6b50d952f9aa4c113967ff5c26d3cc23b37c6c29a3766a30faa61e6a0ce,stability.prollama.contrasts.C_G_T_M1|C_G_T.<seed>.strata.identity_band.bands.lt30_no_detectable_homology
stability,C_G_T_M1|C_G_T,prollama,depth_band,neff_100_1000,20260923,0.00041790960016942674,-0.0004954739128499221,0.0013272586690595755,unresolved_interval_crosses_zero,21,43.8840625493603,0,0,3,archive/logs/R5/gate_retrieval_20260923/retrieval_strata_report.json,6e5dc6b50d952f9aa4c113967ff5c26d3cc23b37c6c29a3766a30faa61e6a0ce,stability.prollama.contrasts.C_G_T_M1|C_G_T.<seed>.strata.depth_band.bands.neff_100_1000
stability,C_G_T_M1|C_G_T,prollama,depth_band,neff_10_100,20260923,0.0001306785408334521,-0.0008187266512191576,0.0011588204252251798,unresolved_interval_crosses_zero,25,48.810199245736406,0,0,3,archive/logs/R5/gate_retrieval_20260923/retrieval_strata_report.json,6e5dc6b50d952f9aa4c113967ff5c26d3cc23b37c6c29a3766a30faa61e6a0ce,stability.prollama.contrasts.C_G_T_M1|C_G_T.<seed>.strata.depth_band.bands.neff_10_100
stability,C_G_T_M1|C_G_T,prollama,depth_band,neff_ge1000,20260923,-0.0003602557618014729,,,unresolved_thin_support,6,11.984147952443857,0,0,3,archive/logs/R5/gate_retrieval_20260923/retrieval_strata_report.json,6e5dc6b50d952f9aa4c113967ff5c26d3cc23b37c6c29a3766a30faa61e6a0ce,stability.prollama.contrasts.C_G_T_M1|C_G_T.<seed>.strata.depth_band.bands.neff_ge1000
stability,C_G_T_M1|C_G_T,prollama,depth_band,neff_lt10,20260923,0.00010879221024210047,-0.0007929270438064515,0.0008914398229844091,unresolved_interval_crosses_zero,11,22.647058823529417,0,0,3,archive/logs/R5/gate_retrieval_20260923/retrieval_strata_report.json,6e5dc6b50d952f9aa4c113967ff5c26d3cc23b37c6c29a3766a30faa61e6a0ce,stability.prollama.contrasts.C_G_T_M1|C_G_T.<seed>.strata.depth_band.bands.neff_lt10
stability,C_G_T_M1|C_G_T,prollama,depth_band,no_homolog_support,20260923,-0.00020785909548332038,,,unresolved_thin_support,1,2.0,0,0,3,archive/logs/R5/gate_retrieval_20260923/retrieval_strata_report.json,6e5dc6b50d952f9aa4c113967ff5c26d3cc23b37c6c29a3766a30faa61e6a0ce,stability.prollama.contrasts.C_G_T_M1|C_G_T.<seed>.strata.depth_band.bands.no_homolog_support
stability,C_G_T_M1|C_G_T,prollama,source_provenance,source_other,20260923,,,,unresolved_thin_support,0,0.0,0,0,3,archive/logs/R5/gate_retrieval_20260923/retrieval_strata_report.json,6e5dc6b50d952f9aa4c113967ff5c26d3cc23b37c6c29a3766a30faa61e6a0ce,stability.prollama.contrasts.C_G_T_M1|C_G_T.<seed>.strata.source_provenance.bands.source_other
stability,C_G_T_M1|C_G_T,prollama,source_provenance,source_tsuboyama_2023,20260923,0.00016984977766820644,-0.0004273117218491524,0.0007633739370068432,unresolved_interval_crosses_zero,64,129.20837040546317,0,0,3,archive/logs/R5/gate_retrieval_20260923/retrieval_strata_report.json,6e5dc6b50d952f9aa4c113967ff5c26d3cc23b37c6c29a3766a30faa61e6a0ce,stability.prollama.contrasts.C_G_T_M1|C_G_T.<seed>.strata.source_provenance.bands.source_tsuboyama_2023
stability,C_G_T_M1|C_G_T,prollama,family_band,close_multi_member_group,20260923,0.00028254982120932276,-0.0008505240099440757,0.0014829144174505855,unresolved_interval_crosses_zero,28,48.20142480726066,0,0,3,archive/logs/R5/gate_retrieval_20260923/retrieval_strata_report.json,6e5dc6b50d952f9aa4c113967ff5c26d3cc23b37c6c29a3766a30faa61e6a0ce,stability.prollama.contrasts.C_G_T_M1|C_G_T.<seed>.strata.family_band.bands.close_multi_member_group
stability,C_G_T_M1|C_G_T,prollama,family_band,remote_singleton_group,20260923,8.219418824733819e-05,-0.0004722762646850942,0.000592919939374706,unresolved_interval_crosses_zero,36,83.96146118432502,0,0,3,archive/logs/R5/gate_retrieval_20260923/retrieval_strata_report.json,6e5dc6b50d952f9aa4c113967ff5c26d3cc23b37c6c29a3766a30faa61e6a0ce,stability.prollama.contrasts.C_G_T_M1|C_G_T.<seed>.strata.family_band.bands.remote_singleton_group
stability,C_G_T_M1|C_G_T,prollama-stage-1,full_support,,20260923,-4.669558524643749e-05,-0.0008707271604910526,0.0005492857561925638,unresolved_interval_crosses_zero,64,129.20837040546317,0,0,3,archive/logs/R5/gate_retrieval_20260923/retrieval_strata_report.json,6e5dc6b50d952f9aa4c113967ff5c26d3cc23b37c6c29a3766a30faa61e6a0ce,stability.prollama-stage-1.contrasts.C_G_T_M1|C_G_T.<seed>.full_support
stability,C_G_T_M1|C_G_T,prollama-stage-1,near_duplicate,near_duplicate_absent,20260923,0.00036491480745197517,-0.0005449689717553839,0.0016431226269726191,unresolved_interval_crosses_zero,15,24.355670103092773,0,0,3,archive/logs/R5/gate_retrieval_20260923/retrieval_strata_report.json,6e5dc6b50d952f9aa4c113967ff5c26d3cc23b37c6c29a3766a30faa61e6a0ce,stability.prollama-stage-1.contrasts.C_G_T_M1|C_G_T.<seed>.strata.near_duplicate.bands.near_duplicate_absent
stability,C_G_T_M1|C_G_T,prollama-stage-1,near_duplicate,near_duplicate_present,20260923,-0.0001726987666847271,-0.0011426602861013804,0.00044575139528716886,unresolved_interval_crosses_zero,49,106.88860623257176,0,0,3,archive/logs/R5/gate_retrieval_20260923/retrieval_strata_report.json,6e5dc6b50d952f9aa4c113967ff5c26d3cc23b37c6c29a3766a30faa61e6a0ce,stability.prollama-stage-1.contrasts.C_G_T_M1|C_G_T.<seed>.strata.near_duplicate.bands.near_duplicate_present
stability,C_G_T_M1|C_G_T,prollama-stage-1,identity_band,ge95_near_duplicate,20260923,-0.0001726987666847271,-0.0011426602861013804,0.00044575139528716886,unresolved_interval_crosses_zero,49,106.88860623257176,0,0,3,archive/logs/R5/gate_retrieval_20260923/retrieval_strata_report.json,6e5dc6b50d952f9aa4c113967ff5c26d3cc23b37c6c29a3766a30faa61e6a0ce,stability.prollama-stage-1.contrasts.C_G_T_M1|C_G_T.<seed>.strata.identity_band.bands.ge95_near_duplicate
stability,C_G_T_M1|C_G_T,prollama-stage-1,identity_band,id30_to_70_remote_homology,20260923,0.00020551566722060155,,,unresolved_thin_support,2,3.2,0,0,3,archive/logs/R5/gate_retrieval_20260923/retrieval_strata_report.json,6e5dc6b50d952f9aa4c113967ff5c26d3cc23b37c6c29a3766a30faa61e6a0ce,stability.prollama-stage-1.contrasts.C_G_T_M1|C_G_T.<seed>.strata.identity_band.bands.id30_to_70_remote_homology
stability,C_G_T_M1|C_G_T,prollama-stage-1,identity_band,id70_to_95_close_homology,20260923,0.0006712251182240461,-0.0003659570751215537,0.0022000322453673555,unresolved_interval_crosses_zero,12,19.23052464228936,1,0,3,archive/logs/R5/gate_retrieval_20260923/retrieval_strata_report.json,6e5dc6b50d952f9aa4c113967ff5c26d3cc23b37c6c29a3766a30faa61e6a0ce,stability.prollama-stage-1.contrasts.C_G_T_M1|C_G_T.<seed>.strata.identity_band.bands.id70_to_95_close_homology
stability,C_G_T_M1|C_G_T,prollama-stage-1,identity_band,lt30_no_detectable_homology,20260923,-0.002992010641350129,,,unresolved_thin_support,1,2.0,0,0,3,archive/logs/R5/gate_retrieval_20260923/retrieval_strata_report.json,6e5dc6b50d952f9aa4c113967ff5c26d3cc23b37c6c29a3766a30faa61e6a0ce,stability.prollama-stage-1.contrasts.C_G_T_M1|C_G_T.<seed>.strata.identity_band.bands.lt30_no_detectable_homology
stability,C_G_T_M1|C_G_T,prollama-stage-1,depth_band,neff_100_1000,20260923,0.0007022765428705795,0.00022353801986355192,0.001193475916991124,resolved,21,43.8840625493603,2,0,3,archive/logs/R5/gate_retrieval_20260923/retrieval_strata_report.json,6e5dc6b50d952f9aa4c113967ff5c26d3cc23b37c6c29a3766a30faa61e6a0ce,stability.prollama-stage-1.contrasts.C_G_T_M1|C_G_T.<seed>.strata.depth_band.bands.neff_100_1000
stability,C_G_T_M1|C_G_T,prollama-stage-1,depth_band,neff_10_100,20260923,-0.00022887133087207468,-0.000556427549249259,7.606341660104073e-05,unresolved_interval_crosses_zero,25,48.810199245736406,0,0,3,archive/logs/R5/gate_retrieval_20260923/retrieval_strata_report.json,6e5dc6b50d952f9aa4c113967ff5c26d3cc23b37c6c29a3766a30faa61e6a0ce,stability.prollama-stage-1.contrasts.C_G_T_M1|C_G_T.<seed>.strata.depth_band.bands.neff_10_100
stability,C_G_T_M1|C_G_T,prollama-stage-1,depth_band,neff_ge1000,20260923,-0.0018744698356755185,,,unresolved_thin_support,6,11.984147952443857,0,0,3,archive/logs/R5/gate_retrieval_20260923/retrieval_strata_report.json,6e5dc6b50d952f9aa4c113967ff5c26d3cc23b37c6c29a3766a30faa61e6a0ce,stability.prollama-stage-1.contrasts.C_G_T_M1|C_G_T.<seed>.strata.depth_band.bands.neff_ge1000
stability,C_G_T_M1|C_G_T,prollama-stage-1,depth_band,neff_lt10,20260923,0.00020220800646826703,-0.00022175405558968282,0.0006635144236799411,unresolved_interval_crosses_zero,11,22.647058823529417,0,0,3,archive/logs/R5/gate_retrieval_20260923/retrieval_strata_report.json,6e5dc6b50d952f9aa4c113967ff5c26d3cc23b37c6c29a3766a30faa61e6a0ce,stability.prollama-stage-1.contrasts.C_G_T_M1|C_G_T.<seed>.strata.depth_band.bands.neff_lt10
stability,C_G_T_M1|C_G_T,prollama-stage-1,depth_band,no_homolog_support,20260923,-0.002992010641350129,,,unresolved_thin_support,1,2.0,0,0,3,archive/logs/R5/gate_retrieval_20260923/retrieval_strata_report.json,6e5dc6b50d952f9aa4c113967ff5c26d3cc23b37c6c29a3766a30faa61e6a0ce,stability.prollama-stage-1.contrasts.C_G_T_M1|C_G_T.<seed>.strata.depth_band.bands.no_homolog_support
stability,C_G_T_M1|C_G_T,prollama-stage-1,source_provenance,source_other,20260923,,,,unresolved_thin_support,0,0.0,0,0,3,archive/logs/R5/gate_retrieval_20260923/retrieval_strata_report.json,6e5dc6b50d952f9aa4c113967ff5c26d3cc23b37c6c29a3766a30faa61e6a0ce,stability.prollama-stage-1.contrasts.C_G_T_M1|C_G_T.<seed>.strata.source_provenance.bands.source_other
stability,C_G_T_M1|C_G_T,prollama-stage-1,source_provenance,source_tsuboyama_2023,20260923,-4.669558524643749e-05,-0.0008707271604910526,0.0005492857561925638,unresolved_interval_crosses_zero,64,129.20837040546317,0,0,3,archive/logs/R5/gate_retrieval_20260923/retrieval_strata_report.json,6e5dc6b50d952f9aa4c113967ff5c26d3cc23b37c6c29a3766a30faa61e6a0ce,stability.prollama-stage-1.contrasts.C_G_T_M1|C_G_T.<seed>.strata.source_provenance.bands.source_tsuboyama_2023
stability,C_G_T_M1|C_G_T,prollama-stage-1,family_band,close_multi_member_group,20260923,-6.51071413634822e-05,-0.001734999692407164,0.0011906768415945186,unresolved_interval_crosses_zero,28,48.20142480726066,0,0,3,archive/logs/R5/gate_retrieval_20260923/retrieval_strata_report.json,6e5dc6b50d952f9aa4c113967ff5c26d3cc23b37c6c29a3766a30faa61e6a0ce,stability.prollama-stage-1.contrasts.C_G_T_M1|C_G_T.<seed>.strata.family_band.bands.close_multi_member_group
stability,C_G_T_M1|C_G_T,prollama-stage-1,family_band,remote_singleton_group,20260923,-3.2375486044291614e-05,-0.00036811282282533947,0.0002556410042933852,unresolved_interval_crosses_zero,36,83.96146118432502,0,0,3,archive/logs/R5/gate_retrieval_20260923/retrieval_strata_report.json,6e5dc6b50d952f9aa4c113967ff5c26d3cc23b37c6c29a3766a30faa61e6a0ce,stability.prollama-stage-1.contrasts.C_G_T_M1|C_G_T.<seed>.strata.family_band.bands.remote_singleton_group
stability,C_G_T_M1|C_G_T,proteinglm-7b-clm,full_support,,20260923,0.008119385454002474,0.0037330809640400333,0.01286753919590278,resolved,64,129.20837040546317,3,0,3,archive/logs/R5/gate_retrieval_20260923/retrieval_strata_report.json,6e5dc6b50d952f9aa4c113967ff5c26d3cc23b37c6c29a3766a30faa61e6a0ce,stability.proteinglm-7b-clm.contrasts.C_G_T_M1|C_G_T.<seed>.full_support
stability,C_G_T_M1|C_G_T,proteinglm-7b-clm,near_duplicate,near_duplicate_absent,20260923,0.009011825290450593,0.00248424953457739,0.016505136106429653,resolved,15,24.355670103092773,3,0,3,archive/logs/R5/gate_retrieval_20260923/retrieval_strata_report.json,6e5dc6b50d952f9aa4c113967ff5c26d3cc23b37c6c29a3766a30faa61e6a0ce,stability.proteinglm-7b-clm.contrasts.C_G_T_M1|C_G_T.<seed>.strata.near_duplicate.bands.near_duplicate_absent
stability,C_G_T_M1|C_G_T,proteinglm-7b-clm,near_duplicate,near_duplicate_present,20260923,0.00784618958570203,0.0026063682612655985,0.01382302804047558,resolved,49,106.88860623257176,3,0,3,archive/logs/R5/gate_retrieval_20260923/retrieval_strata_report.json,6e5dc6b50d952f9aa4c113967ff5c26d3cc23b37c6c29a3766a30faa61e6a0ce,stability.proteinglm-7b-clm.contrasts.C_G_T_M1|C_G_T.<seed>.strata.near_duplicate.bands.near_duplicate_present
stability,C_G_T_M1|C_G_T,proteinglm-7b-clm,identity_band,ge95_near_duplicate,20260923,0.00784618958570203,0.0026063682612655985,0.01382302804047558,resolved,49,106.88860623257176,3,0,3,archive/logs/R5/gate_retrieval_20260923/retrieval_strata_report.json,6e5dc6b50d952f9aa4c113967ff5c26d3cc23b37c6c29a3766a30faa61e6a0ce,stability.proteinglm-7b-clm.contrasts.C_G_T_M1|C_G_T.<seed>.strata.identity_band.bands.ge95_near_duplicate
stability,C_G_T_M1|C_G_T,proteinglm-7b-clm,identity_band,id30_to_70_remote_homology,20260923,0.01584432008874187,,,unresolved_thin_support,2,3.2,0,0,3,archive/logs/R5/gate_retrieval_20260923/retrieval_strata_report.json,6e5dc6b50d952f9aa4c113967ff5c26d3cc23b37c6c29a3766a30faa61e6a0ce,stability.proteinglm-7b-clm.contrasts.C_G_T_M1|C_G_T.<seed>.strata.identity_band.bands.id30_to_70_remote_homology
stability,C_G_T_M1|C_G_T,proteinglm-7b-clm,identity_band,id70_to_95_close_homology,20260923,0.00873721490890783,0.0010093102536663928,0.01831878283081784,resolved,12,19.23052464228936,3,0,3,archive/logs/R5/gate_retrieval_20260923/retrieval_strata_report.json,6e5dc6b50d952f9aa4c113967ff5c26d3cc23b37c6c29a3766a30faa61e6a0ce,stability.proteinglm-7b-clm.contrasts.C_G_T_M1|C_G_T.<seed>.strata.identity_band.bands.id70_to_95_close_homology
stability,C_G_T_M1|C_G_T,proteinglm-7b-clm,identity_band,lt30_no_detectable_homology,20260923,-0.0013578397276187704,,,unresolved_thin_support,1,2.0,0,0,3,archive/logs/R5/gate_retrieval_20260923/retrieval_strata_report.json,6e5dc6b50d952f9aa4c113967ff5c26d3cc23b37c6c29a3766a30faa61e6a0ce,stability.proteinglm-7b-clm.contrasts.C_G_T_M1|C_G_T.<seed>.strata.identity_band.bands.lt30_no_detectable_homology
stability,C_G_T_M1|C_G_T,proteinglm-7b-clm,depth_band,neff_100_1000,20260923,0.008612531824963845,-0.0005836815923789145,0.019882358195515284,unresolved_interval_crosses_zero,21,43.8840625493603,1,0,3,archive/logs/R5/gate_retrieval_20260923/retrieval_strata_report.json,6e5dc6b50d952f9aa4c113967ff5c26d3cc23b37c6c29a3766a30faa61e6a0ce,stability.proteinglm-7b-clm.contrasts.C_G_T_M1|C_G_T.<seed>.strata.depth_band.bands.neff_100_1000
stability,C_G_T_M1|C_G_T,proteinglm-7b-clm,depth_band,neff_10_100,20260923,0.008287524983477573,0.0018132991622099104,0.015242218130028493,resolved,25,48.810199245736406,3,0,3,archive/logs/R5/gate_retrieval_20260923/retrieval_strata_report.json,6e5dc6b50d952f9aa4c113967ff5c26d3cc23b37c6c29a3766a30faa61e6a0ce,stability.proteinglm-7b-clm.contrasts.C_G_T_M1|C_G_T.<seed>.strata.depth_band.bands.neff_10_100
stability,C_G_T_M1|C_G_T,proteinglm-7b-clm,depth_band,neff_ge1000,20260923,0.0015727995422721158,,,unresolved_thin_support,6,11.984147952443857,0,0,3,archive/logs/R5/gate_retrieval_20260923/retrieval_strata_report.json,6e5dc6b50d952f9aa4c113967ff5c26d3cc23b37c6c29a3766a30faa61e6a0ce,stability.proteinglm-7b-clm.contrasts.C_G_T_M1|C_G_T.<seed>.strata.depth_band.bands.neff_ge1000
stability,C_G_T_M1|C_G_T,proteinglm-7b-clm,depth_band,neff_lt10,20260923,0.011228219874451313,0.0020583813187943366,0.02077360159456437,resolved,11,22.647058823529417,3,0,3,archive/logs/R5/gate_retrieval_20260923/retrieval_strata_report.json,6e5dc6b50d952f9aa4c113967ff5c26d3cc23b37c6c29a3766a30faa61e6a0ce,stability.proteinglm-7b-clm.contrasts.C_G_T_M1|C_G_T.<seed>.strata.depth_band.bands.neff_lt10
stability,C_G_T_M1|C_G_T,proteinglm-7b-clm,depth_band,no_homolog_support,20260923,-0.0013578397276187704,,,unresolved_thin_support,1,2.0,0,0,3,archive/logs/R5/gate_retrieval_20260923/retrieval_strata_report.json,6e5dc6b50d952f9aa4c113967ff5c26d3cc23b37c6c29a3766a30faa61e6a0ce,stability.proteinglm-7b-clm.contrasts.C_G_T_M1|C_G_T.<seed>.strata.depth_band.bands.no_homolog_support
stability,C_G_T_M1|C_G_T,proteinglm-7b-clm,source_provenance,source_other,20260923,,,,unresolved_thin_support,0,0.0,0,0,3,archive/logs/R5/gate_retrieval_20260923/retrieval_strata_report.json,6e5dc6b50d952f9aa4c113967ff5c26d3cc23b37c6c29a3766a30faa61e6a0ce,stability.proteinglm-7b-clm.contrasts.C_G_T_M1|C_G_T.<seed>.strata.source_provenance.bands.source_other
stability,C_G_T_M1|C_G_T,proteinglm-7b-clm,source_provenance,source_tsuboyama_2023,20260923,0.008119385454002474,0.0037330809640400333,0.01286753919590278,resolved,64,129.20837040546317,3,0,3,archive/logs/R5/gate_retrieval_20260923/retrieval_strata_report.json,6e5dc6b50d952f9aa4c113967ff5c26d3cc23b37c6c29a3766a30faa61e6a0ce,stability.proteinglm-7b-clm.contrasts.C_G_T_M1|C_G_T.<seed>.strata.source_provenance.bands.source_tsuboyama_2023
stability,C_G_T_M1|C_G_T,proteinglm-7b-clm,family_band,close_multi_member_group,20260923,0.009801118243969549,0.003026710082653287,0.018685701211844017,resolved,28,48.20142480726066,3,0,3,archive/logs/R5/gate_retrieval_20260923/retrieval_strata_report.json,6e5dc6b50d952f9aa4c113967ff5c26d3cc23b37c6c29a3766a30faa61e6a0ce,stability.proteinglm-7b-clm.contrasts.C_G_T_M1|C_G_T.<seed>.strata.family_band.bands.close_multi_member_group
stability,C_G_T_M1|C_G_T,proteinglm-7b-clm,family_band,remote_singleton_group,20260923,0.006811371061805863,0.001392215606243362,0.012404126276188306,resolved,36,83.96146118432502,3,0,3,archive/logs/R5/gate_retrieval_20260923/retrieval_strata_report.json,6e5dc6b50d952f9aa4c113967ff5c26d3cc23b37c6c29a3766a30faa61e6a0ce,stability.proteinglm-7b-clm.contrasts.C_G_T_M1|C_G_T.<seed>.strata.family_band.bands.remote_singleton_group
stability,C_G_T_M1|C_G_T,protgpt2,full_support,,20260923,0.0024790277374166264,0.00025998582951984253,0.004770048487088188,resolved,64,129.20837040546317,2,0,3,archive/logs/R5/gate_retrieval_20260923/retrieval_strata_report.json,6e5dc6b50d952f9aa4c113967ff5c26d3cc23b37c6c29a3766a30faa61e6a0ce,stability.protgpt2.contrasts.C_G_T_M1|C_G_T.<seed>.full_support
stability,C_G_T_M1|C_G_T,protgpt2,near_duplicate,near_duplicate_absent,20260923,0.0024627365698919102,-0.001267620590159996,0.007434068745115266,unresolved_interval_crosses_zero,15,24.355670103092773,0,0,3,archive/logs/R5/gate_retrieval_20260923/retrieval_strata_report.json,6e5dc6b50d952f9aa4c113967ff5c26d3cc23b37c6c29a3766a30faa61e6a0ce,stability.protgpt2.contrasts.C_G_T_M1|C_G_T.<seed>.strata.near_duplicate.bands.near_duplicate_absent
stability,C_G_T_M1|C_G_T,protgpt2,near_duplicate,near_duplicate_present,20260923,0.0024840148295160293,-8.42637750431326e-05,0.005298103742244601,unresolved_interval_crosses_zero,49,106.88860623257176,1,0,3,archive/logs/R5/gate_retrieval_20260923/retrieval_strata_report.json,6e5dc6b50d952f9aa4c113967ff5c26d3cc23b37c6c29a3766a30faa61e6a0ce,stability.protgpt2.contrasts.C_G_T_M1|C_G_T.<seed>.strata.near_duplicate.bands.near_duplicate_present
stability,C_G_T_M1|C_G_T,protgpt2,identity_band,ge95_near_duplicate,20260923,0.0024840148295160293,-8.42637750431326e-05,0.005298103742244601,unresolved_interval_crosses_zero,49,106.88860623257176,1,0,3,archive/logs/R5/gate_retrieval_20260923/retrieval_strata_report.json,6e5dc6b50d952f9aa4c113967ff5c26d3cc23b37c6c29a3766a30faa61e6a0ce,stability.protgpt2.contrasts.C_G_T_M1|C_G_T.<seed>.strata.identity_band.bands.ge95_near_duplicate
stability,C_G_T_M1|C_G_T,protgpt2,identity_band,id30_to_70_remote_homology,20260923,0.015889441393790782,,,unresolved_thin_support,2,3.2,0,0,3,archive/logs/R5/gate_retrieval_20260923/retrieval_strata_report.json,6e5dc6b50d952f9aa4c113967ff5c26d3cc23b37c6c29a3766a30faa61e6a0ce,stability.protgpt2.contrasts.C_G_T_M1|C_G_T.<seed>.strata.identity_band.bands.id30_to_70_remote_homology
stability,C_G_T_M1|C_G_T,protgpt2,identity_band,id70_to_95_close_homology,20260923,0.0005373321874163247,-0.002388165805080437,0.0033428482138804,unresolved_interval_crosses_zero,12,19.23052464228936,0,0,3,archive/logs/R5/gate_retrieval_20260923/retrieval_strata_report.json,6e5dc6b50d952f9aa4c113967ff5c26d3cc23b37c6c29a3766a30faa61e6a0ce,stability.protgpt2.contrasts.C_G_T_M1|C_G_T.<seed>.strata.identity_band.bands.id70_to_95_close_homology
stability,C_G_T_M1|C_G_T,protgpt2,identity_band,lt30_no_detectable_homology,20260923,-0.0012858204881988078,,,unresolved_thin_support,1,2.0,0,0,3,archive/logs/R5/gate_retrieval_20260923/retrieval_strata_report.json,6e5dc6b50d952f9aa4c113967ff5c26d3cc23b37c6c29a3766a30faa61e6a0ce,stability.protgpt2.contrasts.C_G_T_M1|C_G_T.<seed>.strata.identity_band.bands.lt30_no_detectable_homology
stability,C_G_T_M1|C_G_T,protgpt2,depth_band,neff_100_1000,20260923,0.00485295105238534,-0.00042459786165208543,0.010695261891444048,unresolved_interval_crosses_zero,21,43.8840625493603,0,0,3,archive/logs/R5/gate_retrieval_20260923/retrieval_strata_report.json,6e5dc6b50d952f9aa4c113967ff5c26d3cc23b37c6c29a3766a30faa61e6a0ce,stability.protgpt2.contrasts.C_G_T_M1|C_G_T.<seed>.strata.depth_band.bands.neff_100_1000
stability,C_G_T_M1|C_G_T,protgpt2,depth_band,neff_10_100,20260923,0.0007062615119483806,-0.0013079153668980805,0.002473905658901214,unresolved_interval_crosses_zero,25,48.810199245736406,0,0,3,archive/logs/R5/gate_retrieval_20260923/retrieval_strata_report.json,6e5dc6b50d952f9aa4c113967ff5c26d3cc23b37c6c29a3766a30faa61e6a0ce,stability.protgpt2.contrasts.C_G_T_M1|C_G_T.<seed>.strata.depth_band.bands.neff_10_100
stability,C_G_T_M1|C_G_T,protgpt2,depth_band,neff_ge1000,20260923,-0.0022738775572310973,,,unresolved_thin_support,6,11.984147952443857,0,0,3,archive/logs/R5/gate_retrieval_20260923/retrieval_strata_report.json,6e5dc6b50d952f9aa4c113967ff5c26d3cc23b37c6c29a3766a30faa61e6a0ce,stability.protgpt2.contrasts.C_G_T_M1|C_G_T.<seed>.strata.depth_band.bands.neff_ge1000
stability,C_G_T_M1|C_G_T,protgpt2,depth_band,neff_lt10,20260923,0.004910759193404348,0.001147308873318907,0.008677704075889395,resolved,11,22.647058823529417,3,0,3,archive/logs/R5/gate_retrieval_20260923/retrieval_strata_report.json,6e5dc6b50d952f9aa4c113967ff5c26d3cc23b37c6c29a3766a30faa61e6a0ce,stability.protgpt2.contrasts.C_G_T_M1|C_G_T.<seed>.strata.depth_band.bands.neff_lt10
stability,C_G_T_M1|C_G_T,protgpt2,depth_band,no_homolog_support,20260923,-0.0012858204881988078,,,unresolved_thin_support,1,2.0,0,0,3,archive/logs/R5/gate_retrieval_20260923/retrieval_strata_report.json,6e5dc6b50d952f9aa4c113967ff5c26d3cc23b37c6c29a3766a30faa61e6a0ce,stability.protgpt2.contrasts.C_G_T_M1|C_G_T.<seed>.strata.depth_band.bands.no_homolog_support
stability,C_G_T_M1|C_G_T,protgpt2,source_provenance,source_other,20260923,,,,unresolved_thin_support,0,0.0,0,0,3,archive/logs/R5/gate_retrieval_20260923/retrieval_strata_report.json,6e5dc6b50d952f9aa4c113967ff5c26d3cc23b37c6c29a3766a30faa61e6a0ce,stability.protgpt2.contrasts.C_G_T_M1|C_G_T.<seed>.strata.source_provenance.bands.source_other
stability,C_G_T_M1|C_G_T,protgpt2,source_provenance,source_tsuboyama_2023,20260923,0.0024790277374166264,0.00025998582951984253,0.004770048487088188,resolved,64,129.20837040546317,2,0,3,archive/logs/R5/gate_retrieval_20260923/retrieval_strata_report.json,6e5dc6b50d952f9aa4c113967ff5c26d3cc23b37c6c29a3766a30faa61e6a0ce,stability.protgpt2.contrasts.C_G_T_M1|C_G_T.<seed>.strata.source_provenance.bands.source_tsuboyama_2023
stability,C_G_T_M1|C_G_T,protgpt2,family_band,close_multi_member_group,20260923,0.003411563818307086,-8.209179136964479e-05,0.007446774383989843,unresolved_interval_crosses_zero,28,48.20142480726066,2,0,3,archive/logs/R5/gate_retrieval_20260923/retrieval_strata_report.json,6e5dc6b50d952f9aa4c113967ff5c26d3cc23b37c6c29a3766a30faa61e6a0ce,stability.protgpt2.contrasts.C_G_T_M1|C_G_T.<seed>.strata.family_band.bands.close_multi_member_group
stability,C_G_T_M1|C_G_T,protgpt2,family_band,remote_singleton_group,20260923,0.0017537218967240465,-0.0009570120421475489,0.004413344583256189,unresolved_interval_crosses_zero,36,83.96146118432502,0,0,3,archive/logs/R5/gate_retrieval_20260923/retrieval_strata_report.json,6e5dc6b50d952f9aa4c113967ff5c26d3cc23b37c6c29a3766a30faa61e6a0ce,stability.protgpt2.contrasts.C_G_T_M1|C_G_T.<seed>.strata.family_band.bands.remote_singleton_group
stability,C_G_T_M1|C_G_T,protgpt3-1.3b,full_support,,20260923,9.368182958128558e-05,-0.0009018668283717646,0.0009713851768465104,unresolved_interval_crosses_zero,64,129.20837040546317,0,0,3,archive/logs/R5/gate_retrieval_20260923/retrieval_strata_report.json,6e5dc6b50d952f9aa4c113967ff5c26d3cc23b37c6c29a3766a30faa61e6a0ce,stability.protgpt3-1.3b.contrasts.C_G_T_M1|C_G_T.<seed>.full_support
stability,C_G_T_M1|C_G_T,protgpt3-1.3b,near_duplicate,near_duplicate_absent,20260923,2.308493975198093e-05,-0.0012744160747453998,0.0012874458704781704,unresolved_interval_crosses_zero,15,24.355670103092773,0,0,3,archive/logs/R5/gate_retrieval_20260923/retrieval_strata_report.json,6e5dc6b50d952f9aa4c113967ff5c26d3cc23b37c6c29a3766a30faa61e6a0ce,stability.protgpt3-1.3b.contrasts.C_G_T_M1|C_G_T.<seed>.strata.near_duplicate.bands.near_duplicate_absent
stability,C_G_T_M1|C_G_T,protgpt3-1.3b,near_duplicate,near_duplicate_present,20260923,0.00011529312238617476,-0.0010983294767811834,0.001220419841054064,unresolved_interval_crosses_zero,49,106.88860623257176,0,0,3,archive/logs/R5/gate_retrieval_20260923/retrieval_strata_report.json,6e5dc6b50d952f9aa4c113967ff5c26d3cc23b37c6c29a3766a30faa61e6a0ce,stability.protgpt3-1.3b.contrasts.C_G_T_M1|C_G_T.<seed>.strata.near_duplicate.bands.near_duplicate_present
stability,C_G_T_M1|C_G_T,protgpt3-1.3b,identity_band,ge95_near_duplicate,20260923,0.00011529312238617476,-0.0010983294767811834,0.001220419841054064,unresolved_interval_crosses_zero,49,106.88860623257176,0,0,3,archive/logs/R5/gate_retrieval_20260923/retrieval_strata_report.json,6e5dc6b50d952f9aa4c113967ff5c26d3cc23b37c6c29a3766a30faa61e6a0ce,stability.protgpt3-1.3b.contrasts.C_G_T_M1|C_G_T.<seed>.strata.identity_band.bands.ge95_near_duplicate
stability,C_G_T_M1|C_G_T,protgpt3-1.3b,identity_band,id30_to_70_remote_homology,20260923,0.0024846530665409983,,,unresolved_thin_support,2,3.2,0,0,3,archive/logs/R5/gate_retrieval_20260923/retrieval_strata_report.json,6e5dc6b50d952f9aa4c113967ff5c26d3cc23b37c6c29a3766a30faa61e6a0ce,stability.protgpt3-1.3b.contrasts.C_G_T_M1|C_G_T.<seed>.strata.identity_band.bands.id30_to_70_remote_homology
stability,C_G_T_M1|C_G_T,protgpt3-1.3b,identity_band,id70_to_95_close_homology,20260923,-0.000376735299967422,-0.0019419078910777358,0.0010763216881890822,unresolved_interval_crosses_zero,12,19.23052464228936,0,0,3,archive/logs/R5/gate_retrieval_20260923/retrieval_strata_report.json,6e5dc6b50d952f9aa4c113967ff5c26d3cc23b37c6c29a3766a30faa61e6a0ce,stability.protgpt3-1.3b.contrasts.C_G_T_M1|C_G_T.<seed>.strata.identity_band.bands.id70_to_95_close_homology
stability,C_G_T_M1|C_G_T,protgpt3-1.3b,identity_band,lt30_no_detectable_homology,20260923,-0.00010220843719321859,,,unresolved_thin_support,1,2.0,0,0,3,archive/logs/R5/gate_retrieval_20260923/retrieval_strata_report.json,6e5dc6b50d952f9aa4c113967ff5c26d3cc23b37c6c29a3766a30faa61e6a0ce,stability.protgpt3-1.3b.contrasts.C_G_T_M1|C_G_T.<seed>.strata.identity_band.bands.lt30_no_detectable_homology
stability,C_G_T_M1|C_G_T,protgpt3-1.3b,depth_band,neff_100_1000,20260923,-0.0005193827706938296,-0.0028621749469652357,0.0017170894747263017,unresolved_interval_crosses_zero,21,43.8840625493603,0,0,3,archive/logs/R5/gate_retrieval_20260923/retrieval_strata_report.json,6e5dc6b50d952f9aa4c113967ff5c26d3cc23b37c6c29a3766a30faa61e6a0ce,stability.protgpt3-1.3b.contrasts.C_G_T_M1|C_G_T.<seed>.strata.depth_band.bands.neff_100_1000
stability,C_G_T_M1|C_G_T,protgpt3-1.3b,depth_band,neff_10_100,20260923,-9.786327717954179e-05,-0.0011902481856232645,0.0009249164330717253,unresolved_interval_crosses_zero,25,48.810199245736406,0,0,3,archive/logs/R5/gate_retrieval_20260923/retrieval_strata_report.json,6e5dc6b50d952f9aa4c113967ff5c26d3cc23b37c6c29a3766a30faa61e6a0ce,stability.protgpt3-1.3b.contrasts.C_G_T_M1|C_G_T.<seed>.strata.depth_band.bands.neff_10_100
stability,C_G_T_M1|C_G_T,protgpt3-1.3b,depth_band,neff_ge1000,20260923,0.00048287556496187195,,,unresolved_thin_support,6,11.984147952443857,0,0,3,archive/logs/R5/gate_retrieval_20260923/retrieval_strata_report.json,6e5dc6b50d952f9aa4c113967ff5c26d3cc23b37c6c29a3766a30faa61e6a0ce,stability.protgpt3-1.3b.contrasts.C_G_T_M1|C_G_T.<seed>.strata.depth_band.bands.neff_ge1000
stability,C_G_T_M1|C_G_T,protgpt3-1.3b,depth_band,neff_lt10,20260923,0.0015049283867893846,-4.5928403102158205e-05,0.002904982526359758,unresolved_interval_crosses_zero,11,22.647058823529417,2,0,3,archive/logs/R5/gate_retrieval_20260923/retrieval_strata_report.json,6e5dc6b50d952f9aa4c113967ff5c26d3cc23b37c6c29a3766a30faa61e6a0ce,stability.protgpt3-1.3b.contrasts.C_G_T_M1|C_G_T.<seed>.strata.depth_band.bands.neff_lt10
stability,C_G_T_M1|C_G_T,protgpt3-1.3b,depth_band,no_homolog_support,20260923,-0.00010220843719321859,,,unresolved_thin_support,1,2.0,0,0,3,archive/logs/R5/gate_retrieval_20260923/retrieval_strata_report.json,6e5dc6b50d952f9aa4c113967ff5c26d3cc23b37c6c29a3766a30faa61e6a0ce,stability.protgpt3-1.3b.contrasts.C_G_T_M1|C_G_T.<seed>.strata.depth_band.bands.no_homolog_support
stability,C_G_T_M1|C_G_T,protgpt3-1.3b,source_provenance,source_other,20260923,,,,unresolved_thin_support,0,0.0,0,0,3,archive/logs/R5/gate_retrieval_20260923/retrieval_strata_report.json,6e5dc6b50d952f9aa4c113967ff5c26d3cc23b37c6c29a3766a30faa61e6a0ce,stability.protgpt3-1.3b.contrasts.C_G_T_M1|C_G_T.<seed>.strata.source_provenance.bands.source_other
stability,C_G_T_M1|C_G_T,protgpt3-1.3b,source_provenance,source_tsuboyama_2023,20260923,9.368182958128558e-05,-0.0009018668283717646,0.0009713851768465104,unresolved_interval_crosses_zero,64,129.20837040546317,0,0,3,archive/logs/R5/gate_retrieval_20260923/retrieval_strata_report.json,6e5dc6b50d952f9aa4c113967ff5c26d3cc23b37c6c29a3766a30faa61e6a0ce,stability.protgpt3-1.3b.contrasts.C_G_T_M1|C_G_T.<seed>.strata.source_provenance.bands.source_tsuboyama_2023
stability,C_G_T_M1|C_G_T,protgpt3-1.3b,family_band,close_multi_member_group,20260923,-0.00022524530590537436,-0.0014992955173157442,0.0010221247037432257,unresolved_interval_crosses_zero,28,48.20142480726066,0,0,3,archive/logs/R5/gate_retrieval_20260923/retrieval_strata_report.json,6e5dc6b50d952f9aa4c113967ff5c26d3cc23b37c6c29a3766a30faa61e6a0ce,stability.protgpt3-1.3b.contrasts.C_G_T_M1|C_G_T.<seed>.strata.family_band.bands.close_multi_member_group
stability,C_G_T_M1|C_G_T,protgpt3-1.3b,family_band,remote_singleton_group,20260923,0.0003417362682931322,-0.0010700918665526953,0.0016279104071719981,unresolved_interval_crosses_zero,36,83.96146118432502,0,0,3,archive/logs/R5/gate_retrieval_20260923/retrieval_strata_report.json,6e5dc6b50d952f9aa4c113967ff5c26d3cc23b37c6c29a3766a30faa61e6a0ce,stability.protgpt3-1.3b.contrasts.C_G_T_M1|C_G_T.<seed>.strata.family_band.bands.remote_singleton_group
stability,C_G_T_M1|C_G_T,qwen2.5-0.5b,full_support,,20260923,-0.00036001170373862416,-0.0010753059433928436,0.00022286501757055635,unresolved_interval_crosses_zero,64,129.20837040546317,0,0,3,archive/logs/R5/gate_retrieval_20260923/retrieval_strata_report.json,6e5dc6b50d952f9aa4c113967ff5c26d3cc23b37c6c29a3766a30faa61e6a0ce,stability.qwen2.5-0.5b.contrasts.C_G_T_M1|C_G_T.<seed>.full_support
stability,C_G_T_M1|C_G_T,qwen2.5-0.5b,near_duplicate,near_duplicate_absent,20260923,0.0006034964190842078,-0.0002337838545905736,0.001613617153445952,unresolved_interval_crosses_zero,15,24.355670103092773,0,0,3,archive/logs/R5/gate_retrieval_20260923/retrieval_strata_report.json,6e5dc6b50d952f9aa4c113967ff5c26d3cc23b37c6c29a3766a30faa61e6a0ce,stability.qwen2.5-0.5b.contrasts.C_G_T_M1|C_G_T.<seed>.strata.near_duplicate.bands.near_duplicate_absent
stability,C_G_T_M1|C_G_T,qwen2.5-0.5b,near_duplicate,near_duplicate_present,20260923,-0.0006549631699088788,-0.0015286765977373033,-1.4883302571450386e-05,resolved,49,106.88860623257176,0,1,3,archive/logs/R5/gate_retrieval_20260923/retrieval_strata_report.json,6e5dc6b50d952f9aa4c113967ff5c26d3cc23b37c6c29a3766a30faa61e6a0ce,stability.qwen2.5-0.5b.contrasts.C_G_T_M1|C_G_T.<seed>.strata.near_duplicate.bands.near_duplicate_present
stability,C_G_T_M1|C_G_T,qwen2.5-0.5b,identity_band,ge95_near_duplicate,20260923,-0.0006549631699088788,-0.0015286765977373033,-1.4883302571450386e-05,resolved,49,106.88860623257176,0,1,3,archive/logs/R5/gate_retrieval_20260923/retrieval_strata_report.json,6e5dc6b50d952f9aa4c113967ff5c26d3cc23b37c6c29a3766a30faa61e6a0ce,stability.qwen2.5-0.5b.contrasts.C_G_T_M1|C_G_T.<seed>.strata.identity_band.bands.ge95_near_duplicate
stability,C_G_T_M1|C_G_T,qwen2.5-0.5b,identity_band,id30_to_70_remote_homology,20260923,-0.00032092700027977483,,,unresolved_thin_support,2,3.2,0,0,3,archive/logs/R5/gate_retrieval_20260923/retrieval_strata_report.json,6e5dc6b50d952f9aa4c113967ff5c26d3cc23b37c6c29a3766a30faa61e6a0ce,stability.qwen2.5-0.5b.contrasts.C_G_T_M1|C_G_T.<seed>.strata.identity_band.bands.id30_to_70_remote_homology
stability,C_G_T_M1|C_G_T,qwen2.5-0.5b,identity_band,id70_to_95_close_homology,20260923,0.0005821334491138188,-0.0003537326653979555,0.001796144710493076,unresolved_interval_crosses_zero,12,19.23052464228936,0,0,3,archive/logs/R5/gate_retrieval_20260923/retrieval_strata_report.json,6e5dc6b50d952f9aa4c113967ff5c26d3cc23b37c6c29a3766a30faa61e6a0ce,stability.qwen2.5-0.5b.contrasts.C_G_T_M1|C_G_T.<seed>.strata.identity_band.bands.id70_to_95_close_homology
stability,C_G_T_M1|C_G_T,qwen2.5-0.5b,identity_band,lt30_no_detectable_homology,20260923,0.0027086988974568404,,,unresolved_thin_support,1,2.0,0,0,3,archive/logs/R5/gate_retrieval_20260923/retrieval_strata_report.json,6e5dc6b50d952f9aa4c113967ff5c26d3cc23b37c6c29a3766a30faa61e6a0ce,stability.qwen2.5-0.5b.contrasts.C_G_T_M1|C_G_T.<seed>.strata.identity_band.bands.lt30_no_detectable_homology
stability,C_G_T_M1|C_G_T,qwen2.5-0.5b,depth_band,neff_100_1000,20260923,-7.820180592030797e-05,-0.0008061722654180025,0.0008276204284130944,unresolved_interval_crosses_zero,21,43.8840625493603,0,0,3,archive/logs/R5/gate_retrieval_20260923/retrieval_strata_report.json,6e5dc6b50d952f9aa4c113967ff5c26d3cc23b37c6c29a3766a30faa61e6a0ce,stability.qwen2.5-0.5b.contrasts.C_G_T_M1|C_G_T.<seed>.strata.depth_band.bands.neff_100_1000
stability,C_G_T_M1|C_G_T,qwen2.5-0.5b,depth_band,neff_10_100,20260923,0.00014651657775157755,-0.0003485797448106526,0.0006515257047649978,unresolved_interval_crosses_zero,25,48.810199245736406,0,0,3,archive/logs/R5/gate_retrieval_20260923/retrieval_strata_report.json,6e5dc6b50d952f9aa4c113967ff5c26d3cc23b37c6c29a3766a30faa61e6a0ce,stability.qwen2.5-0.5b.contrasts.C_G_T_M1|C_G_T.<seed>.strata.depth_band.bands.neff_10_100
stability,C_G_T_M1|C_G_T,qwen2.5-0.5b,depth_band,neff_ge1000,20260923,-0.001130174312319182,,,unresolved_thin_support,6,11.984147952443857,0,0,3,archive/logs/R5/gate_retrieval_20260923/retrieval_strata_report.json,6e5dc6b50d952f9aa4c113967ff5c26d3cc23b37c6c29a3766a30faa61e6a0ce,stability.qwen2.5-0.5b.contrasts.C_G_T_M1|C_G_T.<seed>.strata.depth_band.bands.neff_ge1000
stability,C_G_T_M1|C_G_T,qwen2.5-0.5b,depth_band,neff_lt10,20260923,-0.0019080980529342423,-0.005086191058978749,0.0001710547218902424,unresolved_interval_crosses_zero,11,22.647058823529417,0,2,3,archive/logs/R5/gate_retrieval_20260923/retrieval_strata_report.json,6e5dc6b50d952f9aa4c113967ff5c26d3cc23b37c6c29a3766a30faa61e6a0ce,stability.qwen2.5-0.5b.contrasts.C_G_T_M1|C_G_T.<seed>.strata.depth_band.bands.neff_lt10
stability,C_G_T_M1|C_G_T,qwen2.5-0.5b,depth_band,no_homolog_support,20260923,0.0027086988974568404,,,unresolved_thin_support,1,2.0,0,0,3,archive/logs/R5/gate_retrieval_20260923/retrieval_strata_report.json,6e5dc6b50d952f9aa4c113967ff5c26d3cc23b37c6c29a3766a30faa61e6a0ce,stability.qwen2.5-0.5b.contrasts.C_G_T_M1|C_G_T.<seed>.strata.depth_band.bands.no_homolog_support
stability,C_G_T_M1|C_G_T,qwen2.5-0.5b,source_provenance,source_other,20260923,,,,unresolved_thin_support,0,0.0,0,0,3,archive/logs/R5/gate_retrieval_20260923/retrieval_strata_report.json,6e5dc6b50d952f9aa4c113967ff5c26d3cc23b37c6c29a3766a30faa61e6a0ce,stability.qwen2.5-0.5b.contrasts.C_G_T_M1|C_G_T.<seed>.strata.source_provenance.bands.source_other
stability,C_G_T_M1|C_G_T,qwen2.5-0.5b,source_provenance,source_tsuboyama_2023,20260923,-0.00036001170373862416,-0.0010753059433928436,0.00022286501757055635,unresolved_interval_crosses_zero,64,129.20837040546317,0,0,3,archive/logs/R5/gate_retrieval_20260923/retrieval_strata_report.json,6e5dc6b50d952f9aa4c113967ff5c26d3cc23b37c6c29a3766a30faa61e6a0ce,stability.qwen2.5-0.5b.contrasts.C_G_T_M1|C_G_T.<seed>.strata.source_provenance.bands.source_tsuboyama_2023
stability,C_G_T_M1|C_G_T,qwen2.5-0.5b,family_band,close_multi_member_group,20260923,-0.0006022128650862009,-0.002139995557139834,0.0005573170207201587,unresolved_interval_crosses_zero,28,48.20142480726066,0,1,3,archive/logs/R5/gate_retrieval_20260923/retrieval_strata_report.json,6e5dc6b50d952f9aa4c113967ff5c26d3cc23b37c6c29a3766a30faa61e6a0ce,stability.qwen2.5-0.5b.contrasts.C_G_T_M1|C_G_T.<seed>.strata.family_band.bands.close_multi_member_group
stability,C_G_T_M1|C_G_T,qwen2.5-0.5b,family_band,remote_singleton_group,20260923,-0.00017163302269050892,-0.0005658917427508344,0.0002448022537863687,unresolved_interval_crosses_zero,36,83.96146118432502,0,0,3,archive/logs/R5/gate_retrieval_20260923/retrieval_strata_report.json,6e5dc6b50d952f9aa4c113967ff5c26d3cc23b37c6c29a3766a30faa61e6a0ce,stability.qwen2.5-0.5b.contrasts.C_G_T_M1|C_G_T.<seed>.strata.family_band.bands.remote_singleton_group
stability,C_G_T_M1|C_G_T,qwen2.5-0.5b-instruct,full_support,,20260923,-0.00043459336919741487,-0.0009191079131750829,-3.30698905855335e-05,resolved,64,129.20837040546317,0,3,3,archive/logs/R5/gate_retrieval_20260923/retrieval_strata_report.json,6e5dc6b50d952f9aa4c113967ff5c26d3cc23b37c6c29a3766a30faa61e6a0ce,stability.qwen2.5-0.5b-instruct.contrasts.C_G_T_M1|C_G_T.<seed>.full_support
stability,C_G_T_M1|C_G_T,qwen2.5-0.5b-instruct,near_duplicate,near_duplicate_absent,20260923,-0.00013587922030651548,-0.0009761151221300583,0.00039964164906964884,unresolved_interval_crosses_zero,15,24.355670103092773,0,0,3,archive/logs/R5/gate_retrieval_20260923/retrieval_strata_report.json,6e5dc6b50d952f9aa4c113967ff5c26d3cc23b37c6c29a3766a30faa61e6a0ce,stability.qwen2.5-0.5b-instruct.contrasts.C_G_T_M1|C_G_T.<seed>.strata.near_duplicate.bands.near_duplicate_absent
stability,C_G_T_M1|C_G_T,qwen2.5-0.5b-instruct,near_duplicate,near_duplicate_present,20260923,-0.0005260364760007514,-0.001048234521750948,-6.134680320291547e-05,resolved,49,106.88860623257176,0,3,3,archive/logs/R5/gate_retrieval_20260923/retrieval_strata_report.json,6e5dc6b50d952f9aa4c113967ff5c26d3cc23b37c6c29a3766a30faa61e6a0ce,stability.qwen2.5-0.5b-instruct.contrasts.C_G_T_M1|C_G_T.<seed>.strata.near_duplicate.bands.near_duplicate_present
stability,C_G_T_M1|C_G_T,qwen2.5-0.5b-instruct,identity_band,ge95_near_duplicate,20260923,-0.0005260364760007514,-0.001048234521750948,-6.134680320291547e-05,resolved,49,106.88860623257176,0,3,3,archive/logs/R5/gate_retrieval_20260923/retrieval_strata_report.json,6e5dc6b50d952f9aa4c113967ff5c26d3cc23b37c6c29a3766a30faa61e6a0ce,stability.qwen2.5-0.5b-instruct.contrasts.C_G_T_M1|C_G_T.<seed>.strata.identity_band.bands.ge95_near_duplicate
stability,C_G_T_M1|C_G_T,qwen2.5-0.5b-instruct,identity_band,id30_to_70_remote_homology,20260923,-4.311742764184778e-05,,,unresolved_thin_support,2,3.2,0,0,3,archive/logs/R5/gate_retrieval_20260923/retrieval_strata_report.json,6e5dc6b50d952f9aa4c113967ff5c26d3cc23b37c6c29a3766a30faa61e6a0ce,stability.qwen2.5-0.5b-instruct.contrasts.C_G_T_M1|C_G_T.<seed>.strata.identity_band.bands.id30_to_70_remote_homology
stability,C_G_T_M1|C_G_T,qwen2.5-0.5b-instruct,identity_band,id70_to_95_close_homology,20260923,-0.0001315817215810968,-0.001137796074180582,0.0005465916520031618,unresolved_interval_crosses_zero,12,19.23052464228936,0,1,3,archive/logs/R5/gate_retrieval_20260923/retrieval_strata_report.json,6e5dc6b50d952f9aa4c113967ff5c26d3cc23b37c6c29a3766a30faa61e6a0ce,stability.qwen2.5-0.5b-instruct.contrasts.C_G_T_M1|C_G_T.<seed>.strata.identity_band.bands.id70_to_95_close_homology
stability,C_G_T_M1|C_G_T,qwen2.5-0.5b-instruct,identity_band,lt30_no_detectable_homology,20260923,-0.00037297279034087527,,,unresolved_thin_support,1,2.0,0,0,3,archive/logs/R5/gate_retrieval_20260923/retrieval_strata_report.json,6e5dc6b50d952f9aa4c113967ff5c26d3cc23b37c6c29a3766a30faa61e6a0ce,stability.qwen2.5-0.5b-instruct.contrasts.C_G_T_M1|C_G_T.<seed>.strata.identity_band.bands.lt30_no_detectable_homology
stability,C_G_T_M1|C_G_T,qwen2.5-0.5b-instruct,depth_band,neff_100_1000,20260923,-0.0008243092270758098,-0.0016483993176336332,-7.598870879037266e-05,resolved,21,43.8840625493603,0,1,3,archive/logs/R5/gate_retrieval_20260923/retrieval_strata_report.json,6e5dc6b50d952f9aa4c113967ff5c26d3cc23b37c6c29a3766a30faa61e6a0ce,stability.qwen2.5-0.5b-instruct.contrasts.C_G_T_M1|C_G_T.<seed>.strata.depth_band.bands.neff_100_1000
stability,C_G_T_M1|C_G_T,qwen2.5-0.5b-instruct,depth_band,neff_10_100,20260923,7.655297555380969e-05,-0.0002727006522541558,0.000419384710367723,unresolved_interval_crosses_zero,25,48.810199245736406,0,1,3,archive/logs/R5/gate_retrieval_20260923/retrieval_strata_report.json,6e5dc6b50d952f9aa4c113967ff5c26d3cc23b37c6c29a3766a30faa61e6a0ce,stability.qwen2.5-0.5b-instruct.contrasts.C_G_T_M1|C_G_T.<seed>.strata.depth_band.bands.neff_10_100
stability,C_G_T_M1|C_G_T,qwen2.5-0.5b-instruct,depth_band,neff_ge1000,20260923,-0.0008278881101978127,,,unresolved_thin_support,6,11.984147952443857,0,0,3,archive/logs/R5/gate_retrieval_20260923/retrieval_strata_report.json,6e5dc6b50d952f9aa4c113967ff5c26d3cc23b37c6c29a3766a30faa61e6a0ce,stability.qwen2.5-0.5b-instruct.contrasts.C_G_T_M1|C_G_T.<seed>.strata.depth_band.bands.neff_ge1000
stability,C_G_T_M1|C_G_T,qwen2.5-0.5b-instruct,depth_band,neff_lt10,20260923,-0.0006433640724872761,-0.002201691573689123,0.0003467842980072396,unresolved_interval_crosses_zero,11,22.647058823529417,0,1,3,archive/logs/R5/gate_retrieval_20260923/retrieval_strata_report.json,6e5dc6b50d952f9aa4c113967ff5c26d3cc23b37c6c29a3766a30faa61e6a0ce,stability.qwen2.5-0.5b-instruct.contrasts.C_G_T_M1|C_G_T.<seed>.strata.depth_band.bands.neff_lt10
stability,C_G_T_M1|C_G_T,qwen2.5-0.5b-instruct,depth_band,no_homolog_support,20260923,-0.00037297279034087527,,,unresolved_thin_support,1,2.0,0,0,3,archive/logs/R5/gate_retrieval_20260923/retrieval_strata_report.json,6e5dc6b50d952f9aa4c113967ff5c26d3cc23b37c6c29a3766a30faa61e6a0ce,stability.qwen2.5-0.5b-instruct.contrasts.C_G_T_M1|C_G_T.<seed>.strata.depth_band.bands.no_homolog_support
stability,C_G_T_M1|C_G_T,qwen2.5-0.5b-instruct,source_provenance,source_other,20260923,,,,unresolved_thin_support,0,0.0,0,0,3,archive/logs/R5/gate_retrieval_20260923/retrieval_strata_report.json,6e5dc6b50d952f9aa4c113967ff5c26d3cc23b37c6c29a3766a30faa61e6a0ce,stability.qwen2.5-0.5b-instruct.contrasts.C_G_T_M1|C_G_T.<seed>.strata.source_provenance.bands.source_other
stability,C_G_T_M1|C_G_T,qwen2.5-0.5b-instruct,source_provenance,source_tsuboyama_2023,20260923,-0.00043459336919741487,-0.0009191079131750829,-3.30698905855335e-05,resolved,64,129.20837040546317,0,3,3,archive/logs/R5/gate_retrieval_20260923/retrieval_strata_report.json,6e5dc6b50d952f9aa4c113967ff5c26d3cc23b37c6c29a3766a30faa61e6a0ce,stability.qwen2.5-0.5b-instruct.contrasts.C_G_T_M1|C_G_T.<seed>.strata.source_provenance.bands.source_tsuboyama_2023
stability,C_G_T_M1|C_G_T,qwen2.5-0.5b-instruct,family_band,close_multi_member_group,20260923,-0.0006168855706131555,-0.0014375046295715278,-1.27676234567694e-05,resolved,28,48.20142480726066,0,2,3,archive/logs/R5/gate_retrieval_20260923/retrieval_strata_report.json,6e5dc6b50d952f9aa4c113967ff5c26d3cc23b37c6c29a3766a30faa61e6a0ce,stability.qwen2.5-0.5b-instruct.contrasts.C_G_T_M1|C_G_T.<seed>.strata.family_band.bands.close_multi_member_group
stability,C_G_T_M1|C_G_T,qwen2.5-0.5b-instruct,family_band,remote_singleton_group,20260923,-0.0002928105458740611,-0.0008127171156037239,0.00018016978622080538,unresolved_interval_crosses_zero,36,83.96146118432502,0,1,3,archive/logs/R5/gate_retrieval_20260923/retrieval_strata_report.json,6e5dc6b50d952f9aa4c113967ff5c26d3cc23b37c6c29a3766a30faa61e6a0ce,stability.qwen2.5-0.5b-instruct.contrasts.C_G_T_M1|C_G_T.<seed>.strata.family_band.bands.remote_singleton_group
stability,C_G_T_M1|C_G_T,qwen2.5-32b,full_support,,20260923,-0.00020244117814141832,-0.0011831276884001665,0.0007155350675016659,unresolved_interval_crosses_zero,64,129.20837040546317,0,0,3,archive/logs/R5/gate_retrieval_20260923/retrieval_strata_report.json,6e5dc6b50d952f9aa4c113967ff5c26d3cc23b37c6c29a3766a30faa61e6a0ce,stability.qwen2.5-32b.contrasts.C_G_T_M1|C_G_T.<seed>.full_support
stability,C_G_T_M1|C_G_T,qwen2.5-32b,near_duplicate,near_duplicate_absent,20260923,-0.00043757685940017755,-0.0018896991963836044,0.000587888769387797,unresolved_interval_crosses_zero,15,24.355670103092773,0,0,3,archive/logs/R5/gate_retrieval_20260923/retrieval_strata_report.json,6e5dc6b50d952f9aa4c113967ff5c26d3cc23b37c6c29a3766a30faa61e6a0ce,stability.qwen2.5-32b.contrasts.C_G_T_M1|C_G_T.<seed>.strata.near_duplicate.bands.near_duplicate_absent
stability,C_G_T_M1|C_G_T,qwen2.5-32b,near_duplicate,near_duplicate_present,20260923,-0.0001304608675520022,-0.0013419833851346583,0.001004221346994638,unresolved_interval_crosses_zero,49,106.88860623257176,0,0,3,archive/logs/R5/gate_retrieval_20260923/retrieval_strata_report.json,6e5dc6b50d952f9aa4c113967ff5c26d3cc23b37c6c29a3766a30faa61e6a0ce,stability.qwen2.5-32b.contrasts.C_G_T_M1|C_G_T.<seed>.strata.near_duplicate.bands.near_duplicate_present
stability,C_G_T_M1|C_G_T,qwen2.5-32b,identity_band,ge95_near_duplicate,20260923,-0.0001304608675520022,-0.0013419833851346583,0.001004221346994638,unresolved_interval_crosses_zero,49,106.88860623257176,0,0,3,archive/logs/R5/gate_retrieval_20260923/retrieval_strata_report.json,6e5dc6b50d952f9aa4c113967ff5c26d3cc23b37c6c29a3766a30faa61e6a0ce,stability.qwen2.5-32b.contrasts.C_G_T_M1|C_G_T.<seed>.strata.identity_band.bands.ge95_near_duplicate
stability,C_G_T_M1|C_G_T,qwen2.5-32b,identity_band,id30_to_70_remote_homology,20260923,0.0003394129349508501,,,unresolved_thin_support,2,3.2,0,0,3,archive/logs/R5/gate_retrieval_20260923/retrieval_strata_report.json,6e5dc6b50d952f9aa4c113967ff5c26d3cc23b37c6c29a3766a30faa61e6a0ce,stability.qwen2.5-32b.contrasts.C_G_T_M1|C_G_T.<seed>.strata.identity_band.bands.id30_to_70_remote_homology
stability,C_G_T_M1|C_G_T,qwen2.5-32b,identity_band,id70_to_95_close_homology,20260923,0.0001910061955280757,-0.0003519013468578194,0.0007681292857160181,unresolved_interval_crosses_zero,12,19.23052464228936,0,0,3,archive/logs/R5/gate_retrieval_20260923/retrieval_strata_report.json,6e5dc6b50d952f9aa4c113967ff5c26d3cc23b37c6c29a3766a30faa61e6a0ce,stability.qwen2.5-32b.contrasts.C_G_T_M1|C_G_T.<seed>.strata.identity_band.bands.id70_to_95_close_homology
stability,C_G_T_M1|C_G_T,qwen2.5-32b,identity_band,lt30_no_detectable_homology,20260923,-0.009534553107241273,,,unresolved_thin_support,1,2.0,0,0,3,archive/logs/R5/gate_retrieval_20260923/retrieval_strata_report.json,6e5dc6b50d952f9aa4c113967ff5c26d3cc23b37c6c29a3766a30faa61e6a0ce,stability.qwen2.5-32b.contrasts.C_G_T_M1|C_G_T.<seed>.strata.identity_band.bands.lt30_no_detectable_homology
stability,C_G_T_M1|C_G_T,qwen2.5-32b,depth_band,neff_100_1000,20260923,0.0005916520957519811,-0.000926138921305169,0.002585069142045999,unresolved_interval_crosses_zero,21,43.8840625493603,0,0,3,archive/logs/R5/gate_retrieval_20260923/retrieval_strata_report.json,6e5dc6b50d952f9aa4c113967ff5c26d3cc23b37c6c29a3766a30faa61e6a0ce,stability.qwen2.5-32b.contrasts.C_G_T_M1|C_G_T.<seed>.strata.depth_band.bands.neff_100_1000
stability,C_G_T_M1|C_G_T,qwen2.5-32b,depth_band,neff_10_100,20260923,-0.0008397404380658519,-0.00261525827464525,0.00022630939176433568,unresolved_interval_crosses_zero,25,48.810199245736406,0,0,3,archive/logs/R5/gate_retrieval_20260923/retrieval_strata_report.json,6e5dc6b50d952f9aa4c113967ff5c26d3cc23b37c6c29a3766a30faa61e6a0ce,stability.qwen2.5-32b.contrasts.C_G_T_M1|C_G_T.<seed>.strata.depth_band.bands.neff_10_100
stability,C_G_T_M1|C_G_T,qwen2.5-32b,depth_band,neff_ge1000,20260923,-6.260346085011637e-05,,,unresolved_thin_support,6,11.984147952443857,0,0,3,archive/logs/R5/gate_retrieval_20260923/retrieval_strata_report.json,6e5dc6b50d952f9aa4c113967ff5c26d3cc23b37c6c29a3766a30faa61e6a0ce,stability.qwen2.5-32b.contrasts.C_G_T_M1|C_G_T.<seed>.strata.depth_band.bands.neff_ge1000
stability,C_G_T_M1|C_G_T,qwen2.5-32b,depth_band,neff_lt10,20260923,0.0005020686738314447,7.570772631488897e-05,0.0009384807111163486,resolved,11,22.647058823529417,2,0,3,archive/logs/R5/gate_retrieval_20260923/retrieval_strata_report.json,6e5dc6b50d952f9aa4c113967ff5c26d3cc23b37c6c29a3766a30faa61e6a0ce,stability.qwen2.5-32b.contrasts.C_G_T_M1|C_G_T.<seed>.strata.depth_band.bands.neff_lt10
stability,C_G_T_M1|C_G_T,qwen2.5-32b,depth_band,no_homolog_support,20260923,-0.009534553107241273,,,unresolved_thin_support,1,2.0,0,0,3,archive/logs/R5/gate_retrieval_20260923/retrieval_strata_report.json,6e5dc6b50d952f9aa4c113967ff5c26d3cc23b37c6c29a3766a30faa61e6a0ce,stability.qwen2.5-32b.contrasts.C_G_T_M1|C_G_T.<seed>.strata.depth_band.bands.no_homolog_support
stability,C_G_T_M1|C_G_T,qwen2.5-32b,source_provenance,source_other,20260923,,,,unresolved_thin_support,0,0.0,0,0,3,archive/logs/R5/gate_retrieval_20260923/retrieval_strata_report.json,6e5dc6b50d952f9aa4c113967ff5c26d3cc23b37c6c29a3766a30faa61e6a0ce,stability.qwen2.5-32b.contrasts.C_G_T_M1|C_G_T.<seed>.strata.source_provenance.bands.source_other
stability,C_G_T_M1|C_G_T,qwen2.5-32b,source_provenance,source_tsuboyama_2023,20260923,-0.00020244117814141832,-0.0011831276884001665,0.0007155350675016659,unresolved_interval_crosses_zero,64,129.20837040546317,0,0,3,archive/logs/R5/gate_retrieval_20260923/retrieval_strata_report.json,6e5dc6b50d952f9aa4c113967ff5c26d3cc23b37c6c29a3766a30faa61e6a0ce,stability.qwen2.5-32b.contrasts.C_G_T_M1|C_G_T.<seed>.strata.source_provenance.bands.source_tsuboyama_2023
stability,C_G_T_M1|C_G_T,qwen2.5-32b,family_band,close_multi_member_group,20260923,0.0006518974298233332,-0.000284257378342476,0.0020956342662972935,unresolved_interval_crosses_zero,28,48.20142480726066,0,0,3,archive/logs/R5/gate_retrieval_20260923/retrieval_strata_report.json,6e5dc6b50d952f9aa4c113967ff5c26d3cc23b37c6c29a3766a30faa61e6a0ce,stability.qwen2.5-32b.contrasts.C_G_T_M1|C_G_T.<seed>.strata.family_band.bands.close_multi_member_group
stability,C_G_T_M1|C_G_T,qwen2.5-32b,family_band,remote_singleton_group,20260923,-0.0008669267621140028,-0.0023695811746035182,0.00022415528591616517,unresolved_interval_crosses_zero,36,83.96146118432502,0,0,3,archive/logs/R5/gate_retrieval_20260923/retrieval_strata_report.json,6e5dc6b50d952f9aa4c113967ff5c26d3cc23b37c6c29a3766a30faa61e6a0ce,stability.qwen2.5-32b.contrasts.C_G_T_M1|C_G_T.<seed>.strata.family_band.bands.remote_singleton_group
stability,C_G_T_M1|C_G_T,qwen2.5-7b,full_support,,20260923,1.1737891706155041e-05,-0.0003970956766011954,0.0004623420380931378,unresolved_interval_crosses_zero,64,129.20837040546317,0,0,3,archive/logs/R5/gate_retrieval_20260923/retrieval_strata_report.json,6e5dc6b50d952f9aa4c113967ff5c26d3cc23b37c6c29a3766a30faa61e6a0ce,stability.qwen2.5-7b.contrasts.C_G_T_M1|C_G_T.<seed>.full_support
stability,C_G_T_M1|C_G_T,qwen2.5-7b,near_duplicate,near_duplicate_absent,20260923,-0.0008053221365022881,-0.0017106490767361709,7.679134849281375e-05,unresolved_interval_crosses_zero,15,24.355670103092773,0,0,3,archive/logs/R5/gate_retrieval_20260923/retrieval_strata_report.json,6e5dc6b50d952f9aa4c113967ff5c26d3cc23b37c6c29a3766a30faa61e6a0ce,stability.qwen2.5-7b.contrasts.C_G_T_M1|C_G_T.<seed>.strata.near_duplicate.bands.near_duplicate_absent
stability,C_G_T_M1|C_G_T,qwen2.5-7b,near_duplicate,near_duplicate_present,20260923,0.0002618583085046581,-0.00016908884701302557,0.0007326059749222706,unresolved_interval_crosses_zero,49,106.88860623257176,0,0,3,archive/logs/R5/gate_retrieval_20260923/retrieval_strata_report.json,6e5dc6b50d952f9aa4c113967ff5c26d3cc23b37c6c29a3766a30faa61e6a0ce,stability.qwen2.5-7b.contrasts.C_G_T_M1|C_G_T.<seed>.strata.near_duplicate.bands.near_duplicate_present
stability,C_G_T_M1|C_G_T,qwen2.5-7b,identity_band,ge95_near_duplicate,20260923,0.0002618583085046581,-0.00016908884701302557,0.0007326059749222706,unresolved_interval_crosses_zero,49,106.88860623257176,0,0,3,archive/logs/R5/gate_retrieval_20260923/retrieval_strata_report.json,6e5dc6b50d952f9aa4c113967ff5c26d3cc23b37c6c29a3766a30faa61e6a0ce,stability.qwen2.5-7b.contrasts.C_G_T_M1|C_G_T.<seed>.strata.identity_band.bands.ge95_near_duplicate
stability,C_G_T_M1|C_G_T,qwen2.5-7b,identity_band,id30_to_70_remote_homology,20260923,-0.0005629327373821713,,,unresolved_thin_support,2,3.2,0,0,3,archive/logs/R5/gate_retrieval_20260923/retrieval_strata_report.json,6e5dc6b50d952f9aa4c113967ff5c26d3cc23b37c6c29a3766a30faa61e6a0ce,stability.qwen2.5-7b.contrasts.C_G_T_M1|C_G_T.<seed>.strata.identity_band.bands.id30_to_70_remote_homology
stability,C_G_T_M1|C_G_T,qwen2.5-7b,identity_band,id70_to_95_close_homology,20260923,-0.0007126691297352356,-0.0018350286552123994,0.00037045136039487057,unresolved_interval_crosses_zero,12,19.23052464228936,0,0,3,archive/logs/R5/gate_retrieval_20260923/retrieval_strata_report.json,6e5dc6b50d952f9aa4c113967ff5c26d3cc23b37c6c29a3766a30faa61e6a0ce,stability.qwen2.5-7b.contrasts.C_G_T_M1|C_G_T.<seed>.strata.identity_band.bands.id70_to_95_close_homology
stability,C_G_T_M1|C_G_T,qwen2.5-7b,identity_band,lt30_no_detectable_homology,20260923,-0.002401937015947153,,,unresolved_thin_support,1,2.0,0,0,3,archive/logs/R5/gate_retrieval_20260923/retrieval_strata_report.json,6e5dc6b50d952f9aa4c113967ff5c26d3cc23b37c6c29a3766a30faa61e6a0ce,stability.qwen2.5-7b.contrasts.C_G_T_M1|C_G_T.<seed>.strata.identity_band.bands.lt30_no_detectable_homology
stability,C_G_T_M1|C_G_T,qwen2.5-7b,depth_band,neff_100_1000,20260923,0.00023195792366594752,-0.0005250922786589005,0.0012106312408244279,unresolved_interval_crosses_zero,21,43.8840625493603,0,0,3,archive/logs/R5/gate_retrieval_20260923/retrieval_strata_report.json,6e5dc6b50d952f9aa4c113967ff5c26d3cc23b37c6c29a3766a30faa61e6a0ce,stability.qwen2.5-7b.contrasts.C_G_T_M1|C_G_T.<seed>.strata.depth_band.bands.neff_100_1000
stability,C_G_T_M1|C_G_T,qwen2.5-7b,depth_band,neff_10_100,20260923,-0.00017101406757928926,-0.0006463960487612905,0.0002549070242017009,unresolved_interval_crosses_zero,25,48.810199245736406,0,0,3,archive/logs/R5/gate_retrieval_20260923/retrieval_strata_report.json,6e5dc6b50d952f9aa4c113967ff5c26d3cc23b37c6c29a3766a30faa61e6a0ce,stability.qwen2.5-7b.contrasts.C_G_T_M1|C_G_T.<seed>.strata.depth_band.bands.neff_10_100
stability,C_G_T_M1|C_G_T,qwen2.5-7b,depth_band,neff_ge1000,20260923,-0.000954465772815887,,,unresolved_thin_support,6,11.984147952443857,0,0,3,archive/logs/R5/gate_retrieval_20260923/retrieval_strata_report.json,6e5dc6b50d952f9aa4c113967ff5c26d3cc23b37c6c29a3766a30faa61e6a0ce,stability.qwen2.5-7b.contrasts.C_G_T_M1|C_G_T.<seed>.strata.depth_band.bands.neff_ge1000
stability,C_G_T_M1|C_G_T,qwen2.5-7b,depth_band,neff_lt10,20260923,0.0007531083649576119,0.00019158250744179077,0.0013272525450922239,resolved,11,22.647058823529417,3,0,3,archive/logs/R5/gate_retrieval_20260923/retrieval_strata_report.json,6e5dc6b50d952f9aa4c113967ff5c26d3cc23b37c6c29a3766a30faa61e6a0ce,stability.qwen2.5-7b.contrasts.C_G_T_M1|C_G_T.<seed>.strata.depth_band.bands.neff_lt10
stability,C_G_T_M1|C_G_T,qwen2.5-7b,depth_band,no_homolog_support,20260923,-0.002401937015947153,,,unresolved_thin_support,1,2.0,0,0,3,archive/logs/R5/gate_retrieval_20260923/retrieval_strata_report.json,6e5dc6b50d952f9aa4c113967ff5c26d3cc23b37c6c29a3766a30faa61e6a0ce,stability.qwen2.5-7b.contrasts.C_G_T_M1|C_G_T.<seed>.strata.depth_band.bands.no_homolog_support
stability,C_G_T_M1|C_G_T,qwen2.5-7b,source_provenance,source_other,20260923,,,,unresolved_thin_support,0,0.0,0,0,3,archive/logs/R5/gate_retrieval_20260923/retrieval_strata_report.json,6e5dc6b50d952f9aa4c113967ff5c26d3cc23b37c6c29a3766a30faa61e6a0ce,stability.qwen2.5-7b.contrasts.C_G_T_M1|C_G_T.<seed>.strata.source_provenance.bands.source_other
stability,C_G_T_M1|C_G_T,qwen2.5-7b,source_provenance,source_tsuboyama_2023,20260923,1.1737891706155041e-05,-0.0003970956766011954,0.0004623420380931378,unresolved_interval_crosses_zero,64,129.20837040546317,0,0,3,archive/logs/R5/gate_retrieval_20260923/retrieval_strata_report.json,6e5dc6b50d952f9aa4c113967ff5c26d3cc23b37c6c29a3766a30faa61e6a0ce,stability.qwen2.5-7b.contrasts.C_G_T_M1|C_G_T.<seed>.strata.source_provenance.bands.source_tsuboyama_2023
stability,C_G_T_M1|C_G_T,qwen2.5-7b,family_band,close_multi_member_group,20260923,-0.00017957180408907845,-0.0009658854225193671,0.0006682293036497104,unresolved_interval_crosses_zero,28,48.20142480726066,0,0,3,archive/logs/R5/gate_retrieval_20260923/retrieval_strata_report.json,6e5dc6b50d952f9aa4c113967ff5c26d3cc23b37c6c29a3766a30faa61e6a0ce,stability.qwen2.5-7b.contrasts.C_G_T_M1|C_G_T.<seed>.strata.family_band.bands.close_multi_member_group
stability,C_G_T_M1|C_G_T,qwen2.5-7b,family_band,remote_singleton_group,20260923,0.00016053432176911444,-0.0002042320061760128,0.0005458857688093113,unresolved_interval_crosses_zero,36,83.96146118432502,0,0,3,archive/logs/R5/gate_retrieval_20260923/retrieval_strata_report.json,6e5dc6b50d952f9aa4c113967ff5c26d3cc23b37c6c29a3766a30faa61e6a0ce,stability.qwen2.5-7b.contrasts.C_G_T_M1|C_G_T.<seed>.strata.family_band.bands.remote_singleton_group
stability,C_G_T_M1|C_G_T,qwen3-8b-base,full_support,,20260923,-5.8537353282031015e-05,-0.0004586087250821828,0.0003163943715132312,unresolved_interval_crosses_zero,64,129.20837040546317,0,2,3,archive/logs/R5/gate_retrieval_20260923/retrieval_strata_report.json,6e5dc6b50d952f9aa4c113967ff5c26d3cc23b37c6c29a3766a30faa61e6a0ce,stability.qwen3-8b-base.contrasts.C_G_T_M1|C_G_T.<seed>.full_support
stability,C_G_T_M1|C_G_T,qwen3-8b-base,near_duplicate,near_duplicate_absent,20260923,-0.00011865474147772874,-0.0007761410476195206,0.00040866088567541753,unresolved_interval_crosses_zero,15,24.355670103092773,0,0,3,archive/logs/R5/gate_retrieval_20260923/retrieval_strata_report.json,6e5dc6b50d952f9aa4c113967ff5c26d3cc23b37c6c29a3766a30faa61e6a0ce,stability.qwen3-8b-base.contrasts.C_G_T_M1|C_G_T.<seed>.strata.near_duplicate.bands.near_duplicate_absent
stability,C_G_T_M1|C_G_T,qwen3-8b-base,near_duplicate,near_duplicate_present,20260923,-4.0134071181307226e-05,-0.0005433968926578319,0.0004061403535291482,unresolved_interval_crosses_zero,49,106.88860623257176,0,2,3,archive/logs/R5/gate_retrieval_20260923/retrieval_strata_report.json,6e5dc6b50d952f9aa4c113967ff5c26d3cc23b37c6c29a3766a30faa61e6a0ce,stability.qwen3-8b-base.contrasts.C_G_T_M1|C_G_T.<seed>.strata.near_duplicate.bands.near_duplicate_present
stability,C_G_T_M1|C_G_T,qwen3-8b-base,identity_band,ge95_near_duplicate,20260923,-4.0134071181307226e-05,-0.0005433968926578319,0.0004061403535291482,unresolved_interval_crosses_zero,49,106.88860623257176,0,2,3,archive/logs/R5/gate_retrieval_20260923/retrieval_strata_report.json,6e5dc6b50d952f9aa4c113967ff5c26d3cc23b37c6c29a3766a30faa61e6a0ce,stability.qwen3-8b-base.contrasts.C_G_T_M1|C_G_T.<seed>.strata.identity_band.bands.ge95_near_duplicate
stability,C_G_T_M1|C_G_T,qwen3-8b-base,identity_band,id30_to_70_remote_homology,20260923,0.0002517693181389169,,,unresolved_thin_support,2,3.2,0,0,3,archive/logs/R5/gate_retrieval_20260923/retrieval_strata_report.json,6e5dc6b50d952f9aa4c113967ff5c26d3cc23b37c6c29a3766a30faa61e6a0ce,stability.qwen3-8b-base.contrasts.C_G_T_M1|C_G_T.<seed>.strata.identity_band.bands.id30_to_70_remote_homology
stability,C_G_T_M1|C_G_T,qwen3-8b-base,identity_band,id70_to_95_close_homology,20260923,0.0001498542653180987,-0.00020143070881235015,0.0005223049905092222,unresolved_interval_crosses_zero,12,19.23052464228936,0,0,3,archive/logs/R5/gate_retrieval_20260923/retrieval_strata_report.json,6e5dc6b50d952f9aa4c113967ff5c26d3cc23b37c6c29a3766a30faa61e6a0ce,stability.qwen3-8b-base.contrasts.C_G_T_M1|C_G_T.<seed>.strata.identity_band.bands.id70_to_95_close_homology
stability,C_G_T_M1|C_G_T,qwen3-8b-base,identity_band,lt30_no_detectable_homology,20260923,-0.004081610942260949,,,unresolved_thin_support,1,2.0,0,0,3,archive/logs/R5/gate_retrieval_20260923/retrieval_strata_report.json,6e5dc6b50d952f9aa4c113967ff5c26d3cc23b37c6c29a3766a30faa61e6a0ce,stability.qwen3-8b-base.contrasts.C_G_T_M1|C_G_T.<seed>.strata.identity_band.bands.lt30_no_detectable_homology
stability,C_G_T_M1|C_G_T,qwen3-8b-base,depth_band,neff_100_1000,20260923,4.165529857892901e-05,-0.0009925984182455778,0.0008203116252146766,unresolved_interval_crosses_zero,21,43.8840625493603,0,0,3,archive/logs/R5/gate_retrieval_20260923/retrieval_strata_report.json,6e5dc6b50d952f9aa4c113967ff5c26d3cc23b37c6c29a3766a30faa61e6a0ce,stability.qwen3-8b-base.contrasts.C_G_T_M1|C_G_T.<seed>.strata.depth_band.bands.neff_100_1000
stability,C_G_T_M1|C_G_T,qwen3-8b-base,depth_band,neff_10_100,20260923,1.4049223619740925e-05,-0.0005093058466338198,0.0004962843471645658,unresolved_interval_crosses_zero,25,48.810199245736406,0,2,3,archive/logs/R5/gate_retrieval_20260923/retrieval_strata_report.json,6e5dc6b50d952f9aa4c113967ff5c26d3cc23b37c6c29a3766a30faa61e6a0ce,stability.qwen3-8b-base.contrasts.C_G_T_M1|C_G_T.<seed>.strata.depth_band.bands.neff_10_100
stability,C_G_T_M1|C_G_T,qwen3-8b-base,depth_band,neff_ge1000,20260923,-0.0002935374078158193,,,unresolved_thin_support,6,11.984147952443857,0,0,3,archive/logs/R5/gate_retrieval_20260923/retrieval_strata_report.json,6e5dc6b50d952f9aa4c113967ff5c26d3cc23b37c6c29a3766a30faa61e6a0ce,stability.qwen3-8b-base.contrasts.C_G_T_M1|C_G_T.<seed>.strata.depth_band.bands.neff_ge1000
stability,C_G_T_M1|C_G_T,qwen3-8b-base,depth_band,neff_lt10,20260923,7.913208349589524e-05,-0.00041902772106055077,0.0006165402826254887,unresolved_interval_crosses_zero,11,22.647058823529417,0,0,3,archive/logs/R5/gate_retrieval_20260923/retrieval_strata_report.json,6e5dc6b50d952f9aa4c113967ff5c26d3cc23b37c6c29a3766a30faa61e6a0ce,stability.qwen3-8b-base.contrasts.C_G_T_M1|C_G_T.<seed>.strata.depth_band.bands.neff_lt10
stability,C_G_T_M1|C_G_T,qwen3-8b-base,depth_band,no_homolog_support,20260923,-0.004081610942260949,,,unresolved_thin_support,1,2.0,0,0,3,archive/logs/R5/gate_retrieval_20260923/retrieval_strata_report.json,6e5dc6b50d952f9aa4c113967ff5c26d3cc23b37c6c29a3766a30faa61e6a0ce,stability.qwen3-8b-base.contrasts.C_G_T_M1|C_G_T.<seed>.strata.depth_band.bands.no_homolog_support
stability,C_G_T_M1|C_G_T,qwen3-8b-base,source_provenance,source_other,20260923,,,,unresolved_thin_support,0,0.0,0,0,3,archive/logs/R5/gate_retrieval_20260923/retrieval_strata_report.json,6e5dc6b50d952f9aa4c113967ff5c26d3cc23b37c6c29a3766a30faa61e6a0ce,stability.qwen3-8b-base.contrasts.C_G_T_M1|C_G_T.<seed>.strata.source_provenance.bands.source_other
stability,C_G_T_M1|C_G_T,qwen3-8b-base,source_provenance,source_tsuboyama_2023,20260923,-5.8537353282031015e-05,-0.0004586087250821828,0.0003163943715132312,unresolved_interval_crosses_zero,64,129.20837040546317,0,2,3,archive/logs/R5/gate_retrieval_20260923/retrieval_strata_report.json,6e5dc6b50d952f9aa4c113967ff5c26d3cc23b37c6c29a3766a30faa61e6a0ce,stability.qwen3-8b-base.contrasts.C_G_T_M1|C_G_T.<seed>.strata.source_provenance.bands.source_tsuboyama_2023
stability,C_G_T_M1|C_G_T,qwen3-8b-base,family_band,close_multi_member_group,20260923,0.00031304117294655493,-0.00012401058069735977,0.0007943229289608687,unresolved_interval_crosses_zero,28,48.20142480726066,0,2,3,archive/logs/R5/gate_retrieval_20260923/retrieval_strata_report.json,6e5dc6b50d952f9aa4c113967ff5c26d3cc23b37c6c29a3766a30faa61e6a0ce,stability.qwen3-8b-base.contrasts.C_G_T_M1|C_G_T.<seed>.strata.family_band.bands.close_multi_member_group
stability,C_G_T_M1|C_G_T,qwen3-8b-base,family_band,remote_singleton_group,20260923,-0.0003475428736820423,-0.0010063297688924007,0.0001835998287149516,unresolved_interval_crosses_zero,36,83.96146118432502,0,2,3,archive/logs/R5/gate_retrieval_20260923/retrieval_strata_report.json,6e5dc6b50d952f9aa4c113967ff5c26d3cc23b37c6c29a3766a30faa61e6a0ce,stability.qwen3-8b-base.contrasts.C_G_T_M1|C_G_T.<seed>.strata.family_band.bands.remote_singleton_group
stability,C_G_T_M1|C_G_T,rita-xl,full_support,,20260923,0.001585520862427297,-0.0003261746022314577,0.003550706256231029,unresolved_interval_crosses_zero,64,129.20837040546317,0,0,3,archive/logs/R5/gate_retrieval_20260923/retrieval_strata_report.json,6e5dc6b50d952f9aa4c113967ff5c26d3cc23b37c6c29a3766a30faa61e6a0ce,stability.rita-xl.contrasts.C_G_T_M1|C_G_T.<seed>.full_support
stability,C_G_T_M1|C_G_T,rita-xl,near_duplicate,near_duplicate_absent,20260923,0.0014542705778257281,-0.0011583600186727083,0.004314905766488831,unresolved_interval_crosses_zero,15,24.355670103092773,0,0,3,archive/logs/R5/gate_retrieval_20260923/retrieval_strata_report.json,6e5dc6b50d952f9aa4c113967ff5c26d3cc23b37c6c29a3766a30faa61e6a0ce,stability.rita-xl.contrasts.C_G_T_M1|C_G_T.<seed>.strata.near_duplicate.bands.near_duplicate_absent
stability,C_G_T_M1|C_G_T,rita-xl,near_duplicate,near_duplicate_present,20260923,0.0016256995209787978,-0.0008521062489735779,0.004218623441959866,unresolved_interval_crosses_zero,49,106.88860623257176,0,0,3,archive/logs/R5/gate_retrieval_20260923/retrieval_strata_report.json,6e5dc6b50d952f9aa4c113967ff5c26d3cc23b37c6c29a3766a30faa61e6a0ce,stability.rita-xl.contrasts.C_G_T_M1|C_G_T.<seed>.strata.near_duplicate.bands.near_duplicate_present
stability,C_G_T_M1|C_G_T,rita-xl,identity_band,ge95_near_duplicate,20260923,0.0016256995209787978,-0.0008521062489735779,0.004218623441959866,unresolved_interval_crosses_zero,49,106.88860623257176,0,0,3,archive/logs/R5/gate_retrieval_20260923/retrieval_strata_report.json,6e5dc6b50d952f9aa4c113967ff5c26d3cc23b37c6c29a3766a30faa61e6a0ce,stability.rita-xl.contrasts.C_G_T_M1|C_G_T.<seed>.strata.identity_band.bands.ge95_near_duplicate
stability,C_G_T_M1|C_G_T,rita-xl,identity_band,id30_to_70_remote_homology,20260923,0.004171621942591186,,,unresolved_thin_support,2,3.2,0,0,3,archive/logs/R5/gate_retrieval_20260923/retrieval_strata_report.json,6e5dc6b50d952f9aa4c113967ff5c26d3cc23b37c6c29a3766a30faa61e6a0ce,stability.rita-xl.contrasts.C_G_T_M1|C_G_T.<seed>.strata.identity_band.bands.id30_to_70_remote_homology
stability,C_G_T_M1|C_G_T,rita-xl,identity_band,id70_to_95_close_homology,20260923,0.001121625639593414,-0.002366321703490234,0.004874176877166619,unresolved_interval_crosses_zero,12,19.23052464228936,0,0,3,archive/logs/R5/gate_retrieval_20260923/retrieval_strata_report.json,6e5dc6b50d952f9aa4c113967ff5c26d3cc23b37c6c29a3766a30faa61e6a0ce,stability.rita-xl.contrasts.C_G_T_M1|C_G_T.<seed>.strata.identity_band.bands.id70_to_95_close_homology
stability,C_G_T_M1|C_G_T,rita-xl,identity_band,lt30_no_detectable_homology,20260923,1.130710708258098e-05,,,unresolved_thin_support,1,2.0,0,0,3,archive/logs/R5/gate_retrieval_20260923/retrieval_strata_report.json,6e5dc6b50d952f9aa4c113967ff5c26d3cc23b37c6c29a3766a30faa61e6a0ce,stability.rita-xl.contrasts.C_G_T_M1|C_G_T.<seed>.strata.identity_band.bands.lt30_no_detectable_homology
stability,C_G_T_M1|C_G_T,rita-xl,depth_band,neff_100_1000,20260923,0.0018362622628066176,-0.0024872081286075607,0.006700864069200947,unresolved_interval_crosses_zero,21,43.8840625493603,0,0,3,archive/logs/R5/gate_retrieval_20260923/retrieval_strata_report.json,6e5dc6b50d952f9aa4c113967ff5c26d3cc23b37c6c29a3766a30faa61e6a0ce,stability.rita-xl.contrasts.C_G_T_M1|C_G_T.<seed>.strata.depth_band.bands.neff_100_1000
stability,C_G_T_M1|C_G_T,rita-xl,depth_band,neff_10_100,20260923,0.00021428942809969208,-0.002522006114718933,0.002710678711496676,unresolved_interval_crosses_zero,25,48.810199245736406,0,0,3,archive/logs/R5/gate_retrieval_20260923/retrieval_strata_report.json,6e5dc6b50d952f9aa4c113967ff5c26d3cc23b37c6c29a3766a30faa61e6a0ce,stability.rita-xl.contrasts.C_G_T_M1|C_G_T.<seed>.strata.depth_band.bands.neff_10_100
stability,C_G_T_M1|C_G_T,rita-xl,depth_band,neff_ge1000,20260923,0.001787086642626649,,,unresolved_thin_support,6,11.984147952443857,0,0,3,archive/logs/R5/gate_retrieval_20260923/retrieval_strata_report.json,6e5dc6b50d952f9aa4c113967ff5c26d3cc23b37c6c29a3766a30faa61e6a0ce,stability.rita-xl.contrasts.C_G_T_M1|C_G_T.<seed>.strata.depth_band.bands.neff_ge1000
stability,C_G_T_M1|C_G_T,rita-xl,depth_band,neff_lt10,20260923,0.0042564331828248425,0.000596669588742803,0.007856938413390118,resolved,11,22.647058823529417,3,0,3,archive/logs/R5/gate_retrieval_20260923/retrieval_strata_report.json,6e5dc6b50d952f9aa4c113967ff5c26d3cc23b37c6c29a3766a30faa61e6a0ce,stability.rita-xl.contrasts.C_G_T_M1|C_G_T.<seed>.strata.depth_band.bands.neff_lt10
stability,C_G_T_M1|C_G_T,rita-xl,depth_band,no_homolog_support,20260923,1.130710708258098e-05,,,unresolved_thin_support,1,2.0,0,0,3,archive/logs/R5/gate_retrieval_20260923/retrieval_strata_report.json,6e5dc6b50d952f9aa4c113967ff5c26d3cc23b37c6c29a3766a30faa61e6a0ce,stability.rita-xl.contrasts.C_G_T_M1|C_G_T.<seed>.strata.depth_band.bands.no_homolog_support
stability,C_G_T_M1|C_G_T,rita-xl,source_provenance,source_other,20260923,,,,unresolved_thin_support,0,0.0,0,0,3,archive/logs/R5/gate_retrieval_20260923/retrieval_strata_report.json,6e5dc6b50d952f9aa4c113967ff5c26d3cc23b37c6c29a3766a30faa61e6a0ce,stability.rita-xl.contrasts.C_G_T_M1|C_G_T.<seed>.strata.source_provenance.bands.source_other
stability,C_G_T_M1|C_G_T,rita-xl,source_provenance,source_tsuboyama_2023,20260923,0.001585520862427297,-0.0003261746022314577,0.003550706256231029,unresolved_interval_crosses_zero,64,129.20837040546317,0,0,3,archive/logs/R5/gate_retrieval_20260923/retrieval_strata_report.json,6e5dc6b50d952f9aa4c113967ff5c26d3cc23b37c6c29a3766a30faa61e6a0ce,stability.rita-xl.contrasts.C_G_T_M1|C_G_T.<seed>.strata.source_provenance.bands.source_tsuboyama_2023
stability,C_G_T_M1|C_G_T,rita-xl,family_band,close_multi_member_group,20260923,0.00237612842897214,-0.000546962870151222,0.0057081645314161445,unresolved_interval_crosses_zero,28,48.20142480726066,0,0,3,archive/logs/R5/gate_retrieval_20260923/retrieval_strata_report.json,6e5dc6b50d952f9aa4c113967ff5c26d3cc23b37c6c29a3766a30faa61e6a0ce,stability.rita-xl.contrasts.C_G_T_M1|C_G_T.<seed>.strata.family_band.bands.close_multi_member_group
stability,C_G_T_M1|C_G_T,rita-xl,family_band,remote_singleton_group,20260923,0.0009706038662257528,-0.001679970512877797,0.0035294764747814955,unresolved_interval_crosses_zero,36,83.96146118432502,0,0,3,archive/logs/R5/gate_retrieval_20260923/retrieval_strata_report.json,6e5dc6b50d952f9aa4c113967ff5c26d3cc23b37c6c29a3766a30faa61e6a0ce,stability.rita-xl.contrasts.C_G_T_M1|C_G_T.<seed>.strata.family_band.bands.remote_singleton_group
readout_anchor,increment_R_C_P,bygpt5-base-en,full_support,,20260923,-0.00716583684740086,-0.01842571450467486,0.0037505423447161718,unresolved_interval_crosses_zero,163,179.6214084507042,0,1,3,archive/logs/R5/gate_retrieval_20260923/retrieval_strata_report.json,6e5dc6b50d952f9aa4c113967ff5c26d3cc23b37c6c29a3766a30faa61e6a0ce,readout_anchor.bygpt5-base-en.contrasts.increment_R_C_P.<seed>.full_support
readout_anchor,increment_R_C_P,bygpt5-base-en,near_duplicate,near_duplicate_absent,20260923,-0.027315498079327424,-0.06420778838844557,0.00946906380616816,unresolved_interval_crosses_zero,23,25.190476190476197,0,0,3,archive/logs/R5/gate_retrieval_20260923/retrieval_strata_report.json,6e5dc6b50d952f9aa4c113967ff5c26d3cc23b37c6c29a3766a30faa61e6a0ce,readout_anchor.bygpt5-base-en.contrasts.increment_R_C_P.<seed>.strata.near_duplicate.bands.near_duplicate_absent
readout_anchor,increment_R_C_P,bygpt5-base-en,near_duplicate,near_duplicate_present,20260923,-0.0038555353592986375,-0.014988568617395557,0.007341187281210049,unresolved_interval_crosses_zero,140,154.43204202232434,0,1,3,archive/logs/R5/gate_retrieval_20260923/retrieval_strata_report.json,6e5dc6b50d952f9aa4c113967ff5c26d3cc23b37c6c29a3766a30faa61e6a0ce,readout_anchor.bygpt5-base-en.contrasts.increment_R_C_P.<seed>.strata.near_duplicate.bands.near_duplicate_present
readout_anchor,increment_R_C_P,bygpt5-base-en,identity_band,ge95_near_duplicate,20260923,-0.0038555353592986375,-0.014988568617395557,0.007341187281210049,unresolved_interval_crosses_zero,140,154.43204202232434,0,1,3,archive/logs/R5/gate_retrieval_20260923/retrieval_strata_report.json,6e5dc6b50d952f9aa4c113967ff5c26d3cc23b37c6c29a3766a30faa61e6a0ce,readout_anchor.bygpt5-base-en.contrasts.increment_R_C_P.<seed>.strata.identity_band.bands.ge95_near_duplicate
readout_anchor,increment_R_C_P,bygpt5-base-en,identity_band,id30_to_70_remote_homology,20260923,-0.016703961100407262,,,unresolved_thin_support,5,5.5555555555555545,0,0,3,archive/logs/R5/gate_retrieval_20260923/retrieval_strata_report.json,6e5dc6b50d952f9aa4c113967ff5c26d3cc23b37c6c29a3766a30faa61e6a0ce,readout_anchor.bygpt5-base-en.contrasts.increment_R_C_P.<seed>.strata.identity_band.bands.id30_to_70_remote_homology
readout_anchor,increment_R_C_P,bygpt5-base-en,identity_band,id70_to_95_close_homology,20260923,-0.03026314724013858,-0.07826622009957322,0.014921797568095653,unresolved_interval_crosses_zero,18,19.636363636363633,0,0,3,archive/logs/R5/gate_retrieval_20260923/retrieval_strata_report.json,6e5dc6b50d952f9aa4c113967ff5c26d3cc23b37c6c29a3766a30faa61e6a0ce,readout_anchor.bygpt5-base-en.contrasts.increment_R_C_P.<seed>.strata.identity_band.bands.id70_to_95_close_homology
readout_anchor,increment_R_C_P,bygpt5-base-en,identity_band,lt30_no_detectable_homology,20260923,,,,unresolved_thin_support,0,0.0,0,0,3,archive/logs/R5/gate_retrieval_20260923/retrieval_strata_report.json,6e5dc6b50d952f9aa4c113967ff5c26d3cc23b37c6c29a3766a30faa61e6a0ce,readout_anchor.bygpt5-base-en.contrasts.increment_R_C_P.<seed>.strata.identity_band.bands.lt30_no_detectable_homology
readout_anchor,increment_R_C_P,bygpt5-base-en,depth_band,neff_100_1000,20260923,-0.013168209182900865,-0.02892963581848852,0.0035242017754527006,unresolved_interval_crosses_zero,65,70.5146036161335,0,1,3,archive/logs/R5/gate_retrieval_20260923/retrieval_strata_report.json,6e5dc6b50d952f9aa4c113967ff5c26d3cc23b37c6c29a3766a30faa61e6a0ce,readout_anchor.bygpt5-base-en.contrasts.increment_R_C_P.<seed>.strata.depth_band.bands.neff_100_1000
readout_anchor,increment_R_C_P,bygpt5-base-en,depth_band,neff_10_100,20260923,-0.00572802401688246,-0.02386896449930774,0.010931356117665873,unresolved_interval_crosses_zero,64,71.65014577259474,0,0,3,archive/logs/R5/gate_retrieval_20260923/retrieval_strata_report.json,6e5dc6b50d952f9aa4c113967ff5c26d3cc23b37c6c29a3766a30faa61e6a0ce,readout_anchor.bygpt5-base-en.contrasts.increment_R_C_P.<seed>.strata.depth_band.bands.neff_10_100
readout_anchor,increment_R_C_P,bygpt5-base-en,depth_band,neff_ge1000,20260923,-0.016436833731685876,-0.03918527008115602,0.0013715056796210477,unresolved_interval_crosses_zero,13,16.354838709677416,0,1,3,archive/logs/R5/gate_retrieval_20260923/retrieval_strata_report.json,6e5dc6b50d952f9aa4c113967ff5c26d3cc23b37c6c29a3766a30faa61e6a0ce,readout_anchor.bygpt5-base-en.contrasts.increment_R_C_P.<seed>.strata.depth_band.bands.neff_ge1000
readout_anchor,increment_R_C_P,bygpt5-base-en,depth_band,neff_lt10,20260923,0.012770217445457624,-0.030650402302037583,0.045829693322295556,unresolved_interval_crosses_zero,21,21.51219512195124,0,0,3,archive/logs/R5/gate_retrieval_20260923/retrieval_strata_report.json,6e5dc6b50d952f9aa4c113967ff5c26d3cc23b37c6c29a3766a30faa61e6a0ce,readout_anchor.bygpt5-base-en.contrasts.increment_R_C_P.<seed>.strata.depth_band.bands.neff_lt10
readout_anchor,increment_R_C_P,bygpt5-base-en,depth_band,no_homolog_support,20260923,,,,unresolved_thin_support,0,0.0,0,0,3,archive/logs/R5/gate_retrieval_20260923/retrieval_strata_report.json,6e5dc6b50d952f9aa4c113967ff5c26d3cc23b37c6c29a3766a30faa61e6a0ce,readout_anchor.bygpt5-base-en.contrasts.increment_R_C_P.<seed>.strata.depth_band.bands.no_homolog_support
readout_anchor,increment_R_C_P,bygpt5-base-en,source_provenance,source_other,20260923,0.0017016034900624855,-0.0033879750191512926,0.007592395530071305,unresolved_interval_crosses_zero,99,115.19294809010768,0,0,3,archive/logs/R5/gate_retrieval_20260923/retrieval_strata_report.json,6e5dc6b50d952f9aa4c113967ff5c26d3cc23b37c6c29a3766a30faa61e6a0ce,readout_anchor.bygpt5-base-en.contrasts.increment_R_C_P.<seed>.strata.source_provenance.bands.source_other
readout_anchor,increment_R_C_P,bygpt5-base-en,source_provenance,source_tsuboyama_2023,20260923,-0.02088265861941447,-0.047951415129593646,0.004925076902356914,unresolved_interval_crosses_zero,64,65.18832891246684,0,1,3,archive/logs/R5/gate_retrieval_20260923/retrieval_strata_report.json,6e5dc6b50d952f9aa4c113967ff5c26d3cc23b37c6c29a3766a30faa61e6a0ce,readout_anchor.bygpt5-base-en.contrasts.increment_R_C_P.<seed>.strata.source_provenance.bands.source_tsuboyama_2023
readout_anchor,increment_R_C_P,bygpt5-base-en,family_band,close_multi_member_group,20260923,-0.023493203854654397,-0.0462964406854163,-0.007044065597556877,resolved,11,21.352941176470587,0,3,3,archive/logs/R5/gate_retrieval_20260923/retrieval_strata_report.json,6e5dc6b50d952f9aa4c113967ff5c26d3cc23b37c6c29a3766a30faa61e6a0ce,readout_anchor.bygpt5-base-en.contrasts.increment_R_C_P.<seed>.strata.family_band.bands.close_multi_member_group
readout_anchor,increment_R_C_P,bygpt5-base-en,family_band,remote_singleton_group,20260923,-0.005984251077139089,-0.018502752159796514,0.006389712031507344,unresolved_interval_crosses_zero,152,162.41827768014053,0,1,3,archive/logs/R5/gate_retrieval_20260923/retrieval_strata_report.json,6e5dc6b50d952f9aa4c113967ff5c26d3cc23b37c6c29a3766a30faa61e6a0ce,readout_anchor.bygpt5-base-en.contrasts.increment_R_C_P.<seed>.strata.family_band.bands.remote_singleton_group
readout_anchor,increment_R_C_P,bygpt5-medium-en,full_support,,20260923,-0.002436509869012465,-0.013814167502233802,0.007913010858841883,unresolved_interval_crosses_zero,163,179.6214084507042,0,0,3,archive/logs/R5/gate_retrieval_20260923/retrieval_strata_report.json,6e5dc6b50d952f9aa4c113967ff5c26d3cc23b37c6c29a3766a30faa61e6a0ce,readout_anchor.bygpt5-medium-en.contrasts.increment_R_C_P.<seed>.full_support
readout_anchor,increment_R_C_P,bygpt5-medium-en,near_duplicate,near_duplicate_absent,20260923,0.002186667471659314,-0.014335134768049108,0.01964350493053001,unresolved_interval_crosses_zero,23,25.190476190476197,0,0,3,archive/logs/R5/gate_retrieval_20260923/retrieval_strata_report.json,6e5dc6b50d952f9aa4c113967ff5c26d3cc23b37c6c29a3766a30faa61e6a0ce,readout_anchor.bygpt5-medium-en.contrasts.increment_R_C_P.<seed>.strata.near_duplicate.bands.near_duplicate_absent
readout_anchor,increment_R_C_P,bygpt5-medium-en,near_duplicate,near_duplicate_present,20260923,-0.003196031860694258,-0.016188380278276192,0.008147445311369239,unresolved_interval_crosses_zero,140,154.43204202232434,0,0,3,archive/logs/R5/gate_retrieval_20260923/retrieval_strata_report.json,6e5dc6b50d952f9aa4c113967ff5c26d3cc23b37c6c29a3766a30faa61e6a0ce,readout_anchor.bygpt5-medium-en.contrasts.increment_R_C_P.<seed>.strata.near_duplicate.bands.near_duplicate_present
readout_anchor,increment_R_C_P,bygpt5-medium-en,identity_band,ge95_near_duplicate,20260923,-0.003196031860694258,-0.016188380278276192,0.008147445311369239,unresolved_interval_crosses_zero,140,154.43204202232434,0,0,3,archive/logs/R5/gate_retrieval_20260923/retrieval_strata_report.json,6e5dc6b50d952f9aa4c113967ff5c26d3cc23b37c6c29a3766a30faa61e6a0ce,readout_anchor.bygpt5-medium-en.contrasts.increment_R_C_P.<seed>.strata.identity_band.bands.ge95_near_duplicate
readout_anchor,increment_R_C_P,bygpt5-medium-en,identity_band,id30_to_70_remote_homology,20260923,0.0024471582941992033,,,unresolved_thin_support,5,5.5555555555555545,0,0,3,archive/logs/R5/gate_retrieval_20260923/retrieval_strata_report.json,6e5dc6b50d952f9aa4c113967ff5c26d3cc23b37c6c29a3766a30faa61e6a0ce,readout_anchor.bygpt5-medium-en.contrasts.increment_R_C_P.<seed>.strata.identity_band.bands.id30_to_70_remote_homology
readout_anchor,increment_R_C_P,bygpt5-medium-en,identity_band,id70_to_95_close_homology,20260923,0.002114308909842678,-0.01774071186814796,0.023822540104641153,unresolved_interval_crosses_zero,18,19.636363636363633,0,0,3,archive/logs/R5/gate_retrieval_20260923/retrieval_strata_report.json,6e5dc6b50d952f9aa4c113967ff5c26d3cc23b37c6c29a3766a30faa61e6a0ce,readout_anchor.bygpt5-medium-en.contrasts.increment_R_C_P.<seed>.strata.identity_band.bands.id70_to_95_close_homology
readout_anchor,increment_R_C_P,bygpt5-medium-en,identity_band,lt30_no_detectable_homology,20260923,,,,unresolved_thin_support,0,0.0,0,0,3,archive/logs/R5/gate_retrieval_20260923/retrieval_strata_report.json,6e5dc6b50d952f9aa4c113967ff5c26d3cc23b37c6c29a3766a30faa61e6a0ce,readout_anchor.bygpt5-medium-en.contrasts.increment_R_C_P.<seed>.strata.identity_band.bands.lt30_no_detectable_homology
readout_anchor,increment_R_C_P,bygpt5-medium-en,depth_band,neff_100_1000,20260923,-0.0077280206280996525,-0.030301784299871622,0.011082656524269813,unresolved_interval_crosses_zero,65,70.5146036161335,0,0,3,archive/logs/R5/gate_retrieval_20260923/retrieval_strata_report.json,6e5dc6b50d952f9aa4c113967ff5c26d3cc23b37c6c29a3766a30faa61e6a0ce,readout_anchor.bygpt5-medium-en.contrasts.increment_R_C_P.<seed>.strata.depth_band.bands.neff_100_1000
readout_anchor,increment_R_C_P,bygpt5-medium-en,depth_band,neff_10_100,20260923,-0.0038826113688383715,-0.020165178729262687,0.0097875968044932,unresolved_interval_crosses_zero,64,71.65014577259474,0,0,3,archive/logs/R5/gate_retrieval_20260923/retrieval_strata_report.json,6e5dc6b50d952f9aa4c113967ff5c26d3cc23b37c6c29a3766a30faa61e6a0ce,readout_anchor.bygpt5-medium-en.contrasts.increment_R_C_P.<seed>.strata.depth_band.bands.neff_10_100
readout_anchor,increment_R_C_P,bygpt5-medium-en,depth_band,neff_ge1000,20260923,-0.003969538571281821,-0.019572402546158135,0.009686742324040444,unresolved_interval_crosses_zero,13,16.354838709677416,0,0,3,archive/logs/R5/gate_retrieval_20260923/retrieval_strata_report.json,6e5dc6b50d952f9aa4c113967ff5c26d3cc23b37c6c29a3766a30faa61e6a0ce,readout_anchor.bygpt5-medium-en.contrasts.increment_R_C_P.<seed>.strata.depth_band.bands.neff_ge1000
readout_anchor,increment_R_C_P,bygpt5-medium-en,depth_band,neff_lt10,20260923,0.019298160057607865,0.003270278685177594,0.03739004390382189,resolved,21,21.51219512195124,2,0,3,archive/logs/R5/gate_retrieval_20260923/retrieval_strata_report.json,6e5dc6b50d952f9aa4c113967ff5c26d3cc23b37c6c29a3766a30faa61e6a0ce,readout_anchor.bygpt5-medium-en.contrasts.increment_R_C_P.<seed>.strata.depth_band.bands.neff_lt10
readout_anchor,increment_R_C_P,bygpt5-medium-en,depth_band,no_homolog_support,20260923,,,,unresolved_thin_support,0,0.0,0,0,3,archive/logs/R5/gate_retrieval_20260923/retrieval_strata_report.json,6e5dc6b50d952f9aa4c113967ff5c26d3cc23b37c6c29a3766a30faa61e6a0ce,readout_anchor.bygpt5-medium-en.contrasts.increment_R_C_P.<seed>.strata.depth_band.bands.no_homolog_support
readout_anchor,increment_R_C_P,bygpt5-medium-en,source_provenance,source_other,20260923,0.002380076388896201,-0.0019296518067010778,0.0065569057740962255,unresolved_interval_crosses_zero,99,115.19294809010768,0,0,3,archive/logs/R5/gate_retrieval_20260923/retrieval_strata_report.json,6e5dc6b50d952f9aa4c113967ff5c26d3cc23b37c6c29a3766a30faa61e6a0ce,readout_anchor.bygpt5-medium-en.contrasts.increment_R_C_P.<seed>.strata.source_provenance.bands.source_other
readout_anchor,increment_R_C_P,bygpt5-medium-en,source_provenance,source_tsuboyama_2023,20260923,-0.00988716673671493,-0.040489434012688036,0.014955114986453398,unresolved_interval_crosses_zero,64,65.18832891246684,0,0,3,archive/logs/R5/gate_retrieval_20260923/retrieval_strata_report.json,6e5dc6b50d952f9aa4c113967ff5c26d3cc23b37c6c29a3766a30faa61e6a0ce,readout_anchor.bygpt5-medium-en.contrasts.increment_R_C_P.<seed>.strata.source_provenance.bands.source_tsuboyama_2023
readout_anchor,increment_R_C_P,bygpt5-medium-en,family_band,close_multi_member_group,20260923,-0.011870127238305316,-0.022411755810354178,-5.05265970164262e-05,resolved,11,21.352941176470587,0,3,3,archive/logs/R5/gate_retrieval_20260923/retrieval_strata_report.json,6e5dc6b50d952f9aa4c113967ff5c26d3cc23b37c6c29a3766a30faa61e6a0ce,readout_anchor.bygpt5-medium-en.contrasts.increment_R_C_P.<seed>.strata.family_band.bands.close_multi_member_group
readout_anchor,increment_R_C_P,bygpt5-medium-en,family_band,remote_singleton_group,20260923,-0.0017538138751820593,-0.014942186329112823,0.008859683052895596,unresolved_interval_crosses_zero,152,162.41827768014053,0,0,3,archive/logs/R5/gate_retrieval_20260923/retrieval_strata_report.json,6e5dc6b50d952f9aa4c113967ff5c26d3cc23b37c6c29a3766a30faa61e6a0ce,readout_anchor.bygpt5-medium-en.contrasts.increment_R_C_P.<seed>.strata.family_band.bands.remote_singleton_group
readout_anchor,increment_R_C_P,bygpt5-small-en,full_support,,20260923,-0.00308958237208599,-0.012591410443561333,0.005992528960469476,unresolved_interval_crosses_zero,163,179.6214084507042,0,1,3,archive/logs/R5/gate_retrieval_20260923/retrieval_strata_report.json,6e5dc6b50d952f9aa4c113967ff5c26d3cc23b37c6c29a3766a30faa61e6a0ce,readout_anchor.bygpt5-small-en.contrasts.increment_R_C_P.<seed>.full_support
readout_anchor,increment_R_C_P,bygpt5-small-en,near_duplicate,near_duplicate_absent,20260923,-0.022463893401549143,-0.05425102042974356,0.007144933949540799,unresolved_interval_crosses_zero,23,25.190476190476197,0,1,3,archive/logs/R5/gate_retrieval_20260923/retrieval_strata_report.json,6e5dc6b50d952f9aa4c113967ff5c26d3cc23b37c6c29a3766a30faa61e6a0ce,readout_anchor.bygpt5-small-en.contrasts.increment_R_C_P.<seed>.strata.near_duplicate.bands.near_duplicate_absent
readout_anchor,increment_R_C_P,bygpt5-small-en,near_duplicate,near_duplicate_present,20260923,9.334015418295676e-05,-0.009085238601956657,0.009128129611354941,unresolved_interval_crosses_zero,140,154.43204202232434,0,0,3,archive/logs/R5/gate_retrieval_20260923/retrieval_strata_report.json,6e5dc6b50d952f9aa4c113967ff5c26d3cc23b37c6c29a3766a30faa61e6a0ce,readout_anchor.bygpt5-small-en.contrasts.increment_R_C_P.<seed>.strata.near_duplicate.bands.near_duplicate_present
readout_anchor,increment_R_C_P,bygpt5-small-en,identity_band,ge95_near_duplicate,20260923,9.334015418295676e-05,-0.009085238601956657,0.009128129611354941,unresolved_interval_crosses_zero,140,154.43204202232434,0,0,3,archive/logs/R5/gate_retrieval_20260923/retrieval_strata_report.json,6e5dc6b50d952f9aa4c113967ff5c26d3cc23b37c6c29a3766a30faa61e6a0ce,readout_anchor.bygpt5-small-en.contrasts.increment_R_C_P.<seed>.strata.identity_band.bands.ge95_near_duplicate
readout_anchor,increment_R_C_P,bygpt5-small-en,identity_band,id30_to_70_remote_homology,20260923,-0.021254118577219254,,,unresolved_thin_support,5,5.5555555555555545,0,0,3,archive/logs/R5/gate_retrieval_20260923/retrieval_strata_report.json,6e5dc6b50d952f9aa4c113967ff5c26d3cc23b37c6c29a3766a30faa61e6a0ce,readout_anchor.bygpt5-small-en.contrasts.increment_R_C_P.<seed>.strata.identity_band.bands.id30_to_70_remote_homology
readout_anchor,increment_R_C_P,bygpt5-small-en,identity_band,id70_to_95_close_homology,20260923,-0.022799941963863,-0.06073966605322078,0.011613724127287981,unresolved_interval_crosses_zero,18,19.636363636363633,0,0,3,archive/logs/R5/gate_retrieval_20260923/retrieval_strata_report.json,6e5dc6b50d952f9aa4c113967ff5c26d3cc23b37c6c29a3766a30faa61e6a0ce,readout_anchor.bygpt5-small-en.contrasts.increment_R_C_P.<seed>.strata.identity_band.bands.id70_to_95_close_homology
readout_anchor,increment_R_C_P,bygpt5-small-en,identity_band,lt30_no_detectable_homology,20260923,,,,unresolved_thin_support,0,0.0,0,0,3,archive/logs/R5/gate_retrieval_20260923/retrieval_strata_report.json,6e5dc6b50d952f9aa4c113967ff5c26d3cc23b37c6c29a3766a30faa61e6a0ce,readout_anchor.bygpt5-small-en.contrasts.increment_R_C_P.<seed>.strata.identity_band.bands.lt30_no_detectable_homology
readout_anchor,increment_R_C_P,bygpt5-small-en,depth_band,neff_100_1000,20260923,-0.011973168449985408,-0.027320754108796457,0.004057712021625435,unresolved_interval_crosses_zero,65,70.5146036161335,0,2,3,archive/logs/R5/gate_retrieval_20260923/retrieval_strata_report.json,6e5dc6b50d952f9aa4c113967ff5c26d3cc23b37c6c29a3766a30faa61e6a0ce,readout_anchor.bygpt5-small-en.contrasts.increment_R_C_P.<seed>.strata.depth_band.bands.neff_100_1000
readout_anchor,increment_R_C_P,bygpt5-small-en,depth_band,neff_10_100,20260923,0.005800977530924975,-0.006861727350695549,0.017829477388800485,unresolved_interval_crosses_zero,64,71.65014577259474,0,0,3,archive/logs/R5/gate_retrieval_20260923/retrieval_strata_report.json,6e5dc6b50d952f9aa4c113967ff5c26d3cc23b37c6c29a3766a30faa61e6a0ce,readout_anchor.bygpt5-small-en.contrasts.increment_R_C_P.<seed>.strata.depth_band.bands.neff_10_100
readout_anchor,increment_R_C_P,bygpt5-small-en,depth_band,neff_ge1000,20260923,-0.020305633307749107,-0.03719906414572525,-0.005583080634465583,resolved,13,16.354838709677416,0,2,3,archive/logs/R5/gate_retrieval_20260923/retrieval_strata_report.json,6e5dc6b50d952f9aa4c113967ff5c26d3cc23b37c6c29a3766a30faa61e6a0ce,readout_anchor.bygpt5-small-en.contrasts.increment_R_C_P.<seed>.strata.depth_band.bands.neff_ge1000
readout_anchor,increment_R_C_P,bygpt5-small-en,depth_band,neff_lt10,20260923,0.007969747315265485,-0.024270522415729575,0.033821332509293096,unresolved_interval_crosses_zero,21,21.51219512195124,0,0,3,archive/logs/R5/gate_retrieval_20260923/retrieval_strata_report.json,6e5dc6b50d952f9aa4c113967ff5c26d3cc23b37c6c29a3766a30faa61e6a0ce,readout_anchor.bygpt5-small-en.contrasts.increment_R_C_P.<seed>.strata.depth_band.bands.neff_lt10
readout_anchor,increment_R_C_P,bygpt5-small-en,depth_band,no_homolog_support,20260923,,,,unresolved_thin_support,0,0.0,0,0,3,archive/logs/R5/gate_retrieval_20260923/retrieval_strata_report.json,6e5dc6b50d952f9aa4c113967ff5c26d3cc23b37c6c29a3766a30faa61e6a0ce,readout_anchor.bygpt5-small-en.contrasts.increment_R_C_P.<seed>.strata.depth_band.bands.no_homolog_support
readout_anchor,increment_R_C_P,bygpt5-small-en,source_provenance,source_other,20260923,0.000815934873730961,-0.0036075128849355556,0.005439441276800085,unresolved_interval_crosses_zero,99,115.19294809010768,0,0,3,archive/logs/R5/gate_retrieval_20260923/retrieval_strata_report.json,6e5dc6b50d952f9aa4c113967ff5c26d3cc23b37c6c29a3766a30faa61e6a0ce,readout_anchor.bygpt5-small-en.contrasts.increment_R_C_P.<seed>.strata.source_provenance.bands.source_other
readout_anchor,increment_R_C_P,bygpt5-small-en,source_provenance,source_tsuboyama_2023,20260923,-0.009130929361709082,-0.03215648917821493,0.012077738762002153,unresolved_interval_crosses_zero,64,65.18832891246684,0,1,3,archive/logs/R5/gate_retrieval_20260923/retrieval_strata_report.json,6e5dc6b50d952f9aa4c113967ff5c26d3cc23b37c6c29a3766a30faa61e6a0ce,readout_anchor.bygpt5-small-en.contrasts.increment_R_C_P.<seed>.strata.source_provenance.bands.source_tsuboyama_2023
readout_anchor,increment_R_C_P,bygpt5-small-en,family_band,close_multi_member_group,20260923,-0.015426345830327554,-0.024562142637228168,-0.006878917903183114,resolved,11,21.352941176470587,0,3,3,archive/logs/R5/gate_retrieval_20260923/retrieval_strata_report.json,6e5dc6b50d952f9aa4c113967ff5c26d3cc23b37c6c29a3766a30faa61e6a0ce,readout_anchor.bygpt5-small-en.contrasts.increment_R_C_P.<seed>.strata.family_band.bands.close_multi_member_group
readout_anchor,increment_R_C_P,bygpt5-small-en,family_band,remote_singleton_group,20260923,-0.002196790279713245,-0.01169163143573922,0.007364761912753146,unresolved_interval_crosses_zero,152,162.41827768014053,0,1,3,archive/logs/R5/gate_retrieval_20260923/retrieval_strata_report.json,6e5dc6b50d952f9aa4c113967ff5c26d3cc23b37c6c29a3766a30faa61e6a0ce,readout_anchor.bygpt5-small-en.contrasts.increment_R_C_P.<seed>.strata.family_band.bands.remote_singleton_group
readout_anchor,increment_R_C_P,dialogpt-small,full_support,,20260923,-0.01298984541951394,-0.020980008297947026,-0.0052422861367886495,resolved,163,179.6214084507042,0,3,3,archive/logs/R5/gate_retrieval_20260923/retrieval_strata_report.json,6e5dc6b50d952f9aa4c113967ff5c26d3cc23b37c6c29a3766a30faa61e6a0ce,readout_anchor.dialogpt-small.contrasts.increment_R_C_P.<seed>.full_support
readout_anchor,increment_R_C_P,dialogpt-small,near_duplicate,near_duplicate_absent,20260923,-0.005553627186345577,-0.022430091616426777,0.011835972701336118,unresolved_interval_crosses_zero,23,25.190476190476197,0,0,3,archive/logs/R5/gate_retrieval_20260923/retrieval_strata_report.json,6e5dc6b50d952f9aa4c113967ff5c26d3cc23b37c6c29a3766a30faa61e6a0ce,readout_anchor.dialogpt-small.contrasts.increment_R_C_P.<seed>.strata.near_duplicate.bands.near_duplicate_absent
readout_anchor,increment_R_C_P,dialogpt-small,near_duplicate,near_duplicate_present,20260923,-0.014211509843534456,-0.023529074284141766,-0.0059249275993590485,resolved,140,154.43204202232434,0,3,3,archive/logs/R5/gate_retrieval_20260923/retrieval_strata_report.json,6e5dc6b50d952f9aa4c113967ff5c26d3cc23b37c6c29a3766a30faa61e6a0ce,readout_anchor.dialogpt-small.contrasts.increment_R_C_P.<seed>.strata.near_duplicate.bands.near_duplicate_present
readout_anchor,increment_R_C_P,dialogpt-small,identity_band,ge95_near_duplicate,20260923,-0.014211509843534456,-0.023529074284141766,-0.0059249275993590485,resolved,140,154.43204202232434,0,3,3,archive/logs/R5/gate_retrieval_20260923/retrieval_strata_report.json,6e5dc6b50d952f9aa4c113967ff5c26d3cc23b37c6c29a3766a30faa61e6a0ce,readout_anchor.dialogpt-small.contrasts.increment_R_C_P.<seed>.strata.identity_band.bands.ge95_near_duplicate
readout_anchor,increment_R_C_P,dialogpt-small,identity_band,id30_to_70_remote_homology,20260923,0.01480753832689397,,,unresolved_thin_support,5,5.5555555555555545,0,0,3,archive/logs/R5/gate_retrieval_20260923/retrieval_strata_report.json,6e5dc6b50d952f9aa4c113967ff5c26d3cc23b37c6c29a3766a30faa61e6a0ce,readout_anchor.dialogpt-small.contrasts.increment_R_C_P.<seed>.strata.identity_band.bands.id30_to_70_remote_homology
readout_anchor,increment_R_C_P,dialogpt-small,identity_band,id70_to_95_close_homology,20260923,-0.011209506495578786,-0.03195448395924879,0.009089282630674754,unresolved_interval_crosses_zero,18,19.636363636363633,0,0,3,archive/logs/R5/gate_retrieval_20260923/retrieval_strata_report.json,6e5dc6b50d952f9aa4c113967ff5c26d3cc23b37c6c29a3766a30faa61e6a0ce,readout_anchor.dialogpt-small.contrasts.increment_R_C_P.<seed>.strata.identity_band.bands.id70_to_95_close_homology
readout_anchor,increment_R_C_P,dialogpt-small,identity_band,lt30_no_detectable_homology,20260923,,,,unresolved_thin_support,0,0.0,0,0,3,archive/logs/R5/gate_retrieval_20260923/retrieval_strata_report.json,6e5dc6b50d952f9aa4c113967ff5c26d3cc23b37c6c29a3766a30faa61e6a0ce,readout_anchor.dialogpt-small.contrasts.increment_R_C_P.<seed>.strata.identity_band.bands.lt30_no_detectable_homology
readout_anchor,increment_R_C_P,dialogpt-small,depth_band,neff_100_1000,20260923,-0.01284824765063519,-0.02837367161270709,7.05542393212409e-05,unresolved_interval_crosses_zero,65,70.5146036161335,0,2,3,archive/logs/R5/gate_retrieval_20260923/retrieval_strata_report.json,6e5dc6b50d952f9aa4c113967ff5c26d3cc23b37c6c29a3766a30faa61e6a0ce,readout_anchor.dialogpt-small.contrasts.increment_R_C_P.<seed>.strata.depth_band.bands.neff_100_1000
readout_anchor,increment_R_C_P,dialogpt-small,depth_band,neff_10_100,20260923,-0.016134515027841002,-0.02748924483191112,-0.005200653227151636,resolved,64,71.65014577259474,0,3,3,archive/logs/R5/gate_retrieval_20260923/retrieval_strata_report.json,6e5dc6b50d952f9aa4c113967ff5c26d3cc23b37c6c29a3766a30faa61e6a0ce,readout_anchor.dialogpt-small.contrasts.increment_R_C_P.<seed>.strata.depth_band.bands.neff_10_100
readout_anchor,increment_R_C_P,dialogpt-small,depth_band,neff_ge1000,20260923,-0.02116482369091618,-0.044676853070151124,-0.002013376595919054,resolved,13,16.354838709677416,0,2,3,archive/logs/R5/gate_retrieval_20260923/retrieval_strata_report.json,6e5dc6b50d952f9aa4c113967ff5c26d3cc23b37c6c29a3766a30faa61e6a0ce,readout_anchor.dialogpt-small.contrasts.increment_R_C_P.<seed>.strata.depth_band.bands.neff_ge1000
readout_anchor,increment_R_C_P,dialogpt-small,depth_band,neff_lt10,20260923,0.0012163316035356901,-0.016261508254455617,0.018109913260245046,unresolved_interval_crosses_zero,21,21.51219512195124,0,0,3,archive/logs/R5/gate_retrieval_20260923/retrieval_strata_report.json,6e5dc6b50d952f9aa4c113967ff5c26d3cc23b37c6c29a3766a30faa61e6a0ce,readout_anchor.dialogpt-small.contrasts.increment_R_C_P.<seed>.strata.depth_band.bands.neff_lt10
readout_anchor,increment_R_C_P,dialogpt-small,depth_band,no_homolog_support,20260923,,,,unresolved_thin_support,0,0.0,0,0,3,archive/logs/R5/gate_retrieval_20260923/retrieval_strata_report.json,6e5dc6b50d952f9aa4c113967ff5c26d3cc23b37c6c29a3766a30faa61e6a0ce,readout_anchor.dialogpt-small.contrasts.increment_R_C_P.<seed>.strata.depth_band.bands.no_homolog_support
readout_anchor,increment_R_C_P,dialogpt-small,source_provenance,source_other,20260923,-0.0060076928948781735,-0.011426459772111718,-0.001039270597686294,resolved,99,115.19294809010768,0,3,3,archive/logs/R5/gate_retrieval_20260923/retrieval_strata_report.json,6e5dc6b50d952f9aa4c113967ff5c26d3cc23b37c6c29a3766a30faa61e6a0ce,readout_anchor.dialogpt-small.contrasts.increment_R_C_P.<seed>.strata.source_provenance.bands.source_other
readout_anchor,increment_R_C_P,dialogpt-small,source_provenance,source_tsuboyama_2023,20260923,-0.0237903626060599,-0.043271543995627375,-0.007125826627980641,resolved,64,65.18832891246684,0,3,3,archive/logs/R5/gate_retrieval_20260923/retrieval_strata_report.json,6e5dc6b50d952f9aa4c113967ff5c26d3cc23b37c6c29a3766a30faa61e6a0ce,readout_anchor.dialogpt-small.contrasts.increment_R_C_P.<seed>.strata.source_provenance.bands.source_tsuboyama_2023
readout_anchor,increment_R_C_P,dialogpt-small,family_band,close_multi_member_group,20260923,-0.015091140200564039,-0.028870294443558795,-0.0022524082341722268,resolved,11,21.352941176470587,0,1,3,archive/logs/R5/gate_retrieval_20260923/retrieval_strata_report.json,6e5dc6b50d952f9aa4c113967ff5c26d3cc23b37c6c29a3766a30faa61e6a0ce,readout_anchor.dialogpt-small.contrasts.increment_R_C_P.<seed>.strata.family_band.bands.close_multi_member_group
readout_anchor,increment_R_C_P,dialogpt-small,family_band,remote_singleton_group,20260923,-0.012837778034043209,-0.02169414659205138,-0.005268224226505208,resolved,152,162.41827768014053,0,3,3,archive/logs/R5/gate_retrieval_20260923/retrieval_strata_report.json,6e5dc6b50d952f9aa4c113967ff5c26d3cc23b37c6c29a3766a30faa61e6a0ce,readout_anchor.dialogpt-small.contrasts.increment_R_C_P.<seed>.strata.family_band.bands.remote_singleton_group
readout_anchor,increment_R_C_P,galactica-1.3b,full_support,,20260923,0.008307579655157191,-0.0028170286289461483,0.019986765082265535,unresolved_interval_crosses_zero,163,179.6214084507042,0,0,3,archive/logs/R5/gate_retrieval_20260923/retrieval_strata_report.json,6e5dc6b50d952f9aa4c113967ff5c26d3cc23b37c6c29a3766a30faa61e6a0ce,readout_anchor.galactica-1.3b.contrasts.increment_R_C_P.<seed>.full_support
readout_anchor,increment_R_C_P,galactica-1.3b,near_duplicate,near_duplicate_absent,20260923,-0.001068627385363253,-0.03028887127511169,0.02751146677245414,unresolved_interval_crosses_zero,23,25.190476190476197,0,0,3,archive/logs/R5/gate_retrieval_20260923/retrieval_strata_report.json,6e5dc6b50d952f9aa4c113967ff5c26d3cc23b37c6c29a3766a30faa61e6a0ce,readout_anchor.galactica-1.3b.contrasts.increment_R_C_P.<seed>.strata.near_duplicate.bands.near_duplicate_absent
readout_anchor,increment_R_C_P,galactica-1.3b,near_duplicate,near_duplicate_present,20260923,0.009847956526099839,-0.0020992566082143247,0.02311566714429215,unresolved_interval_crosses_zero,140,154.43204202232434,0,0,3,archive/logs/R5/gate_retrieval_20260923/retrieval_strata_report.json,6e5dc6b50d952f9aa4c113967ff5c26d3cc23b37c6c29a3766a30faa61e6a0ce,readout_anchor.galactica-1.3b.contrasts.increment_R_C_P.<seed>.strata.near_duplicate.bands.near_duplicate_present
readout_anchor,increment_R_C_P,galactica-1.3b,identity_band,ge95_near_duplicate,20260923,0.009847956526099839,-0.0020992566082143247,0.02311566714429215,unresolved_interval_crosses_zero,140,154.43204202232434,0,0,3,archive/logs/R5/gate_retrieval_20260923/retrieval_strata_report.json,6e5dc6b50d952f9aa4c113967ff5c26d3cc23b37c6c29a3766a30faa61e6a0ce,readout_anchor.galactica-1.3b.contrasts.increment_R_C_P.<seed>.strata.identity_band.bands.ge95_near_duplicate
readout_anchor,increment_R_C_P,galactica-1.3b,identity_band,id30_to_70_remote_homology,20260923,0.009061947849341617,,,unresolved_thin_support,5,5.5555555555555545,0,0,3,archive/logs/R5/gate_retrieval_20260923/retrieval_strata_report.json,6e5dc6b50d952f9aa4c113967ff5c26d3cc23b37c6c29a3766a30faa61e6a0ce,readout_anchor.galactica-1.3b.contrasts.increment_R_C_P.<seed>.strata.identity_band.bands.id30_to_70_remote_homology
readout_anchor,increment_R_C_P,galactica-1.3b,identity_band,id70_to_95_close_homology,20260923,-0.0038826760616701614,-0.04251920504045143,0.033385707255356584,unresolved_interval_crosses_zero,18,19.636363636363633,0,0,3,archive/logs/R5/gate_retrieval_20260923/retrieval_strata_report.json,6e5dc6b50d952f9aa4c113967ff5c26d3cc23b37c6c29a3766a30faa61e6a0ce,readout_anchor.galactica-1.3b.contrasts.increment_R_C_P.<seed>.strata.identity_band.bands.id70_to_95_close_homology
readout_anchor,increment_R_C_P,galactica-1.3b,identity_band,lt30_no_detectable_homology,20260923,,,,unresolved_thin_support,0,0.0,0,0,3,archive/logs/R5/gate_retrieval_20260923/retrieval_strata_report.json,6e5dc6b50d952f9aa4c113967ff5c26d3cc23b37c6c29a3766a30faa61e6a0ce,readout_anchor.galactica-1.3b.contrasts.increment_R_C_P.<seed>.strata.identity_band.bands.lt30_no_detectable_homology
readout_anchor,increment_R_C_P,galactica-1.3b,depth_band,neff_100_1000,20260923,0.009300692042012292,-0.009637760304758181,0.029684077307515995,unresolved_interval_crosses_zero,65,70.5146036161335,0,0,3,archive/logs/R5/gate_retrieval_20260923/retrieval_strata_report.json,6e5dc6b50d952f9aa4c113967ff5c26d3cc23b37c6c29a3766a30faa61e6a0ce,readout_anchor.galactica-1.3b.contrasts.increment_R_C_P.<seed>.strata.depth_band.bands.neff_100_1000
readout_anchor,increment_R_C_P,galactica-1.3b,depth_band,neff_10_100,20260923,0.0053019325380597015,-0.012119124221227722,0.02338859280984171,unresolved_interval_crosses_zero,64,71.65014577259474,0,0,3,archive/logs/R5/gate_retrieval_20260923/retrieval_strata_report.json,6e5dc6b50d952f9aa4c113967ff5c26d3cc23b37c6c29a3766a30faa61e6a0ce,readout_anchor.galactica-1.3b.contrasts.increment_R_C_P.<seed>.strata.depth_band.bands.neff_10_100
readout_anchor,increment_R_C_P,galactica-1.3b,depth_band,neff_ge1000,20260923,-0.013048627939674023,-0.02777419348846981,-0.0003530694051915111,resolved,13,16.354838709677416,0,1,3,archive/logs/R5/gate_retrieval_20260923/retrieval_strata_report.json,6e5dc6b50d952f9aa4c113967ff5c26d3cc23b37c6c29a3766a30faa61e6a0ce,readout_anchor.galactica-1.3b.contrasts.increment_R_C_P.<seed>.strata.depth_band.bands.neff_ge1000
readout_anchor,increment_R_C_P,galactica-1.3b,depth_band,neff_lt10,20260923,0.027614237230464987,-0.005038336941987035,0.05779822460265743,unresolved_interval_crosses_zero,21,21.51219512195124,0,0,3,archive/logs/R5/gate_retrieval_20260923/retrieval_strata_report.json,6e5dc6b50d952f9aa4c113967ff5c26d3cc23b37c6c29a3766a30faa61e6a0ce,readout_anchor.galactica-1.3b.contrasts.increment_R_C_P.<seed>.strata.depth_band.bands.neff_lt10
readout_anchor,increment_R_C_P,galactica-1.3b,depth_band,no_homolog_support,20260923,,,,unresolved_thin_support,0,0.0,0,0,3,archive/logs/R5/gate_retrieval_20260923/retrieval_strata_report.json,6e5dc6b50d952f9aa4c113967ff5c26d3cc23b37c6c29a3766a30faa61e6a0ce,readout_anchor.galactica-1.3b.contrasts.increment_R_C_P.<seed>.strata.depth_band.bands.no_homolog_support
readout_anchor,increment_R_C_P,galactica-1.3b,source_provenance,source_other,20260923,0.0016702139473620526,-0.003525376600963278,0.007323291231450446,unresolved_interval_crosses_zero,99,115.19294809010768,0,0,3,archive/logs/R5/gate_retrieval_20260923/retrieval_strata_report.json,6e5dc6b50d952f9aa4c113967ff5c26d3cc23b37c6c29a3766a30faa61e6a0ce,readout_anchor.galactica-1.3b.contrasts.increment_R_C_P.<seed>.strata.source_provenance.bands.source_other
readout_anchor,increment_R_C_P,galactica-1.3b,source_provenance,source_tsuboyama_2023,20260923,0.0185747547344028,-0.009244227923206378,0.04631272116805279,unresolved_interval_crosses_zero,64,65.18832891246684,0,0,3,archive/logs/R5/gate_retrieval_20260923/retrieval_strata_report.json,6e5dc6b50d952f9aa4c113967ff5c26d3cc23b37c6c29a3766a30faa61e6a0ce,readout_anchor.galactica-1.3b.contrasts.increment_R_C_P.<seed>.strata.source_provenance.bands.source_tsuboyama_2023
readout_anchor,increment_R_C_P,galactica-1.3b,family_band,close_multi_member_group,20260923,-0.014583297902343828,-0.026570946070515255,-0.0021450921431420108,resolved,11,21.352941176470587,0,3,3,archive/logs/R5/gate_retrieval_20260923/retrieval_strata_report.json,6e5dc6b50d952f9aa4c113967ff5c26d3cc23b37c6c29a3766a30faa61e6a0ce,readout_anchor.galactica-1.3b.contrasts.increment_R_C_P.<seed>.strata.family_band.bands.close_multi_member_group
readout_anchor,increment_R_C_P,galactica-1.3b,family_band,remote_singleton_group,20260923,0.009964156320502661,-0.002116347617071387,0.02236136573941522,unresolved_interval_crosses_zero,152,162.41827768014053,0,0,3,archive/logs/R5/gate_retrieval_20260923/retrieval_strata_report.json,6e5dc6b50d952f9aa4c113967ff5c26d3cc23b37c6c29a3766a30faa61e6a0ce,readout_anchor.galactica-1.3b.contrasts.increment_R_C_P.<seed>.strata.family_band.bands.remote_singleton_group
readout_anchor,increment_R_C_P,galactica-125m,full_support,,20260923,0.005231020100822762,-0.006342506623913402,0.016524942616129943,unresolved_interval_crosses_zero,163,179.6214084507042,0,0,3,archive/logs/R5/gate_retrieval_20260923/retrieval_strata_report.json,6e5dc6b50d952f9aa4c113967ff5c26d3cc23b37c6c29a3766a30faa61e6a0ce,readout_anchor.galactica-125m.contrasts.increment_R_C_P.<seed>.full_support
readout_anchor,increment_R_C_P,galactica-125m,near_duplicate,near_duplicate_absent,20260923,-0.0018500720633739711,-0.031212088414955406,0.02649314248238261,unresolved_interval_crosses_zero,23,25.190476190476197,0,0,3,archive/logs/R5/gate_retrieval_20260923/retrieval_strata_report.json,6e5dc6b50d952f9aa4c113967ff5c26d3cc23b37c6c29a3766a30faa61e6a0ce,readout_anchor.galactica-125m.contrasts.increment_R_C_P.<seed>.strata.near_duplicate.bands.near_duplicate_absent
readout_anchor,increment_R_C_P,galactica-125m,near_duplicate,near_duplicate_present,20260923,0.006394342384940794,-0.005292663635901885,0.018724483206652664,unresolved_interval_crosses_zero,140,154.43204202232434,0,0,3,archive/logs/R5/gate_retrieval_20260923/retrieval_strata_report.json,6e5dc6b50d952f9aa4c113967ff5c26d3cc23b37c6c29a3766a30faa61e6a0ce,readout_anchor.galactica-125m.contrasts.increment_R_C_P.<seed>.strata.near_duplicate.bands.near_duplicate_present
readout_anchor,increment_R_C_P,galactica-125m,identity_band,ge95_near_duplicate,20260923,0.006394342384940794,-0.005292663635901885,0.018724483206652664,unresolved_interval_crosses_zero,140,154.43204202232434,0,0,3,archive/logs/R5/gate_retrieval_20260923/retrieval_strata_report.json,6e5dc6b50d952f9aa4c113967ff5c26d3cc23b37c6c29a3766a30faa61e6a0ce,readout_anchor.galactica-125m.contrasts.increment_R_C_P.<seed>.strata.identity_band.bands.ge95_near_duplicate
readout_anchor,increment_R_C_P,galactica-125m,identity_band,id30_to_70_remote_homology,20260923,-0.004098427752686429,,,unresolved_thin_support,5,5.5555555555555545,0,0,3,archive/logs/R5/gate_retrieval_20260923/retrieval_strata_report.json,6e5dc6b50d952f9aa4c113967ff5c26d3cc23b37c6c29a3766a30faa61e6a0ce,readout_anchor.galactica-125m.contrasts.increment_R_C_P.<seed>.strata.identity_band.bands.id30_to_70_remote_homology
readout_anchor,increment_R_C_P,galactica-125m,identity_band,id70_to_95_close_homology,20260923,-0.0012255288163427345,-0.04156127761441518,0.03459557380622615,unresolved_interval_crosses_zero,18,19.636363636363633,0,0,3,archive/logs/R5/gate_retrieval_20260923/retrieval_strata_report.json,6e5dc6b50d952f9aa4c113967ff5c26d3cc23b37c6c29a3766a30faa61e6a0ce,readout_anchor.galactica-125m.contrasts.increment_R_C_P.<seed>.strata.identity_band.bands.id70_to_95_close_homology
readout_anchor,increment_R_C_P,galactica-125m,identity_band,lt30_no_detectable_homology,20260923,,,,unresolved_thin_support,0,0.0,0,0,3,archive/logs/R5/gate_retrieval_20260923/retrieval_strata_report.json,6e5dc6b50d952f9aa4c113967ff5c26d3cc23b37c6c29a3766a30faa61e6a0ce,readout_anchor.galactica-125m.contrasts.increment_R_C_P.<seed>.strata.identity_band.bands.lt30_no_detectable_homology
readout_anchor,increment_R_C_P,galactica-125m,depth_band,neff_100_1000,20260923,0.006972340855366069,-0.012397608569704642,0.026996980890121845,unresolved_interval_crosses_zero,65,70.5146036161335,0,0,3,archive/logs/R5/gate_retrieval_20260923/retrieval_strata_report.json,6e5dc6b50d952f9aa4c113967ff5c26d3cc23b37c6c29a3766a30faa61e6a0ce,readout_anchor.galactica-125m.contrasts.increment_R_C_P.<seed>.strata.depth_band.bands.neff_100_1000
readout_anchor,increment_R_C_P,galactica-125m,depth_band,neff_10_100,20260923,0.0036131997743390444,-0.01270603224875476,0.01918628410268266,unresolved_interval_crosses_zero,64,71.65014577259474,0,0,3,archive/logs/R5/gate_retrieval_20260923/retrieval_strata_report.json,6e5dc6b50d952f9aa4c113967ff5c26d3cc23b37c6c29a3766a30faa61e6a0ce,readout_anchor.galactica-125m.contrasts.increment_R_C_P.<seed>.strata.depth_band.bands.neff_10_100
readout_anchor,increment_R_C_P,galactica-125m,depth_band,neff_ge1000,20260923,-0.023673433858059797,-0.04515814031422302,-0.0058855980595541,resolved,13,16.354838709677416,0,3,3,archive/logs/R5/gate_retrieval_20260923/retrieval_strata_report.json,6e5dc6b50d952f9aa4c113967ff5c26d3cc23b37c6c29a3766a30faa61e6a0ce,readout_anchor.galactica-125m.contrasts.increment_R_C_P.<seed>.strata.depth_band.bands.neff_ge1000
readout_anchor,increment_R_C_P,galactica-125m,depth_band,neff_lt10,20260923,0.022664951211066382,-0.01387287288716059,0.054558347580098455,unresolved_interval_crosses_zero,21,21.51219512195124,0,0,3,archive/logs/R5/gate_retrieval_20260923/retrieval_strata_report.json,6e5dc6b50d952f9aa4c113967ff5c26d3cc23b37c6c29a3766a30faa61e6a0ce,readout_anchor.galactica-125m.contrasts.increment_R_C_P.<seed>.strata.depth_band.bands.neff_lt10
readout_anchor,increment_R_C_P,galactica-125m,depth_band,no_homolog_support,20260923,,,,unresolved_thin_support,0,0.0,0,0,3,archive/logs/R5/gate_retrieval_20260923/retrieval_strata_report.json,6e5dc6b50d952f9aa4c113967ff5c26d3cc23b37c6c29a3766a30faa61e6a0ce,readout_anchor.galactica-125m.contrasts.increment_R_C_P.<seed>.strata.depth_band.bands.no_homolog_support
readout_anchor,increment_R_C_P,galactica-125m,source_provenance,source_other,20260923,0.0006909590073633322,-0.005314253891098724,0.006945670795853393,unresolved_interval_crosses_zero,99,115.19294809010768,0,0,3,archive/logs/R5/gate_retrieval_20260923/retrieval_strata_report.json,6e5dc6b50d952f9aa4c113967ff5c26d3cc23b37c6c29a3766a30faa61e6a0ce,readout_anchor.galactica-125m.contrasts.increment_R_C_P.<seed>.strata.source_provenance.bands.source_other
readout_anchor,increment_R_C_P,galactica-125m,source_provenance,source_tsuboyama_2023,20260923,0.01225392710476781,-0.014996446040324468,0.0387444621474228,unresolved_interval_crosses_zero,64,65.18832891246684,0,0,3,archive/logs/R5/gate_retrieval_20260923/retrieval_strata_report.json,6e5dc6b50d952f9aa4c113967ff5c26d3cc23b37c6c29a3766a30faa61e6a0ce,readout_anchor.galactica-125m.contrasts.increment_R_C_P.<seed>.strata.source_provenance.bands.source_tsuboyama_2023
readout_anchor,increment_R_C_P,galactica-125m,family_band,close_multi_member_group,20260923,-0.015155169570514932,-0.029630467054069888,-0.0029967377362051587,resolved,11,21.352941176470587,0,3,3,archive/logs/R5/gate_retrieval_20260923/retrieval_strata_report.json,6e5dc6b50d952f9aa4c113967ff5c26d3cc23b37c6c29a3766a30faa61e6a0ce,readout_anchor.galactica-125m.contrasts.increment_R_C_P.<seed>.strata.family_band.bands.close_multi_member_group
readout_anchor,increment_R_C_P,galactica-125m,family_band,remote_singleton_group,20260923,0.006706336458616936,-0.0052870294060395106,0.01949776819345611,unresolved_interval_crosses_zero,152,162.41827768014053,0,0,3,archive/logs/R5/gate_retrieval_20260923/retrieval_strata_report.json,6e5dc6b50d952f9aa4c113967ff5c26d3cc23b37c6c29a3766a30faa61e6a0ce,readout_anchor.galactica-125m.contrasts.increment_R_C_P.<seed>.strata.family_band.bands.remote_singleton_group
readout_anchor,increment_R_C_P,galactica-30b,full_support,,20260923,0.010794253146355869,-0.002395710935396897,0.024007475602600657,unresolved_interval_crosses_zero,163,179.6214084507042,0,0,3,archive/logs/R5/gate_retrieval_20260923/retrieval_strata_report.json,6e5dc6b50d952f9aa4c113967ff5c26d3cc23b37c6c29a3766a30faa61e6a0ce,readout_anchor.galactica-30b.contrasts.increment_R_C_P.<seed>.full_support
readout_anchor,increment_R_C_P,galactica-30b,near_duplicate,near_duplicate_absent,20260923,-0.005678518143264494,-0.03967771302051065,0.025704074543652672,unresolved_interval_crosses_zero,23,25.190476190476197,0,0,3,archive/logs/R5/gate_retrieval_20260923/retrieval_strata_report.json,6e5dc6b50d952f9aa4c113967ff5c26d3cc23b37c6c29a3766a30faa61e6a0ce,readout_anchor.galactica-30b.contrasts.increment_R_C_P.<seed>.strata.near_duplicate.bands.near_duplicate_absent
readout_anchor,increment_R_C_P,galactica-30b,near_duplicate,near_duplicate_present,20260923,0.013500494143936354,-0.0005919881301155145,0.02765167559536957,unresolved_interval_crosses_zero,140,154.43204202232434,0,0,3,archive/logs/R5/gate_retrieval_20260923/retrieval_strata_report.json,6e5dc6b50d952f9aa4c113967ff5c26d3cc23b37c6c29a3766a30faa61e6a0ce,readout_anchor.galactica-30b.contrasts.increment_R_C_P.<seed>.strata.near_duplicate.bands.near_duplicate_present
readout_anchor,increment_R_C_P,galactica-30b,identity_band,ge95_near_duplicate,20260923,0.013500494143936354,-0.0005919881301155145,0.02765167559536957,unresolved_interval_crosses_zero,140,154.43204202232434,0,0,3,archive/logs/R5/gate_retrieval_20260923/retrieval_strata_report.json,6e5dc6b50d952f9aa4c113967ff5c26d3cc23b37c6c29a3766a30faa61e6a0ce,readout_anchor.galactica-30b.contrasts.increment_R_C_P.<seed>.strata.identity_band.bands.ge95_near_duplicate
readout_anchor,increment_R_C_P,galactica-30b,identity_band,id30_to_70_remote_homology,20260923,0.008147210677425343,,,unresolved_thin_support,5,5.5555555555555545,0,0,3,archive/logs/R5/gate_retrieval_20260923/retrieval_strata_report.json,6e5dc6b50d952f9aa4c113967ff5c26d3cc23b37c6c29a3766a30faa61e6a0ce,readout_anchor.galactica-30b.contrasts.increment_R_C_P.<seed>.strata.identity_band.bands.id30_to_70_remote_homology
readout_anchor,increment_R_C_P,galactica-30b,identity_band,id70_to_95_close_homology,20260923,-0.009518998371233893,-0.05566045559584348,0.02901732329711817,unresolved_interval_crosses_zero,18,19.636363636363633,0,0,3,archive/logs/R5/gate_retrieval_20260923/retrieval_strata_report.json,6e5dc6b50d952f9aa4c113967ff5c26d3cc23b37c6c29a3766a30faa61e6a0ce,readout_anchor.galactica-30b.contrasts.increment_R_C_P.<seed>.strata.identity_band.bands.id70_to_95_close_homology
readout_anchor,increment_R_C_P,galactica-30b,identity_band,lt30_no_detectable_homology,20260923,,,,unresolved_thin_support,0,0.0,0,0,3,archive/logs/R5/gate_retrieval_20260923/retrieval_strata_report.json,6e5dc6b50d952f9aa4c113967ff5c26d3cc23b37c6c29a3766a30faa61e6a0ce,readout_anchor.galactica-30b.contrasts.increment_R_C_P.<seed>.strata.identity_band.bands.lt30_no_detectable_homology
readout_anchor,increment_R_C_P,galactica-30b,depth_band,neff_100_1000,20260923,0.01378862951040477,-0.008088373897403266,0.03420261459553717,unresolved_interval_crosses_zero,65,70.5146036161335,0,0,3,archive/logs/R5/gate_retrieval_20260923/retrieval_strata_report.json,6e5dc6b50d952f9aa4c113967ff5c26d3cc23b37c6c29a3766a30faa61e6a0ce,readout_anchor.galactica-30b.contrasts.increment_R_C_P.<seed>.strata.depth_band.bands.neff_100_1000
readout_anchor,increment_R_C_P,galactica-30b,depth_band,neff_10_100,20260923,0.011334418901579369,-0.01031671886164328,0.031305224136334915,unresolved_interval_crosses_zero,64,71.65014577259474,0,0,3,archive/logs/R5/gate_retrieval_20260923/retrieval_strata_report.json,6e5dc6b50d952f9aa4c113967ff5c26d3cc23b37c6c29a3766a30faa61e6a0ce,readout_anchor.galactica-30b.contrasts.increment_R_C_P.<seed>.strata.depth_band.bands.neff_10_100
readout_anchor,increment_R_C_P,galactica-30b,depth_band,neff_ge1000,20260923,-0.02213096937844215,-0.04460852372657556,-0.002442522775510265,resolved,13,16.354838709677416,0,2,3,archive/logs/R5/gate_retrieval_20260923/retrieval_strata_report.json,6e5dc6b50d952f9aa4c113967ff5c26d3cc23b37c6c29a3766a30faa61e6a0ce,readout_anchor.galactica-30b.contrasts.increment_R_C_P.<seed>.strata.depth_band.bands.neff_ge1000
readout_anchor,increment_R_C_P,galactica-30b,depth_band,neff_lt10,20260923,0.020262006518969755,-0.022772348862162225,0.05728340324980715,unresolved_interval_crosses_zero,21,21.51219512195124,0,0,3,archive/logs/R5/gate_retrieval_20260923/retrieval_strata_report.json,6e5dc6b50d952f9aa4c113967ff5c26d3cc23b37c6c29a3766a30faa61e6a0ce,readout_anchor.galactica-30b.contrasts.increment_R_C_P.<seed>.strata.depth_band.bands.neff_lt10
readout_anchor,increment_R_C_P,galactica-30b,depth_band,no_homolog_support,20260923,,,,unresolved_thin_support,0,0.0,0,0,3,archive/logs/R5/gate_retrieval_20260923/retrieval_strata_report.json,6e5dc6b50d952f9aa4c113967ff5c26d3cc23b37c6c29a3766a30faa61e6a0ce,readout_anchor.galactica-30b.contrasts.increment_R_C_P.<seed>.strata.depth_band.bands.no_homolog_support
readout_anchor,increment_R_C_P,galactica-30b,source_provenance,source_other,20260923,0.004176407271799277,-0.001557149457455344,0.010256959589558705,unresolved_interval_crosses_zero,99,115.19294809010768,0,0,3,archive/logs/R5/gate_retrieval_20260923/retrieval_strata_report.json,6e5dc6b50d952f9aa4c113967ff5c26d3cc23b37c6c29a3766a30faa61e6a0ce,readout_anchor.galactica-30b.contrasts.increment_R_C_P.<seed>.strata.source_provenance.bands.source_other
readout_anchor,increment_R_C_P,galactica-30b,source_provenance,source_tsuboyama_2023,20260923,0.021031233483560594,-0.012326026845105427,0.0516914761560168,unresolved_interval_crosses_zero,64,65.18832891246684,0,0,3,archive/logs/R5/gate_retrieval_20260923/retrieval_strata_report.json,6e5dc6b50d952f9aa4c113967ff5c26d3cc23b37c6c29a3766a30faa61e6a0ce,readout_anchor.galactica-30b.contrasts.increment_R_C_P.<seed>.strata.source_provenance.bands.source_tsuboyama_2023
readout_anchor,increment_R_C_P,galactica-30b,family_band,close_multi_member_group,20260923,-0.009796654759489166,-0.022645985403003294,0.004515868486861908,unresolved_interval_crosses_zero,11,21.352941176470587,0,1,3,archive/logs/R5/gate_retrieval_20260923/retrieval_strata_report.json,6e5dc6b50d952f9aa4c113967ff5c26d3cc23b37c6c29a3766a30faa61e6a0ce,readout_anchor.galactica-30b.contrasts.increment_R_C_P.<seed>.strata.family_band.bands.close_multi_member_group
readout_anchor,increment_R_C_P,galactica-30b,family_band,remote_singleton_group,20260923,0.012284384639542022,-0.0021448742112169556,0.026059150841313022,unresolved_interval_crosses_zero,152,162.41827768014053,0,0,3,archive/logs/R5/gate_retrieval_20260923/retrieval_strata_report.json,6e5dc6b50d952f9aa4c113967ff5c26d3cc23b37c6c29a3766a30faa61e6a0ce,readout_anchor.galactica-30b.contrasts.increment_R_C_P.<seed>.strata.family_band.bands.remote_singleton_group
readout_anchor,increment_R_C_P,galactica-6.7b,full_support,,20260923,0.008938667222573374,-0.0018338383379773082,0.019991285631203774,unresolved_interval_crosses_zero,163,179.6214084507042,0,0,3,archive/logs/R5/gate_retrieval_20260923/retrieval_strata_report.json,6e5dc6b50d952f9aa4c113967ff5c26d3cc23b37c6c29a3766a30faa61e6a0ce,readout_anchor.galactica-6.7b.contrasts.increment_R_C_P.<seed>.full_support
readout_anchor,increment_R_C_P,galactica-6.7b,near_duplicate,near_duplicate_absent,20260923,-0.002164735192618513,-0.03492693623175407,0.028750597199237376,unresolved_interval_crosses_zero,23,25.190476190476197,0,0,3,archive/logs/R5/gate_retrieval_20260923/retrieval_strata_report.json,6e5dc6b50d952f9aa4c113967ff5c26d3cc23b37c6c29a3766a30faa61e6a0ce,readout_anchor.galactica-6.7b.contrasts.increment_R_C_P.<seed>.strata.near_duplicate.bands.near_duplicate_absent
readout_anchor,increment_R_C_P,galactica-6.7b,near_duplicate,near_duplicate_present,20260923,0.010762797619354898,-0.000561665823237141,0.022294490285370845,unresolved_interval_crosses_zero,140,154.43204202232434,0,0,3,archive/logs/R5/gate_retrieval_20260923/retrieval_strata_report.json,6e5dc6b50d952f9aa4c113967ff5c26d3cc23b37c6c29a3766a30faa61e6a0ce,readout_anchor.galactica-6.7b.contrasts.increment_R_C_P.<seed>.strata.near_duplicate.bands.near_duplicate_present
readout_anchor,increment_R_C_P,galactica-6.7b,identity_band,ge95_near_duplicate,20260923,0.010762797619354898,-0.000561665823237141,0.022294490285370845,unresolved_interval_crosses_zero,140,154.43204202232434,0,0,3,archive/logs/R5/gate_retrieval_20260923/retrieval_strata_report.json,6e5dc6b50d952f9aa4c113967ff5c26d3cc23b37c6c29a3766a30faa61e6a0ce,readout_anchor.galactica-6.7b.contrasts.increment_R_C_P.<seed>.strata.identity_band.bands.ge95_near_duplicate
readout_anchor,increment_R_C_P,galactica-6.7b,identity_band,id30_to_70_remote_homology,20260923,-3.4940993143711686e-05,,,unresolved_thin_support,5,5.5555555555555545,0,0,3,archive/logs/R5/gate_retrieval_20260923/retrieval_strata_report.json,6e5dc6b50d952f9aa4c113967ff5c26d3cc23b37c6c29a3766a30faa61e6a0ce,readout_anchor.galactica-6.7b.contrasts.increment_R_C_P.<seed>.strata.identity_band.bands.id30_to_70_remote_homology
readout_anchor,increment_R_C_P,galactica-6.7b,identity_band,id70_to_95_close_homology,20260923,-0.0027563446924726257,-0.0442952677817207,0.03638075086975078,unresolved_interval_crosses_zero,18,19.636363636363633,0,0,3,archive/logs/R5/gate_retrieval_20260923/retrieval_strata_report.json,6e5dc6b50d952f9aa4c113967ff5c26d3cc23b37c6c29a3766a30faa61e6a0ce,readout_anchor.galactica-6.7b.contrasts.increment_R_C_P.<seed>.strata.identity_band.bands.id70_to_95_close_homology
readout_anchor,increment_R_C_P,galactica-6.7b,identity_band,lt30_no_detectable_homology,20260923,,,,unresolved_thin_support,0,0.0,0,0,3,archive/logs/R5/gate_retrieval_20260923/retrieval_strata_report.json,6e5dc6b50d952f9aa4c113967ff5c26d3cc23b37c6c29a3766a30faa61e6a0ce,readout_anchor.galactica-6.7b.contrasts.increment_R_C_P.<seed>.strata.identity_band.bands.lt30_no_detectable_homology
readout_anchor,increment_R_C_P,galactica-6.7b,depth_band,neff_100_1000,20260923,0.013668958660550795,-0.0016860436016616083,0.029722172385012485,unresolved_interval_crosses_zero,65,70.5146036161335,0,0,3,archive/logs/R5/gate_retrieval_20260923/retrieval_strata_report.json,6e5dc6b50d952f9aa4c113967ff5c26d3cc23b37c6c29a3766a30faa61e6a0ce,readout_anchor.galactica-6.7b.contrasts.increment_R_C_P.<seed>.strata.depth_band.bands.neff_100_1000
readout_anchor,increment_R_C_P,galactica-6.7b,depth_band,neff_10_100,20260923,0.0036186253422485926,-0.014755793103482552,0.0214660524152409,unresolved_interval_crosses_zero,64,71.65014577259474,0,0,3,archive/logs/R5/gate_retrieval_20260923/retrieval_strata_report.json,6e5dc6b50d952f9aa4c113967ff5c26d3cc23b37c6c29a3766a30faa61e6a0ce,readout_anchor.galactica-6.7b.contrasts.increment_R_C_P.<seed>.strata.depth_band.bands.neff_10_100
readout_anchor,increment_R_C_P,galactica-6.7b,depth_band,neff_ge1000,20260923,-0.01941153271300638,-0.03161896182094878,-0.007043188914205264,resolved,13,16.354838709677416,0,3,3,archive/logs/R5/gate_retrieval_20260923/retrieval_strata_report.json,6e5dc6b50d952f9aa4c113967ff5c26d3cc23b37c6c29a3766a30faa61e6a0ce,readout_anchor.galactica-6.7b.contrasts.increment_R_C_P.<seed>.strata.depth_band.bands.neff_ge1000
readout_anchor,increment_R_C_P,galactica-6.7b,depth_band,neff_lt10,20260923,0.028060873700420548,-0.008858006403258614,0.06276997317875052,unresolved_interval_crosses_zero,21,21.51219512195124,0,0,3,archive/logs/R5/gate_retrieval_20260923/retrieval_strata_report.json,6e5dc6b50d952f9aa4c113967ff5c26d3cc23b37c6c29a3766a30faa61e6a0ce,readout_anchor.galactica-6.7b.contrasts.increment_R_C_P.<seed>.strata.depth_band.bands.neff_lt10
readout_anchor,increment_R_C_P,galactica-6.7b,depth_band,no_homolog_support,20260923,,,,unresolved_thin_support,0,0.0,0,0,3,archive/logs/R5/gate_retrieval_20260923/retrieval_strata_report.json,6e5dc6b50d952f9aa4c113967ff5c26d3cc23b37c6c29a3766a30faa61e6a0ce,readout_anchor.galactica-6.7b.contrasts.increment_R_C_P.<seed>.strata.depth_band.bands.no_homolog_support
readout_anchor,increment_R_C_P,galactica-6.7b,source_provenance,source_other,20260923,0.00030958209343485515,-0.005665857212357401,0.006571948361417153,unresolved_interval_crosses_zero,99,115.19294809010768,0,0,3,archive/logs/R5/gate_retrieval_20260923/retrieval_strata_report.json,6e5dc6b50d952f9aa4c113967ff5c26d3cc23b37c6c29a3766a30faa61e6a0ce,readout_anchor.galactica-6.7b.contrasts.increment_R_C_P.<seed>.strata.source_provenance.bands.source_other
readout_anchor,increment_R_C_P,galactica-6.7b,source_provenance,source_tsuboyama_2023,20260923,0.022286783281709525,-0.00270703414905613,0.04669628070240509,unresolved_interval_crosses_zero,64,65.18832891246684,0,0,3,archive/logs/R5/gate_retrieval_20260923/retrieval_strata_report.json,6e5dc6b50d952f9aa4c113967ff5c26d3cc23b37c6c29a3766a30faa61e6a0ce,readout_anchor.galactica-6.7b.contrasts.increment_R_C_P.<seed>.strata.source_provenance.bands.source_tsuboyama_2023
readout_anchor,increment_R_C_P,galactica-6.7b,family_band,close_multi_member_group,20260923,-0.022351144089279212,-0.03664970960432193,-0.006235049275275994,resolved,11,21.352941176470587,0,3,3,archive/logs/R5/gate_retrieval_20260923/retrieval_strata_report.json,6e5dc6b50d952f9aa4c113967ff5c26d3cc23b37c6c29a3766a30faa61e6a0ce,readout_anchor.galactica-6.7b.contrasts.increment_R_C_P.<seed>.strata.family_band.bands.close_multi_member_group
readout_anchor,increment_R_C_P,galactica-6.7b,family_band,remote_singleton_group,20260923,0.011203061462246916,-0.00015959086307080876,0.022898045486773988,unresolved_interval_crosses_zero,152,162.41827768014053,0,0,3,archive/logs/R5/gate_retrieval_20260923/retrieval_strata_report.json,6e5dc6b50d952f9aa4c113967ff5c26d3cc23b37c6c29a3766a30faa61e6a0ce,readout_anchor.galactica-6.7b.contrasts.increment_R_C_P.<seed>.strata.family_band.bands.remote_singleton_group
readout_anchor,increment_R_C_P,gpt2,full_support,,20260923,-0.00990144112600552,-0.020315000661054308,-0.0004489574446737332,resolved,163,179.6214084507042,0,3,3,archive/logs/R5/gate_retrieval_20260923/retrieval_strata_report.json,6e5dc6b50d952f9aa4c113967ff5c26d3cc23b37c6c29a3766a30faa61e6a0ce,readout_anchor.gpt2.contrasts.increment_R_C_P.<seed>.full_support
readout_anchor,increment_R_C_P,gpt2,near_duplicate,near_duplicate_absent,20260923,-0.002246716506870191,-0.02658567076108865,0.016585555008653288,unresolved_interval_crosses_zero,23,25.190476190476197,0,0,3,archive/logs/R5/gate_retrieval_20260923/retrieval_strata_report.json,6e5dc6b50d952f9aa4c113967ff5c26d3cc23b37c6c29a3766a30faa61e6a0ce,readout_anchor.gpt2.contrasts.increment_R_C_P.<seed>.strata.near_duplicate.bands.near_duplicate_absent
readout_anchor,increment_R_C_P,gpt2,near_duplicate,near_duplicate_present,20260923,-0.011159003027720611,-0.022025579864963965,-0.0005303611331692343,resolved,140,154.43204202232434,0,3,3,archive/logs/R5/gate_retrieval_20260923/retrieval_strata_report.json,6e5dc6b50d952f9aa4c113967ff5c26d3cc23b37c6c29a3766a30faa61e6a0ce,readout_anchor.gpt2.contrasts.increment_R_C_P.<seed>.strata.near_duplicate.bands.near_duplicate_present
readout_anchor,increment_R_C_P,gpt2,identity_band,ge95_near_duplicate,20260923,-0.011159003027720611,-0.022025579864963965,-0.0005303611331692343,resolved,140,154.43204202232434,0,3,3,archive/logs/R5/gate_retrieval_20260923/retrieval_strata_report.json,6e5dc6b50d952f9aa4c113967ff5c26d3cc23b37c6c29a3766a30faa61e6a0ce,readout_anchor.gpt2.contrasts.increment_R_C_P.<seed>.strata.identity_band.bands.ge95_near_duplicate
readout_anchor,increment_R_C_P,gpt2,identity_band,id30_to_70_remote_homology,20260923,0.007731498554155008,,,unresolved_thin_support,5,5.5555555555555545,0,0,3,archive/logs/R5/gate_retrieval_20260923/retrieval_strata_report.json,6e5dc6b50d952f9aa4c113967ff5c26d3cc23b37c6c29a3766a30faa61e6a0ce,readout_anchor.gpt2.contrasts.increment_R_C_P.<seed>.strata.identity_band.bands.id30_to_70_remote_homology
readout_anchor,increment_R_C_P,gpt2,identity_band,id70_to_95_close_homology,20260923,-0.005018442912710524,-0.030923538424383057,0.01748316842931404,unresolved_interval_crosses_zero,18,19.636363636363633,0,0,3,archive/logs/R5/gate_retrieval_20260923/retrieval_strata_report.json,6e5dc6b50d952f9aa4c113967ff5c26d3cc23b37c6c29a3766a30faa61e6a0ce,readout_anchor.gpt2.contrasts.increment_R_C_P.<seed>.strata.identity_band.bands.id70_to_95_close_homology
readout_anchor,increment_R_C_P,gpt2,identity_band,lt30_no_detectable_homology,20260923,,,,unresolved_thin_support,0,0.0,0,0,3,archive/logs/R5/gate_retrieval_20260923/retrieval_strata_report.json,6e5dc6b50d952f9aa4c113967ff5c26d3cc23b37c6c29a3766a30faa61e6a0ce,readout_anchor.gpt2.contrasts.increment_R_C_P.<seed>.strata.identity_band.bands.lt30_no_detectable_homology
readout_anchor,increment_R_C_P,gpt2,depth_band,neff_100_1000,20260923,-0.01765724977220064,-0.03680361929368868,-0.0012611777696840767,resolved,65,70.5146036161335,0,3,3,archive/logs/R5/gate_retrieval_20260923/retrieval_strata_report.json,6e5dc6b50d952f9aa4c113967ff5c26d3cc23b37c6c29a3766a30faa61e6a0ce,readout_anchor.gpt2.contrasts.increment_R_C_P.<seed>.strata.depth_band.bands.neff_100_1000
readout_anchor,increment_R_C_P,gpt2,depth_band,neff_10_100,20260923,-0.005055989173398406,-0.018386273461552007,0.008465673815014254,unresolved_interval_crosses_zero,64,71.65014577259474,0,0,3,archive/logs/R5/gate_retrieval_20260923/retrieval_strata_report.json,6e5dc6b50d952f9aa4c113967ff5c26d3cc23b37c6c29a3766a30faa61e6a0ce,readout_anchor.gpt2.contrasts.increment_R_C_P.<seed>.strata.depth_band.bands.neff_10_100
readout_anchor,increment_R_C_P,gpt2,depth_band,neff_ge1000,20260923,-0.011758580097567663,-0.03529737408890081,0.006976636437259837,unresolved_interval_crosses_zero,13,16.354838709677416,0,0,3,archive/logs/R5/gate_retrieval_20260923/retrieval_strata_report.json,6e5dc6b50d952f9aa4c113967ff5c26d3cc23b37c6c29a3766a30faa61e6a0ce,readout_anchor.gpt2.contrasts.increment_R_C_P.<seed>.strata.depth_band.bands.neff_ge1000
readout_anchor,increment_R_C_P,gpt2,depth_band,neff_lt10,20260923,0.0004871990485723674,-0.023362834519137288,0.018199208972038333,unresolved_interval_crosses_zero,21,21.51219512195124,0,0,3,archive/logs/R5/gate_retrieval_20260923/retrieval_strata_report.json,6e5dc6b50d952f9aa4c113967ff5c26d3cc23b37c6c29a3766a30faa61e6a0ce,readout_anchor.gpt2.contrasts.increment_R_C_P.<seed>.strata.depth_band.bands.neff_lt10
readout_anchor,increment_R_C_P,gpt2,depth_band,no_homolog_support,20260923,,,,unresolved_thin_support,0,0.0,0,0,3,archive/logs/R5/gate_retrieval_20260923/retrieval_strata_report.json,6e5dc6b50d952f9aa4c113967ff5c26d3cc23b37c6c29a3766a30faa61e6a0ce,readout_anchor.gpt2.contrasts.increment_R_C_P.<seed>.strata.depth_band.bands.no_homolog_support
readout_anchor,increment_R_C_P,gpt2,source_provenance,source_other,20260923,-0.0006735545494830425,-0.003960133904081736,0.0026219166470360235,unresolved_interval_crosses_zero,99,115.19294809010768,0,1,3,archive/logs/R5/gate_retrieval_20260923/retrieval_strata_report.json,6e5dc6b50d952f9aa4c113967ff5c26d3cc23b37c6c29a3766a30faa61e6a0ce,readout_anchor.gpt2.contrasts.increment_R_C_P.<seed>.strata.source_provenance.bands.source_other
readout_anchor,increment_R_C_P,gpt2,source_provenance,source_tsuboyama_2023,20260923,-0.024175828174063725,-0.05045255134141675,-0.0019501867102122738,resolved,64,65.18832891246684,0,3,3,archive/logs/R5/gate_retrieval_20260923/retrieval_strata_report.json,6e5dc6b50d952f9aa4c113967ff5c26d3cc23b37c6c29a3766a30faa61e6a0ce,readout_anchor.gpt2.contrasts.increment_R_C_P.<seed>.strata.source_provenance.bands.source_tsuboyama_2023
readout_anchor,increment_R_C_P,gpt2,family_band,close_multi_member_group,20260923,-0.010723600865881464,-0.02190362530921781,0.00010106878076857024,unresolved_interval_crosses_zero,11,21.352941176470587,0,2,3,archive/logs/R5/gate_retrieval_20260923/retrieval_strata_report.json,6e5dc6b50d952f9aa4c113967ff5c26d3cc23b37c6c29a3766a30faa61e6a0ce,readout_anchor.gpt2.contrasts.increment_R_C_P.<seed>.strata.family_band.bands.close_multi_member_group
readout_anchor,increment_R_C_P,gpt2,family_band,remote_singleton_group,20260923,-0.009841942723777655,-0.021530936772865255,-0.00019968861634935418,resolved,152,162.41827768014053,0,3,3,archive/logs/R5/gate_retrieval_20260923/retrieval_strata_report.json,6e5dc6b50d952f9aa4c113967ff5c26d3cc23b37c6c29a3766a30faa61e6a0ce,readout_anchor.gpt2.contrasts.increment_R_C_P.<seed>.strata.family_band.bands.remote_singleton_group
readout_anchor,increment_R_C_P,gpt2-large,full_support,,20260923,-0.01369198803916972,-0.024227570264208652,-0.004343352040899908,resolved,163,179.6214084507042,0,3,3,archive/logs/R5/gate_retrieval_20260923/retrieval_strata_report.json,6e5dc6b50d952f9aa4c113967ff5c26d3cc23b37c6c29a3766a30faa61e6a0ce,readout_anchor.gpt2-large.contrasts.increment_R_C_P.<seed>.full_support
readout_anchor,increment_R_C_P,gpt2-large,near_duplicate,near_duplicate_absent,20260923,-0.020533680781344602,-0.05330142392447699,0.00714873029389988,unresolved_interval_crosses_zero,23,25.190476190476197,0,0,3,archive/logs/R5/gate_retrieval_20260923/retrieval_strata_report.json,6e5dc6b50d952f9aa4c113967ff5c26d3cc23b37c6c29a3766a30faa61e6a0ce,readout_anchor.gpt2-large.contrasts.increment_R_C_P.<seed>.strata.near_duplicate.bands.near_duplicate_absent
readout_anchor,increment_R_C_P,gpt2-large,near_duplicate,near_duplicate_present,20260923,-0.012567995660098134,-0.02429420870901262,-0.003089487702640605,resolved,140,154.43204202232434,0,3,3,archive/logs/R5/gate_retrieval_20260923/retrieval_strata_report.json,6e5dc6b50d952f9aa4c113967ff5c26d3cc23b37c6c29a3766a30faa61e6a0ce,readout_anchor.gpt2-large.contrasts.increment_R_C_P.<seed>.strata.near_duplicate.bands.near_duplicate_present
readout_anchor,increment_R_C_P,gpt2-large,identity_band,ge95_near_duplicate,20260923,-0.012567995660098134,-0.02429420870901262,-0.003089487702640605,resolved,140,154.43204202232434,0,3,3,archive/logs/R5/gate_retrieval_20260923/retrieval_strata_report.json,6e5dc6b50d952f9aa4c113967ff5c26d3cc23b37c6c29a3766a30faa61e6a0ce,readout_anchor.gpt2-large.contrasts.increment_R_C_P.<seed>.strata.identity_band.bands.ge95_near_duplicate
readout_anchor,increment_R_C_P,gpt2-large,identity_band,id30_to_70_remote_homology,20260923,-0.0024829673914591676,,,unresolved_thin_support,5,5.5555555555555545,0,0,3,archive/logs/R5/gate_retrieval_20260923/retrieval_strata_report.json,6e5dc6b50d952f9aa4c113967ff5c26d3cc23b37c6c29a3766a30faa61e6a0ce,readout_anchor.gpt2-large.contrasts.increment_R_C_P.<seed>.strata.identity_band.bands.id30_to_70_remote_homology
readout_anchor,increment_R_C_P,gpt2-large,identity_band,id70_to_95_close_homology,20260923,-0.02554776783409056,-0.06710991244355187,0.010324623738345577,unresolved_interval_crosses_zero,18,19.636363636363633,0,0,3,archive/logs/R5/gate_retrieval_20260923/retrieval_strata_report.json,6e5dc6b50d952f9aa4c113967ff5c26d3cc23b37c6c29a3766a30faa61e6a0ce,readout_anchor.gpt2-large.contrasts.increment_R_C_P.<seed>.strata.identity_band.bands.id70_to_95_close_homology
readout_anchor,increment_R_C_P,gpt2-large,identity_band,lt30_no_detectable_homology,20260923,,,,unresolved_thin_support,0,0.0,0,0,3,archive/logs/R5/gate_retrieval_20260923/retrieval_strata_report.json,6e5dc6b50d952f9aa4c113967ff5c26d3cc23b37c6c29a3766a30faa61e6a0ce,readout_anchor.gpt2-large.contrasts.increment_R_C_P.<seed>.strata.identity_band.bands.lt30_no_detectable_homology
readout_anchor,increment_R_C_P,gpt2-large,depth_band,neff_100_1000,20260923,-0.022773761032287693,-0.04348431323388346,-0.004139481450515508,resolved,65,70.5146036161335,0,3,3,archive/logs/R5/gate_retrieval_20260923/retrieval_strata_report.json,6e5dc6b50d952f9aa4c113967ff5c26d3cc23b37c6c29a3766a30faa61e6a0ce,readout_anchor.gpt2-large.contrasts.increment_R_C_P.<seed>.strata.depth_band.bands.neff_100_1000
readout_anchor,increment_R_C_P,gpt2-large,depth_band,neff_10_100,20260923,-0.00933342194163387,-0.02069345568567706,0.0008440562502050618,unresolved_interval_crosses_zero,64,71.65014577259474,0,0,3,archive/logs/R5/gate_retrieval_20260923/retrieval_strata_report.json,6e5dc6b50d952f9aa4c113967ff5c26d3cc23b37c6c29a3766a30faa61e6a0ce,readout_anchor.gpt2-large.contrasts.increment_R_C_P.<seed>.strata.depth_band.bands.neff_10_100
readout_anchor,increment_R_C_P,gpt2-large,depth_band,neff_ge1000,20260923,0.0008222197848848111,-0.018125138648397897,0.020772176550658925,unresolved_interval_crosses_zero,13,16.354838709677416,0,0,3,archive/logs/R5/gate_retrieval_20260923/retrieval_strata_report.json,6e5dc6b50d952f9aa4c113967ff5c26d3cc23b37c6c29a3766a30faa61e6a0ce,readout_anchor.gpt2-large.contrasts.increment_R_C_P.<seed>.strata.depth_band.bands.neff_ge1000
readout_anchor,increment_R_C_P,gpt2-large,depth_band,neff_lt10,20260923,-0.007849973153566638,-0.03597075117496075,0.0158626311086423,unresolved_interval_crosses_zero,21,21.51219512195124,0,0,3,archive/logs/R5/gate_retrieval_20260923/retrieval_strata_report.json,6e5dc6b50d952f9aa4c113967ff5c26d3cc23b37c6c29a3766a30faa61e6a0ce,readout_anchor.gpt2-large.contrasts.increment_R_C_P.<seed>.strata.depth_band.bands.neff_lt10
readout_anchor,increment_R_C_P,gpt2-large,depth_band,no_homolog_support,20260923,,,,unresolved_thin_support,0,0.0,0,0,3,archive/logs/R5/gate_retrieval_20260923/retrieval_strata_report.json,6e5dc6b50d952f9aa4c113967ff5c26d3cc23b37c6c29a3766a30faa61e6a0ce,readout_anchor.gpt2-large.contrasts.increment_R_C_P.<seed>.strata.depth_band.bands.no_homolog_support
readout_anchor,increment_R_C_P,gpt2-large,source_provenance,source_other,20260923,0.002008405022718596,-0.002085303284513321,0.0066102266505965,unresolved_interval_crosses_zero,99,115.19294809010768,0,0,3,archive/logs/R5/gate_retrieval_20260923/retrieval_strata_report.json,6e5dc6b50d952f9aa4c113967ff5c26d3cc23b37c6c29a3766a30faa61e6a0ce,readout_anchor.gpt2-large.contrasts.increment_R_C_P.<seed>.strata.source_provenance.bands.source_other
readout_anchor,increment_R_C_P,gpt2-large,source_provenance,source_tsuboyama_2023,20260923,-0.037978533556778216,-0.06445028169790766,-0.015732923031639135,resolved,64,65.18832891246684,0,3,3,archive/logs/R5/gate_retrieval_20260923/retrieval_strata_report.json,6e5dc6b50d952f9aa4c113967ff5c26d3cc23b37c6c29a3766a30faa61e6a0ce,readout_anchor.gpt2-large.contrasts.increment_R_C_P.<seed>.strata.source_provenance.bands.source_tsuboyama_2023
readout_anchor,increment_R_C_P,gpt2-large,family_band,close_multi_member_group,20260923,-0.004687053652784995,-0.016021555320042062,0.009129998560449907,unresolved_interval_crosses_zero,11,21.352941176470587,0,0,3,archive/logs/R5/gate_retrieval_20260923/retrieval_strata_report.json,6e5dc6b50d952f9aa4c113967ff5c26d3cc23b37c6c29a3766a30faa61e6a0ce,readout_anchor.gpt2-large.contrasts.increment_R_C_P.<seed>.strata.family_band.bands.close_multi_member_group
readout_anchor,increment_R_C_P,gpt2-large,family_band,remote_singleton_group,20260923,-0.01434366092239493,-0.02680594487565417,-0.004402300520872584,resolved,152,162.41827768014053,0,3,3,archive/logs/R5/gate_retrieval_20260923/retrieval_strata_report.json,6e5dc6b50d952f9aa4c113967ff5c26d3cc23b37c6c29a3766a30faa61e6a0ce,readout_anchor.gpt2-large.contrasts.increment_R_C_P.<seed>.strata.family_band.bands.remote_singleton_group
readout_anchor,increment_R_C_P,gpt2-medium,full_support,,20260923,-0.010363806798614211,-0.020573691300873217,-0.000890974923735342,resolved,163,179.6214084507042,0,3,3,archive/logs/R5/gate_retrieval_20260923/retrieval_strata_report.json,6e5dc6b50d952f9aa4c113967ff5c26d3cc23b37c6c29a3766a30faa61e6a0ce,readout_anchor.gpt2-medium.contrasts.increment_R_C_P.<seed>.full_support
readout_anchor,increment_R_C_P,gpt2-medium,near_duplicate,near_duplicate_absent,20260923,-0.003160036652082674,-0.02828705194307023,0.023026922749002997,unresolved_interval_crosses_zero,23,25.190476190476197,0,0,3,archive/logs/R5/gate_retrieval_20260923/retrieval_strata_report.json,6e5dc6b50d952f9aa4c113967ff5c26d3cc23b37c6c29a3766a30faa61e6a0ce,readout_anchor.gpt2-medium.contrasts.increment_R_C_P.<seed>.strata.near_duplicate.bands.near_duplicate_absent
readout_anchor,increment_R_C_P,gpt2-medium,near_duplicate,near_duplicate_present,20260923,-0.011547283322687247,-0.02355599227417604,-0.001265009551517212,resolved,140,154.43204202232434,0,3,3,archive/logs/R5/gate_retrieval_20260923/retrieval_strata_report.json,6e5dc6b50d952f9aa4c113967ff5c26d3cc23b37c6c29a3766a30faa61e6a0ce,readout_anchor.gpt2-medium.contrasts.increment_R_C_P.<seed>.strata.near_duplicate.bands.near_duplicate_present
readout_anchor,increment_R_C_P,gpt2-medium,identity_band,ge95_near_duplicate,20260923,-0.011547283322687247,-0.02355599227417604,-0.001265009551517212,resolved,140,154.43204202232434,0,3,3,archive/logs/R5/gate_retrieval_20260923/retrieval_strata_report.json,6e5dc6b50d952f9aa4c113967ff5c26d3cc23b37c6c29a3766a30faa61e6a0ce,readout_anchor.gpt2-medium.contrasts.increment_R_C_P.<seed>.strata.identity_band.bands.ge95_near_duplicate
readout_anchor,increment_R_C_P,gpt2-medium,identity_band,id30_to_70_remote_homology,20260923,-0.03399618573375969,,,unresolved_thin_support,5,5.5555555555555545,0,0,3,archive/logs/R5/gate_retrieval_20260923/retrieval_strata_report.json,6e5dc6b50d952f9aa4c113967ff5c26d3cc23b37c6c29a3766a30faa61e6a0ce,readout_anchor.gpt2-medium.contrasts.increment_R_C_P.<seed>.strata.identity_band.bands.id30_to_70_remote_homology
readout_anchor,increment_R_C_P,gpt2-medium,identity_band,id70_to_95_close_homology,20260923,0.005405560315049831,-0.019930026229297328,0.03316397704279408,unresolved_interval_crosses_zero,18,19.636363636363633,0,0,3,archive/logs/R5/gate_retrieval_20260923/retrieval_strata_report.json,6e5dc6b50d952f9aa4c113967ff5c26d3cc23b37c6c29a3766a30faa61e6a0ce,readout_anchor.gpt2-medium.contrasts.increment_R_C_P.<seed>.strata.identity_band.bands.id70_to_95_close_homology
readout_anchor,increment_R_C_P,gpt2-medium,identity_band,lt30_no_detectable_homology,20260923,,,,unresolved_thin_support,0,0.0,0,0,3,archive/logs/R5/gate_retrieval_20260923/retrieval_strata_report.json,6e5dc6b50d952f9aa4c113967ff5c26d3cc23b37c6c29a3766a30faa61e6a0ce,readout_anchor.gpt2-medium.contrasts.increment_R_C_P.<seed>.strata.identity_band.bands.lt30_no_detectable_homology
readout_anchor,increment_R_C_P,gpt2-medium,depth_band,neff_100_1000,20260923,-0.013629164057081637,-0.03254643345163909,0.00407849479848991,unresolved_interval_crosses_zero,65,70.5146036161335,0,1,3,archive/logs/R5/gate_retrieval_20260923/retrieval_strata_report.json,6e5dc6b50d952f9aa4c113967ff5c26d3cc23b37c6c29a3766a30faa61e6a0ce,readout_anchor.gpt2-medium.contrasts.increment_R_C_P.<seed>.strata.depth_band.bands.neff_100_1000
readout_anchor,increment_R_C_P,gpt2-medium,depth_band,neff_10_100,20260923,-0.011698653101858438,-0.027606176947879296,0.0011748694155748923,unresolved_interval_crosses_zero,64,71.65014577259474,0,0,3,archive/logs/R5/gate_retrieval_20260923/retrieval_strata_report.json,6e5dc6b50d952f9aa4c113967ff5c26d3cc23b37c6c29a3766a30faa61e6a0ce,readout_anchor.gpt2-medium.contrasts.increment_R_C_P.<seed>.strata.depth_band.bands.neff_10_100
readout_anchor,increment_R_C_P,gpt2-medium,depth_band,neff_ge1000,20260923,-0.015230410293356755,-0.03268211585694006,0.00015129675253310764,unresolved_interval_crosses_zero,13,16.354838709677416,0,1,3,archive/logs/R5/gate_retrieval_20260923/retrieval_strata_report.json,6e5dc6b50d952f9aa4c113967ff5c26d3cc23b37c6c29a3766a30faa61e6a0ce,readout_anchor.gpt2-medium.contrasts.increment_R_C_P.<seed>.strata.depth_band.bands.neff_ge1000
readout_anchor,increment_R_C_P,gpt2-medium,depth_band,neff_lt10,20260923,0.006824013708036576,-0.011563732628630462,0.027263652362200207,unresolved_interval_crosses_zero,21,21.51219512195124,0,0,3,archive/logs/R5/gate_retrieval_20260923/retrieval_strata_report.json,6e5dc6b50d952f9aa4c113967ff5c26d3cc23b37c6c29a3766a30faa61e6a0ce,readout_anchor.gpt2-medium.contrasts.increment_R_C_P.<seed>.strata.depth_band.bands.neff_lt10
readout_anchor,increment_R_C_P,gpt2-medium,depth_band,no_homolog_support,20260923,,,,unresolved_thin_support,0,0.0,0,0,3,archive/logs/R5/gate_retrieval_20260923/retrieval_strata_report.json,6e5dc6b50d952f9aa4c113967ff5c26d3cc23b37c6c29a3766a30faa61e6a0ce,readout_anchor.gpt2-medium.contrasts.increment_R_C_P.<seed>.strata.depth_band.bands.no_homolog_support
readout_anchor,increment_R_C_P,gpt2-medium,source_provenance,source_other,20260923,-0.0002648123437993367,-0.003979672369384838,0.003519459162989049,unresolved_interval_crosses_zero,99,115.19294809010768,0,1,3,archive/logs/R5/gate_retrieval_20260923/retrieval_strata_report.json,6e5dc6b50d952f9aa4c113967ff5c26d3cc23b37c6c29a3766a30faa61e6a0ce,readout_anchor.gpt2-medium.contrasts.increment_R_C_P.<seed>.strata.source_provenance.bands.source_other
readout_anchor,increment_R_C_P,gpt2-medium,source_provenance,source_tsuboyama_2023,20260923,-0.025985688845905963,-0.051494240332858925,-0.004078911357228533,resolved,64,65.18832891246684,0,3,3,archive/logs/R5/gate_retrieval_20260923/retrieval_strata_report.json,6e5dc6b50d952f9aa4c113967ff5c26d3cc23b37c6c29a3766a30faa61e6a0ce,readout_anchor.gpt2-medium.contrasts.increment_R_C_P.<seed>.strata.source_provenance.bands.source_tsuboyama_2023
readout_anchor,increment_R_C_P,gpt2-medium,family_band,close_multi_member_group,20260923,-0.012133981663746568,-0.022324276124698644,-0.002806481861701246,resolved,11,21.352941176470587,0,3,3,archive/logs/R5/gate_retrieval_20260923/retrieval_strata_report.json,6e5dc6b50d952f9aa4c113967ff5c26d3cc23b37c6c29a3766a30faa61e6a0ce,readout_anchor.gpt2-medium.contrasts.increment_R_C_P.<seed>.strata.family_band.bands.close_multi_member_group
readout_anchor,increment_R_C_P,gpt2-medium,family_band,remote_singleton_group,20260923,-0.010235702038637523,-0.021974599833953924,-0.00036053022649692437,resolved,152,162.41827768014053,0,3,3,archive/logs/R5/gate_retrieval_20260923/retrieval_strata_report.json,6e5dc6b50d952f9aa4c113967ff5c26d3cc23b37c6c29a3766a30faa61e6a0ce,readout_anchor.gpt2-medium.contrasts.increment_R_C_P.<seed>.strata.family_band.bands.remote_singleton_group
readout_anchor,increment_R_C_P,gpt2-xl,full_support,,20260923,-0.006704235546448246,-0.015307962425903564,0.0016432459283996466,unresolved_interval_crosses_zero,163,179.6214084507042,0,2,3,archive/logs/R5/gate_retrieval_20260923/retrieval_strata_report.json,6e5dc6b50d952f9aa4c113967ff5c26d3cc23b37c6c29a3766a30faa61e6a0ce,readout_anchor.gpt2-xl.contrasts.increment_R_C_P.<seed>.full_support
readout_anchor,increment_R_C_P,gpt2-xl,near_duplicate,near_duplicate_absent,20260923,-0.008402942947219789,-0.03342403778901367,0.012131146894153821,unresolved_interval_crosses_zero,23,25.190476190476197,0,0,3,archive/logs/R5/gate_retrieval_20260923/retrieval_strata_report.json,6e5dc6b50d952f9aa4c113967ff5c26d3cc23b37c6c29a3766a30faa61e6a0ce,readout_anchor.gpt2-xl.contrasts.increment_R_C_P.<seed>.strata.near_duplicate.bands.near_duplicate_absent
readout_anchor,increment_R_C_P,gpt2-xl,near_duplicate,near_duplicate_present,20260923,-0.0064251621877500645,-0.01598819802996156,0.002356345256453592,unresolved_interval_crosses_zero,140,154.43204202232434,0,2,3,archive/logs/R5/gate_retrieval_20260923/retrieval_strata_report.json,6e5dc6b50d952f9aa4c113967ff5c26d3cc23b37c6c29a3766a30faa61e6a0ce,readout_anchor.gpt2-xl.contrasts.increment_R_C_P.<seed>.strata.near_duplicate.bands.near_duplicate_present
readout_anchor,increment_R_C_P,gpt2-xl,identity_band,ge95_near_duplicate,20260923,-0.0064251621877500645,-0.01598819802996156,0.002356345256453592,unresolved_interval_crosses_zero,140,154.43204202232434,0,2,3,archive/logs/R5/gate_retrieval_20260923/retrieval_strata_report.json,6e5dc6b50d952f9aa4c113967ff5c26d3cc23b37c6c29a3766a30faa61e6a0ce,readout_anchor.gpt2-xl.contrasts.increment_R_C_P.<seed>.strata.identity_band.bands.ge95_near_duplicate
readout_anchor,increment_R_C_P,gpt2-xl,identity_band,id30_to_70_remote_homology,20260923,-0.03318159505430289,,,unresolved_thin_support,5,5.5555555555555545,0,0,3,archive/logs/R5/gate_retrieval_20260923/retrieval_strata_report.json,6e5dc6b50d952f9aa4c113967ff5c26d3cc23b37c6c29a3766a30faa61e6a0ce,readout_anchor.gpt2-xl.contrasts.increment_R_C_P.<seed>.strata.identity_band.bands.id30_to_70_remote_homology
readout_anchor,increment_R_C_P,gpt2-xl,identity_band,id70_to_95_close_homology,20260923,-0.0015199840285855942,-0.027640268140949123,0.019998076644012663,unresolved_interval_crosses_zero,18,19.636363636363633,0,0,3,archive/logs/R5/gate_retrieval_20260923/retrieval_strata_report.json,6e5dc6b50d952f9aa4c113967ff5c26d3cc23b37c6c29a3766a30faa61e6a0ce,readout_anchor.gpt2-xl.contrasts.increment_R_C_P.<seed>.strata.identity_band.bands.id70_to_95_close_homology
readout_anchor,increment_R_C_P,gpt2-xl,identity_band,lt30_no_detectable_homology,20260923,,,,unresolved_thin_support,0,0.0,0,0,3,archive/logs/R5/gate_retrieval_20260923/retrieval_strata_report.json,6e5dc6b50d952f9aa4c113967ff5c26d3cc23b37c6c29a3766a30faa61e6a0ce,readout_anchor.gpt2-xl.contrasts.increment_R_C_P.<seed>.strata.identity_band.bands.lt30_no_detectable_homology
readout_anchor,increment_R_C_P,gpt2-xl,depth_band,neff_100_1000,20260923,-0.009860604779323616,-0.025496937967678206,0.0055587694961469055,unresolved_interval_crosses_zero,65,70.5146036161335,0,2,3,archive/logs/R5/gate_retrieval_20260923/retrieval_strata_report.json,6e5dc6b50d952f9aa4c113967ff5c26d3cc23b37c6c29a3766a30faa61e6a0ce,readout_anchor.gpt2-xl.contrasts.increment_R_C_P.<seed>.strata.depth_band.bands.neff_100_1000
readout_anchor,increment_R_C_P,gpt2-xl,depth_band,neff_10_100,20260923,-0.006289063405441308,-0.01827030173054167,0.005645101907086016,unresolved_interval_crosses_zero,64,71.65014577259474,0,0,3,archive/logs/R5/gate_retrieval_20260923/retrieval_strata_report.json,6e5dc6b50d952f9aa4c113967ff5c26d3cc23b37c6c29a3766a30faa61e6a0ce,readout_anchor.gpt2-xl.contrasts.increment_R_C_P.<seed>.strata.depth_band.bands.neff_10_100
readout_anchor,increment_R_C_P,gpt2-xl,depth_band,neff_ge1000,20260923,-0.013589086901423273,-0.03163907015816278,0.0041090732830790615,unresolved_interval_crosses_zero,13,16.354838709677416,0,0,3,archive/logs/R5/gate_retrieval_20260923/retrieval_strata_report.json,6e5dc6b50d952f9aa4c113967ff5c26d3cc23b37c6c29a3766a30faa61e6a0ce,readout_anchor.gpt2-xl.contrasts.increment_R_C_P.<seed>.strata.depth_band.bands.neff_ge1000
readout_anchor,increment_R_C_P,gpt2-xl,depth_band,neff_lt10,20260923,0.006062243059605578,-0.011236197670161794,0.020952383751910567,unresolved_interval_crosses_zero,21,21.51219512195124,0,0,3,archive/logs/R5/gate_retrieval_20260923/retrieval_strata_report.json,6e5dc6b50d952f9aa4c113967ff5c26d3cc23b37c6c29a3766a30faa61e6a0ce,readout_anchor.gpt2-xl.contrasts.increment_R_C_P.<seed>.strata.depth_band.bands.neff_lt10
readout_anchor,increment_R_C_P,gpt2-xl,depth_band,no_homolog_support,20260923,,,,unresolved_thin_support,0,0.0,0,0,3,archive/logs/R5/gate_retrieval_20260923/retrieval_strata_report.json,6e5dc6b50d952f9aa4c113967ff5c26d3cc23b37c6c29a3766a30faa61e6a0ce,readout_anchor.gpt2-xl.contrasts.increment_R_C_P.<seed>.strata.depth_band.bands.no_homolog_support
readout_anchor,increment_R_C_P,gpt2-xl,source_provenance,source_other,20260923,6.141641371329968e-05,-0.003925446246686571,0.004403977800517517,unresolved_interval_crosses_zero,99,115.19294809010768,0,0,3,archive/logs/R5/gate_retrieval_20260923/retrieval_strata_report.json,6e5dc6b50d952f9aa4c113967ff5c26d3cc23b37c6c29a3766a30faa61e6a0ce,readout_anchor.gpt2-xl.contrasts.increment_R_C_P.<seed>.strata.source_provenance.bands.source_other
readout_anchor,increment_R_C_P,gpt2-xl,source_provenance,source_tsuboyama_2023,20260923,-0.017169853422323137,-0.03867114638369273,0.0018297613481518932,unresolved_interval_crosses_zero,64,65.18832891246684,0,2,3,archive/logs/R5/gate_retrieval_20260923/retrieval_strata_report.json,6e5dc6b50d952f9aa4c113967ff5c26d3cc23b37c6c29a3766a30faa61e6a0ce,readout_anchor.gpt2-xl.contrasts.increment_R_C_P.<seed>.strata.source_provenance.bands.source_tsuboyama_2023
readout_anchor,increment_R_C_P,gpt2-xl,family_band,close_multi_member_group,20260923,-0.007619509564800526,-0.015894693540196465,0.0012149864620257405,unresolved_interval_crosses_zero,11,21.352941176470587,0,2,3,archive/logs/R5/gate_retrieval_20260923/retrieval_strata_report.json,6e5dc6b50d952f9aa4c113967ff5c26d3cc23b37c6c29a3766a30faa61e6a0ce,readout_anchor.gpt2-xl.contrasts.increment_R_C_P.<seed>.strata.family_band.bands.close_multi_member_group
readout_anchor,increment_R_C_P,gpt2-xl,family_band,remote_singleton_group,20260923,-0.0066379986109095955,-0.015962518851078234,0.0020528359128792837,unresolved_interval_crosses_zero,152,162.41827768014053,0,2,3,archive/logs/R5/gate_retrieval_20260923/retrieval_strata_report.json,6e5dc6b50d952f9aa4c113967ff5c26d3cc23b37c6c29a3766a30faa61e6a0ce,readout_anchor.gpt2-xl.contrasts.increment_R_C_P.<seed>.strata.family_band.bands.remote_singleton_group
readout_anchor,increment_R_C_P,instructprotein,full_support,,20260923,0.007236881336947891,-0.0051181404554778214,0.01937021246929501,unresolved_interval_crosses_zero,163,179.6214084507042,0,0,3,archive/logs/R5/gate_retrieval_20260923/retrieval_strata_report.json,6e5dc6b50d952f9aa4c113967ff5c26d3cc23b37c6c29a3766a30faa61e6a0ce,readout_anchor.instructprotein.contrasts.increment_R_C_P.<seed>.full_support
readout_anchor,increment_R_C_P,instructprotein,near_duplicate,near_duplicate_absent,20260923,0.0030414679371744088,-0.02501841936271363,0.031772489173587375,unresolved_interval_crosses_zero,23,25.190476190476197,0,0,3,archive/logs/R5/gate_retrieval_20260923/retrieval_strata_report.json,6e5dc6b50d952f9aa4c113967ff5c26d3cc23b37c6c29a3766a30faa61e6a0ce,readout_anchor.instructprotein.contrasts.increment_R_C_P.<seed>.strata.near_duplicate.bands.near_duplicate_absent
readout_anchor,increment_R_C_P,instructprotein,near_duplicate,near_duplicate_present,20260923,0.007926127824053532,-0.005553656137693703,0.021425223709736898,unresolved_interval_crosses_zero,140,154.43204202232434,0,0,3,archive/logs/R5/gate_retrieval_20260923/retrieval_strata_report.json,6e5dc6b50d952f9aa4c113967ff5c26d3cc23b37c6c29a3766a30faa61e6a0ce,readout_anchor.instructprotein.contrasts.increment_R_C_P.<seed>.strata.near_duplicate.bands.near_duplicate_present
readout_anchor,increment_R_C_P,instructprotein,identity_band,ge95_near_duplicate,20260923,0.007926127824053532,-0.005553656137693703,0.021425223709736898,unresolved_interval_crosses_zero,140,154.43204202232434,0,0,3,archive/logs/R5/gate_retrieval_20260923/retrieval_strata_report.json,6e5dc6b50d952f9aa4c113967ff5c26d3cc23b37c6c29a3766a30faa61e6a0ce,readout_anchor.instructprotein.contrasts.increment_R_C_P.<seed>.strata.identity_band.bands.ge95_near_duplicate
readout_anchor,increment_R_C_P,instructprotein,identity_band,id30_to_70_remote_homology,20260923,0.01382129497586479,,,unresolved_thin_support,5,5.5555555555555545,0,0,3,archive/logs/R5/gate_retrieval_20260923/retrieval_strata_report.json,6e5dc6b50d952f9aa4c113967ff5c26d3cc23b37c6c29a3766a30faa61e6a0ce,readout_anchor.instructprotein.contrasts.increment_R_C_P.<seed>.strata.identity_band.bands.id30_to_70_remote_homology
readout_anchor,increment_R_C_P,instructprotein,identity_band,id70_to_95_close_homology,20260923,4.707153753819181e-05,-0.03641017711244173,0.034472591412341526,unresolved_interval_crosses_zero,18,19.636363636363633,0,0,3,archive/logs/R5/gate_retrieval_20260923/retrieval_strata_report.json,6e5dc6b50d952f9aa4c113967ff5c26d3cc23b37c6c29a3766a30faa61e6a0ce,readout_anchor.instructprotein.contrasts.increment_R_C_P.<seed>.strata.identity_band.bands.id70_to_95_close_homology
readout_anchor,increment_R_C_P,instructprotein,identity_band,lt30_no_detectable_homology,20260923,,,,unresolved_thin_support,0,0.0,0,0,3,archive/logs/R5/gate_retrieval_20260923/retrieval_strata_report.json,6e5dc6b50d952f9aa4c113967ff5c26d3cc23b37c6c29a3766a30faa61e6a0ce,readout_anchor.instructprotein.contrasts.increment_R_C_P.<seed>.strata.identity_band.bands.lt30_no_detectable_homology
readout_anchor,increment_R_C_P,instructprotein,depth_band,neff_100_1000,20260923,-0.001206450180012156,-0.019570937060863974,0.017562086143813906,unresolved_interval_crosses_zero,65,70.5146036161335,0,0,3,archive/logs/R5/gate_retrieval_20260923/retrieval_strata_report.json,6e5dc6b50d952f9aa4c113967ff5c26d3cc23b37c6c29a3766a30faa61e6a0ce,readout_anchor.instructprotein.contrasts.increment_R_C_P.<seed>.strata.depth_band.bands.neff_100_1000
readout_anchor,increment_R_C_P,instructprotein,depth_band,neff_10_100,20260923,0.009417301926399706,-0.011786642726801693,0.030559744953086113,unresolved_interval_crosses_zero,64,71.65014577259474,0,0,3,archive/logs/R5/gate_retrieval_20260923/retrieval_strata_report.json,6e5dc6b50d952f9aa4c113967ff5c26d3cc23b37c6c29a3766a30faa61e6a0ce,readout_anchor.instructprotein.contrasts.increment_R_C_P.<seed>.strata.depth_band.bands.neff_10_100
readout_anchor,increment_R_C_P,instructprotein,depth_band,neff_ge1000,20260923,-0.005684441289716138,-0.015395619192389756,0.0035335906812145814,unresolved_interval_crosses_zero,13,16.354838709677416,0,0,3,archive/logs/R5/gate_retrieval_20260923/retrieval_strata_report.json,6e5dc6b50d952f9aa4c113967ff5c26d3cc23b37c6c29a3766a30faa61e6a0ce,readout_anchor.instructprotein.contrasts.increment_R_C_P.<seed>.strata.depth_band.bands.neff_ge1000
readout_anchor,increment_R_C_P,instructprotein,depth_band,neff_lt10,20260923,0.03472482538571545,-0.0006032035085750325,0.07076661974302628,unresolved_interval_crosses_zero,21,21.51219512195124,0,0,3,archive/logs/R5/gate_retrieval_20260923/retrieval_strata_report.json,6e5dc6b50d952f9aa4c113967ff5c26d3cc23b37c6c29a3766a30faa61e6a0ce,readout_anchor.instructprotein.contrasts.increment_R_C_P.<seed>.strata.depth_band.bands.neff_lt10
readout_anchor,increment_R_C_P,instructprotein,depth_band,no_homolog_support,20260923,,,,unresolved_thin_support,0,0.0,0,0,3,archive/logs/R5/gate_retrieval_20260923/retrieval_strata_report.json,6e5dc6b50d952f9aa4c113967ff5c26d3cc23b37c6c29a3766a30faa61e6a0ce,readout_anchor.instructprotein.contrasts.increment_R_C_P.<seed>.strata.depth_band.bands.no_homolog_support
readout_anchor,increment_R_C_P,instructprotein,source_provenance,source_other,20260923,0.003448223987990502,-0.0034280448407055762,0.011126527441985128,unresolved_interval_crosses_zero,99,115.19294809010768,0,0,3,archive/logs/R5/gate_retrieval_20260923/retrieval_strata_report.json,6e5dc6b50d952f9aa4c113967ff5c26d3cc23b37c6c29a3766a30faa61e6a0ce,readout_anchor.instructprotein.contrasts.increment_R_C_P.<seed>.strata.source_provenance.bands.source_other
readout_anchor,increment_R_C_P,instructprotein,source_provenance,source_tsuboyama_2023,20260923,0.013097460673616348,-0.016272080487075926,0.040556157500081604,unresolved_interval_crosses_zero,64,65.18832891246684,0,0,3,archive/logs/R5/gate_retrieval_20260923/retrieval_strata_report.json,6e5dc6b50d952f9aa4c113967ff5c26d3cc23b37c6c29a3766a30faa61e6a0ce,readout_anchor.instructprotein.contrasts.increment_R_C_P.<seed>.strata.source_provenance.bands.source_tsuboyama_2023
readout_anchor,increment_R_C_P,instructprotein,family_band,close_multi_member_group,20260923,-0.01786197952839289,-0.03271585112880818,-0.0031926707922559886,resolved,11,21.352941176470587,0,3,3,archive/logs/R5/gate_retrieval_20260923/retrieval_strata_report.json,6e5dc6b50d952f9aa4c113967ff5c26d3cc23b37c6c29a3766a30faa61e6a0ce,readout_anchor.instructprotein.contrasts.increment_R_C_P.<seed>.strata.family_band.bands.close_multi_member_group
readout_anchor,increment_R_C_P,instructprotein,family_band,remote_singleton_group,20260923,0.009053246267992287,-0.003675179703326818,0.02198952371092746,unresolved_interval_crosses_zero,152,162.41827768014053,0,0,3,archive/logs/R5/gate_retrieval_20260923/retrieval_strata_report.json,6e5dc6b50d952f9aa4c113967ff5c26d3cc23b37c6c29a3766a30faa61e6a0ce,readout_anchor.instructprotein.contrasts.increment_R_C_P.<seed>.strata.family_band.bands.remote_singleton_group
readout_anchor,increment_R_C_P,llama-2-7b,full_support,,20260923,-0.002438802835357354,-0.011131045248330093,0.005119683096492008,unresolved_interval_crosses_zero,163,179.6214084507042,0,1,3,archive/logs/R5/gate_retrieval_20260923/retrieval_strata_report.json,6e5dc6b50d952f9aa4c113967ff5c26d3cc23b37c6c29a3766a30faa61e6a0ce,readout_anchor.llama-2-7b.contrasts.increment_R_C_P.<seed>.full_support
readout_anchor,increment_R_C_P,llama-2-7b,near_duplicate,near_duplicate_absent,20260923,-0.01007522312235624,-0.02841206825623007,0.007772404152914605,unresolved_interval_crosses_zero,23,25.190476190476197,0,1,3,archive/logs/R5/gate_retrieval_20260923/retrieval_strata_report.json,6e5dc6b50d952f9aa4c113967ff5c26d3cc23b37c6c29a3766a30faa61e6a0ce,readout_anchor.llama-2-7b.contrasts.increment_R_C_P.<seed>.strata.near_duplicate.bands.near_duplicate_absent
readout_anchor,increment_R_C_P,llama-2-7b,near_duplicate,near_duplicate_present,20260923,-0.0011842480739218243,-0.011132537289601683,0.007402341302755576,unresolved_interval_crosses_zero,140,154.43204202232434,0,0,3,archive/logs/R5/gate_retrieval_20260923/retrieval_strata_report.json,6e5dc6b50d952f9aa4c113967ff5c26d3cc23b37c6c29a3766a30faa61e6a0ce,readout_anchor.llama-2-7b.contrasts.increment_R_C_P.<seed>.strata.near_duplicate.bands.near_duplicate_present
readout_anchor,increment_R_C_P,llama-2-7b,identity_band,ge95_near_duplicate,20260923,-0.0011842480739218243,-0.011132537289601683,0.007402341302755576,unresolved_interval_crosses_zero,140,154.43204202232434,0,0,3,archive/logs/R5/gate_retrieval_20260923/retrieval_strata_report.json,6e5dc6b50d952f9aa4c113967ff5c26d3cc23b37c6c29a3766a30faa61e6a0ce,readout_anchor.llama-2-7b.contrasts.increment_R_C_P.<seed>.strata.identity_band.bands.ge95_near_duplicate
readout_anchor,increment_R_C_P,llama-2-7b,identity_band,id30_to_70_remote_homology,20260923,-0.010258544832773303,,,unresolved_thin_support,5,5.5555555555555545,0,0,3,archive/logs/R5/gate_retrieval_20260923/retrieval_strata_report.json,6e5dc6b50d952f9aa4c113967ff5c26d3cc23b37c6c29a3766a30faa61e6a0ce,readout_anchor.llama-2-7b.contrasts.increment_R_C_P.<seed>.strata.identity_band.bands.id30_to_70_remote_homology
readout_anchor,increment_R_C_P,llama-2-7b,identity_band,id70_to_95_close_homology,20260923,-0.010024300425018165,-0.03157259043722147,0.011777481833760175,unresolved_interval_crosses_zero,18,19.636363636363633,0,0,3,archive/logs/R5/gate_retrieval_20260923/retrieval_strata_report.json,6e5dc6b50d952f9aa4c113967ff5c26d3cc23b37c6c29a3766a30faa61e6a0ce,readout_anchor.llama-2-7b.contrasts.increment_R_C_P.<seed>.strata.identity_band.bands.id70_to_95_close_homology
readout_anchor,increment_R_C_P,llama-2-7b,identity_band,lt30_no_detectable_homology,20260923,,,,unresolved_thin_support,0,0.0,0,0,3,archive/logs/R5/gate_retrieval_20260923/retrieval_strata_report.json,6e5dc6b50d952f9aa4c113967ff5c26d3cc23b37c6c29a3766a30faa61e6a0ce,readout_anchor.llama-2-7b.contrasts.increment_R_C_P.<seed>.strata.identity_band.bands.lt30_no_detectable_homology
readout_anchor,increment_R_C_P,llama-2-7b,depth_band,neff_100_1000,20260923,-0.013002682444027807,-0.030022281474150744,0.001610091916889029,unresolved_interval_crosses_zero,65,70.5146036161335,0,1,3,archive/logs/R5/gate_retrieval_20260923/retrieval_strata_report.json,6e5dc6b50d952f9aa4c113967ff5c26d3cc23b37c6c29a3766a30faa61e6a0ce,readout_anchor.llama-2-7b.contrasts.increment_R_C_P.<seed>.strata.depth_band.bands.neff_100_1000
readout_anchor,increment_R_C_P,llama-2-7b,depth_band,neff_10_100,20260923,0.0023667094384800186,-0.007461038662050735,0.0130987079969164,unresolved_interval_crosses_zero,64,71.65014577259474,0,0,3,archive/logs/R5/gate_retrieval_20260923/retrieval_strata_report.json,6e5dc6b50d952f9aa4c113967ff5c26d3cc23b37c6c29a3766a30faa61e6a0ce,readout_anchor.llama-2-7b.contrasts.increment_R_C_P.<seed>.strata.depth_band.bands.neff_10_100
readout_anchor,increment_R_C_P,llama-2-7b,depth_band,neff_ge1000,20260923,-0.003303412025879204,-0.01661932870667873,0.011113215376175375,unresolved_interval_crosses_zero,13,16.354838709677416,0,0,3,archive/logs/R5/gate_retrieval_20260923/retrieval_strata_report.json,6e5dc6b50d952f9aa4c113967ff5c26d3cc23b37c6c29a3766a30faa61e6a0ce,readout_anchor.llama-2-7b.contrasts.increment_R_C_P.<seed>.strata.depth_band.bands.neff_ge1000
readout_anchor,increment_R_C_P,llama-2-7b,depth_band,neff_lt10,20260923,0.01614878328439368,-0.004325636633748863,0.03640577355094477,unresolved_interval_crosses_zero,21,21.51219512195124,0,0,3,archive/logs/R5/gate_retrieval_20260923/retrieval_strata_report.json,6e5dc6b50d952f9aa4c113967ff5c26d3cc23b37c6c29a3766a30faa61e6a0ce,readout_anchor.llama-2-7b.contrasts.increment_R_C_P.<seed>.strata.depth_band.bands.neff_lt10
readout_anchor,increment_R_C_P,llama-2-7b,depth_band,no_homolog_support,20260923,,,,unresolved_thin_support,0,0.0,0,0,3,archive/logs/R5/gate_retrieval_20260923/retrieval_strata_report.json,6e5dc6b50d952f9aa4c113967ff5c26d3cc23b37c6c29a3766a30faa61e6a0ce,readout_anchor.llama-2-7b.contrasts.increment_R_C_P.<seed>.strata.depth_band.bands.no_homolog_support
readout_anchor,increment_R_C_P,llama-2-7b,source_provenance,source_other,20260923,6.390103624655042e-05,-0.004192163095920176,0.004502780237333,unresolved_interval_crosses_zero,99,115.19294809010768,0,0,3,archive/logs/R5/gate_retrieval_20260923/retrieval_strata_report.json,6e5dc6b50d952f9aa4c113967ff5c26d3cc23b37c6c29a3766a30faa61e6a0ce,readout_anchor.llama-2-7b.contrasts.increment_R_C_P.<seed>.strata.source_provenance.bands.source_other
readout_anchor,increment_R_C_P,llama-2-7b,source_provenance,source_tsuboyama_2023,20260923,-0.006310172886744647,-0.02764760352669378,0.012078579545294002,unresolved_interval_crosses_zero,64,65.18832891246684,0,0,3,archive/logs/R5/gate_retrieval_20260923/retrieval_strata_report.json,6e5dc6b50d952f9aa4c113967ff5c26d3cc23b37c6c29a3766a30faa61e6a0ce,readout_anchor.llama-2-7b.contrasts.increment_R_C_P.<seed>.strata.source_provenance.bands.source_tsuboyama_2023
readout_anchor,increment_R_C_P,llama-2-7b,family_band,close_multi_member_group,20260923,-0.012720148248448289,-0.01967243699247397,-0.006133392598898395,resolved,11,21.352941176470587,0,1,3,archive/logs/R5/gate_retrieval_20260923/retrieval_strata_report.json,6e5dc6b50d952f9aa4c113967ff5c26d3cc23b37c6c29a3766a30faa61e6a0ce,readout_anchor.llama-2-7b.contrasts.increment_R_C_P.<seed>.strata.family_band.bands.close_multi_member_group
readout_anchor,increment_R_C_P,llama-2-7b,family_band,remote_singleton_group,20260923,-0.0016947581015152474,-0.011970305254658668,0.006756381494803731,unresolved_interval_crosses_zero,152,162.41827768014053,0,0,3,archive/logs/R5/gate_retrieval_20260923/retrieval_strata_report.json,6e5dc6b50d952f9aa4c113967ff5c26d3cc23b37c6c29a3766a30faa61e6a0ce,readout_anchor.llama-2-7b.contrasts.increment_R_C_P.<seed>.strata.family_band.bands.remote_singleton_group
readout_anchor,increment_R_C_P,llama-3.2-3b,full_support,,20260923,-0.006722681559609445,-0.01593262246792567,0.0020639394935446738,unresolved_interval_crosses_zero,163,179.6214084507042,0,2,3,archive/logs/R5/gate_retrieval_20260923/retrieval_strata_report.json,6e5dc6b50d952f9aa4c113967ff5c26d3cc23b37c6c29a3766a30faa61e6a0ce,readout_anchor.llama-3.2-3b.contrasts.increment_R_C_P.<seed>.full_support
readout_anchor,increment_R_C_P,llama-3.2-3b,near_duplicate,near_duplicate_absent,20260923,-0.0005341363301996626,-0.017732041477457106,0.015211738737664736,unresolved_interval_crosses_zero,23,25.190476190476197,0,1,3,archive/logs/R5/gate_retrieval_20260923/retrieval_strata_report.json,6e5dc6b50d952f9aa4c113967ff5c26d3cc23b37c6c29a3766a30faa61e6a0ce,readout_anchor.llama-3.2-3b.contrasts.increment_R_C_P.<seed>.strata.near_duplicate.bands.near_duplicate_absent
readout_anchor,increment_R_C_P,llama-3.2-3b,near_duplicate,near_duplicate_present,20260923,-0.0077393711330124805,-0.01909322604372345,0.001926211461783461,unresolved_interval_crosses_zero,140,154.43204202232434,0,2,3,archive/logs/R5/gate_retrieval_20260923/retrieval_strata_report.json,6e5dc6b50d952f9aa4c113967ff5c26d3cc23b37c6c29a3766a30faa61e6a0ce,readout_anchor.llama-3.2-3b.contrasts.increment_R_C_P.<seed>.strata.near_duplicate.bands.near_duplicate_present
readout_anchor,increment_R_C_P,llama-3.2-3b,identity_band,ge95_near_duplicate,20260923,-0.0077393711330124805,-0.01909322604372345,0.001926211461783461,unresolved_interval_crosses_zero,140,154.43204202232434,0,2,3,archive/logs/R5/gate_retrieval_20260923/retrieval_strata_report.json,6e5dc6b50d952f9aa4c113967ff5c26d3cc23b37c6c29a3766a30faa61e6a0ce,readout_anchor.llama-3.2-3b.contrasts.increment_R_C_P.<seed>.strata.identity_band.bands.ge95_near_duplicate
readout_anchor,increment_R_C_P,llama-3.2-3b,identity_band,id30_to_70_remote_homology,20260923,-0.0068516889673991945,,,unresolved_thin_support,5,5.5555555555555545,0,0,3,archive/logs/R5/gate_retrieval_20260923/retrieval_strata_report.json,6e5dc6b50d952f9aa4c113967ff5c26d3cc23b37c6c29a3766a30faa61e6a0ce,readout_anchor.llama-3.2-3b.contrasts.increment_R_C_P.<seed>.strata.identity_band.bands.id30_to_70_remote_homology
readout_anchor,increment_R_C_P,llama-3.2-3b,identity_band,id70_to_95_close_homology,20260923,0.0012207394023557628,-0.017391147751028128,0.019396858988213524,unresolved_interval_crosses_zero,18,19.636363636363633,0,1,3,archive/logs/R5/gate_retrieval_20260923/retrieval_strata_report.json,6e5dc6b50d952f9aa4c113967ff5c26d3cc23b37c6c29a3766a30faa61e6a0ce,readout_anchor.llama-3.2-3b.contrasts.increment_R_C_P.<seed>.strata.identity_band.bands.id70_to_95_close_homology
readout_anchor,increment_R_C_P,llama-3.2-3b,identity_band,lt30_no_detectable_homology,20260923,,,,unresolved_thin_support,0,0.0,0,0,3,archive/logs/R5/gate_retrieval_20260923/retrieval_strata_report.json,6e5dc6b50d952f9aa4c113967ff5c26d3cc23b37c6c29a3766a30faa61e6a0ce,readout_anchor.llama-3.2-3b.contrasts.increment_R_C_P.<seed>.strata.identity_band.bands.lt30_no_detectable_homology
readout_anchor,increment_R_C_P,llama-3.2-3b,depth_band,neff_100_1000,20260923,-0.009888251380207672,-0.02973002083903142,0.0060454401365937,unresolved_interval_crosses_zero,65,70.5146036161335,0,1,3,archive/logs/R5/gate_retrieval_20260923/retrieval_strata_report.json,6e5dc6b50d952f9aa4c113967ff5c26d3cc23b37c6c29a3766a30faa61e6a0ce,readout_anchor.llama-3.2-3b.contrasts.increment_R_C_P.<seed>.strata.depth_band.bands.neff_100_1000
readout_anchor,increment_R_C_P,llama-3.2-3b,depth_band,neff_10_100,20260923,-0.00969744120354345,-0.022770678076591347,0.002310443515705044,unresolved_interval_crosses_zero,64,71.65014577259474,0,0,3,archive/logs/R5/gate_retrieval_20260923/retrieval_strata_report.json,6e5dc6b50d952f9aa4c113967ff5c26d3cc23b37c6c29a3766a30faa61e6a0ce,readout_anchor.llama-3.2-3b.contrasts.increment_R_C_P.<seed>.strata.depth_band.bands.neff_10_100
readout_anchor,increment_R_C_P,llama-3.2-3b,depth_band,neff_ge1000,20260923,-0.0003572969238541952,-0.014397098357015888,0.012811474933666201,unresolved_interval_crosses_zero,13,16.354838709677416,0,0,3,archive/logs/R5/gate_retrieval_20260923/retrieval_strata_report.json,6e5dc6b50d952f9aa4c113967ff5c26d3cc23b37c6c29a3766a30faa61e6a0ce,readout_anchor.llama-3.2-3b.contrasts.increment_R_C_P.<seed>.strata.depth_band.bands.neff_ge1000
readout_anchor,increment_R_C_P,llama-3.2-3b,depth_band,neff_lt10,20260923,0.008200968692097368,-0.005866418310813517,0.02361799812597945,unresolved_interval_crosses_zero,21,21.51219512195124,0,0,3,archive/logs/R5/gate_retrieval_20260923/retrieval_strata_report.json,6e5dc6b50d952f9aa4c113967ff5c26d3cc23b37c6c29a3766a30faa61e6a0ce,readout_anchor.llama-3.2-3b.contrasts.increment_R_C_P.<seed>.strata.depth_band.bands.neff_lt10
readout_anchor,increment_R_C_P,llama-3.2-3b,depth_band,no_homolog_support,20260923,,,,unresolved_thin_support,0,0.0,0,0,3,archive/logs/R5/gate_retrieval_20260923/retrieval_strata_report.json,6e5dc6b50d952f9aa4c113967ff5c26d3cc23b37c6c29a3766a30faa61e6a0ce,readout_anchor.llama-3.2-3b.contrasts.increment_R_C_P.<seed>.strata.depth_band.bands.no_homolog_support
readout_anchor,increment_R_C_P,llama-3.2-3b,source_provenance,source_other,20260923,0.004370771681023284,0.0002588994079255124,0.008494475119051624,resolved,99,115.19294809010768,1,0,3,archive/logs/R5/gate_retrieval_20260923/retrieval_strata_report.json,6e5dc6b50d952f9aa4c113967ff5c26d3cc23b37c6c29a3766a30faa61e6a0ce,readout_anchor.llama-3.2-3b.contrasts.increment_R_C_P.<seed>.strata.source_provenance.bands.source_other
readout_anchor,increment_R_C_P,llama-3.2-3b,source_provenance,source_tsuboyama_2023,20260923,-0.023882867041213195,-0.04655066772188691,-0.0036417854473088074,resolved,64,65.18832891246684,0,3,3,archive/logs/R5/gate_retrieval_20260923/retrieval_strata_report.json,6e5dc6b50d952f9aa4c113967ff5c26d3cc23b37c6c29a3766a30faa61e6a0ce,readout_anchor.llama-3.2-3b.contrasts.increment_R_C_P.<seed>.strata.source_provenance.bands.source_tsuboyama_2023
readout_anchor,increment_R_C_P,llama-3.2-3b,family_band,close_multi_member_group,20260923,-0.0116991736582465,-0.021652705514149006,-0.002320736577075792,resolved,11,21.352941176470587,0,2,3,archive/logs/R5/gate_retrieval_20260923/retrieval_strata_report.json,6e5dc6b50d952f9aa4c113967ff5c26d3cc23b37c6c29a3766a30faa61e6a0ce,readout_anchor.llama-3.2-3b.contrasts.increment_R_C_P.<seed>.strata.family_band.bands.close_multi_member_group
readout_anchor,increment_R_C_P,llama-3.2-3b,family_band,remote_singleton_group,20260923,-0.006362540684050184,-0.017311807925787397,0.002693575369526543,unresolved_interval_crosses_zero,152,162.41827768014053,0,1,3,archive/logs/R5/gate_retrieval_20260923/retrieval_strata_report.json,6e5dc6b50d952f9aa4c113967ff5c26d3cc23b37c6c29a3766a30faa61e6a0ce,readout_anchor.llama-3.2-3b.contrasts.increment_R_C_P.<seed>.strata.family_band.bands.remote_singleton_group
readout_anchor,increment_R_C_P,progen2-base,full_support,,20260923,0.03325447857769659,0.020402368265131792,0.04695018728886175,resolved,163,179.6214084507042,3,0,3,archive/logs/R5/gate_retrieval_20260923/retrieval_strata_report.json,6e5dc6b50d952f9aa4c113967ff5c26d3cc23b37c6c29a3766a30faa61e6a0ce,readout_anchor.progen2-base.contrasts.increment_R_C_P.<seed>.full_support
readout_anchor,increment_R_C_P,progen2-base,near_duplicate,near_duplicate_absent,20260923,0.02228953036621911,-0.005785055156442671,0.049501210955451055,unresolved_interval_crosses_zero,23,25.190476190476197,0,0,3,archive/logs/R5/gate_retrieval_20260923/retrieval_strata_report.json,6e5dc6b50d952f9aa4c113967ff5c26d3cc23b37c6c29a3766a30faa61e6a0ce,readout_anchor.progen2-base.contrasts.increment_R_C_P.<seed>.strata.near_duplicate.bands.near_duplicate_absent
readout_anchor,increment_R_C_P,progen2-base,near_duplicate,near_duplicate_present,20260923,0.03505586292672504,0.020916723816516533,0.05014379370569877,resolved,140,154.43204202232434,3,0,3,archive/logs/R5/gate_retrieval_20260923/retrieval_strata_report.json,6e5dc6b50d952f9aa4c113967ff5c26d3cc23b37c6c29a3766a30faa61e6a0ce,readout_anchor.progen2-base.contrasts.increment_R_C_P.<seed>.strata.near_duplicate.bands.near_duplicate_present
readout_anchor,increment_R_C_P,progen2-base,identity_band,ge95_near_duplicate,20260923,0.03505586292672504,0.020916723816516533,0.05014379370569877,resolved,140,154.43204202232434,3,0,3,archive/logs/R5/gate_retrieval_20260923/retrieval_strata_report.json,6e5dc6b50d952f9aa4c113967ff5c26d3cc23b37c6c29a3766a30faa61e6a0ce,readout_anchor.progen2-base.contrasts.increment_R_C_P.<seed>.strata.identity_band.bands.ge95_near_duplicate
readout_anchor,increment_R_C_P,progen2-base,identity_band,id30_to_70_remote_homology,20260923,0.03115158468672775,,,unresolved_thin_support,5,5.5555555555555545,0,0,3,archive/logs/R5/gate_retrieval_20260923/retrieval_strata_report.json,6e5dc6b50d952f9aa4c113967ff5c26d3cc23b37c6c29a3766a30faa61e6a0ce,readout_anchor.progen2-base.contrasts.increment_R_C_P.<seed>.strata.identity_band.bands.id30_to_70_remote_homology
readout_anchor,increment_R_C_P,progen2-base,identity_band,id70_to_95_close_homology,20260923,0.019827848610522267,-0.017401609230645793,0.051821015139862564,unresolved_interval_crosses_zero,18,19.636363636363633,0,0,3,archive/logs/R5/gate_retrieval_20260923/retrieval_strata_report.json,6e5dc6b50d952f9aa4c113967ff5c26d3cc23b37c6c29a3766a30faa61e6a0ce,readout_anchor.progen2-base.contrasts.increment_R_C_P.<seed>.strata.identity_band.bands.id70_to_95_close_homology
readout_anchor,increment_R_C_P,progen2-base,identity_band,lt30_no_detectable_homology,20260923,,,,unresolved_thin_support,0,0.0,0,0,3,archive/logs/R5/gate_retrieval_20260923/retrieval_strata_report.json,6e5dc6b50d952f9aa4c113967ff5c26d3cc23b37c6c29a3766a30faa61e6a0ce,readout_anchor.progen2-base.contrasts.increment_R_C_P.<seed>.strata.identity_band.bands.lt30_no_detectable_homology
readout_anchor,increment_R_C_P,progen2-base,depth_band,neff_100_1000,20260923,0.04049891428416881,0.022687979506811836,0.06118842605609139,resolved,65,70.5146036161335,3,0,3,archive/logs/R5/gate_retrieval_20260923/retrieval_strata_report.json,6e5dc6b50d952f9aa4c113967ff5c26d3cc23b37c6c29a3766a30faa61e6a0ce,readout_anchor.progen2-base.contrasts.increment_R_C_P.<seed>.strata.depth_band.bands.neff_100_1000
readout_anchor,increment_R_C_P,progen2-base,depth_band,neff_10_100,20260923,0.030027895776131637,0.007992491141972615,0.05094596866377818,resolved,64,71.65014577259474,3,0,3,archive/logs/R5/gate_retrieval_20260923/retrieval_strata_report.json,6e5dc6b50d952f9aa4c113967ff5c26d3cc23b37c6c29a3766a30faa61e6a0ce,readout_anchor.progen2-base.contrasts.increment_R_C_P.<seed>.strata.depth_band.bands.neff_10_100
readout_anchor,increment_R_C_P,progen2-base,depth_band,neff_ge1000,20260923,0.014745797493935816,-0.003505981158729381,0.03612380318887281,unresolved_interval_crosses_zero,13,16.354838709677416,0,0,3,archive/logs/R5/gate_retrieval_20260923/retrieval_strata_report.json,6e5dc6b50d952f9aa4c113967ff5c26d3cc23b37c6c29a3766a30faa61e6a0ce,readout_anchor.progen2-base.contrasts.increment_R_C_P.<seed>.strata.depth_band.bands.neff_ge1000
readout_anchor,increment_R_C_P,progen2-base,depth_band,neff_lt10,20260923,0.03212237536190386,-0.01632974525756522,0.08544667012853006,unresolved_interval_crosses_zero,21,21.51219512195124,0,0,3,archive/logs/R5/gate_retrieval_20260923/retrieval_strata_report.json,6e5dc6b50d952f9aa4c113967ff5c26d3cc23b37c6c29a3766a30faa61e6a0ce,readout_anchor.progen2-base.contrasts.increment_R_C_P.<seed>.strata.depth_band.bands.neff_lt10
readout_anchor,increment_R_C_P,progen2-base,depth_band,no_homolog_support,20260923,,,,unresolved_thin_support,0,0.0,0,0,3,archive/logs/R5/gate_retrieval_20260923/retrieval_strata_report.json,6e5dc6b50d952f9aa4c113967ff5c26d3cc23b37c6c29a3766a30faa61e6a0ce,readout_anchor.progen2-base.contrasts.increment_R_C_P.<seed>.strata.depth_band.bands.no_homolog_support
readout_anchor,increment_R_C_P,progen2-base,source_provenance,source_other,20260923,0.009577947823868786,0.001014708282138295,0.01858920688243011,resolved,99,115.19294809010768,2,0,3,archive/logs/R5/gate_retrieval_20260923/retrieval_strata_report.json,6e5dc6b50d952f9aa4c113967ff5c26d3cc23b37c6c29a3766a30faa61e6a0ce,readout_anchor.progen2-base.contrasts.increment_R_C_P.<seed>.strata.source_provenance.bands.source_other
readout_anchor,increment_R_C_P,progen2-base,source_provenance,source_tsuboyama_2023,20260923,0.06987911208752398,0.041586912656733505,0.09952602444809927,resolved,64,65.18832891246684,3,0,3,archive/logs/R5/gate_retrieval_20260923/retrieval_strata_report.json,6e5dc6b50d952f9aa4c113967ff5c26d3cc23b37c6c29a3766a30faa61e6a0ce,readout_anchor.progen2-base.contrasts.increment_R_C_P.<seed>.strata.source_provenance.bands.source_tsuboyama_2023
readout_anchor,increment_R_C_P,progen2-base,family_band,close_multi_member_group,20260923,-0.004993957631038001,-0.020896132095918205,0.010728597493295073,unresolved_interval_crosses_zero,11,21.352941176470587,0,0,3,archive/logs/R5/gate_retrieval_20260923/retrieval_strata_report.json,6e5dc6b50d952f9aa4c113967ff5c26d3cc23b37c6c29a3766a30faa61e6a0ce,readout_anchor.progen2-base.contrasts.increment_R_C_P.<seed>.strata.family_band.bands.close_multi_member_group
readout_anchor,increment_R_C_P,progen2-base,family_band,remote_singleton_group,20260923,0.036022457513855015,0.021771241659653374,0.05046178522813885,resolved,152,162.41827768014053,3,0,3,archive/logs/R5/gate_retrieval_20260923/retrieval_strata_report.json,6e5dc6b50d952f9aa4c113967ff5c26d3cc23b37c6c29a3766a30faa61e6a0ce,readout_anchor.progen2-base.contrasts.increment_R_C_P.<seed>.strata.family_band.bands.remote_singleton_group
readout_anchor,increment_R_C_P,progen2-large,full_support,,20260923,0.03479934752651304,0.021737699502254657,0.048269690486221005,resolved,163,179.6214084507042,3,0,3,archive/logs/R5/gate_retrieval_20260923/retrieval_strata_report.json,6e5dc6b50d952f9aa4c113967ff5c26d3cc23b37c6c29a3766a30faa61e6a0ce,readout_anchor.progen2-large.contrasts.increment_R_C_P.<seed>.full_support
readout_anchor,increment_R_C_P,progen2-large,near_duplicate,near_duplicate_absent,20260923,0.03230001434265327,0.010125292918167873,0.0545638892719625,resolved,23,25.190476190476197,2,0,3,archive/logs/R5/gate_retrieval_20260923/retrieval_strata_report.json,6e5dc6b50d952f9aa4c113967ff5c26d3cc23b37c6c29a3766a30faa61e6a0ce,readout_anchor.progen2-large.contrasts.increment_R_C_P.<seed>.strata.near_duplicate.bands.near_duplicate_absent
readout_anchor,increment_R_C_P,progen2-large,near_duplicate,near_duplicate_present,20260923,0.035209952263861435,0.0200342513301271,0.051123053535062975,resolved,140,154.43204202232434,3,0,3,archive/logs/R5/gate_retrieval_20260923/retrieval_strata_report.json,6e5dc6b50d952f9aa4c113967ff5c26d3cc23b37c6c29a3766a30faa61e6a0ce,readout_anchor.progen2-large.contrasts.increment_R_C_P.<seed>.strata.near_duplicate.bands.near_duplicate_present
readout_anchor,increment_R_C_P,progen2-large,identity_band,ge95_near_duplicate,20260923,0.035209952263861435,0.0200342513301271,0.051123053535062975,resolved,140,154.43204202232434,3,0,3,archive/logs/R5/gate_retrieval_20260923/retrieval_strata_report.json,6e5dc6b50d952f9aa4c113967ff5c26d3cc23b37c6c29a3766a30faa61e6a0ce,readout_anchor.progen2-large.contrasts.increment_R_C_P.<seed>.strata.identity_band.bands.ge95_near_duplicate
readout_anchor,increment_R_C_P,progen2-large,identity_band,id30_to_70_remote_homology,20260923,0.028201432885727257,,,unresolved_thin_support,5,5.5555555555555545,0,0,3,archive/logs/R5/gate_retrieval_20260923/retrieval_strata_report.json,6e5dc6b50d952f9aa4c113967ff5c26d3cc23b37c6c29a3766a30faa61e6a0ce,readout_anchor.progen2-large.contrasts.increment_R_C_P.<seed>.strata.identity_band.bands.id30_to_70_remote_homology
readout_anchor,increment_R_C_P,progen2-large,identity_band,id70_to_95_close_homology,20260923,0.03343850919179937,0.00538459002299936,0.06258718176720882,resolved,18,19.636363636363633,2,0,3,archive/logs/R5/gate_retrieval_20260923/retrieval_strata_report.json,6e5dc6b50d952f9aa4c113967ff5c26d3cc23b37c6c29a3766a30faa61e6a0ce,readout_anchor.progen2-large.contrasts.increment_R_C_P.<seed>.strata.identity_band.bands.id70_to_95_close_homology
readout_anchor,increment_R_C_P,progen2-large,identity_band,lt30_no_detectable_homology,20260923,,,,unresolved_thin_support,0,0.0,0,0,3,archive/logs/R5/gate_retrieval_20260923/retrieval_strata_report.json,6e5dc6b50d952f9aa4c113967ff5c26d3cc23b37c6c29a3766a30faa61e6a0ce,readout_anchor.progen2-large.contrasts.increment_R_C_P.<seed>.strata.identity_band.bands.lt30_no_detectable_homology
readout_anchor,increment_R_C_P,progen2-large,depth_band,neff_100_1000,20260923,0.02834567834663326,0.006929795449361816,0.050208508665362035,resolved,65,70.5146036161335,2,0,3,archive/logs/R5/gate_retrieval_20260923/retrieval_strata_report.json,6e5dc6b50d952f9aa4c113967ff5c26d3cc23b37c6c29a3766a30faa61e6a0ce,readout_anchor.progen2-large.contrasts.increment_R_C_P.<seed>.strata.depth_band.bands.neff_100_1000
readout_anchor,increment_R_C_P,progen2-large,depth_band,neff_10_100,20260923,0.03683247195259766,0.0161667865320911,0.058632231903502696,resolved,64,71.65014577259474,3,0,3,archive/logs/R5/gate_retrieval_20260923/retrieval_strata_report.json,6e5dc6b50d952f9aa4c113967ff5c26d3cc23b37c6c29a3766a30faa61e6a0ce,readout_anchor.progen2-large.contrasts.increment_R_C_P.<seed>.strata.depth_band.bands.neff_10_100
readout_anchor,increment_R_C_P,progen2-large,depth_band,neff_ge1000,20260923,0.022721699462107704,-3.079119048442434e-05,0.05351366890715672,unresolved_interval_crosses_zero,13,16.354838709677416,1,0,3,archive/logs/R5/gate_retrieval_20260923/retrieval_strata_report.json,6e5dc6b50d952f9aa4c113967ff5c26d3cc23b37c6c29a3766a30faa61e6a0ce,readout_anchor.progen2-large.contrasts.increment_R_C_P.<seed>.strata.depth_band.bands.neff_ge1000
readout_anchor,increment_R_C_P,progen2-large,depth_band,neff_lt10,20260923,0.056055440776991136,0.01775529657200665,0.09957125924362709,resolved,21,21.51219512195124,2,0,3,archive/logs/R5/gate_retrieval_20260923/retrieval_strata_report.json,6e5dc6b50d952f9aa4c113967ff5c26d3cc23b37c6c29a3766a30faa61e6a0ce,readout_anchor.progen2-large.contrasts.increment_R_C_P.<seed>.strata.depth_band.bands.neff_lt10
readout_anchor,increment_R_C_P,progen2-large,depth_band,no_homolog_support,20260923,,,,unresolved_thin_support,0,0.0,0,0,3,archive/logs/R5/gate_retrieval_20260923/retrieval_strata_report.json,6e5dc6b50d952f9aa4c113967ff5c26d3cc23b37c6c29a3766a30faa61e6a0ce,readout_anchor.progen2-large.contrasts.increment_R_C_P.<seed>.strata.depth_band.bands.no_homolog_support
readout_anchor,increment_R_C_P,progen2-large,source_provenance,source_other,20260923,0.02014760908035401,0.01167262993302565,0.029284827483313236,resolved,99,115.19294809010768,3,0,3,archive/logs/R5/gate_retrieval_20260923/retrieval_strata_report.json,6e5dc6b50d952f9aa4c113967ff5c26d3cc23b37c6c29a3766a30faa61e6a0ce,readout_anchor.progen2-large.contrasts.increment_R_C_P.<seed>.strata.source_provenance.bands.source_other
readout_anchor,increment_R_C_P,progen2-large,source_provenance,source_tsuboyama_2023,20260923,0.057463755435415306,0.027011761570785716,0.08727293672830153,resolved,64,65.18832891246684,3,0,3,archive/logs/R5/gate_retrieval_20260923/retrieval_strata_report.json,6e5dc6b50d952f9aa4c113967ff5c26d3cc23b37c6c29a3766a30faa61e6a0ce,readout_anchor.progen2-large.contrasts.increment_R_C_P.<seed>.strata.source_provenance.bands.source_tsuboyama_2023
readout_anchor,increment_R_C_P,progen2-large,family_band,close_multi_member_group,20260923,0.0024867640837675205,-0.016018951592056904,0.018661031829672957,unresolved_interval_crosses_zero,11,21.352941176470587,0,0,3,archive/logs/R5/gate_retrieval_20260923/retrieval_strata_report.json,6e5dc6b50d952f9aa4c113967ff5c26d3cc23b37c6c29a3766a30faa61e6a0ce,readout_anchor.progen2-large.contrasts.increment_R_C_P.<seed>.strata.family_band.bands.close_multi_member_group
readout_anchor,increment_R_C_P,progen2-large,family_band,remote_singleton_group,20260923,0.03713775817039594,0.023234277678866048,0.05092547084009736,resolved,152,162.41827768014053,3,0,3,archive/logs/R5/gate_retrieval_20260923/retrieval_strata_report.json,6e5dc6b50d952f9aa4c113967ff5c26d3cc23b37c6c29a3766a30faa61e6a0ce,readout_anchor.progen2-large.contrasts.increment_R_C_P.<seed>.strata.family_band.bands.remote_singleton_group
readout_anchor,increment_R_C_P,progen2-medium,full_support,,20260923,0.026849706389832056,0.01538349692550834,0.038394303015435796,resolved,163,179.6214084507042,3,0,3,archive/logs/R5/gate_retrieval_20260923/retrieval_strata_report.json,6e5dc6b50d952f9aa4c113967ff5c26d3cc23b37c6c29a3766a30faa61e6a0ce,readout_anchor.progen2-medium.contrasts.increment_R_C_P.<seed>.full_support
readout_anchor,increment_R_C_P,progen2-medium,near_duplicate,near_duplicate_absent,20260923,0.03288245829128285,0.014961150506670426,0.05279153233752221,resolved,23,25.190476190476197,2,0,3,archive/logs/R5/gate_retrieval_20260923/retrieval_strata_report.json,6e5dc6b50d952f9aa4c113967ff5c26d3cc23b37c6c29a3766a30faa61e6a0ce,readout_anchor.progen2-medium.contrasts.increment_R_C_P.<seed>.strata.near_duplicate.bands.near_duplicate_absent
readout_anchor,increment_R_C_P,progen2-medium,near_duplicate,near_duplicate_present,20260923,0.025858611434593712,0.013024569410586667,0.03913970204066635,resolved,140,154.43204202232434,3,0,3,archive/logs/R5/gate_retrieval_20260923/retrieval_strata_report.json,6e5dc6b50d952f9aa4c113967ff5c26d3cc23b37c6c29a3766a30faa61e6a0ce,readout_anchor.progen2-medium.contrasts.increment_R_C_P.<seed>.strata.near_duplicate.bands.near_duplicate_present
readout_anchor,increment_R_C_P,progen2-medium,identity_band,ge95_near_duplicate,20260923,0.025858611434593712,0.013024569410586667,0.03913970204066635,resolved,140,154.43204202232434,3,0,3,archive/logs/R5/gate_retrieval_20260923/retrieval_strata_report.json,6e5dc6b50d952f9aa4c113967ff5c26d3cc23b37c6c29a3766a30faa61e6a0ce,readout_anchor.progen2-medium.contrasts.increment_R_C_P.<seed>.strata.identity_band.bands.ge95_near_duplicate
readout_anchor,increment_R_C_P,progen2-medium,identity_band,id30_to_70_remote_homology,20260923,0.014897967395902545,,,unresolved_thin_support,5,5.5555555555555545,0,0,3,archive/logs/R5/gate_retrieval_20260923/retrieval_strata_report.json,6e5dc6b50d952f9aa4c113967ff5c26d3cc23b37c6c29a3766a30faa61e6a0ce,readout_anchor.progen2-medium.contrasts.increment_R_C_P.<seed>.strata.identity_band.bands.id30_to_70_remote_homology
readout_anchor,increment_R_C_P,progen2-medium,identity_band,id70_to_95_close_homology,20260923,0.03787815020666627,0.016100729130387355,0.06260662464114831,resolved,18,19.636363636363633,2,0,3,archive/logs/R5/gate_retrieval_20260923/retrieval_strata_report.json,6e5dc6b50d952f9aa4c113967ff5c26d3cc23b37c6c29a3766a30faa61e6a0ce,readout_anchor.progen2-medium.contrasts.increment_R_C_P.<seed>.strata.identity_band.bands.id70_to_95_close_homology
readout_anchor,increment_R_C_P,progen2-medium,identity_band,lt30_no_detectable_homology,20260923,,,,unresolved_thin_support,0,0.0,0,0,3,archive/logs/R5/gate_retrieval_20260923/retrieval_strata_report.json,6e5dc6b50d952f9aa4c113967ff5c26d3cc23b37c6c29a3766a30faa61e6a0ce,readout_anchor.progen2-medium.contrasts.increment_R_C_P.<seed>.strata.identity_band.bands.lt30_no_detectable_homology
readout_anchor,increment_R_C_P,progen2-medium,depth_band,neff_100_1000,20260923,0.025588946765376125,0.009049158668011361,0.042076820976815685,resolved,65,70.5146036161335,2,0,3,archive/logs/R5/gate_retrieval_20260923/retrieval_strata_report.json,6e5dc6b50d952f9aa4c113967ff5c26d3cc23b37c6c29a3766a30faa61e6a0ce,readout_anchor.progen2-medium.contrasts.increment_R_C_P.<seed>.strata.depth_band.bands.neff_100_1000
readout_anchor,increment_R_C_P,progen2-medium,depth_band,neff_10_100,20260923,0.020714598295813604,0.003108885909853387,0.0384105404078283,resolved,64,71.65014577259474,3,0,3,archive/logs/R5/gate_retrieval_20260923/retrieval_strata_report.json,6e5dc6b50d952f9aa4c113967ff5c26d3cc23b37c6c29a3766a30faa61e6a0ce,readout_anchor.progen2-medium.contrasts.increment_R_C_P.<seed>.strata.depth_band.bands.neff_10_100
readout_anchor,increment_R_C_P,progen2-medium,depth_band,neff_ge1000,20260923,0.019116340390070676,-0.0033584008347897726,0.05152082061014912,unresolved_interval_crosses_zero,13,16.354838709677416,1,0,3,archive/logs/R5/gate_retrieval_20260923/retrieval_strata_report.json,6e5dc6b50d952f9aa4c113967ff5c26d3cc23b37c6c29a3766a30faa61e6a0ce,readout_anchor.progen2-medium.contrasts.increment_R_C_P.<seed>.strata.depth_band.bands.neff_ge1000
readout_anchor,increment_R_C_P,progen2-medium,depth_band,neff_lt10,20260923,0.05423685170429465,0.01411211186493234,0.1014371101156085,resolved,21,21.51219512195124,2,0,3,archive/logs/R5/gate_retrieval_20260923/retrieval_strata_report.json,6e5dc6b50d952f9aa4c113967ff5c26d3cc23b37c6c29a3766a30faa61e6a0ce,readout_anchor.progen2-medium.contrasts.increment_R_C_P.<seed>.strata.depth_band.bands.neff_lt10
readout_anchor,increment_R_C_P,progen2-medium,depth_band,no_homolog_support,20260923,,,,unresolved_thin_support,0,0.0,0,0,3,archive/logs/R5/gate_retrieval_20260923/retrieval_strata_report.json,6e5dc6b50d952f9aa4c113967ff5c26d3cc23b37c6c29a3766a30faa61e6a0ce,readout_anchor.progen2-medium.contrasts.increment_R_C_P.<seed>.strata.depth_band.bands.no_homolog_support
readout_anchor,increment_R_C_P,progen2-medium,source_provenance,source_other,20260923,0.00899132063835174,0.001396320265793989,0.017322930016290698,resolved,99,115.19294809010768,1,0,3,archive/logs/R5/gate_retrieval_20260923/retrieval_strata_report.json,6e5dc6b50d952f9aa4c113967ff5c26d3cc23b37c6c29a3766a30faa61e6a0ce,readout_anchor.progen2-medium.contrasts.increment_R_C_P.<seed>.strata.source_provenance.bands.source_other
readout_anchor,increment_R_C_P,progen2-medium,source_provenance,source_tsuboyama_2023,20260923,0.054474396849153166,0.02999987872234056,0.07952356733533796,resolved,64,65.18832891246684,3,0,3,archive/logs/R5/gate_retrieval_20260923/retrieval_strata_report.json,6e5dc6b50d952f9aa4c113967ff5c26d3cc23b37c6c29a3766a30faa61e6a0ce,readout_anchor.progen2-medium.contrasts.increment_R_C_P.<seed>.strata.source_provenance.bands.source_tsuboyama_2023
readout_anchor,increment_R_C_P,progen2-medium,family_band,close_multi_member_group,20260923,-0.006645764244299354,-0.022988065783792717,0.008801088789464678,unresolved_interval_crosses_zero,11,21.352941176470587,0,0,3,archive/logs/R5/gate_retrieval_20260923/retrieval_strata_report.json,6e5dc6b50d952f9aa4c113967ff5c26d3cc23b37c6c29a3766a30faa61e6a0ce,readout_anchor.progen2-medium.contrasts.increment_R_C_P.<seed>.strata.family_band.bands.close_multi_member_group
readout_anchor,increment_R_C_P,progen2-medium,family_band,remote_singleton_group,20260923,0.029273720712038938,0.017176857382853017,0.04164959918917514,resolved,152,162.41827768014053,3,0,3,archive/logs/R5/gate_retrieval_20260923/retrieval_strata_report.json,6e5dc6b50d952f9aa4c113967ff5c26d3cc23b37c6c29a3766a30faa61e6a0ce,readout_anchor.progen2-medium.contrasts.increment_R_C_P.<seed>.strata.family_band.bands.remote_singleton_group
readout_anchor,increment_R_C_P,progen2-small,full_support,,20260923,0.029126907041032553,0.017147148342854426,0.04211491772180281,resolved,163,179.6214084507042,3,0,3,archive/logs/R5/gate_retrieval_20260923/retrieval_strata_report.json,6e5dc6b50d952f9aa4c113967ff5c26d3cc23b37c6c29a3766a30faa61e6a0ce,readout_anchor.progen2-small.contrasts.increment_R_C_P.<seed>.full_support
readout_anchor,increment_R_C_P,progen2-small,near_duplicate,near_duplicate_absent,20260923,0.027291992118022097,-0.006900574084614488,0.0629591504771212,unresolved_interval_crosses_zero,23,25.190476190476197,0,0,3,archive/logs/R5/gate_retrieval_20260923/retrieval_strata_report.json,6e5dc6b50d952f9aa4c113967ff5c26d3cc23b37c6c29a3766a30faa61e6a0ce,readout_anchor.progen2-small.contrasts.increment_R_C_P.<seed>.strata.near_duplicate.bands.near_duplicate_absent
readout_anchor,increment_R_C_P,progen2-small,near_duplicate,near_duplicate_present,20260923,0.029428357349812844,0.016747344901751848,0.04350096510213897,resolved,140,154.43204202232434,3,0,3,archive/logs/R5/gate_retrieval_20260923/retrieval_strata_report.json,6e5dc6b50d952f9aa4c113967ff5c26d3cc23b37c6c29a3766a30faa61e6a0ce,readout_anchor.progen2-small.contrasts.increment_R_C_P.<seed>.strata.near_duplicate.bands.near_duplicate_present
readout_anchor,increment_R_C_P,progen2-small,identity_band,ge95_near_duplicate,20260923,0.029428357349812844,0.016747344901751848,0.04350096510213897,resolved,140,154.43204202232434,3,0,3,archive/logs/R5/gate_retrieval_20260923/retrieval_strata_report.json,6e5dc6b50d952f9aa4c113967ff5c26d3cc23b37c6c29a3766a30faa61e6a0ce,readout_anchor.progen2-small.contrasts.increment_R_C_P.<seed>.strata.identity_band.bands.ge95_near_duplicate
readout_anchor,increment_R_C_P,progen2-small,identity_band,id30_to_70_remote_homology,20260923,0.020803165597018725,,,unresolved_thin_support,5,5.5555555555555545,0,0,3,archive/logs/R5/gate_retrieval_20260923/retrieval_strata_report.json,6e5dc6b50d952f9aa4c113967ff5c26d3cc23b37c6c29a3766a30faa61e6a0ce,readout_anchor.progen2-small.contrasts.increment_R_C_P.<seed>.strata.identity_band.bands.id30_to_70_remote_homology
readout_anchor,increment_R_C_P,progen2-small,identity_band,id70_to_95_close_homology,20260923,0.029094443929411913,-0.016536764393526304,0.07404882384069435,unresolved_interval_crosses_zero,18,19.636363636363633,0,0,3,archive/logs/R5/gate_retrieval_20260923/retrieval_strata_report.json,6e5dc6b50d952f9aa4c113967ff5c26d3cc23b37c6c29a3766a30faa61e6a0ce,readout_anchor.progen2-small.contrasts.increment_R_C_P.<seed>.strata.identity_band.bands.id70_to_95_close_homology
readout_anchor,increment_R_C_P,progen2-small,identity_band,lt30_no_detectable_homology,20260923,,,,unresolved_thin_support,0,0.0,0,0,3,archive/logs/R5/gate_retrieval_20260923/retrieval_strata_report.json,6e5dc6b50d952f9aa4c113967ff5c26d3cc23b37c6c29a3766a30faa61e6a0ce,readout_anchor.progen2-small.contrasts.increment_R_C_P.<seed>.strata.identity_band.bands.lt30_no_detectable_homology
readout_anchor,increment_R_C_P,progen2-small,depth_band,neff_100_1000,20260923,0.032294019954018066,0.013202768824800884,0.051153656885143554,resolved,65,70.5146036161335,2,0,3,archive/logs/R5/gate_retrieval_20260923/retrieval_strata_report.json,6e5dc6b50d952f9aa4c113967ff5c26d3cc23b37c6c29a3766a30faa61e6a0ce,readout_anchor.progen2-small.contrasts.increment_R_C_P.<seed>.strata.depth_band.bands.neff_100_1000
readout_anchor,increment_R_C_P,progen2-small,depth_band,neff_10_100,20260923,0.023878190315926112,0.004761715080463069,0.04411337612212431,resolved,64,71.65014577259474,3,0,3,archive/logs/R5/gate_retrieval_20260923/retrieval_strata_report.json,6e5dc6b50d952f9aa4c113967ff5c26d3cc23b37c6c29a3766a30faa61e6a0ce,readout_anchor.progen2-small.contrasts.increment_R_C_P.<seed>.strata.depth_band.bands.neff_10_100
readout_anchor,increment_R_C_P,progen2-small,depth_band,neff_ge1000,20260923,0.004453253181768373,-0.01202542166442195,0.021424593194359045,unresolved_interval_crosses_zero,13,16.354838709677416,0,0,3,archive/logs/R5/gate_retrieval_20260923/retrieval_strata_report.json,6e5dc6b50d952f9aa4c113967ff5c26d3cc23b37c6c29a3766a30faa61e6a0ce,readout_anchor.progen2-small.contrasts.increment_R_C_P.<seed>.strata.depth_band.bands.neff_ge1000
readout_anchor,increment_R_C_P,progen2-small,depth_band,neff_lt10,20260923,0.050594194242612925,0.0059402538589939935,0.10287046829316174,resolved,21,21.51219512195124,1,0,3,archive/logs/R5/gate_retrieval_20260923/retrieval_strata_report.json,6e5dc6b50d952f9aa4c113967ff5c26d3cc23b37c6c29a3766a30faa61e6a0ce,readout_anchor.progen2-small.contrasts.increment_R_C_P.<seed>.strata.depth_band.bands.neff_lt10
readout_anchor,increment_R_C_P,progen2-small,depth_band,no_homolog_support,20260923,,,,unresolved_thin_support,0,0.0,0,0,3,archive/logs/R5/gate_retrieval_20260923/retrieval_strata_report.json,6e5dc6b50d952f9aa4c113967ff5c26d3cc23b37c6c29a3766a30faa61e6a0ce,readout_anchor.progen2-small.contrasts.increment_R_C_P.<seed>.strata.depth_band.bands.no_homolog_support
readout_anchor,increment_R_C_P,progen2-small,source_provenance,source_other,20260923,0.006799507199432542,0.0002678166733075545,0.014412014000371622,resolved,99,115.19294809010768,1,0,3,archive/logs/R5/gate_retrieval_20260923/retrieval_strata_report.json,6e5dc6b50d952f9aa4c113967ff5c26d3cc23b37c6c29a3766a30faa61e6a0ce,readout_anchor.progen2-small.contrasts.increment_R_C_P.<seed>.strata.source_provenance.bands.source_other
readout_anchor,increment_R_C_P,progen2-small,source_provenance,source_tsuboyama_2023,20260923,0.06366460367100757,0.03672326296326649,0.09229047687926852,resolved,64,65.18832891246684,3,0,3,archive/logs/R5/gate_retrieval_20260923/retrieval_strata_report.json,6e5dc6b50d952f9aa4c113967ff5c26d3cc23b37c6c29a3766a30faa61e6a0ce,readout_anchor.progen2-small.contrasts.increment_R_C_P.<seed>.strata.source_provenance.bands.source_tsuboyama_2023
readout_anchor,increment_R_C_P,progen2-small,family_band,close_multi_member_group,20260923,-0.0028752700376996686,-0.021008110753637888,0.017454265294219833,unresolved_interval_crosses_zero,11,21.352941176470587,0,0,3,archive/logs/R5/gate_retrieval_20260923/retrieval_strata_report.json,6e5dc6b50d952f9aa4c113967ff5c26d3cc23b37c6c29a3766a30faa61e6a0ce,readout_anchor.progen2-small.contrasts.increment_R_C_P.<seed>.strata.family_band.bands.close_multi_member_group
readout_anchor,increment_R_C_P,progen2-small,family_band,remote_singleton_group,20260923,0.031442854066467116,0.018739156583042035,0.04511232068446442,resolved,152,162.41827768014053,3,0,3,archive/logs/R5/gate_retrieval_20260923/retrieval_strata_report.json,6e5dc6b50d952f9aa4c113967ff5c26d3cc23b37c6c29a3766a30faa61e6a0ce,readout_anchor.progen2-small.contrasts.increment_R_C_P.<seed>.strata.family_band.bands.remote_singleton_group
readout_anchor,increment_R_C_P,progen2-xlarge,full_support,,20260923,0.027756478660833146,0.017579682886169547,0.03883417257288008,resolved,163,179.6214084507042,3,0,3,archive/logs/R5/gate_retrieval_20260923/retrieval_strata_report.json,6e5dc6b50d952f9aa4c113967ff5c26d3cc23b37c6c29a3766a30faa61e6a0ce,readout_anchor.progen2-xlarge.contrasts.increment_R_C_P.<seed>.full_support
readout_anchor,increment_R_C_P,progen2-xlarge,near_duplicate,near_duplicate_absent,20260923,0.02716954184046284,0.001382627392757587,0.05531453005614035,resolved,23,25.190476190476197,2,0,3,archive/logs/R5/gate_retrieval_20260923/retrieval_strata_report.json,6e5dc6b50d952f9aa4c113967ff5c26d3cc23b37c6c29a3766a30faa61e6a0ce,readout_anchor.progen2-xlarge.contrasts.increment_R_C_P.<seed>.strata.near_duplicate.bands.near_duplicate_absent
readout_anchor,increment_R_C_P,progen2-xlarge,near_duplicate,near_duplicate_present,20260923,0.027852903995608264,0.017065551791044156,0.039822467322758306,resolved,140,154.43204202232434,3,0,3,archive/logs/R5/gate_retrieval_20260923/retrieval_strata_report.json,6e5dc6b50d952f9aa4c113967ff5c26d3cc23b37c6c29a3766a30faa61e6a0ce,readout_anchor.progen2-xlarge.contrasts.increment_R_C_P.<seed>.strata.near_duplicate.bands.near_duplicate_present
readout_anchor,increment_R_C_P,progen2-xlarge,identity_band,ge95_near_duplicate,20260923,0.027852903995608264,0.017065551791044156,0.039822467322758306,resolved,140,154.43204202232434,3,0,3,archive/logs/R5/gate_retrieval_20260923/retrieval_strata_report.json,6e5dc6b50d952f9aa4c113967ff5c26d3cc23b37c6c29a3766a30faa61e6a0ce,readout_anchor.progen2-xlarge.contrasts.increment_R_C_P.<seed>.strata.identity_band.bands.ge95_near_duplicate
readout_anchor,increment_R_C_P,progen2-xlarge,identity_band,id30_to_70_remote_homology,20260923,0.021870977574559143,,,unresolved_thin_support,5,5.5555555555555545,0,0,3,archive/logs/R5/gate_retrieval_20260923/retrieval_strata_report.json,6e5dc6b50d952f9aa4c113967ff5c26d3cc23b37c6c29a3766a30faa61e6a0ce,readout_anchor.progen2-xlarge.contrasts.increment_R_C_P.<seed>.strata.identity_band.bands.id30_to_70_remote_homology
readout_anchor,increment_R_C_P,progen2-xlarge,identity_band,id70_to_95_close_homology,20260923,0.028641365247658306,-0.0021547409536791305,0.06256708074376145,unresolved_interval_crosses_zero,18,19.636363636363633,1,0,3,archive/logs/R5/gate_retrieval_20260923/retrieval_strata_report.json,6e5dc6b50d952f9aa4c113967ff5c26d3cc23b37c6c29a3766a30faa61e6a0ce,readout_anchor.progen2-xlarge.contrasts.increment_R_C_P.<seed>.strata.identity_band.bands.id70_to_95_close_homology
readout_anchor,increment_R_C_P,progen2-xlarge,identity_band,lt30_no_detectable_homology,20260923,,,,unresolved_thin_support,0,0.0,0,0,3,archive/logs/R5/gate_retrieval_20260923/retrieval_strata_report.json,6e5dc6b50d952f9aa4c113967ff5c26d3cc23b37c6c29a3766a30faa61e6a0ce,readout_anchor.progen2-xlarge.contrasts.increment_R_C_P.<seed>.strata.identity_band.bands.lt30_no_detectable_homology
readout_anchor,increment_R_C_P,progen2-xlarge,depth_band,neff_100_1000,20260923,0.027499956877905782,0.011561996366318668,0.04332002373953329,resolved,65,70.5146036161335,3,0,3,archive/logs/R5/gate_retrieval_20260923/retrieval_strata_report.json,6e5dc6b50d952f9aa4c113967ff5c26d3cc23b37c6c29a3766a30faa61e6a0ce,readout_anchor.progen2-xlarge.contrasts.increment_R_C_P.<seed>.strata.depth_band.bands.neff_100_1000
readout_anchor,increment_R_C_P,progen2-xlarge,depth_band,neff_10_100,20260923,0.025259187437876224,0.00917621026044675,0.041761848587644,resolved,64,71.65014577259474,3,0,3,archive/logs/R5/gate_retrieval_20260923/retrieval_strata_report.json,6e5dc6b50d952f9aa4c113967ff5c26d3cc23b37c6c29a3766a30faa61e6a0ce,readout_anchor.progen2-xlarge.contrasts.increment_R_C_P.<seed>.strata.depth_band.bands.neff_10_100
readout_anchor,increment_R_C_P,progen2-xlarge,depth_band,neff_ge1000,20260923,0.019067340492174352,0.0013848400152790918,0.03783629267261858,resolved,13,16.354838709677416,3,0,3,archive/logs/R5/gate_retrieval_20260923/retrieval_strata_report.json,6e5dc6b50d952f9aa4c113967ff5c26d3cc23b37c6c29a3766a30faa61e6a0ce,readout_anchor.progen2-xlarge.contrasts.increment_R_C_P.<seed>.strata.depth_band.bands.neff_ge1000
readout_anchor,increment_R_C_P,progen2-xlarge,depth_band,neff_lt10,20260923,0.041540257249027726,0.004681413719617265,0.08283392815553477,resolved,21,21.51219512195124,1,0,3,archive/logs/R5/gate_retrieval_20260923/retrieval_strata_report.json,6e5dc6b50d952f9aa4c113967ff5c26d3cc23b37c6c29a3766a30faa61e6a0ce,readout_anchor.progen2-xlarge.contrasts.increment_R_C_P.<seed>.strata.depth_band.bands.neff_lt10
readout_anchor,increment_R_C_P,progen2-xlarge,depth_band,no_homolog_support,20260923,,,,unresolved_thin_support,0,0.0,0,0,3,archive/logs/R5/gate_retrieval_20260923/retrieval_strata_report.json,6e5dc6b50d952f9aa4c113967ff5c26d3cc23b37c6c29a3766a30faa61e6a0ce,readout_anchor.progen2-xlarge.contrasts.increment_R_C_P.<seed>.strata.depth_band.bands.no_homolog_support
readout_anchor,increment_R_C_P,progen2-xlarge,source_provenance,source_other,20260923,0.009854339702746103,0.0022449308354767893,0.017832275436323684,resolved,99,115.19294809010768,3,0,3,archive/logs/R5/gate_retrieval_20260923/retrieval_strata_report.json,6e5dc6b50d952f9aa4c113967ff5c26d3cc23b37c6c29a3766a30faa61e6a0ce,readout_anchor.progen2-xlarge.contrasts.increment_R_C_P.<seed>.strata.source_provenance.bands.source_other
readout_anchor,increment_R_C_P,progen2-xlarge,source_provenance,source_tsuboyama_2023,20260923,0.055448849861624044,0.03443640476508425,0.07700544739689624,resolved,64,65.18832891246684,3,0,3,archive/logs/R5/gate_retrieval_20260923/retrieval_strata_report.json,6e5dc6b50d952f9aa4c113967ff5c26d3cc23b37c6c29a3766a30faa61e6a0ce,readout_anchor.progen2-xlarge.contrasts.increment_R_C_P.<seed>.strata.source_provenance.bands.source_tsuboyama_2023
readout_anchor,increment_R_C_P,progen2-xlarge,family_band,close_multi_member_group,20260923,0.010433506274980985,-0.0009739094976761568,0.02176933088780204,unresolved_interval_crosses_zero,11,21.352941176470587,0,0,3,archive/logs/R5/gate_retrieval_20260923/retrieval_strata_report.json,6e5dc6b50d952f9aa4c113967ff5c26d3cc23b37c6c29a3766a30faa61e6a0ce,readout_anchor.progen2-xlarge.contrasts.increment_R_C_P.<seed>.strata.family_band.bands.close_multi_member_group
readout_anchor,increment_R_C_P,progen2-xlarge,family_band,remote_singleton_group,20260923,0.029010114820335605,0.018684761350080896,0.03999611809815924,resolved,152,162.41827768014053,3,0,3,archive/logs/R5/gate_retrieval_20260923/retrieval_strata_report.json,6e5dc6b50d952f9aa4c113967ff5c26d3cc23b37c6c29a3766a30faa61e6a0ce,readout_anchor.progen2-xlarge.contrasts.increment_R_C_P.<seed>.strata.family_band.bands.remote_singleton_group
readout_anchor,increment_R_C_P,progen3-112m,full_support,,20260923,0.02645034470843559,0.01412298545015096,0.03949873870435098,resolved,163,179.6214084507042,3,0,3,archive/logs/R5/gate_retrieval_20260923/retrieval_strata_report.json,6e5dc6b50d952f9aa4c113967ff5c26d3cc23b37c6c29a3766a30faa61e6a0ce,readout_anchor.progen3-112m.contrasts.increment_R_C_P.<seed>.full_support
readout_anchor,increment_R_C_P,progen3-112m,near_duplicate,near_duplicate_absent,20260923,0.037900493471469024,0.012825361297397884,0.06557041999932092,resolved,23,25.190476190476197,2,0,3,archive/logs/R5/gate_retrieval_20260923/retrieval_strata_report.json,6e5dc6b50d952f9aa4c113967ff5c26d3cc23b37c6c29a3766a30faa61e6a0ce,readout_anchor.progen3-112m.contrasts.increment_R_C_P.<seed>.strata.near_duplicate.bands.near_duplicate_absent
readout_anchor,increment_R_C_P,progen3-112m,near_duplicate,near_duplicate_present,20260923,0.024569248840222952,0.010628477430333452,0.039293657747625166,resolved,140,154.43204202232434,3,0,3,archive/logs/R5/gate_retrieval_20260923/retrieval_strata_report.json,6e5dc6b50d952f9aa4c113967ff5c26d3cc23b37c6c29a3766a30faa61e6a0ce,readout_anchor.progen3-112m.contrasts.increment_R_C_P.<seed>.strata.near_duplicate.bands.near_duplicate_present
readout_anchor,increment_R_C_P,progen3-112m,identity_band,ge95_near_duplicate,20260923,0.024569248840222952,0.010628477430333452,0.039293657747625166,resolved,140,154.43204202232434,3,0,3,archive/logs/R5/gate_retrieval_20260923/retrieval_strata_report.json,6e5dc6b50d952f9aa4c113967ff5c26d3cc23b37c6c29a3766a30faa61e6a0ce,readout_anchor.progen3-112m.contrasts.increment_R_C_P.<seed>.strata.identity_band.bands.ge95_near_duplicate
readout_anchor,increment_R_C_P,progen3-112m,identity_band,id30_to_70_remote_homology,20260923,0.014621278966252682,,,unresolved_thin_support,5,5.5555555555555545,0,0,3,archive/logs/R5/gate_retrieval_20260923/retrieval_strata_report.json,6e5dc6b50d952f9aa4c113967ff5c26d3cc23b37c6c29a3766a30faa61e6a0ce,readout_anchor.progen3-112m.contrasts.increment_R_C_P.<seed>.strata.identity_band.bands.id30_to_70_remote_homology
readout_anchor,increment_R_C_P,progen3-112m,identity_band,id70_to_95_close_homology,20260923,0.04436694194514024,0.011605194475146288,0.08007186332517727,resolved,18,19.636363636363633,2,0,3,archive/logs/R5/gate_retrieval_20260923/retrieval_strata_report.json,6e5dc6b50d952f9aa4c113967ff5c26d3cc23b37c6c29a3766a30faa61e6a0ce,readout_anchor.progen3-112m.contrasts.increment_R_C_P.<seed>.strata.identity_band.bands.id70_to_95_close_homology
readout_anchor,increment_R_C_P,progen3-112m,identity_band,lt30_no_detectable_homology,20260923,,,,unresolved_thin_support,0,0.0,0,0,3,archive/logs/R5/gate_retrieval_20260923/retrieval_strata_report.json,6e5dc6b50d952f9aa4c113967ff5c26d3cc23b37c6c29a3766a30faa61e6a0ce,readout_anchor.progen3-112m.contrasts.increment_R_C_P.<seed>.strata.identity_band.bands.lt30_no_detectable_homology
readout_anchor,increment_R_C_P,progen3-112m,depth_band,neff_100_1000,20260923,0.023636383318506732,0.004737024566057956,0.042126270592738796,resolved,65,70.5146036161335,1,0,3,archive/logs/R5/gate_retrieval_20260923/retrieval_strata_report.json,6e5dc6b50d952f9aa4c113967ff5c26d3cc23b37c6c29a3766a30faa61e6a0ce,readout_anchor.progen3-112m.contrasts.increment_R_C_P.<seed>.strata.depth_band.bands.neff_100_1000
readout_anchor,increment_R_C_P,progen3-112m,depth_band,neff_10_100,20260923,0.01878131646234286,-2.201917527643117e-05,0.039788187957132834,unresolved_interval_crosses_zero,64,71.65014577259474,1,0,3,archive/logs/R5/gate_retrieval_20260923/retrieval_strata_report.json,6e5dc6b50d952f9aa4c113967ff5c26d3cc23b37c6c29a3766a30faa61e6a0ce,readout_anchor.progen3-112m.contrasts.increment_R_C_P.<seed>.strata.depth_band.bands.neff_10_100
readout_anchor,increment_R_C_P,progen3-112m,depth_band,neff_ge1000,20260923,0.010320444129847074,-0.006789879084132536,0.030861853399938615,unresolved_interval_crosses_zero,13,16.354838709677416,0,0,3,archive/logs/R5/gate_retrieval_20260923/retrieval_strata_report.json,6e5dc6b50d952f9aa4c113967ff5c26d3cc23b37c6c29a3766a30faa61e6a0ce,readout_anchor.progen3-112m.contrasts.increment_R_C_P.<seed>.strata.depth_band.bands.neff_ge1000
readout_anchor,increment_R_C_P,progen3-112m,depth_band,neff_lt10,20260923,0.06851767830924324,0.02888295386352089,0.11613966335952243,resolved,21,21.51219512195124,3,0,3,archive/logs/R5/gate_retrieval_20260923/retrieval_strata_report.json,6e5dc6b50d952f9aa4c113967ff5c26d3cc23b37c6c29a3766a30faa61e6a0ce,readout_anchor.progen3-112m.contrasts.increment_R_C_P.<seed>.strata.depth_band.bands.neff_lt10
readout_anchor,increment_R_C_P,progen3-112m,depth_band,no_homolog_support,20260923,,,,unresolved_thin_support,0,0.0,0,0,3,archive/logs/R5/gate_retrieval_20260923/retrieval_strata_report.json,6e5dc6b50d952f9aa4c113967ff5c26d3cc23b37c6c29a3766a30faa61e6a0ce,readout_anchor.progen3-112m.contrasts.increment_R_C_P.<seed>.strata.depth_band.bands.no_homolog_support
readout_anchor,increment_R_C_P,progen3-112m,source_provenance,source_other,20260923,0.006454283156822101,-0.00043517163131756803,0.014161516015212205,unresolved_interval_crosses_zero,99,115.19294809010768,0,0,3,archive/logs/R5/gate_retrieval_20260923/retrieval_strata_report.json,6e5dc6b50d952f9aa4c113967ff5c26d3cc23b37c6c29a3766a30faa61e6a0ce,readout_anchor.progen3-112m.contrasts.increment_R_C_P.<seed>.strata.source_provenance.bands.source_other
readout_anchor,increment_R_C_P,progen3-112m,source_provenance,source_tsuboyama_2023,20260923,0.0573817524210877,0.028458779046744945,0.0846396509581177,resolved,64,65.18832891246684,3,0,3,archive/logs/R5/gate_retrieval_20260923/retrieval_strata_report.json,6e5dc6b50d952f9aa4c113967ff5c26d3cc23b37c6c29a3766a30faa61e6a0ce,readout_anchor.progen3-112m.contrasts.increment_R_C_P.<seed>.strata.source_provenance.bands.source_tsuboyama_2023
readout_anchor,increment_R_C_P,progen3-112m,family_band,close_multi_member_group,20260923,0.0016437024207348278,-0.014999238959377909,0.017670904225897028,unresolved_interval_crosses_zero,11,21.352941176470587,0,0,3,archive/logs/R5/gate_retrieval_20260923/retrieval_strata_report.json,6e5dc6b50d952f9aa4c113967ff5c26d3cc23b37c6c29a3766a30faa61e6a0ce,readout_anchor.progen3-112m.contrasts.increment_R_C_P.<seed>.strata.family_band.bands.close_multi_member_group
readout_anchor,increment_R_C_P,progen3-112m,family_band,remote_singleton_group,20260923,0.02824556224241393,0.015263084362271518,0.041761068710422296,resolved,152,162.41827768014053,3,0,3,archive/logs/R5/gate_retrieval_20260923/retrieval_strata_report.json,6e5dc6b50d952f9aa4c113967ff5c26d3cc23b37c6c29a3766a30faa61e6a0ce,readout_anchor.progen3-112m.contrasts.increment_R_C_P.<seed>.strata.family_band.bands.remote_singleton_group
readout_anchor,increment_R_C_P,progen3-3b,full_support,,20260923,0.04103767890835655,0.0285268000515707,0.05373332055736359,resolved,163,179.6214084507042,3,0,3,archive/logs/R5/gate_retrieval_20260923/retrieval_strata_report.json,6e5dc6b50d952f9aa4c113967ff5c26d3cc23b37c6c29a3766a30faa61e6a0ce,readout_anchor.progen3-3b.contrasts.increment_R_C_P.<seed>.full_support
readout_anchor,increment_R_C_P,progen3-3b,near_duplicate,near_duplicate_absent,20260923,0.03230784833713318,0.0027501208097545295,0.06355330596607148,resolved,23,25.190476190476197,2,0,3,archive/logs/R5/gate_retrieval_20260923/retrieval_strata_report.json,6e5dc6b50d952f9aa4c113967ff5c26d3cc23b37c6c29a3766a30faa61e6a0ce,readout_anchor.progen3-3b.contrasts.increment_R_C_P.<seed>.strata.near_duplicate.bands.near_duplicate_absent
readout_anchor,increment_R_C_P,progen3-3b,near_duplicate,near_duplicate_present,20260923,0.042471865359343254,0.028945422764290133,0.057701614494623535,resolved,140,154.43204202232434,3,0,3,archive/logs/R5/gate_retrieval_20260923/retrieval_strata_report.json,6e5dc6b50d952f9aa4c113967ff5c26d3cc23b37c6c29a3766a30faa61e6a0ce,readout_anchor.progen3-3b.contrasts.increment_R_C_P.<seed>.strata.near_duplicate.bands.near_duplicate_present
readout_anchor,increment_R_C_P,progen3-3b,identity_band,ge95_near_duplicate,20260923,0.042471865359343254,0.028945422764290133,0.057701614494623535,resolved,140,154.43204202232434,3,0,3,archive/logs/R5/gate_retrieval_20260923/retrieval_strata_report.json,6e5dc6b50d952f9aa4c113967ff5c26d3cc23b37c6c29a3766a30faa61e6a0ce,readout_anchor.progen3-3b.contrasts.increment_R_C_P.<seed>.strata.identity_band.bands.ge95_near_duplicate
readout_anchor,increment_R_C_P,progen3-3b,identity_band,id30_to_70_remote_homology,20260923,0.023201746463920973,,,unresolved_thin_support,5,5.5555555555555545,0,0,3,archive/logs/R5/gate_retrieval_20260923/retrieval_strata_report.json,6e5dc6b50d952f9aa4c113967ff5c26d3cc23b37c6c29a3766a30faa61e6a0ce,readout_anchor.progen3-3b.contrasts.increment_R_C_P.<seed>.strata.identity_band.bands.id30_to_70_remote_homology
readout_anchor,increment_R_C_P,progen3-3b,identity_band,id70_to_95_close_homology,20260923,0.03483732107969214,-0.0020395279930312715,0.06969839073694452,unresolved_interval_crosses_zero,18,19.636363636363633,0,0,3,archive/logs/R5/gate_retrieval_20260923/retrieval_strata_report.json,6e5dc6b50d952f9aa4c113967ff5c26d3cc23b37c6c29a3766a30faa61e6a0ce,readout_anchor.progen3-3b.contrasts.increment_R_C_P.<seed>.strata.identity_band.bands.id70_to_95_close_homology
readout_anchor,increment_R_C_P,progen3-3b,identity_band,lt30_no_detectable_homology,20260923,,,,unresolved_thin_support,0,0.0,0,0,3,archive/logs/R5/gate_retrieval_20260923/retrieval_strata_report.json,6e5dc6b50d952f9aa4c113967ff5c26d3cc23b37c6c29a3766a30faa61e6a0ce,readout_anchor.progen3-3b.contrasts.increment_R_C_P.<seed>.strata.identity_band.bands.lt30_no_detectable_homology
readout_anchor,increment_R_C_P,progen3-3b,depth_band,neff_100_1000,20260923,0.03799667847415388,0.018120756482021234,0.06010694366408954,resolved,65,70.5146036161335,3,0,3,archive/logs/R5/gate_retrieval_20260923/retrieval_strata_report.json,6e5dc6b50d952f9aa4c113967ff5c26d3cc23b37c6c29a3766a30faa61e6a0ce,readout_anchor.progen3-3b.contrasts.increment_R_C_P.<seed>.strata.depth_band.bands.neff_100_1000
readout_anchor,increment_R_C_P,progen3-3b,depth_band,neff_10_100,20260923,0.03805092843505577,0.019551506288144494,0.056750877153739596,resolved,64,71.65014577259474,3,0,3,archive/logs/R5/gate_retrieval_20260923/retrieval_strata_report.json,6e5dc6b50d952f9aa4c113967ff5c26d3cc23b37c6c29a3766a30faa61e6a0ce,readout_anchor.progen3-3b.contrasts.increment_R_C_P.<seed>.strata.depth_band.bands.neff_10_100
readout_anchor,increment_R_C_P,progen3-3b,depth_band,neff_ge1000,20260923,0.015956201220085772,-0.004674356435239751,0.04138608963753262,unresolved_interval_crosses_zero,13,16.354838709677416,1,0,3,archive/logs/R5/gate_retrieval_20260923/retrieval_strata_report.json,6e5dc6b50d952f9aa4c113967ff5c26d3cc23b37c6c29a3766a30faa61e6a0ce,readout_anchor.progen3-3b.contrasts.increment_R_C_P.<seed>.strata.depth_band.bands.neff_ge1000
readout_anchor,increment_R_C_P,progen3-3b,depth_band,neff_lt10,20260923,0.07507940597797297,0.03839179745449459,0.11913342353778429,resolved,21,21.51219512195124,3,0,3,archive/logs/R5/gate_retrieval_20260923/retrieval_strata_report.json,6e5dc6b50d952f9aa4c113967ff5c26d3cc23b37c6c29a3766a30faa61e6a0ce,readout_anchor.progen3-3b.contrasts.increment_R_C_P.<seed>.strata.depth_band.bands.neff_lt10
readout_anchor,increment_R_C_P,progen3-3b,depth_band,no_homolog_support,20260923,,,,unresolved_thin_support,0,0.0,0,0,3,archive/logs/R5/gate_retrieval_20260923/retrieval_strata_report.json,6e5dc6b50d952f9aa4c113967ff5c26d3cc23b37c6c29a3766a30faa61e6a0ce,readout_anchor.progen3-3b.contrasts.increment_R_C_P.<seed>.strata.depth_band.bands.no_homolog_support
readout_anchor,increment_R_C_P,progen3-3b,source_provenance,source_other,20260923,0.026131744625019358,0.01762663600694938,0.035234445460257134,resolved,99,115.19294809010768,3,0,3,archive/logs/R5/gate_retrieval_20260923/retrieval_strata_report.json,6e5dc6b50d952f9aa4c113967ff5c26d3cc23b37c6c29a3766a30faa61e6a0ce,readout_anchor.progen3-3b.contrasts.increment_R_C_P.<seed>.strata.source_provenance.bands.source_other
readout_anchor,increment_R_C_P,progen3-3b,source_provenance,source_tsuboyama_2023,20260923,0.06409529600289379,0.0345743264808363,0.09444648642177304,resolved,64,65.18832891246684,3,0,3,archive/logs/R5/gate_retrieval_20260923/retrieval_strata_report.json,6e5dc6b50d952f9aa4c113967ff5c26d3cc23b37c6c29a3766a30faa61e6a0ce,readout_anchor.progen3-3b.contrasts.increment_R_C_P.<seed>.strata.source_provenance.bands.source_tsuboyama_2023
readout_anchor,increment_R_C_P,progen3-3b,family_band,close_multi_member_group,20260923,0.001775405919286001,-0.008922020785598055,0.012025662172278325,unresolved_interval_crosses_zero,11,21.352941176470587,0,0,3,archive/logs/R5/gate_retrieval_20260923/retrieval_strata_report.json,6e5dc6b50d952f9aa4c113967ff5c26d3cc23b37c6c29a3766a30faa61e6a0ce,readout_anchor.progen3-3b.contrasts.increment_R_C_P.<seed>.strata.family_band.bands.close_multi_member_group
readout_anchor,increment_R_C_P,progen3-3b,family_band,remote_singleton_group,20260923,0.04387902761151298,0.03046376079159805,0.0576347607359927,resolved,152,162.41827768014053,3,0,3,archive/logs/R5/gate_retrieval_20260923/retrieval_strata_report.json,6e5dc6b50d952f9aa4c113967ff5c26d3cc23b37c6c29a3766a30faa61e6a0ce,readout_anchor.progen3-3b.contrasts.increment_R_C_P.<seed>.strata.family_band.bands.remote_singleton_group
readout_anchor,increment_R_C_P,prollama,full_support,,20260923,0.014463921273568566,0.0005060138578261236,0.02890357652626539,resolved,163,179.6214084507042,2,0,3,archive/logs/R5/gate_retrieval_20260923/retrieval_strata_report.json,6e5dc6b50d952f9aa4c113967ff5c26d3cc23b37c6c29a3766a30faa61e6a0ce,readout_anchor.prollama.contrasts.increment_R_C_P.<seed>.full_support
readout_anchor,increment_R_C_P,prollama,near_duplicate,near_duplicate_absent,20260923,0.03689727515445163,0.008317027727848562,0.06810172868747968,resolved,23,25.190476190476197,1,0,3,archive/logs/R5/gate_retrieval_20260923/retrieval_strata_report.json,6e5dc6b50d952f9aa4c113967ff5c26d3cc23b37c6c29a3766a30faa61e6a0ce,readout_anchor.prollama.contrasts.increment_R_C_P.<seed>.strata.near_duplicate.bands.near_duplicate_absent
readout_anchor,increment_R_C_P,prollama,near_duplicate,near_duplicate_present,20260923,0.01077844170742349,-0.005534822642042102,0.02668974055253212,unresolved_interval_crosses_zero,140,154.43204202232434,0,0,3,archive/logs/R5/gate_retrieval_20260923/retrieval_strata_report.json,6e5dc6b50d952f9aa4c113967ff5c26d3cc23b37c6c29a3766a30faa61e6a0ce,readout_anchor.prollama.contrasts.increment_R_C_P.<seed>.strata.near_duplicate.bands.near_duplicate_present
readout_anchor,increment_R_C_P,prollama,identity_band,ge95_near_duplicate,20260923,0.01077844170742349,-0.005534822642042102,0.02668974055253212,unresolved_interval_crosses_zero,140,154.43204202232434,0,0,3,archive/logs/R5/gate_retrieval_20260923/retrieval_strata_report.json,6e5dc6b50d952f9aa4c113967ff5c26d3cc23b37c6c29a3766a30faa61e6a0ce,readout_anchor.prollama.contrasts.increment_R_C_P.<seed>.strata.identity_band.bands.ge95_near_duplicate
readout_anchor,increment_R_C_P,prollama,identity_band,id30_to_70_remote_homology,20260923,0.023983959534781052,,,unresolved_thin_support,5,5.5555555555555545,0,0,3,archive/logs/R5/gate_retrieval_20260923/retrieval_strata_report.json,6e5dc6b50d952f9aa4c113967ff5c26d3cc23b37c6c29a3766a30faa61e6a0ce,readout_anchor.prollama.contrasts.increment_R_C_P.<seed>.strata.identity_band.bands.id30_to_70_remote_homology
readout_anchor,increment_R_C_P,prollama,identity_band,id70_to_95_close_homology,20260923,0.040484307271026795,0.004684689940293069,0.07963431825528193,resolved,18,19.636363636363633,1,0,3,archive/logs/R5/gate_retrieval_20260923/retrieval_strata_report.json,6e5dc6b50d952f9aa4c113967ff5c26d3cc23b37c6c29a3766a30faa61e6a0ce,readout_anchor.prollama.contrasts.increment_R_C_P.<seed>.strata.identity_band.bands.id70_to_95_close_homology
readout_anchor,increment_R_C_P,prollama,identity_band,lt30_no_detectable_homology,20260923,,,,unresolved_thin_support,0,0.0,0,0,3,archive/logs/R5/gate_retrieval_20260923/retrieval_strata_report.json,6e5dc6b50d952f9aa4c113967ff5c26d3cc23b37c6c29a3766a30faa61e6a0ce,readout_anchor.prollama.contrasts.increment_R_C_P.<seed>.strata.identity_band.bands.lt30_no_detectable_homology
readout_anchor,increment_R_C_P,prollama,depth_band,neff_100_1000,20260923,0.0022379681239720274,-0.022730346466649166,0.025719346309867705,unresolved_interval_crosses_zero,65,70.5146036161335,0,0,3,archive/logs/R5/gate_retrieval_20260923/retrieval_strata_report.json,6e5dc6b50d952f9aa4c113967ff5c26d3cc23b37c6c29a3766a30faa61e6a0ce,readout_anchor.prollama.contrasts.increment_R_C_P.<seed>.strata.depth_band.bands.neff_100_1000
readout_anchor,increment_R_C_P,prollama,depth_band,neff_10_100,20260923,0.019887033689730327,0.0003353827662671326,0.04137701470786644,resolved,64,71.65014577259474,1,0,3,archive/logs/R5/gate_retrieval_20260923/retrieval_strata_report.json,6e5dc6b50d952f9aa4c113967ff5c26d3cc23b37c6c29a3766a30faa61e6a0ce,readout_anchor.prollama.contrasts.increment_R_C_P.<seed>.strata.depth_band.bands.neff_10_100
readout_anchor,increment_R_C_P,prollama,depth_band,neff_ge1000,20260923,-0.0029009313982941184,-0.014530629944309892,0.010879763418042483,unresolved_interval_crosses_zero,13,16.354838709677416,0,0,3,archive/logs/R5/gate_retrieval_20260923/retrieval_strata_report.json,6e5dc6b50d952f9aa4c113967ff5c26d3cc23b37c6c29a3766a30faa61e6a0ce,readout_anchor.prollama.contrasts.increment_R_C_P.<seed>.strata.depth_band.bands.neff_ge1000
readout_anchor,increment_R_C_P,prollama,depth_band,neff_lt10,20260923,0.046528247217551263,0.008261720638228387,0.09569001940589339,resolved,21,21.51219512195124,2,0,3,archive/logs/R5/gate_retrieval_20260923/retrieval_strata_report.json,6e5dc6b50d952f9aa4c113967ff5c26d3cc23b37c6c29a3766a30faa61e6a0ce,readout_anchor.prollama.contrasts.increment_R_C_P.<seed>.strata.depth_band.bands.neff_lt10
readout_anchor,increment_R_C_P,prollama,depth_band,no_homolog_support,20260923,,,,unresolved_thin_support,0,0.0,0,0,3,archive/logs/R5/gate_retrieval_20260923/retrieval_strata_report.json,6e5dc6b50d952f9aa4c113967ff5c26d3cc23b37c6c29a3766a30faa61e6a0ce,readout_anchor.prollama.contrasts.increment_R_C_P.<seed>.strata.depth_band.bands.no_homolog_support
readout_anchor,increment_R_C_P,prollama,source_provenance,source_other,20260923,0.0018550513983815672,-0.003607812391799392,0.007818507140901114,unresolved_interval_crosses_zero,99,115.19294809010768,0,0,3,archive/logs/R5/gate_retrieval_20260923/retrieval_strata_report.json,6e5dc6b50d952f9aa4c113967ff5c26d3cc23b37c6c29a3766a30faa61e6a0ce,readout_anchor.prollama.contrasts.increment_R_C_P.<seed>.strata.source_provenance.bands.source_other
readout_anchor,increment_R_C_P,prollama,source_provenance,source_tsuboyama_2023,20260923,0.033968266861748454,-0.002102258951172194,0.0674520806050146,unresolved_interval_crosses_zero,64,65.18832891246684,0,0,3,archive/logs/R5/gate_retrieval_20260923/retrieval_strata_report.json,6e5dc6b50d952f9aa4c113967ff5c26d3cc23b37c6c29a3766a30faa61e6a0ce,readout_anchor.prollama.contrasts.increment_R_C_P.<seed>.strata.source_provenance.bands.source_tsuboyama_2023
readout_anchor,increment_R_C_P,prollama,family_band,close_multi_member_group,20260923,-0.030632269613306565,-0.056543082654588905,-0.010451656843245878,resolved,11,21.352941176470587,0,3,3,archive/logs/R5/gate_retrieval_20260923/retrieval_strata_report.json,6e5dc6b50d952f9aa4c113967ff5c26d3cc23b37c6c29a3766a30faa61e6a0ce,readout_anchor.prollama.contrasts.increment_R_C_P.<seed>.strata.family_band.bands.close_multi_member_group
readout_anchor,increment_R_C_P,prollama,family_band,remote_singleton_group,20260923,0.017727461403539792,0.002953627145467535,0.03228300789756784,resolved,152,162.41827768014053,2,0,3,archive/logs/R5/gate_retrieval_20260923/retrieval_strata_report.json,6e5dc6b50d952f9aa4c113967ff5c26d3cc23b37c6c29a3766a30faa61e6a0ce,readout_anchor.prollama.contrasts.increment_R_C_P.<seed>.strata.family_band.bands.remote_singleton_group
readout_anchor,increment_R_C_P,prollama-stage-1,full_support,,20260923,0.014082247336017617,0.000556142609825179,0.027964116800560927,resolved,163,179.6214084507042,1,0,3,archive/logs/R5/gate_retrieval_20260923/retrieval_strata_report.json,6e5dc6b50d952f9aa4c113967ff5c26d3cc23b37c6c29a3766a30faa61e6a0ce,readout_anchor.prollama-stage-1.contrasts.increment_R_C_P.<seed>.full_support
readout_anchor,increment_R_C_P,prollama-stage-1,near_duplicate,near_duplicate_absent,20260923,0.02869390331138614,0.002723686334253807,0.05655564131223783,resolved,23,25.190476190476197,1,0,3,archive/logs/R5/gate_retrieval_20260923/retrieval_strata_report.json,6e5dc6b50d952f9aa4c113967ff5c26d3cc23b37c6c29a3766a30faa61e6a0ce,readout_anchor.prollama-stage-1.contrasts.increment_R_C_P.<seed>.strata.near_duplicate.bands.near_duplicate_absent
readout_anchor,increment_R_C_P,prollama-stage-1,near_duplicate,near_duplicate_present,20260923,0.011681760997207071,-0.004192124014469227,0.02701049304196259,unresolved_interval_crosses_zero,140,154.43204202232434,0,0,3,archive/logs/R5/gate_retrieval_20260923/retrieval_strata_report.json,6e5dc6b50d952f9aa4c113967ff5c26d3cc23b37c6c29a3766a30faa61e6a0ce,readout_anchor.prollama-stage-1.contrasts.increment_R_C_P.<seed>.strata.near_duplicate.bands.near_duplicate_present
readout_anchor,increment_R_C_P,prollama-stage-1,identity_band,ge95_near_duplicate,20260923,0.011681760997207071,-0.004192124014469227,0.02701049304196259,unresolved_interval_crosses_zero,140,154.43204202232434,0,0,3,archive/logs/R5/gate_retrieval_20260923/retrieval_strata_report.json,6e5dc6b50d952f9aa4c113967ff5c26d3cc23b37c6c29a3766a30faa61e6a0ce,readout_anchor.prollama-stage-1.contrasts.increment_R_C_P.<seed>.strata.identity_band.bands.ge95_near_duplicate
readout_anchor,increment_R_C_P,prollama-stage-1,identity_band,id30_to_70_remote_homology,20260923,0.01630450146725852,,,unresolved_thin_support,5,5.5555555555555545,0,0,3,archive/logs/R5/gate_retrieval_20260923/retrieval_strata_report.json,6e5dc6b50d952f9aa4c113967ff5c26d3cc23b37c6c29a3766a30faa61e6a0ce,readout_anchor.prollama-stage-1.contrasts.increment_R_C_P.<seed>.strata.identity_band.bands.id30_to_70_remote_homology
readout_anchor,increment_R_C_P,prollama-stage-1,identity_band,id70_to_95_close_homology,20260923,0.03213540382364381,-0.002438778642282289,0.06769637600615257,unresolved_interval_crosses_zero,18,19.636363636363633,0,0,3,archive/logs/R5/gate_retrieval_20260923/retrieval_strata_report.json,6e5dc6b50d952f9aa4c113967ff5c26d3cc23b37c6c29a3766a30faa61e6a0ce,readout_anchor.prollama-stage-1.contrasts.increment_R_C_P.<seed>.strata.identity_band.bands.id70_to_95_close_homology
readout_anchor,increment_R_C_P,prollama-stage-1,identity_band,lt30_no_detectable_homology,20260923,,,,unresolved_thin_support,0,0.0,0,0,3,archive/logs/R5/gate_retrieval_20260923/retrieval_strata_report.json,6e5dc6b50d952f9aa4c113967ff5c26d3cc23b37c6c29a3766a30faa61e6a0ce,readout_anchor.prollama-stage-1.contrasts.increment_R_C_P.<seed>.strata.identity_band.bands.lt30_no_detectable_homology
readout_anchor,increment_R_C_P,prollama-stage-1,depth_band,neff_100_1000,20260923,0.006577225332943638,-0.01708196953026505,0.028877896911983173,unresolved_interval_crosses_zero,65,70.5146036161335,0,0,3,archive/logs/R5/gate_retrieval_20260923/retrieval_strata_report.json,6e5dc6b50d952f9aa4c113967ff5c26d3cc23b37c6c29a3766a30faa61e6a0ce,readout_anchor.prollama-stage-1.contrasts.increment_R_C_P.<seed>.strata.depth_band.bands.neff_100_1000
readout_anchor,increment_R_C_P,prollama-stage-1,depth_band,neff_10_100,20260923,0.018034740442189962,-0.0009082400684446977,0.03777345987769167,unresolved_interval_crosses_zero,64,71.65014577259474,0,0,3,archive/logs/R5/gate_retrieval_20260923/retrieval_strata_report.json,6e5dc6b50d952f9aa4c113967ff5c26d3cc23b37c6c29a3766a30faa61e6a0ce,readout_anchor.prollama-stage-1.contrasts.increment_R_C_P.<seed>.strata.depth_band.bands.neff_10_100
readout_anchor,increment_R_C_P,prollama-stage-1,depth_band,neff_ge1000,20260923,-0.010703630027555693,-0.020375395768416786,-0.001653541532283886,resolved,13,16.354838709677416,0,2,3,archive/logs/R5/gate_retrieval_20260923/retrieval_strata_report.json,6e5dc6b50d952f9aa4c113967ff5c26d3cc23b37c6c29a3766a30faa61e6a0ce,readout_anchor.prollama-stage-1.contrasts.increment_R_C_P.<seed>.strata.depth_band.bands.neff_ge1000
readout_anchor,increment_R_C_P,prollama-stage-1,depth_band,neff_lt10,20260923,0.04061002243750483,0.0011821785284037375,0.09255830375474272,resolved,21,21.51219512195124,1,0,3,archive/logs/R5/gate_retrieval_20260923/retrieval_strata_report.json,6e5dc6b50d952f9aa4c113967ff5c26d3cc23b37c6c29a3766a30faa61e6a0ce,readout_anchor.prollama-stage-1.contrasts.increment_R_C_P.<seed>.strata.depth_band.bands.neff_lt10
readout_anchor,increment_R_C_P,prollama-stage-1,depth_band,no_homolog_support,20260923,,,,unresolved_thin_support,0,0.0,0,0,3,archive/logs/R5/gate_retrieval_20260923/retrieval_strata_report.json,6e5dc6b50d952f9aa4c113967ff5c26d3cc23b37c6c29a3766a30faa61e6a0ce,readout_anchor.prollama-stage-1.contrasts.increment_R_C_P.<seed>.strata.depth_band.bands.no_homolog_support
readout_anchor,increment_R_C_P,prollama-stage-1,source_provenance,source_other,20260923,0.002304635453014483,-0.003196672953224626,0.008503766134202857,unresolved_interval_crosses_zero,99,115.19294809010768,0,0,3,archive/logs/R5/gate_retrieval_20260923/retrieval_strata_report.json,6e5dc6b50d952f9aa4c113967ff5c26d3cc23b37c6c29a3766a30faa61e6a0ce,readout_anchor.prollama-stage-1.contrasts.increment_R_C_P.<seed>.strata.source_provenance.bands.source_other
readout_anchor,increment_R_C_P,prollama-stage-1,source_provenance,source_tsuboyama_2023,20260923,0.03230074071753808,-0.0018811256184903644,0.06505755577688775,unresolved_interval_crosses_zero,64,65.18832891246684,0,0,3,archive/logs/R5/gate_retrieval_20260923/retrieval_strata_report.json,6e5dc6b50d952f9aa4c113967ff5c26d3cc23b37c6c29a3766a30faa61e6a0ce,readout_anchor.prollama-stage-1.contrasts.increment_R_C_P.<seed>.strata.source_provenance.bands.source_tsuboyama_2023
readout_anchor,increment_R_C_P,prollama-stage-1,family_band,close_multi_member_group,20260923,-0.016659707477743983,-0.03164990407807725,-0.003035065073409946,resolved,11,21.352941176470587,0,3,3,archive/logs/R5/gate_retrieval_20260923/retrieval_strata_report.json,6e5dc6b50d952f9aa4c113967ff5c26d3cc23b37c6c29a3766a30faa61e6a0ce,readout_anchor.prollama-stage-1.contrasts.increment_R_C_P.<seed>.strata.family_band.bands.close_multi_member_group
readout_anchor,increment_R_C_P,prollama-stage-1,family_band,remote_singleton_group,20260923,0.016306994065960888,0.001664878179260922,0.030642680619132993,resolved,152,162.41827768014053,1,0,3,archive/logs/R5/gate_retrieval_20260923/retrieval_strata_report.json,6e5dc6b50d952f9aa4c113967ff5c26d3cc23b37c6c29a3766a30faa61e6a0ce,readout_anchor.prollama-stage-1.contrasts.increment_R_C_P.<seed>.strata.family_band.bands.remote_singleton_group
readout_anchor,increment_R_C_P,proteinglm-7b-clm,full_support,,20260923,0.05347307017268559,0.04008499993079251,0.067779147294272,resolved,163,179.6214084507042,3,0,3,archive/logs/R5/gate_retrieval_20260923/retrieval_strata_report.json,6e5dc6b50d952f9aa4c113967ff5c26d3cc23b37c6c29a3766a30faa61e6a0ce,readout_anchor.proteinglm-7b-clm.contrasts.increment_R_C_P.<seed>.full_support
readout_anchor,increment_R_C_P,proteinglm-7b-clm,near_duplicate,near_duplicate_absent,20260923,0.05273598184820753,0.023724948422078996,0.08236695520001472,resolved,23,25.190476190476197,2,0,3,archive/logs/R5/gate_retrieval_20260923/retrieval_strata_report.json,6e5dc6b50d952f9aa4c113967ff5c26d3cc23b37c6c29a3766a30faa61e6a0ce,readout_anchor.proteinglm-7b-clm.contrasts.increment_R_C_P.<seed>.strata.near_duplicate.bands.near_duplicate_absent
readout_anchor,increment_R_C_P,proteinglm-7b-clm,near_duplicate,near_duplicate_present,20260923,0.053594163254564134,0.038905516770817494,0.07048743579847787,resolved,140,154.43204202232434,3,0,3,archive/logs/R5/gate_retrieval_20260923/retrieval_strata_report.json,6e5dc6b50d952f9aa4c113967ff5c26d3cc23b37c6c29a3766a30faa61e6a0ce,readout_anchor.proteinglm-7b-clm.contrasts.increment_R_C_P.<seed>.strata.near_duplicate.bands.near_duplicate_present
readout_anchor,increment_R_C_P,proteinglm-7b-clm,identity_band,ge95_near_duplicate,20260923,0.053594163254564134,0.038905516770817494,0.07048743579847787,resolved,140,154.43204202232434,3,0,3,archive/logs/R5/gate_retrieval_20260923/retrieval_strata_report.json,6e5dc6b50d952f9aa4c113967ff5c26d3cc23b37c6c29a3766a30faa61e6a0ce,readout_anchor.proteinglm-7b-clm.contrasts.increment_R_C_P.<seed>.strata.identity_band.bands.ge95_near_duplicate
readout_anchor,increment_R_C_P,proteinglm-7b-clm,identity_band,id30_to_70_remote_homology,20260923,0.03586975100982322,,,unresolved_thin_support,5,5.5555555555555545,0,0,3,archive/logs/R5/gate_retrieval_20260923/retrieval_strata_report.json,6e5dc6b50d952f9aa4c113967ff5c26d3cc23b37c6c29a3766a30faa61e6a0ce,readout_anchor.proteinglm-7b-clm.contrasts.increment_R_C_P.<seed>.strata.identity_band.bands.id30_to_70_remote_homology
readout_anchor,increment_R_C_P,proteinglm-7b-clm,identity_band,id70_to_95_close_homology,20260923,0.057421045969980954,0.019185740955163528,0.09395603029756681,resolved,18,19.636363636363633,2,0,3,archive/logs/R5/gate_retrieval_20260923/retrieval_strata_report.json,6e5dc6b50d952f9aa4c113967ff5c26d3cc23b37c6c29a3766a30faa61e6a0ce,readout_anchor.proteinglm-7b-clm.contrasts.increment_R_C_P.<seed>.strata.identity_band.bands.id70_to_95_close_homology
readout_anchor,increment_R_C_P,proteinglm-7b-clm,identity_band,lt30_no_detectable_homology,20260923,,,,unresolved_thin_support,0,0.0,0,0,3,archive/logs/R5/gate_retrieval_20260923/retrieval_strata_report.json,6e5dc6b50d952f9aa4c113967ff5c26d3cc23b37c6c29a3766a30faa61e6a0ce,readout_anchor.proteinglm-7b-clm.contrasts.increment_R_C_P.<seed>.strata.identity_band.bands.lt30_no_detectable_homology
readout_anchor,increment_R_C_P,proteinglm-7b-clm,depth_band,neff_100_1000,20260923,0.0623896405716,0.04439644778344666,0.08221814487083297,resolved,65,70.5146036161335,3,0,3,archive/logs/R5/gate_retrieval_20260923/retrieval_strata_report.json,6e5dc6b50d952f9aa4c113967ff5c26d3cc23b37c6c29a3766a30faa61e6a0ce,readout_anchor.proteinglm-7b-clm.contrasts.increment_R_C_P.<seed>.strata.depth_band.bands.neff_100_1000
readout_anchor,increment_R_C_P,proteinglm-7b-clm,depth_band,neff_10_100,20260923,0.04846780572364476,0.029361052897867033,0.0683518821524395,resolved,64,71.65014577259474,3,0,3,archive/logs/R5/gate_retrieval_20260923/retrieval_strata_report.json,6e5dc6b50d952f9aa4c113967ff5c26d3cc23b37c6c29a3766a30faa61e6a0ce,readout_anchor.proteinglm-7b-clm.contrasts.increment_R_C_P.<seed>.strata.depth_band.bands.neff_10_100
readout_anchor,increment_R_C_P,proteinglm-7b-clm,depth_band,neff_ge1000,20260923,0.014807332274945227,-0.017608059616846826,0.04188079824810418,unresolved_interval_crosses_zero,13,16.354838709677416,0,0,3,archive/logs/R5/gate_retrieval_20260923/retrieval_strata_report.json,6e5dc6b50d952f9aa4c113967ff5c26d3cc23b37c6c29a3766a30faa61e6a0ce,readout_anchor.proteinglm-7b-clm.contrasts.increment_R_C_P.<seed>.strata.depth_band.bands.neff_ge1000
readout_anchor,increment_R_C_P,proteinglm-7b-clm,depth_band,neff_lt10,20260923,0.06506423405267617,-0.0004725659315076412,0.13994148980745078,unresolved_interval_crosses_zero,21,21.51219512195124,1,0,3,archive/logs/R5/gate_retrieval_20260923/retrieval_strata_report.json,6e5dc6b50d952f9aa4c113967ff5c26d3cc23b37c6c29a3766a30faa61e6a0ce,readout_anchor.proteinglm-7b-clm.contrasts.increment_R_C_P.<seed>.strata.depth_band.bands.neff_lt10
readout_anchor,increment_R_C_P,proteinglm-7b-clm,depth_band,no_homolog_support,20260923,,,,unresolved_thin_support,0,0.0,0,0,3,archive/logs/R5/gate_retrieval_20260923/retrieval_strata_report.json,6e5dc6b50d952f9aa4c113967ff5c26d3cc23b37c6c29a3766a30faa61e6a0ce,readout_anchor.proteinglm-7b-clm.contrasts.increment_R_C_P.<seed>.strata.depth_band.bands.no_homolog_support
readout_anchor,increment_R_C_P,proteinglm-7b-clm,source_provenance,source_other,20260923,0.027924133663022255,0.015726598454628715,0.04017705645396571,resolved,99,115.19294809010768,3,0,3,archive/logs/R5/gate_retrieval_20260923/retrieval_strata_report.json,6e5dc6b50d952f9aa4c113967ff5c26d3cc23b37c6c29a3766a30faa61e6a0ce,readout_anchor.proteinglm-7b-clm.contrasts.increment_R_C_P.<seed>.strata.source_provenance.bands.source_other
readout_anchor,increment_R_C_P,proteinglm-7b-clm,source_provenance,source_tsuboyama_2023,20260923,0.09299408133607105,0.06560273152725778,0.1220275666036648,resolved,64,65.18832891246684,3,0,3,archive/logs/R5/gate_retrieval_20260923/retrieval_strata_report.json,6e5dc6b50d952f9aa4c113967ff5c26d3cc23b37c6c29a3766a30faa61e6a0ce,readout_anchor.proteinglm-7b-clm.contrasts.increment_R_C_P.<seed>.strata.source_provenance.bands.source_tsuboyama_2023
readout_anchor,increment_R_C_P,proteinglm-7b-clm,family_band,close_multi_member_group,20260923,0.023180974011619036,0.009433437088324378,0.03608037472226594,resolved,11,21.352941176470587,2,0,3,archive/logs/R5/gate_retrieval_20260923/retrieval_strata_report.json,6e5dc6b50d952f9aa4c113967ff5c26d3cc23b37c6c29a3766a30faa61e6a0ce,readout_anchor.proteinglm-7b-clm.contrasts.increment_R_C_P.<seed>.strata.family_band.bands.close_multi_member_group
readout_anchor,increment_R_C_P,proteinglm-7b-clm,family_band,remote_singleton_group,20260923,0.05566526134223646,0.041073758240283705,0.0711136803798683,resolved,152,162.41827768014053,3,0,3,archive/logs/R5/gate_retrieval_20260923/retrieval_strata_report.json,6e5dc6b50d952f9aa4c113967ff5c26d3cc23b37c6c29a3766a30faa61e6a0ce,readout_anchor.proteinglm-7b-clm.contrasts.increment_R_C_P.<seed>.strata.family_band.bands.remote_singleton_group
readout_anchor,increment_R_C_P,protgpt2,full_support,,20260923,0.024394231328886375,0.013372101758745696,0.03667368788565711,resolved,163,179.6214084507042,3,0,3,archive/logs/R5/gate_retrieval_20260923/retrieval_strata_report.json,6e5dc6b50d952f9aa4c113967ff5c26d3cc23b37c6c29a3766a30faa61e6a0ce,readout_anchor.protgpt2.contrasts.increment_R_C_P.<seed>.full_support
readout_anchor,increment_R_C_P,protgpt2,near_duplicate,near_duplicate_absent,20260923,0.009513548562637187,-0.00935526056124834,0.03024374155225327,unresolved_interval_crosses_zero,23,25.190476190476197,0,0,3,archive/logs/R5/gate_retrieval_20260923/retrieval_strata_report.json,6e5dc6b50d952f9aa4c113967ff5c26d3cc23b37c6c29a3766a30faa61e6a0ce,readout_anchor.protgpt2.contrasts.increment_R_C_P.<seed>.strata.near_duplicate.bands.near_duplicate_absent
readout_anchor,increment_R_C_P,protgpt2,near_duplicate,near_duplicate_present,20260923,0.026838914926198738,0.01414742222676361,0.040390144703774875,resolved,140,154.43204202232434,3,0,3,archive/logs/R5/gate_retrieval_20260923/retrieval_strata_report.json,6e5dc6b50d952f9aa4c113967ff5c26d3cc23b37c6c29a3766a30faa61e6a0ce,readout_anchor.protgpt2.contrasts.increment_R_C_P.<seed>.strata.near_duplicate.bands.near_duplicate_present
readout_anchor,increment_R_C_P,protgpt2,identity_band,ge95_near_duplicate,20260923,0.026838914926198738,0.01414742222676361,0.040390144703774875,resolved,140,154.43204202232434,3,0,3,archive/logs/R5/gate_retrieval_20260923/retrieval_strata_report.json,6e5dc6b50d952f9aa4c113967ff5c26d3cc23b37c6c29a3766a30faa61e6a0ce,readout_anchor.protgpt2.contrasts.increment_R_C_P.<seed>.strata.identity_band.bands.ge95_near_duplicate
readout_anchor,increment_R_C_P,protgpt2,identity_band,id30_to_70_remote_homology,20260923,0.021342534619230302,,,unresolved_thin_support,5,5.5555555555555545,0,0,3,archive/logs/R5/gate_retrieval_20260923/retrieval_strata_report.json,6e5dc6b50d952f9aa4c113967ff5c26d3cc23b37c6c29a3766a30faa61e6a0ce,readout_anchor.protgpt2.contrasts.increment_R_C_P.<seed>.strata.identity_band.bands.id30_to_70_remote_homology
readout_anchor,increment_R_C_P,protgpt2,identity_band,id70_to_95_close_homology,20260923,0.006227719102472434,-0.016945007776938494,0.029586816363567123,unresolved_interval_crosses_zero,18,19.636363636363633,0,0,3,archive/logs/R5/gate_retrieval_20260923/retrieval_strata_report.json,6e5dc6b50d952f9aa4c113967ff5c26d3cc23b37c6c29a3766a30faa61e6a0ce,readout_anchor.protgpt2.contrasts.increment_R_C_P.<seed>.strata.identity_band.bands.id70_to_95_close_homology
readout_anchor,increment_R_C_P,protgpt2,identity_band,lt30_no_detectable_homology,20260923,,,,unresolved_thin_support,0,0.0,0,0,3,archive/logs/R5/gate_retrieval_20260923/retrieval_strata_report.json,6e5dc6b50d952f9aa4c113967ff5c26d3cc23b37c6c29a3766a30faa61e6a0ce,readout_anchor.protgpt2.contrasts.increment_R_C_P.<seed>.strata.identity_band.bands.lt30_no_detectable_homology
readout_anchor,increment_R_C_P,protgpt2,depth_band,neff_100_1000,20260923,0.023338419451984484,0.00860320436605225,0.04013114759864192,resolved,65,70.5146036161335,2,0,3,archive/logs/R5/gate_retrieval_20260923/retrieval_strata_report.json,6e5dc6b50d952f9aa4c113967ff5c26d3cc23b37c6c29a3766a30faa61e6a0ce,readout_anchor.protgpt2.contrasts.increment_R_C_P.<seed>.strata.depth_band.bands.neff_100_1000
readout_anchor,increment_R_C_P,protgpt2,depth_band,neff_10_100,20260923,0.022432720406320446,0.0025731238957361095,0.04378791347367798,resolved,64,71.65014577259474,2,0,3,archive/logs/R5/gate_retrieval_20260923/retrieval_strata_report.json,6e5dc6b50d952f9aa4c113967ff5c26d3cc23b37c6c29a3766a30faa61e6a0ce,readout_anchor.protgpt2.contrasts.increment_R_C_P.<seed>.strata.depth_band.bands.neff_10_100
readout_anchor,increment_R_C_P,protgpt2,depth_band,neff_ge1000,20260923,-0.004393829744190945,-0.022431967230293132,0.01512318558306997,unresolved_interval_crosses_zero,13,16.354838709677416,0,0,3,archive/logs/R5/gate_retrieval_20260923/retrieval_strata_report.json,6e5dc6b50d952f9aa4c113967ff5c26d3cc23b37c6c29a3766a30faa61e6a0ce,readout_anchor.protgpt2.contrasts.increment_R_C_P.<seed>.strata.depth_band.bands.neff_ge1000
readout_anchor,increment_R_C_P,protgpt2,depth_band,neff_lt10,20260923,0.051461339185688605,0.019366756245266667,0.08892075355219986,resolved,21,21.51219512195124,2,0,3,archive/logs/R5/gate_retrieval_20260923/retrieval_strata_report.json,6e5dc6b50d952f9aa4c113967ff5c26d3cc23b37c6c29a3766a30faa61e6a0ce,readout_anchor.protgpt2.contrasts.increment_R_C_P.<seed>.strata.depth_band.bands.neff_lt10
readout_anchor,increment_R_C_P,protgpt2,depth_band,no_homolog_support,20260923,,,,unresolved_thin_support,0,0.0,0,0,3,archive/logs/R5/gate_retrieval_20260923/retrieval_strata_report.json,6e5dc6b50d952f9aa4c113967ff5c26d3cc23b37c6c29a3766a30faa61e6a0ce,readout_anchor.protgpt2.contrasts.increment_R_C_P.<seed>.strata.depth_band.bands.no_homolog_support
readout_anchor,increment_R_C_P,protgpt2,source_provenance,source_other,20260923,0.006358890244765835,-0.0001843301848235274,0.012847759696141514,unresolved_interval_crosses_zero,99,115.19294809010768,0,0,3,archive/logs/R5/gate_retrieval_20260923/retrieval_strata_report.json,6e5dc6b50d952f9aa4c113967ff5c26d3cc23b37c6c29a3766a30faa61e6a0ce,readout_anchor.protgpt2.contrasts.increment_R_C_P.<seed>.strata.source_provenance.bands.source_other
readout_anchor,increment_R_C_P,protgpt2,source_provenance,source_tsuboyama_2023,20260923,0.05229264956838533,0.027232031686677562,0.07751165484176144,resolved,64,65.18832891246684,3,0,3,archive/logs/R5/gate_retrieval_20260923/retrieval_strata_report.json,6e5dc6b50d952f9aa4c113967ff5c26d3cc23b37c6c29a3766a30faa61e6a0ce,readout_anchor.protgpt2.contrasts.increment_R_C_P.<seed>.strata.source_provenance.bands.source_tsuboyama_2023
readout_anchor,increment_R_C_P,protgpt2,family_band,close_multi_member_group,20260923,-0.00945258891215227,-0.026309415056376993,0.009355383567030926,unresolved_interval_crosses_zero,11,21.352941176470587,0,0,3,archive/logs/R5/gate_retrieval_20260923/retrieval_strata_report.json,6e5dc6b50d952f9aa4c113967ff5c26d3cc23b37c6c29a3766a30faa61e6a0ce,readout_anchor.protgpt2.contrasts.increment_R_C_P.<seed>.strata.family_band.bands.close_multi_member_group
readout_anchor,increment_R_C_P,protgpt2,family_band,remote_singleton_group,20260923,0.02684367226738259,0.014974319362851526,0.03895674886922704,resolved,152,162.41827768014053,3,0,3,archive/logs/R5/gate_retrieval_20260923/retrieval_strata_report.json,6e5dc6b50d952f9aa4c113967ff5c26d3cc23b37c6c29a3766a30faa61e6a0ce,readout_anchor.protgpt2.contrasts.increment_R_C_P.<seed>.strata.family_band.bands.remote_singleton_group
readout_anchor,increment_R_C_P,protgpt3-1.3b,full_support,,20260923,0.018262347815839373,0.006535525311792397,0.03024696406989969,resolved,163,179.6214084507042,3,0,3,archive/logs/R5/gate_retrieval_20260923/retrieval_strata_report.json,6e5dc6b50d952f9aa4c113967ff5c26d3cc23b37c6c29a3766a30faa61e6a0ce,readout_anchor.protgpt3-1.3b.contrasts.increment_R_C_P.<seed>.full_support
readout_anchor,increment_R_C_P,protgpt3-1.3b,near_duplicate,near_duplicate_absent,20260923,0.03226120554551917,0.008117302144039974,0.057111230742911544,resolved,23,25.190476190476197,2,0,3,archive/logs/R5/gate_retrieval_20260923/retrieval_strata_report.json,6e5dc6b50d952f9aa4c113967ff5c26d3cc23b37c6c29a3766a30faa61e6a0ce,readout_anchor.protgpt3-1.3b.contrasts.increment_R_C_P.<seed>.strata.near_duplicate.bands.near_duplicate_absent
readout_anchor,increment_R_C_P,protgpt3-1.3b,near_duplicate,near_duplicate_present,20260923,0.015962535474534835,0.002978859730469696,0.030044384785261575,resolved,140,154.43204202232434,3,0,3,archive/logs/R5/gate_retrieval_20260923/retrieval_strata_report.json,6e5dc6b50d952f9aa4c113967ff5c26d3cc23b37c6c29a3766a30faa61e6a0ce,readout_anchor.protgpt3-1.3b.contrasts.increment_R_C_P.<seed>.strata.near_duplicate.bands.near_duplicate_present
readout_anchor,increment_R_C_P,protgpt3-1.3b,identity_band,ge95_near_duplicate,20260923,0.015962535474534835,0.002978859730469696,0.030044384785261575,resolved,140,154.43204202232434,3,0,3,archive/logs/R5/gate_retrieval_20260923/retrieval_strata_report.json,6e5dc6b50d952f9aa4c113967ff5c26d3cc23b37c6c29a3766a30faa61e6a0ce,readout_anchor.protgpt3-1.3b.contrasts.increment_R_C_P.<seed>.strata.identity_band.bands.ge95_near_duplicate
readout_anchor,increment_R_C_P,protgpt3-1.3b,identity_band,id30_to_70_remote_homology,20260923,0.015077068865753695,,,unresolved_thin_support,5,5.5555555555555545,0,0,3,archive/logs/R5/gate_retrieval_20260923/retrieval_strata_report.json,6e5dc6b50d952f9aa4c113967ff5c26d3cc23b37c6c29a3766a30faa61e6a0ce,readout_anchor.protgpt3-1.3b.contrasts.increment_R_C_P.<seed>.strata.identity_band.bands.id30_to_70_remote_homology
readout_anchor,increment_R_C_P,protgpt3-1.3b,identity_band,id70_to_95_close_homology,20260923,0.03703457684545403,0.008069571943663343,0.06661926473846659,resolved,18,19.636363636363633,2,0,3,archive/logs/R5/gate_retrieval_20260923/retrieval_strata_report.json,6e5dc6b50d952f9aa4c113967ff5c26d3cc23b37c6c29a3766a30faa61e6a0ce,readout_anchor.protgpt3-1.3b.contrasts.increment_R_C_P.<seed>.strata.identity_band.bands.id70_to_95_close_homology
readout_anchor,increment_R_C_P,protgpt3-1.3b,identity_band,lt30_no_detectable_homology,20260923,,,,unresolved_thin_support,0,0.0,0,0,3,archive/logs/R5/gate_retrieval_20260923/retrieval_strata_report.json,6e5dc6b50d952f9aa4c113967ff5c26d3cc23b37c6c29a3766a30faa61e6a0ce,readout_anchor.protgpt3-1.3b.contrasts.increment_R_C_P.<seed>.strata.identity_band.bands.lt30_no_detectable_homology
readout_anchor,increment_R_C_P,protgpt3-1.3b,depth_band,neff_100_1000,20260923,0.02027833771948203,0.0016373938671830333,0.04047493519764524,resolved,65,70.5146036161335,2,0,3,archive/logs/R5/gate_retrieval_20260923/retrieval_strata_report.json,6e5dc6b50d952f9aa4c113967ff5c26d3cc23b37c6c29a3766a30faa61e6a0ce,readout_anchor.protgpt3-1.3b.contrasts.increment_R_C_P.<seed>.strata.depth_band.bands.neff_100_1000
readout_anchor,increment_R_C_P,protgpt3-1.3b,depth_band,neff_10_100,20260923,0.015844297846989427,-0.0012583908754729186,0.034320587418708595,unresolved_interval_crosses_zero,64,71.65014577259474,1,0,3,archive/logs/R5/gate_retrieval_20260923/retrieval_strata_report.json,6e5dc6b50d952f9aa4c113967ff5c26d3cc23b37c6c29a3766a30faa61e6a0ce,readout_anchor.protgpt3-1.3b.contrasts.increment_R_C_P.<seed>.strata.depth_band.bands.neff_10_100
readout_anchor,increment_R_C_P,protgpt3-1.3b,depth_band,neff_ge1000,20260923,-0.003317344875006808,-0.01866394509674666,0.012995946575828922,unresolved_interval_crosses_zero,13,16.354838709677416,0,0,3,archive/logs/R5/gate_retrieval_20260923/retrieval_strata_report.json,6e5dc6b50d952f9aa4c113967ff5c26d3cc23b37c6c29a3766a30faa61e6a0ce,readout_anchor.protgpt3-1.3b.contrasts.increment_R_C_P.<seed>.strata.depth_band.bands.neff_ge1000
readout_anchor,increment_R_C_P,protgpt3-1.3b,depth_band,neff_lt10,20260923,0.03275053158967862,-0.005382819928038495,0.0742841396477698,unresolved_interval_crosses_zero,21,21.51219512195124,0,0,3,archive/logs/R5/gate_retrieval_20260923/retrieval_strata_report.json,6e5dc6b50d952f9aa4c113967ff5c26d3cc23b37c6c29a3766a30faa61e6a0ce,readout_anchor.protgpt3-1.3b.contrasts.increment_R_C_P.<seed>.strata.depth_band.bands.neff_lt10
readout_anchor,increment_R_C_P,protgpt3-1.3b,depth_band,no_homolog_support,20260923,,,,unresolved_thin_support,0,0.0,0,0,3,archive/logs/R5/gate_retrieval_20260923/retrieval_strata_report.json,6e5dc6b50d952f9aa4c113967ff5c26d3cc23b37c6c29a3766a30faa61e6a0ce,readout_anchor.protgpt3-1.3b.contrasts.increment_R_C_P.<seed>.strata.depth_band.bands.no_homolog_support
readout_anchor,increment_R_C_P,protgpt3-1.3b,source_provenance,source_other,20260923,0.0013585233646574608,-0.005378648824060332,0.008375546993077165,unresolved_interval_crosses_zero,99,115.19294809010768,0,0,3,archive/logs/R5/gate_retrieval_20260923/retrieval_strata_report.json,6e5dc6b50d952f9aa4c113967ff5c26d3cc23b37c6c29a3766a30faa61e6a0ce,readout_anchor.protgpt3-1.3b.contrasts.increment_R_C_P.<seed>.strata.source_provenance.bands.source_other
readout_anchor,increment_R_C_P,protgpt3-1.3b,source_provenance,source_tsuboyama_2023,20260923,0.04441045126376139,0.0169262501240766,0.07162449402556242,resolved,64,65.18832891246684,3,0,3,archive/logs/R5/gate_retrieval_20260923/retrieval_strata_report.json,6e5dc6b50d952f9aa4c113967ff5c26d3cc23b37c6c29a3766a30faa61e6a0ce,readout_anchor.protgpt3-1.3b.contrasts.increment_R_C_P.<seed>.strata.source_provenance.bands.source_tsuboyama_2023
readout_anchor,increment_R_C_P,protgpt3-1.3b,family_band,close_multi_member_group,20260923,-0.01976392359934406,-0.03868091650804964,-0.004586223221270876,resolved,11,21.352941176470587,0,3,3,archive/logs/R5/gate_retrieval_20260923/retrieval_strata_report.json,6e5dc6b50d952f9aa4c113967ff5c26d3cc23b37c6c29a3766a30faa61e6a0ce,readout_anchor.protgpt3-1.3b.contrasts.increment_R_C_P.<seed>.strata.family_band.bands.close_multi_member_group
readout_anchor,increment_R_C_P,protgpt3-1.3b,family_band,remote_singleton_group,20260923,0.02101424903667502,0.009174647639045705,0.03353064877130756,resolved,152,162.41827768014053,3,0,3,archive/logs/R5/gate_retrieval_20260923/retrieval_strata_report.json,6e5dc6b50d952f9aa4c113967ff5c26d3cc23b37c6c29a3766a30faa61e6a0ce,readout_anchor.protgpt3-1.3b.contrasts.increment_R_C_P.<seed>.strata.family_band.bands.remote_singleton_group
readout_anchor,increment_R_C_P,qwen2.5-0.5b,full_support,,20260923,-0.006359444687312171,-0.01388306599778394,0.0010410812207464416,unresolved_interval_crosses_zero,163,179.6214084507042,0,2,3,archive/logs/R5/gate_retrieval_20260923/retrieval_strata_report.json,6e5dc6b50d952f9aa4c113967ff5c26d3cc23b37c6c29a3766a30faa61e6a0ce,readout_anchor.qwen2.5-0.5b.contrasts.increment_R_C_P.<seed>.full_support
readout_anchor,increment_R_C_P,qwen2.5-0.5b,near_duplicate,near_duplicate_absent,20260923,-0.024340082037599603,-0.04976480158937011,0.00025800781004612305,unresolved_interval_crosses_zero,23,25.190476190476197,0,1,3,archive/logs/R5/gate_retrieval_20260923/retrieval_strata_report.json,6e5dc6b50d952f9aa4c113967ff5c26d3cc23b37c6c29a3766a30faa61e6a0ce,readout_anchor.qwen2.5-0.5b.contrasts.increment_R_C_P.<seed>.strata.near_duplicate.bands.near_duplicate_absent
readout_anchor,increment_R_C_P,qwen2.5-0.5b,near_duplicate,near_duplicate_present,20260923,-0.003405482836907806,-0.010712326073500457,0.00379582529174132,unresolved_interval_crosses_zero,140,154.43204202232434,0,1,3,archive/logs/R5/gate_retrieval_20260923/retrieval_strata_report.json,6e5dc6b50d952f9aa4c113967ff5c26d3cc23b37c6c29a3766a30faa61e6a0ce,readout_anchor.qwen2.5-0.5b.contrasts.increment_R_C_P.<seed>.strata.near_duplicate.bands.near_duplicate_present
readout_anchor,increment_R_C_P,qwen2.5-0.5b,identity_band,ge95_near_duplicate,20260923,-0.003405482836907806,-0.010712326073500457,0.00379582529174132,unresolved_interval_crosses_zero,140,154.43204202232434,0,1,3,archive/logs/R5/gate_retrieval_20260923/retrieval_strata_report.json,6e5dc6b50d952f9aa4c113967ff5c26d3cc23b37c6c29a3766a30faa61e6a0ce,readout_anchor.qwen2.5-0.5b.contrasts.increment_R_C_P.<seed>.strata.identity_band.bands.ge95_near_duplicate
readout_anchor,increment_R_C_P,qwen2.5-0.5b,identity_band,id30_to_70_remote_homology,20260923,-0.01716832587724404,,,unresolved_thin_support,5,5.5555555555555545,0,0,3,archive/logs/R5/gate_retrieval_20260923/retrieval_strata_report.json,6e5dc6b50d952f9aa4c113967ff5c26d3cc23b37c6c29a3766a30faa61e6a0ce,readout_anchor.qwen2.5-0.5b.contrasts.increment_R_C_P.<seed>.strata.identity_band.bands.id30_to_70_remote_homology
readout_anchor,increment_R_C_P,qwen2.5-0.5b,identity_band,id70_to_95_close_homology,20260923,-0.02633223652658727,-0.05760990936538879,0.0015157630006162838,unresolved_interval_crosses_zero,18,19.636363636363633,0,1,3,archive/logs/R5/gate_retrieval_20260923/retrieval_strata_report.json,6e5dc6b50d952f9aa4c113967ff5c26d3cc23b37c6c29a3766a30faa61e6a0ce,readout_anchor.qwen2.5-0.5b.contrasts.increment_R_C_P.<seed>.strata.identity_band.bands.id70_to_95_close_homology
readout_anchor,increment_R_C_P,qwen2.5-0.5b,identity_band,lt30_no_detectable_homology,20260923,,,,unresolved_thin_support,0,0.0,0,0,3,archive/logs/R5/gate_retrieval_20260923/retrieval_strata_report.json,6e5dc6b50d952f9aa4c113967ff5c26d3cc23b37c6c29a3766a30faa61e6a0ce,readout_anchor.qwen2.5-0.5b.contrasts.increment_R_C_P.<seed>.strata.identity_band.bands.lt30_no_detectable_homology
readout_anchor,increment_R_C_P,qwen2.5-0.5b,depth_band,neff_100_1000,20260923,-0.008148236335136191,-0.020868942880698724,0.004781224381348776,unresolved_interval_crosses_zero,65,70.5146036161335,0,2,3,archive/logs/R5/gate_retrieval_20260923/retrieval_strata_report.json,6e5dc6b50d952f9aa4c113967ff5c26d3cc23b37c6c29a3766a30faa61e6a0ce,readout_anchor.qwen2.5-0.5b.contrasts.increment_R_C_P.<seed>.strata.depth_band.bands.neff_100_1000
readout_anchor,increment_R_C_P,qwen2.5-0.5b,depth_band,neff_10_100,20260923,-0.006439582759578951,-0.017240121106903622,0.0046485082367079536,unresolved_interval_crosses_zero,64,71.65014577259474,0,0,3,archive/logs/R5/gate_retrieval_20260923/retrieval_strata_report.json,6e5dc6b50d952f9aa4c113967ff5c26d3cc23b37c6c29a3766a30faa61e6a0ce,readout_anchor.qwen2.5-0.5b.contrasts.increment_R_C_P.<seed>.strata.depth_band.bands.neff_10_100
readout_anchor,increment_R_C_P,qwen2.5-0.5b,depth_band,neff_ge1000,20260923,-0.01088339068073859,-0.01830871528574437,-0.004480070474686834,resolved,13,16.354838709677416,0,2,3,archive/logs/R5/gate_retrieval_20260923/retrieval_strata_report.json,6e5dc6b50d952f9aa4c113967ff5c26d3cc23b37c6c29a3766a30faa61e6a0ce,readout_anchor.qwen2.5-0.5b.contrasts.increment_R_C_P.<seed>.strata.depth_band.bands.neff_ge1000
readout_anchor,increment_R_C_P,qwen2.5-0.5b,depth_band,neff_lt10,20260923,0.0022220596768868124,-0.0210690239169446,0.020771685411244058,unresolved_interval_crosses_zero,21,21.51219512195124,0,0,3,archive/logs/R5/gate_retrieval_20260923/retrieval_strata_report.json,6e5dc6b50d952f9aa4c113967ff5c26d3cc23b37c6c29a3766a30faa61e6a0ce,readout_anchor.qwen2.5-0.5b.contrasts.increment_R_C_P.<seed>.strata.depth_band.bands.neff_lt10
readout_anchor,increment_R_C_P,qwen2.5-0.5b,depth_band,no_homolog_support,20260923,,,,unresolved_thin_support,0,0.0,0,0,3,archive/logs/R5/gate_retrieval_20260923/retrieval_strata_report.json,6e5dc6b50d952f9aa4c113967ff5c26d3cc23b37c6c29a3766a30faa61e6a0ce,readout_anchor.qwen2.5-0.5b.contrasts.increment_R_C_P.<seed>.strata.depth_band.bands.no_homolog_support
readout_anchor,increment_R_C_P,qwen2.5-0.5b,source_provenance,source_other,20260923,-0.0011751331130618974,-0.004992350735900812,0.0027791571201184456,unresolved_interval_crosses_zero,99,115.19294809010768,0,1,3,archive/logs/R5/gate_retrieval_20260923/retrieval_strata_report.json,6e5dc6b50d952f9aa4c113967ff5c26d3cc23b37c6c29a3766a30faa61e6a0ce,readout_anchor.qwen2.5-0.5b.contrasts.increment_R_C_P.<seed>.strata.source_provenance.bands.source_other
readout_anchor,increment_R_C_P,qwen2.5-0.5b,source_provenance,source_tsuboyama_2023,20260923,-0.014378926653730561,-0.031695308289096766,0.0029363096131909097,unresolved_interval_crosses_zero,64,65.18832891246684,0,1,3,archive/logs/R5/gate_retrieval_20260923/retrieval_strata_report.json,6e5dc6b50d952f9aa4c113967ff5c26d3cc23b37c6c29a3766a30faa61e6a0ce,readout_anchor.qwen2.5-0.5b.contrasts.increment_R_C_P.<seed>.strata.source_provenance.bands.source_tsuboyama_2023
readout_anchor,increment_R_C_P,qwen2.5-0.5b,family_band,close_multi_member_group,20260923,-0.013787201480425086,-0.02144709589472299,-0.006638312102147865,resolved,11,21.352941176470587,0,2,3,archive/logs/R5/gate_retrieval_20260923/retrieval_strata_report.json,6e5dc6b50d952f9aa4c113967ff5c26d3cc23b37c6c29a3766a30faa61e6a0ce,readout_anchor.qwen2.5-0.5b.contrasts.increment_R_C_P.<seed>.strata.family_band.bands.close_multi_member_group
readout_anchor,increment_R_C_P,qwen2.5-0.5b,family_band,remote_singleton_group,20260923,-0.005821909656231631,-0.013700618039995428,0.0017424579058653825,unresolved_interval_crosses_zero,152,162.41827768014053,0,1,3,archive/logs/R5/gate_retrieval_20260923/retrieval_strata_report.json,6e5dc6b50d952f9aa4c113967ff5c26d3cc23b37c6c29a3766a30faa61e6a0ce,readout_anchor.qwen2.5-0.5b.contrasts.increment_R_C_P.<seed>.strata.family_band.bands.remote_singleton_group
readout_anchor,increment_R_C_P,qwen2.5-0.5b-instruct,full_support,,20260923,-0.007654622746545733,-0.014910209426392998,-0.000792275374752763,resolved,163,179.6214084507042,0,3,3,archive/logs/R5/gate_retrieval_20260923/retrieval_strata_report.json,6e5dc6b50d952f9aa4c113967ff5c26d3cc23b37c6c29a3766a30faa61e6a0ce,readout_anchor.qwen2.5-0.5b-instruct.contrasts.increment_R_C_P.<seed>.full_support
readout_anchor,increment_R_C_P,qwen2.5-0.5b-instruct,near_duplicate,near_duplicate_absent,20260923,-0.008744864580064933,-0.02524570107294005,0.008057105937920547,unresolved_interval_crosses_zero,23,25.190476190476197,0,0,3,archive/logs/R5/gate_retrieval_20260923/retrieval_strata_report.json,6e5dc6b50d952f9aa4c113967ff5c26d3cc23b37c6c29a3766a30faa61e6a0ce,readout_anchor.qwen2.5-0.5b-instruct.contrasts.increment_R_C_P.<seed>.strata.near_duplicate.bands.near_duplicate_absent
readout_anchor,increment_R_C_P,qwen2.5-0.5b-instruct,near_duplicate,near_duplicate_present,20260923,-0.007475511588181863,-0.015182064470238763,-0.0002636660144905723,resolved,140,154.43204202232434,0,3,3,archive/logs/R5/gate_retrieval_20260923/retrieval_strata_report.json,6e5dc6b50d952f9aa4c113967ff5c26d3cc23b37c6c29a3766a30faa61e6a0ce,readout_anchor.qwen2.5-0.5b-instruct.contrasts.increment_R_C_P.<seed>.strata.near_duplicate.bands.near_duplicate_present
readout_anchor,increment_R_C_P,qwen2.5-0.5b-instruct,identity_band,ge95_near_duplicate,20260923,-0.007475511588181863,-0.015182064470238763,-0.0002636660144905723,resolved,140,154.43204202232434,0,3,3,archive/logs/R5/gate_retrieval_20260923/retrieval_strata_report.json,6e5dc6b50d952f9aa4c113967ff5c26d3cc23b37c6c29a3766a30faa61e6a0ce,readout_anchor.qwen2.5-0.5b-instruct.contrasts.increment_R_C_P.<seed>.strata.identity_band.bands.ge95_near_duplicate
readout_anchor,increment_R_C_P,qwen2.5-0.5b-instruct,identity_band,id30_to_70_remote_homology,20260923,0.005001099155451461,,,unresolved_thin_support,5,5.5555555555555545,0,0,3,archive/logs/R5/gate_retrieval_20260923/retrieval_strata_report.json,6e5dc6b50d952f9aa4c113967ff5c26d3cc23b37c6c29a3766a30faa61e6a0ce,readout_anchor.qwen2.5-0.5b-instruct.contrasts.increment_R_C_P.<seed>.strata.identity_band.bands.id30_to_70_remote_homology
readout_anchor,increment_R_C_P,qwen2.5-0.5b-instruct,identity_band,id70_to_95_close_homology,20260923,-0.012563187839930597,-0.034942850713100986,0.007764306413194611,unresolved_interval_crosses_zero,18,19.636363636363633,0,0,3,archive/logs/R5/gate_retrieval_20260923/retrieval_strata_report.json,6e5dc6b50d952f9aa4c113967ff5c26d3cc23b37c6c29a3766a30faa61e6a0ce,readout_anchor.qwen2.5-0.5b-instruct.contrasts.increment_R_C_P.<seed>.strata.identity_band.bands.id70_to_95_close_homology
readout_anchor,increment_R_C_P,qwen2.5-0.5b-instruct,identity_band,lt30_no_detectable_homology,20260923,,,,unresolved_thin_support,0,0.0,0,0,3,archive/logs/R5/gate_retrieval_20260923/retrieval_strata_report.json,6e5dc6b50d952f9aa4c113967ff5c26d3cc23b37c6c29a3766a30faa61e6a0ce,readout_anchor.qwen2.5-0.5b-instruct.contrasts.increment_R_C_P.<seed>.strata.identity_band.bands.lt30_no_detectable_homology
readout_anchor,increment_R_C_P,qwen2.5-0.5b-instruct,depth_band,neff_100_1000,20260923,-0.012024144422583755,-0.023686458656407686,-0.0012899839519368973,resolved,65,70.5146036161335,0,3,3,archive/logs/R5/gate_retrieval_20260923/retrieval_strata_report.json,6e5dc6b50d952f9aa4c113967ff5c26d3cc23b37c6c29a3766a30faa61e6a0ce,readout_anchor.qwen2.5-0.5b-instruct.contrasts.increment_R_C_P.<seed>.strata.depth_band.bands.neff_100_1000
readout_anchor,increment_R_C_P,qwen2.5-0.5b-instruct,depth_band,neff_10_100,20260923,-0.0066867413740100004,-0.018570779056298937,0.004516569627498026,unresolved_interval_crosses_zero,64,71.65014577259474,0,0,3,archive/logs/R5/gate_retrieval_20260923/retrieval_strata_report.json,6e5dc6b50d952f9aa4c113967ff5c26d3cc23b37c6c29a3766a30faa61e6a0ce,readout_anchor.qwen2.5-0.5b-instruct.contrasts.increment_R_C_P.<seed>.strata.depth_band.bands.neff_10_100
readout_anchor,increment_R_C_P,qwen2.5-0.5b-instruct,depth_band,neff_ge1000,20260923,-0.012680514549866321,-0.021691113945043767,-0.004900267016931939,resolved,13,16.354838709677416,0,3,3,archive/logs/R5/gate_retrieval_20260923/retrieval_strata_report.json,6e5dc6b50d952f9aa4c113967ff5c26d3cc23b37c6c29a3766a30faa61e6a0ce,readout_anchor.qwen2.5-0.5b-instruct.contrasts.increment_R_C_P.<seed>.strata.depth_band.bands.neff_ge1000
readout_anchor,increment_R_C_P,qwen2.5-0.5b-instruct,depth_band,neff_lt10,20260923,0.006031619850756754,-0.01222896496667434,0.021415968584641707,unresolved_interval_crosses_zero,21,21.51219512195124,0,0,3,archive/logs/R5/gate_retrieval_20260923/retrieval_strata_report.json,6e5dc6b50d952f9aa4c113967ff5c26d3cc23b37c6c29a3766a30faa61e6a0ce,readout_anchor.qwen2.5-0.5b-instruct.contrasts.increment_R_C_P.<seed>.strata.depth_band.bands.neff_lt10
readout_anchor,increment_R_C_P,qwen2.5-0.5b-instruct,depth_band,no_homolog_support,20260923,,,,unresolved_thin_support,0,0.0,0,0,3,archive/logs/R5/gate_retrieval_20260923/retrieval_strata_report.json,6e5dc6b50d952f9aa4c113967ff5c26d3cc23b37c6c29a3766a30faa61e6a0ce,readout_anchor.qwen2.5-0.5b-instruct.contrasts.increment_R_C_P.<seed>.strata.depth_band.bands.no_homolog_support
readout_anchor,increment_R_C_P,qwen2.5-0.5b-instruct,source_provenance,source_other,20260923,-0.0025725496140717955,-0.006131389664960743,0.00105735705952605,unresolved_interval_crosses_zero,99,115.19294809010768,0,2,3,archive/logs/R5/gate_retrieval_20260923/retrieval_strata_report.json,6e5dc6b50d952f9aa4c113967ff5c26d3cc23b37c6c29a3766a30faa61e6a0ce,readout_anchor.qwen2.5-0.5b-instruct.contrasts.increment_R_C_P.<seed>.strata.source_provenance.bands.source_other
readout_anchor,increment_R_C_P,qwen2.5-0.5b-instruct,source_provenance,source_tsuboyama_2023,20260923,-0.015515954623341353,-0.0327873326044957,3.623085597963636e-05,unresolved_interval_crosses_zero,64,65.18832891246684,0,2,3,archive/logs/R5/gate_retrieval_20260923/retrieval_strata_report.json,6e5dc6b50d952f9aa4c113967ff5c26d3cc23b37c6c29a3766a30faa61e6a0ce,readout_anchor.qwen2.5-0.5b-instruct.contrasts.increment_R_C_P.<seed>.strata.source_provenance.bands.source_tsuboyama_2023
readout_anchor,increment_R_C_P,qwen2.5-0.5b-instruct,family_band,close_multi_member_group,20260923,-0.017175797737233996,-0.02820387723532263,-0.007928811643401822,resolved,11,21.352941176470587,0,3,3,archive/logs/R5/gate_retrieval_20260923/retrieval_strata_report.json,6e5dc6b50d952f9aa4c113967ff5c26d3cc23b37c6c29a3766a30faa61e6a0ce,readout_anchor.qwen2.5-0.5b-instruct.contrasts.increment_R_C_P.<seed>.strata.family_band.bands.close_multi_member_group
readout_anchor,increment_R_C_P,qwen2.5-0.5b-instruct,family_band,remote_singleton_group,20260923,-0.006965590345903818,-0.014584601880431338,7.868749772587298e-05,unresolved_interval_crosses_zero,152,162.41827768014053,0,2,3,archive/logs/R5/gate_retrieval_20260923/retrieval_strata_report.json,6e5dc6b50d952f9aa4c113967ff5c26d3cc23b37c6c29a3766a30faa61e6a0ce,readout_anchor.qwen2.5-0.5b-instruct.contrasts.increment_R_C_P.<seed>.strata.family_band.bands.remote_singleton_group
readout_anchor,increment_R_C_P,qwen2.5-32b,full_support,,20260923,0.003622885943328363,-0.005229080992031223,0.013005609566955794,unresolved_interval_crosses_zero,163,179.6214084507042,0,0,3,archive/logs/R5/gate_retrieval_20260923/retrieval_strata_report.json,6e5dc6b50d952f9aa4c113967ff5c26d3cc23b37c6c29a3766a30faa61e6a0ce,readout_anchor.qwen2.5-32b.contrasts.increment_R_C_P.<seed>.full_support
readout_anchor,increment_R_C_P,qwen2.5-32b,near_duplicate,near_duplicate_absent,20260923,-0.0036274729143477642,-0.02405233665723015,0.017769663012422773,unresolved_interval_crosses_zero,23,25.190476190476197,0,1,3,archive/logs/R5/gate_retrieval_20260923/retrieval_strata_report.json,6e5dc6b50d952f9aa4c113967ff5c26d3cc23b37c6c29a3766a30faa61e6a0ce,readout_anchor.qwen2.5-32b.contrasts.increment_R_C_P.<seed>.strata.near_duplicate.bands.near_duplicate_absent
readout_anchor,increment_R_C_P,qwen2.5-32b,near_duplicate,near_duplicate_present,20260923,0.00481401632708944,-0.00520415627803368,0.014401159249846023,unresolved_interval_crosses_zero,140,154.43204202232434,0,0,3,archive/logs/R5/gate_retrieval_20260923/retrieval_strata_report.json,6e5dc6b50d952f9aa4c113967ff5c26d3cc23b37c6c29a3766a30faa61e6a0ce,readout_anchor.qwen2.5-32b.contrasts.increment_R_C_P.<seed>.strata.near_duplicate.bands.near_duplicate_present
readout_anchor,increment_R_C_P,qwen2.5-32b,identity_band,ge95_near_duplicate,20260923,0.00481401632708944,-0.00520415627803368,0.014401159249846023,unresolved_interval_crosses_zero,140,154.43204202232434,0,0,3,archive/logs/R5/gate_retrieval_20260923/retrieval_strata_report.json,6e5dc6b50d952f9aa4c113967ff5c26d3cc23b37c6c29a3766a30faa61e6a0ce,readout_anchor.qwen2.5-32b.contrasts.increment_R_C_P.<seed>.strata.identity_band.bands.ge95_near_duplicate
readout_anchor,increment_R_C_P,qwen2.5-32b,identity_band,id30_to_70_remote_homology,20260923,-0.003556474609360094,,,unresolved_thin_support,5,5.5555555555555545,0,0,3,archive/logs/R5/gate_retrieval_20260923/retrieval_strata_report.json,6e5dc6b50d952f9aa4c113967ff5c26d3cc23b37c6c29a3766a30faa61e6a0ce,readout_anchor.qwen2.5-32b.contrasts.increment_R_C_P.<seed>.strata.identity_band.bands.id30_to_70_remote_homology
readout_anchor,increment_R_C_P,qwen2.5-32b,identity_band,id70_to_95_close_homology,20260923,-0.003647194665733228,-0.029154473198345097,0.02308034350378274,unresolved_interval_crosses_zero,18,19.636363636363633,0,0,3,archive/logs/R5/gate_retrieval_20260923/retrieval_strata_report.json,6e5dc6b50d952f9aa4c113967ff5c26d3cc23b37c6c29a3766a30faa61e6a0ce,readout_anchor.qwen2.5-32b.contrasts.increment_R_C_P.<seed>.strata.identity_band.bands.id70_to_95_close_homology
readout_anchor,increment_R_C_P,qwen2.5-32b,identity_band,lt30_no_detectable_homology,20260923,,,,unresolved_thin_support,0,0.0,0,0,3,archive/logs/R5/gate_retrieval_20260923/retrieval_strata_report.json,6e5dc6b50d952f9aa4c113967ff5c26d3cc23b37c6c29a3766a30faa61e6a0ce,readout_anchor.qwen2.5-32b.contrasts.increment_R_C_P.<seed>.strata.identity_band.bands.lt30_no_detectable_homology
readout_anchor,increment_R_C_P,qwen2.5-32b,depth_band,neff_100_1000,20260923,0.0028774760954053636,-0.010648912974241448,0.016543202029620934,unresolved_interval_crosses_zero,65,70.5146036161335,0,0,3,archive/logs/R5/gate_retrieval_20260923/retrieval_strata_report.json,6e5dc6b50d952f9aa4c113967ff5c26d3cc23b37c6c29a3766a30faa61e6a0ce,readout_anchor.qwen2.5-32b.contrasts.increment_R_C_P.<seed>.strata.depth_band.bands.neff_100_1000
readout_anchor,increment_R_C_P,qwen2.5-32b,depth_band,neff_10_100,20260923,-0.0012596515071135565,-0.017143523862955336,0.0132656332749756,unresolved_interval_crosses_zero,64,71.65014577259474,0,0,3,archive/logs/R5/gate_retrieval_20260923/retrieval_strata_report.json,6e5dc6b50d952f9aa4c113967ff5c26d3cc23b37c6c29a3766a30faa61e6a0ce,readout_anchor.qwen2.5-32b.contrasts.increment_R_C_P.<seed>.strata.depth_band.bands.neff_10_100
readout_anchor,increment_R_C_P,qwen2.5-32b,depth_band,neff_ge1000,20260923,0.00034089198327446956,-0.02988872854517847,0.037717967310721315,unresolved_interval_crosses_zero,13,16.354838709677416,0,0,3,archive/logs/R5/gate_retrieval_20260923/retrieval_strata_report.json,6e5dc6b50d952f9aa4c113967ff5c26d3cc23b37c6c29a3766a30faa61e6a0ce,readout_anchor.qwen2.5-32b.contrasts.increment_R_C_P.<seed>.strata.depth_band.bands.neff_ge1000
readout_anchor,increment_R_C_P,qwen2.5-32b,depth_band,neff_lt10,20260923,0.02284193158256543,0.0010451699369741858,0.04352348612039946,resolved,21,21.51219512195124,1,0,3,archive/logs/R5/gate_retrieval_20260923/retrieval_strata_report.json,6e5dc6b50d952f9aa4c113967ff5c26d3cc23b37c6c29a3766a30faa61e6a0ce,readout_anchor.qwen2.5-32b.contrasts.increment_R_C_P.<seed>.strata.depth_band.bands.neff_lt10
readout_anchor,increment_R_C_P,qwen2.5-32b,depth_band,no_homolog_support,20260923,,,,unresolved_thin_support,0,0.0,0,0,3,archive/logs/R5/gate_retrieval_20260923/retrieval_strata_report.json,6e5dc6b50d952f9aa4c113967ff5c26d3cc23b37c6c29a3766a30faa61e6a0ce,readout_anchor.qwen2.5-32b.contrasts.increment_R_C_P.<seed>.strata.depth_band.bands.no_homolog_support
readout_anchor,increment_R_C_P,qwen2.5-32b,source_provenance,source_other,20260923,0.004135837359308006,-0.0013055499820798107,0.010614443739478023,unresolved_interval_crosses_zero,99,115.19294809010768,0,0,3,archive/logs/R5/gate_retrieval_20260923/retrieval_strata_report.json,6e5dc6b50d952f9aa4c113967ff5c26d3cc23b37c6c29a3766a30faa61e6a0ce,readout_anchor.qwen2.5-32b.contrasts.increment_R_C_P.<seed>.strata.source_provenance.bands.source_other
readout_anchor,increment_R_C_P,qwen2.5-32b,source_provenance,source_tsuboyama_2023,20260923,0.002829414221734853,-0.01949790349850743,0.02297097884572109,unresolved_interval_crosses_zero,64,65.18832891246684,0,0,3,archive/logs/R5/gate_retrieval_20260923/retrieval_strata_report.json,6e5dc6b50d952f9aa4c113967ff5c26d3cc23b37c6c29a3766a30faa61e6a0ce,readout_anchor.qwen2.5-32b.contrasts.increment_R_C_P.<seed>.strata.source_provenance.bands.source_tsuboyama_2023
readout_anchor,increment_R_C_P,qwen2.5-32b,family_band,close_multi_member_group,20260923,-0.01597197793605729,-0.035026030583736475,0.003118947154380022,unresolved_interval_crosses_zero,11,21.352941176470587,0,1,3,archive/logs/R5/gate_retrieval_20260923/retrieval_strata_report.json,6e5dc6b50d952f9aa4c113967ff5c26d3cc23b37c6c29a3766a30faa61e6a0ce,readout_anchor.qwen2.5-32b.contrasts.increment_R_C_P.<seed>.strata.family_band.bands.close_multi_member_group
readout_anchor,increment_R_C_P,qwen2.5-32b,family_band,remote_singleton_group,20260923,0.0050409353030207455,-0.0046163063305666155,0.01489613746593359,unresolved_interval_crosses_zero,152,162.41827768014053,0,0,3,archive/logs/R5/gate_retrieval_20260923/retrieval_strata_report.json,6e5dc6b50d952f9aa4c113967ff5c26d3cc23b37c6c29a3766a30faa61e6a0ce,readout_anchor.qwen2.5-32b.contrasts.increment_R_C_P.<seed>.strata.family_band.bands.remote_singleton_group
readout_anchor,increment_R_C_P,qwen2.5-7b,full_support,,20260923,-0.0014157003495250838,-0.010748915084099519,0.007872280303106674,unresolved_interval_crosses_zero,163,179.6214084507042,0,1,3,archive/logs/R5/gate_retrieval_20260923/retrieval_strata_report.json,6e5dc6b50d952f9aa4c113967ff5c26d3cc23b37c6c29a3766a30faa61e6a0ce,readout_anchor.qwen2.5-7b.contrasts.increment_R_C_P.<seed>.full_support
readout_anchor,increment_R_C_P,qwen2.5-7b,near_duplicate,near_duplicate_absent,20260923,-0.02006805012963896,-0.04878983027013915,0.004289047511620295,unresolved_interval_crosses_zero,23,25.190476190476197,0,1,3,archive/logs/R5/gate_retrieval_20260923/retrieval_strata_report.json,6e5dc6b50d952f9aa4c113967ff5c26d3cc23b37c6c29a3766a30faa61e6a0ce,readout_anchor.qwen2.5-7b.contrasts.increment_R_C_P.<seed>.strata.near_duplicate.bands.near_duplicate_absent
readout_anchor,increment_R_C_P,qwen2.5-7b,near_duplicate,near_duplicate_present,20260923,0.0016486142572079098,-0.007948117929767545,0.011167087942692992,unresolved_interval_crosses_zero,140,154.43204202232434,0,0,3,archive/logs/R5/gate_retrieval_20260923/retrieval_strata_report.json,6e5dc6b50d952f9aa4c113967ff5c26d3cc23b37c6c29a3766a30faa61e6a0ce,readout_anchor.qwen2.5-7b.contrasts.increment_R_C_P.<seed>.strata.near_duplicate.bands.near_duplicate_present
readout_anchor,increment_R_C_P,qwen2.5-7b,identity_band,ge95_near_duplicate,20260923,0.0016486142572079098,-0.007948117929767545,0.011167087942692992,unresolved_interval_crosses_zero,140,154.43204202232434,0,0,3,archive/logs/R5/gate_retrieval_20260923/retrieval_strata_report.json,6e5dc6b50d952f9aa4c113967ff5c26d3cc23b37c6c29a3766a30faa61e6a0ce,readout_anchor.qwen2.5-7b.contrasts.increment_R_C_P.<seed>.strata.identity_band.bands.ge95_near_duplicate
readout_anchor,increment_R_C_P,qwen2.5-7b,identity_band,id30_to_70_remote_homology,20260923,-0.00018339923212670194,,,unresolved_thin_support,5,5.5555555555555545,0,0,3,archive/logs/R5/gate_retrieval_20260923/retrieval_strata_report.json,6e5dc6b50d952f9aa4c113967ff5c26d3cc23b37c6c29a3766a30faa61e6a0ce,readout_anchor.qwen2.5-7b.contrasts.increment_R_C_P.<seed>.strata.identity_band.bands.id30_to_70_remote_homology
readout_anchor,increment_R_C_P,qwen2.5-7b,identity_band,id70_to_95_close_homology,20260923,-0.025591564267836816,-0.06305970975274026,0.005781578283740605,unresolved_interval_crosses_zero,18,19.636363636363633,0,1,3,archive/logs/R5/gate_retrieval_20260923/retrieval_strata_report.json,6e5dc6b50d952f9aa4c113967ff5c26d3cc23b37c6c29a3766a30faa61e6a0ce,readout_anchor.qwen2.5-7b.contrasts.increment_R_C_P.<seed>.strata.identity_band.bands.id70_to_95_close_homology
readout_anchor,increment_R_C_P,qwen2.5-7b,identity_band,lt30_no_detectable_homology,20260923,,,,unresolved_thin_support,0,0.0,0,0,3,archive/logs/R5/gate_retrieval_20260923/retrieval_strata_report.json,6e5dc6b50d952f9aa4c113967ff5c26d3cc23b37c6c29a3766a30faa61e6a0ce,readout_anchor.qwen2.5-7b.contrasts.increment_R_C_P.<seed>.strata.identity_band.bands.lt30_no_detectable_homology
readout_anchor,increment_R_C_P,qwen2.5-7b,depth_band,neff_100_1000,20260923,0.0019042878130400573,-0.013946407957370972,0.01667953628971631,unresolved_interval_crosses_zero,65,70.5146036161335,0,0,3,archive/logs/R5/gate_retrieval_20260923/retrieval_strata_report.json,6e5dc6b50d952f9aa4c113967ff5c26d3cc23b37c6c29a3766a30faa61e6a0ce,readout_anchor.qwen2.5-7b.contrasts.increment_R_C_P.<seed>.strata.depth_band.bands.neff_100_1000
readout_anchor,increment_R_C_P,qwen2.5-7b,depth_band,neff_10_100,20260923,-0.00436655669217504,-0.017666299432266393,0.008896366051016345,unresolved_interval_crosses_zero,64,71.65014577259474,0,0,3,archive/logs/R5/gate_retrieval_20260923/retrieval_strata_report.json,6e5dc6b50d952f9aa4c113967ff5c26d3cc23b37c6c29a3766a30faa61e6a0ce,readout_anchor.qwen2.5-7b.contrasts.increment_R_C_P.<seed>.strata.depth_band.bands.neff_10_100
readout_anchor,increment_R_C_P,qwen2.5-7b,depth_band,neff_ge1000,20260923,-0.007350333227990722,-0.027515959449437292,0.009306886691027748,unresolved_interval_crosses_zero,13,16.354838709677416,0,0,3,archive/logs/R5/gate_retrieval_20260923/retrieval_strata_report.json,6e5dc6b50d952f9aa4c113967ff5c26d3cc23b37c6c29a3766a30faa61e6a0ce,readout_anchor.qwen2.5-7b.contrasts.increment_R_C_P.<seed>.strata.depth_band.bands.neff_ge1000
readout_anchor,increment_R_C_P,qwen2.5-7b,depth_band,neff_lt10,20260923,0.0009750521639471139,-0.03150913813870299,0.026834481398834754,unresolved_interval_crosses_zero,21,21.51219512195124,0,0,3,archive/logs/R5/gate_retrieval_20260923/retrieval_strata_report.json,6e5dc6b50d952f9aa4c113967ff5c26d3cc23b37c6c29a3766a30faa61e6a0ce,readout_anchor.qwen2.5-7b.contrasts.increment_R_C_P.<seed>.strata.depth_band.bands.neff_lt10
readout_anchor,increment_R_C_P,qwen2.5-7b,depth_band,no_homolog_support,20260923,,,,unresolved_thin_support,0,0.0,0,0,3,archive/logs/R5/gate_retrieval_20260923/retrieval_strata_report.json,6e5dc6b50d952f9aa4c113967ff5c26d3cc23b37c6c29a3766a30faa61e6a0ce,readout_anchor.qwen2.5-7b.contrasts.increment_R_C_P.<seed>.strata.depth_band.bands.no_homolog_support
readout_anchor,increment_R_C_P,qwen2.5-7b,source_provenance,source_other,20260923,0.0038350726155911724,-0.0009886007786546545,0.00894300296256359,unresolved_interval_crosses_zero,99,115.19294809010768,0,0,3,archive/logs/R5/gate_retrieval_20260923/retrieval_strata_report.json,6e5dc6b50d952f9aa4c113967ff5c26d3cc23b37c6c29a3766a30faa61e6a0ce,readout_anchor.qwen2.5-7b.contrasts.increment_R_C_P.<seed>.strata.source_provenance.bands.source_other
readout_anchor,increment_R_C_P,qwen2.5-7b,source_provenance,source_tsuboyama_2023,20260923,-0.009537989779939294,-0.03191318925032055,0.011903665850029752,unresolved_interval_crosses_zero,64,65.18832891246684,0,0,3,archive/logs/R5/gate_retrieval_20260923/retrieval_strata_report.json,6e5dc6b50d952f9aa4c113967ff5c26d3cc23b37c6c29a3766a30faa61e6a0ce,readout_anchor.qwen2.5-7b.contrasts.increment_R_C_P.<seed>.strata.source_provenance.bands.source_tsuboyama_2023
readout_anchor,increment_R_C_P,qwen2.5-7b,family_band,close_multi_member_group,20260923,-0.01041478002184079,-0.03035682226305958,0.006042227032950983,unresolved_interval_crosses_zero,11,21.352941176470587,0,0,3,archive/logs/R5/gate_retrieval_20260923/retrieval_strata_report.json,6e5dc6b50d952f9aa4c113967ff5c26d3cc23b37c6c29a3766a30faa61e6a0ce,readout_anchor.qwen2.5-7b.contrasts.increment_R_C_P.<seed>.strata.family_band.bands.close_multi_member_group
readout_anchor,increment_R_C_P,qwen2.5-7b,family_band,remote_singleton_group,20260923,-0.000764451162712764,-0.010802155845860882,0.008969146045013398,unresolved_interval_crosses_zero,152,162.41827768014053,0,0,3,archive/logs/R5/gate_retrieval_20260923/retrieval_strata_report.json,6e5dc6b50d952f9aa4c113967ff5c26d3cc23b37c6c29a3766a30faa61e6a0ce,readout_anchor.qwen2.5-7b.contrasts.increment_R_C_P.<seed>.strata.family_band.bands.remote_singleton_group
readout_anchor,increment_R_C_P,qwen3-8b-base,full_support,,20260923,-0.010410346826450608,-0.01919556834076939,-0.002276091472338737,resolved,163,179.6214084507042,0,3,3,archive/logs/R5/gate_retrieval_20260923/retrieval_strata_report.json,6e5dc6b50d952f9aa4c113967ff5c26d3cc23b37c6c29a3766a30faa61e6a0ce,readout_anchor.qwen3-8b-base.contrasts.increment_R_C_P.<seed>.full_support
readout_anchor,increment_R_C_P,qwen3-8b-base,near_duplicate,near_duplicate_absent,20260923,-0.015616982832173845,-0.045021342327402236,0.009871456213654674,unresolved_interval_crosses_zero,23,25.190476190476197,0,0,3,archive/logs/R5/gate_retrieval_20260923/retrieval_strata_report.json,6e5dc6b50d952f9aa4c113967ff5c26d3cc23b37c6c29a3766a30faa61e6a0ce,readout_anchor.qwen3-8b-base.contrasts.increment_R_C_P.<seed>.strata.near_duplicate.bands.near_duplicate_absent
readout_anchor,increment_R_C_P,qwen3-8b-base,near_duplicate,near_duplicate_present,20260923,-0.009554970911224649,-0.018072134650782466,-0.0015469976865654194,resolved,140,154.43204202232434,0,3,3,archive/logs/R5/gate_retrieval_20260923/retrieval_strata_report.json,6e5dc6b50d952f9aa4c113967ff5c26d3cc23b37c6c29a3766a30faa61e6a0ce,readout_anchor.qwen3-8b-base.contrasts.increment_R_C_P.<seed>.strata.near_duplicate.bands.near_duplicate_present
readout_anchor,increment_R_C_P,qwen3-8b-base,identity_band,ge95_near_duplicate,20260923,-0.009554970911224649,-0.018072134650782466,-0.0015469976865654194,resolved,140,154.43204202232434,0,3,3,archive/logs/R5/gate_retrieval_20260923/retrieval_strata_report.json,6e5dc6b50d952f9aa4c113967ff5c26d3cc23b37c6c29a3766a30faa61e6a0ce,readout_anchor.qwen3-8b-base.contrasts.increment_R_C_P.<seed>.strata.identity_band.bands.ge95_near_duplicate
readout_anchor,increment_R_C_P,qwen3-8b-base,identity_band,id30_to_70_remote_homology,20260923,-0.03428886861492249,,,unresolved_thin_support,5,5.5555555555555545,0,0,3,archive/logs/R5/gate_retrieval_20260923/retrieval_strata_report.json,6e5dc6b50d952f9aa4c113967ff5c26d3cc23b37c6c29a3766a30faa61e6a0ce,readout_anchor.qwen3-8b-base.contrasts.increment_R_C_P.<seed>.strata.identity_band.bands.id30_to_70_remote_homology
readout_anchor,increment_R_C_P,qwen3-8b-base,identity_band,id70_to_95_close_homology,20260923,-0.010430347892521445,-0.040395021416365605,0.014188586325907328,unresolved_interval_crosses_zero,18,19.636363636363633,0,0,3,archive/logs/R5/gate_retrieval_20260923/retrieval_strata_report.json,6e5dc6b50d952f9aa4c113967ff5c26d3cc23b37c6c29a3766a30faa61e6a0ce,readout_anchor.qwen3-8b-base.contrasts.increment_R_C_P.<seed>.strata.identity_band.bands.id70_to_95_close_homology
readout_anchor,increment_R_C_P,qwen3-8b-base,identity_band,lt30_no_detectable_homology,20260923,,,,unresolved_thin_support,0,0.0,0,0,3,archive/logs/R5/gate_retrieval_20260923/retrieval_strata_report.json,6e5dc6b50d952f9aa4c113967ff5c26d3cc23b37c6c29a3766a30faa61e6a0ce,readout_anchor.qwen3-8b-base.contrasts.increment_R_C_P.<seed>.strata.identity_band.bands.lt30_no_detectable_homology
readout_anchor,increment_R_C_P,qwen3-8b-base,depth_band,neff_100_1000,20260923,-0.015257333193339708,-0.030668322170646276,-0.0005446954631037282,resolved,65,70.5146036161335,0,3,3,archive/logs/R5/gate_retrieval_20260923/retrieval_strata_report.json,6e5dc6b50d952f9aa4c113967ff5c26d3cc23b37c6c29a3766a30faa61e6a0ce,readout_anchor.qwen3-8b-base.contrasts.increment_R_C_P.<seed>.strata.depth_band.bands.neff_100_1000
readout_anchor,increment_R_C_P,qwen3-8b-base,depth_band,neff_10_100,20260923,-0.009911109073652388,-0.022021886097435658,0.001152696308251071,unresolved_interval_crosses_zero,64,71.65014577259474,0,1,3,archive/logs/R5/gate_retrieval_20260923/retrieval_strata_report.json,6e5dc6b50d952f9aa4c113967ff5c26d3cc23b37c6c29a3766a30faa61e6a0ce,readout_anchor.qwen3-8b-base.contrasts.increment_R_C_P.<seed>.strata.depth_band.bands.neff_10_100
readout_anchor,increment_R_C_P,qwen3-8b-base,depth_band,neff_ge1000,20260923,-0.009366316386516468,-0.02995591270603198,0.006847566946530706,unresolved_interval_crosses_zero,13,16.354838709677416,0,0,3,archive/logs/R5/gate_retrieval_20260923/retrieval_strata_report.json,6e5dc6b50d952f9aa4c113967ff5c26d3cc23b37c6c29a3766a30faa61e6a0ce,readout_anchor.qwen3-8b-base.contrasts.increment_R_C_P.<seed>.strata.depth_band.bands.neff_ge1000
readout_anchor,increment_R_C_P,qwen3-8b-base,depth_band,neff_lt10,20260923,0.0024244389806713637,-0.026269854800511416,0.024385101722209993,unresolved_interval_crosses_zero,21,21.51219512195124,0,0,3,archive/logs/R5/gate_retrieval_20260923/retrieval_strata_report.json,6e5dc6b50d952f9aa4c113967ff5c26d3cc23b37c6c29a3766a30faa61e6a0ce,readout_anchor.qwen3-8b-base.contrasts.increment_R_C_P.<seed>.strata.depth_band.bands.neff_lt10
readout_anchor,increment_R_C_P,qwen3-8b-base,depth_band,no_homolog_support,20260923,,,,unresolved_thin_support,0,0.0,0,0,3,archive/logs/R5/gate_retrieval_20260923/retrieval_strata_report.json,6e5dc6b50d952f9aa4c113967ff5c26d3cc23b37c6c29a3766a30faa61e6a0ce,readout_anchor.qwen3-8b-base.contrasts.increment_R_C_P.<seed>.strata.depth_band.bands.no_homolog_support
readout_anchor,increment_R_C_P,qwen3-8b-base,source_provenance,source_other,20260923,0.0005586159739972122,-0.0048345298377009075,0.0056848755276156055,unresolved_interval_crosses_zero,99,115.19294809010768,0,0,3,archive/logs/R5/gate_retrieval_20260923/retrieval_strata_report.json,6e5dc6b50d952f9aa4c113967ff5c26d3cc23b37c6c29a3766a30faa61e6a0ce,readout_anchor.qwen3-8b-base.contrasts.increment_R_C_P.<seed>.strata.source_provenance.bands.source_other
readout_anchor,increment_R_C_P,qwen3-8b-base,source_provenance,source_tsuboyama_2023,20260923,-0.027377961158393332,-0.047784951392084614,-0.009219214802770014,resolved,64,65.18832891246684,0,3,3,archive/logs/R5/gate_retrieval_20260923/retrieval_strata_report.json,6e5dc6b50d952f9aa4c113967ff5c26d3cc23b37c6c29a3766a30faa61e6a0ce,readout_anchor.qwen3-8b-base.contrasts.increment_R_C_P.<seed>.strata.source_provenance.bands.source_tsuboyama_2023
readout_anchor,increment_R_C_P,qwen3-8b-base,family_band,close_multi_member_group,20260923,-0.017951194918105557,-0.027214856383424278,-0.007775567984987086,resolved,11,21.352941176470587,0,3,3,archive/logs/R5/gate_retrieval_20260923/retrieval_strata_report.json,6e5dc6b50d952f9aa4c113967ff5c26d3cc23b37c6c29a3766a30faa61e6a0ce,readout_anchor.qwen3-8b-base.contrasts.increment_R_C_P.<seed>.strata.family_band.bands.close_multi_member_group
readout_anchor,increment_R_C_P,qwen3-8b-base,family_band,remote_singleton_group,20260923,-0.00986462755665979,-0.019159553217208854,-0.0011966671806116133,resolved,152,162.41827768014053,0,3,3,archive/logs/R5/gate_retrieval_20260923/retrieval_strata_report.json,6e5dc6b50d952f9aa4c113967ff5c26d3cc23b37c6c29a3766a30faa61e6a0ce,readout_anchor.qwen3-8b-base.contrasts.increment_R_C_P.<seed>.strata.family_band.bands.remote_singleton_group
readout_anchor,increment_R_C_P,rita-xl,full_support,,20260923,0.025149548262448824,0.014374799431415407,0.036330069041038214,resolved,163,179.6214084507042,3,0,3,archive/logs/R5/gate_retrieval_20260923/retrieval_strata_report.json,6e5dc6b50d952f9aa4c113967ff5c26d3cc23b37c6c29a3766a30faa61e6a0ce,readout_anchor.rita-xl.contrasts.increment_R_C_P.<seed>.full_support
readout_anchor,increment_R_C_P,rita-xl,near_duplicate,near_duplicate_absent,20260923,0.023029727399778464,0.005280772829768332,0.0410175482203678,resolved,23,25.190476190476197,2,0,3,archive/logs/R5/gate_retrieval_20260923/retrieval_strata_report.json,6e5dc6b50d952f9aa4c113967ff5c26d3cc23b37c6c29a3766a30faa61e6a0ce,readout_anchor.rita-xl.contrasts.increment_R_C_P.<seed>.strata.near_duplicate.bands.near_duplicate_absent
readout_anchor,increment_R_C_P,rita-xl,near_duplicate,near_duplicate_present,20260923,0.025497804547030378,0.012928147387881957,0.03862549343749728,resolved,140,154.43204202232434,3,0,3,archive/logs/R5/gate_retrieval_20260923/retrieval_strata_report.json,6e5dc6b50d952f9aa4c113967ff5c26d3cc23b37c6c29a3766a30faa61e6a0ce,readout_anchor.rita-xl.contrasts.increment_R_C_P.<seed>.strata.near_duplicate.bands.near_duplicate_present
readout_anchor,increment_R_C_P,rita-xl,identity_band,ge95_near_duplicate,20260923,0.025497804547030378,0.012928147387881957,0.03862549343749728,resolved,140,154.43204202232434,3,0,3,archive/logs/R5/gate_retrieval_20260923/retrieval_strata_report.json,6e5dc6b50d952f9aa4c113967ff5c26d3cc23b37c6c29a3766a30faa61e6a0ce,readout_anchor.rita-xl.contrasts.increment_R_C_P.<seed>.strata.identity_band.bands.ge95_near_duplicate
readout_anchor,increment_R_C_P,rita-xl,identity_band,id30_to_70_remote_homology,20260923,0.01927305619796702,,,unresolved_thin_support,5,5.5555555555555545,0,0,3,archive/logs/R5/gate_retrieval_20260923/retrieval_strata_report.json,6e5dc6b50d952f9aa4c113967ff5c26d3cc23b37c6c29a3766a30faa61e6a0ce,readout_anchor.rita-xl.contrasts.increment_R_C_P.<seed>.strata.identity_band.bands.id30_to_70_remote_homology
readout_anchor,increment_R_C_P,rita-xl,identity_band,id70_to_95_close_homology,20260923,0.024073247178059424,0.0015082952398016703,0.046141634112520175,resolved,18,19.636363636363633,2,0,3,archive/logs/R5/gate_retrieval_20260923/retrieval_strata_report.json,6e5dc6b50d952f9aa4c113967ff5c26d3cc23b37c6c29a3766a30faa61e6a0ce,readout_anchor.rita-xl.contrasts.increment_R_C_P.<seed>.strata.identity_band.bands.id70_to_95_close_homology
readout_anchor,increment_R_C_P,rita-xl,identity_band,lt30_no_detectable_homology,20260923,,,,unresolved_thin_support,0,0.0,0,0,3,archive/logs/R5/gate_retrieval_20260923/retrieval_strata_report.json,6e5dc6b50d952f9aa4c113967ff5c26d3cc23b37c6c29a3766a30faa61e6a0ce,readout_anchor.rita-xl.contrasts.increment_R_C_P.<seed>.strata.identity_band.bands.lt30_no_detectable_homology
readout_anchor,increment_R_C_P,rita-xl,depth_band,neff_100_1000,20260923,0.028039889269233058,0.015425699613761461,0.04239243108904697,resolved,65,70.5146036161335,3,0,3,archive/logs/R5/gate_retrieval_20260923/retrieval_strata_report.json,6e5dc6b50d952f9aa4c113967ff5c26d3cc23b37c6c29a3766a30faa61e6a0ce,readout_anchor.rita-xl.contrasts.increment_R_C_P.<seed>.strata.depth_band.bands.neff_100_1000
readout_anchor,increment_R_C_P,rita-xl,depth_band,neff_10_100,20260923,0.016573524126428322,-0.0018526940674227703,0.03651936108987701,unresolved_interval_crosses_zero,64,71.65014577259474,0,0,3,archive/logs/R5/gate_retrieval_20260923/retrieval_strata_report.json,6e5dc6b50d952f9aa4c113967ff5c26d3cc23b37c6c29a3766a30faa61e6a0ce,readout_anchor.rita-xl.contrasts.increment_R_C_P.<seed>.strata.depth_band.bands.neff_10_100
readout_anchor,increment_R_C_P,rita-xl,depth_band,neff_ge1000,20260923,0.015604224185483687,-0.0027258086025622797,0.03925807201024772,unresolved_interval_crosses_zero,13,16.354838709677416,0,0,3,archive/logs/R5/gate_retrieval_20260923/retrieval_strata_report.json,6e5dc6b50d952f9aa4c113967ff5c26d3cc23b37c6c29a3766a30faa61e6a0ce,readout_anchor.rita-xl.contrasts.increment_R_C_P.<seed>.strata.depth_band.bands.neff_ge1000
readout_anchor,increment_R_C_P,rita-xl,depth_band,neff_lt10,20260923,0.048248719322681384,0.01111236306329575,0.09276966161599548,resolved,21,21.51219512195124,2,0,3,archive/logs/R5/gate_retrieval_20260923/retrieval_strata_report.json,6e5dc6b50d952f9aa4c113967ff5c26d3cc23b37c6c29a3766a30faa61e6a0ce,readout_anchor.rita-xl.contrasts.increment_R_C_P.<seed>.strata.depth_band.bands.neff_lt10
readout_anchor,increment_R_C_P,rita-xl,depth_band,no_homolog_support,20260923,,,,unresolved_thin_support,0,0.0,0,0,3,archive/logs/R5/gate_retrieval_20260923/retrieval_strata_report.json,6e5dc6b50d952f9aa4c113967ff5c26d3cc23b37c6c29a3766a30faa61e6a0ce,readout_anchor.rita-xl.contrasts.increment_R_C_P.<seed>.strata.depth_band.bands.no_homolog_support
readout_anchor,increment_R_C_P,rita-xl,source_provenance,source_other,20260923,0.011557022009199707,0.0032445709917397376,0.020062343949903607,resolved,99,115.19294809010768,3,0,3,archive/logs/R5/gate_retrieval_20260923/retrieval_strata_report.json,6e5dc6b50d952f9aa4c113967ff5c26d3cc23b37c6c29a3766a30faa61e6a0ce,readout_anchor.rita-xl.contrasts.increment_R_C_P.<seed>.strata.source_provenance.bands.source_other
readout_anchor,increment_R_C_P,rita-xl,source_provenance,source_tsuboyama_2023,20260923,0.04617548731044355,0.02343997011453999,0.07080072840727765,resolved,64,65.18832891246684,3,0,3,archive/logs/R5/gate_retrieval_20260923/retrieval_strata_report.json,6e5dc6b50d952f9aa4c113967ff5c26d3cc23b37c6c29a3766a30faa61e6a0ce,readout_anchor.rita-xl.contrasts.increment_R_C_P.<seed>.strata.source_provenance.bands.source_tsuboyama_2023
readout_anchor,increment_R_C_P,rita-xl,family_band,close_multi_member_group,20260923,-0.003004455795795896,-0.01589033383452627,0.009636434778254814,unresolved_interval_crosses_zero,11,21.352941176470587,0,0,3,archive/logs/R5/gate_retrieval_20260923/retrieval_strata_report.json,6e5dc6b50d952f9aa4c113967ff5c26d3cc23b37c6c29a3766a30faa61e6a0ce,readout_anchor.rita-xl.contrasts.increment_R_C_P.<seed>.strata.family_band.bands.close_multi_member_group
readout_anchor,increment_R_C_P,rita-xl,family_band,remote_singleton_group,20260923,0.027187009082453376,0.01604038018911717,0.039022583923899214,resolved,152,162.41827768014053,3,0,3,archive/logs/R5/gate_retrieval_20260923/retrieval_strata_report.json,6e5dc6b50d952f9aa4c113967ff5c26d3cc23b37c6c29a3766a30faa61e6a0ce,readout_anchor.rita-xl.contrasts.increment_R_C_P.<seed>.strata.family_band.bands.remote_singleton_group
