arm,endpoint,contrast,support,tokenisation_stratum,split_seed,estimate,ci_low,ci_high,seeds_above_zero,seeds_below_zero,point_range_low,point_range_high,seed_mean_estimate,groups,cycles,site_pairs,unit,unit_label,source_path,source_sha256,source_pointer,indel_restricted_estimate,indel_restricted_ci_low,indel_restricted_ci_high,indel_restricted_seeds_above_zero
bygpt5-base-en,first_order_likelihood,C_G_T_M1|C_G_T,all,byte,20260923,-0.0001545694490727482,-0.0006522283797809374,0.00033676997472706463,0,0,-0.0001545694490727482,-7.479060072949017e-05,-0.00011580815927346394,64,8192,217,group-equal squared error reduction,kcal$^2$/mol$^2$,archive/logs/R3/pairwise_epistasis_20260924/panel/panel.json,65b5cc3cdf654ed523d97aa6c9e2c540246f3d7f7f8e48571a39419391d43ba0,panel.all.C_G_T_M1|C_G_T.arms.bygpt5-base-en,-0.00032521620041228033,-0.0007747278388004342,7.453317351523672e-05,0
bygpt5-medium-en,first_order_likelihood,C_G_T_M1|C_G_T,all,byte,20260923,0.00014056000509532485,-0.00044644007794484344,0.0007261283539897334,0,0,-0.00018002941221405234,0.00014056000509532485,2.792317110908835e-05,64,8192,217,group-equal squared error reduction,kcal$^2$/mol$^2$,archive/logs/R3/pairwise_epistasis_20260924/panel/panel.json,65b5cc3cdf654ed523d97aa6c9e2c540246f3d7f7f8e48571a39419391d43ba0,panel.all.C_G_T_M1|C_G_T.arms.bygpt5-medium-en,-8.772053565261807e-05,-0.0006325249861869703,0.00043372373058927165,0
bygpt5-small-en,first_order_likelihood,C_G_T_M1|C_G_T,all,byte,20260923,-0.0001971097321707743,-0.0005221405265008637,0.00010854657214972803,0,0,-0.0002595462505324672,-0.0001971097321707743,-0.00023812191966030558,64,8192,217,group-equal squared error reduction,kcal$^2$/mol$^2$,archive/logs/R3/pairwise_epistasis_20260924/panel/panel.json,65b5cc3cdf654ed523d97aa6c9e2c540246f3d7f7f8e48571a39419391d43ba0,panel.all.C_G_T_M1|C_G_T.arms.bygpt5-small-en,-0.00022030008628073675,-0.000550484550931198,0.00010380550278977323,0
dialogpt-small,first_order_likelihood,C_G_T_M1|C_G_T,all,bpe,20260923,-0.0005072221119894532,-0.0010382266928301608,-0.0001268337752062307,0,1,-0.0009655184705769269,-0.0004335290208065377,-0.0006354232011243059,64,8192,217,group-equal squared error reduction,kcal$^2$/mol$^2$,archive/logs/R3/pairwise_epistasis_20260924/panel/panel.json,65b5cc3cdf654ed523d97aa6c9e2c540246f3d7f7f8e48571a39419391d43ba0,panel.all.C_G_T_M1|C_G_T.arms.dialogpt-small,-0.0004735740010613331,-0.0010017910392649903,-0.00010027360313825608,0
galactica-1.3b,first_order_likelihood,C_G_T_M1|C_G_T,all,bpe,20260923,-0.0005700156396531246,-0.0014396996877211173,1.180918466217152e-05,0,0,-0.0005700156396531246,-0.0001729451394742339,-0.00035229297031062214,64,8192,217,group-equal squared error reduction,kcal$^2$/mol$^2$,archive/logs/R3/pairwise_epistasis_20260924/panel/panel.json,65b5cc3cdf654ed523d97aa6c9e2c540246f3d7f7f8e48571a39419391d43ba0,panel.all.C_G_T_M1|C_G_T.arms.galactica-1.3b,-0.0006863997109114056,-0.0015067551608872408,-8.819313270207902e-05,0
galactica-125m,first_order_likelihood,C_G_T_M1|C_G_T,all,bpe,20260923,-4.5868622437364795e-05,-0.00027610759815046817,0.00015076773889211197,0,0,-0.0002666031349798999,-4.5868622437364795e-05,-0.00013894106872322452,64,8192,217,group-equal squared error reduction,kcal$^2$/mol$^2$,archive/logs/R3/pairwise_epistasis_20260924/panel/panel.json,65b5cc3cdf654ed523d97aa6c9e2c540246f3d7f7f8e48571a39419391d43ba0,panel.all.C_G_T_M1|C_G_T.arms.galactica-125m,-4.3399022572433745e-05,-0.00026864549176151164,0.00016059257495226943,0
galactica-30b,first_order_likelihood,C_G_T_M1|C_G_T,all,bpe,20260923,-0.0009247050551411666,-0.0024113097102755,9.824166363947779e-05,0,2,-0.010338175261620373,-0.0009247050551411666,-0.004109204192271452,64,8192,217,group-equal squared error reduction,kcal$^2$/mol$^2$,archive/logs/R3/pairwise_epistasis_20260924/panel/panel.json,65b5cc3cdf654ed523d97aa6c9e2c540246f3d7f7f8e48571a39419391d43ba0,panel.all.C_G_T_M1|C_G_T.arms.galactica-30b,-0.0009135057637038958,-0.0024812800517375576,0.00013418943918090204,0
galactica-6.7b,first_order_likelihood,C_G_T_M1|C_G_T,all,bpe,20260923,-0.00040618783392622985,-0.0008312101042533497,-9.882142477865321e-06,0,2,-0.0007646100596135515,3.27637247070228e-05,-0.00037934472294425285,64,8192,217,group-equal squared error reduction,kcal$^2$/mol$^2$,archive/logs/R3/pairwise_epistasis_20260924/panel/panel.json,65b5cc3cdf654ed523d97aa6c9e2c540246f3d7f7f8e48571a39419391d43ba0,panel.all.C_G_T_M1|C_G_T.arms.galactica-6.7b,-0.00034730508354091416,-0.0007883348740738972,6.113402204851643e-05,0
gpt2,first_order_likelihood,C_G_T_M1|C_G_T,all,bpe,20260923,0.00019337092996261625,-0.00024075936839129927,0.0006154115288069956,0,0,0.00014205288719656723,0.000198089161413052,0.0001778376595240785,64,8192,217,group-equal squared error reduction,kcal$^2$/mol$^2$,archive/logs/R3/pairwise_epistasis_20260924/panel/panel.json,65b5cc3cdf654ed523d97aa6c9e2c540246f3d7f7f8e48571a39419391d43ba0,panel.all.C_G_T_M1|C_G_T.arms.gpt2,0.00018616370257554138,-0.0002360577252213056,0.0005972854273214753,0
gpt2-large,first_order_likelihood,C_G_T_M1|C_G_T,all,bpe,20260923,-4.3543364276258083e-05,-0.0003492586745762559,0.00026076560004081097,0,1,-0.0006729610430106774,-4.3543364276258083e-05,-0.0003042641314311503,64,8192,217,group-equal squared error reduction,kcal$^2$/mol$^2$,archive/logs/R3/pairwise_epistasis_20260924/panel/panel.json,65b5cc3cdf654ed523d97aa6c9e2c540246f3d7f7f8e48571a39419391d43ba0,panel.all.C_G_T_M1|C_G_T.arms.gpt2-large,-4.33762945336754e-05,-0.0003502917587869567,0.0002550591822127922,0
gpt2-medium,first_order_likelihood,C_G_T_M1|C_G_T,all,bpe,20260923,-0.00011388410390436934,-0.0004999439298060709,0.0002123944608667763,0,1,-0.0004768277060885019,-0.00011388410390436934,-0.00028869283448400355,64,8192,217,group-equal squared error reduction,kcal$^2$/mol$^2$,archive/logs/R3/pairwise_epistasis_20260924/panel/panel.json,65b5cc3cdf654ed523d97aa6c9e2c540246f3d7f7f8e48571a39419391d43ba0,panel.all.C_G_T_M1|C_G_T.arms.gpt2-medium,-0.00012686172755260386,-0.0005139128563860012,0.0002161743896784949,0
gpt2-xl,first_order_likelihood,C_G_T_M1|C_G_T,all,bpe,20260923,-4.152312921462567e-05,-0.0003325525706203019,0.00021785586883875648,0,1,-0.00040132649584491854,-4.152312921462567e-05,-0.00022604131907243098,64,8192,217,group-equal squared error reduction,kcal$^2$/mol$^2$,archive/logs/R3/pairwise_epistasis_20260924/panel/panel.json,65b5cc3cdf654ed523d97aa6c9e2c540246f3d7f7f8e48571a39419391d43ba0,panel.all.C_G_T_M1|C_G_T.arms.gpt2-xl,-7.632715287822698e-05,-0.0003505300138383803,0.00016565172193530562,0
instructprotein,first_order_likelihood,C_G_T_M1|C_G_T,all,bpe,20260923,-0.0002672151316331045,-0.0013867845558007009,0.0005935076011163605,0,0,-0.0002672151316331045,0.00029577164430111876,6.64170864342583e-05,64,8192,217,group-equal squared error reduction,kcal$^2$/mol$^2$,archive/logs/R3/pairwise_epistasis_20260924/panel/panel.json,65b5cc3cdf654ed523d97aa6c9e2c540246f3d7f7f8e48571a39419391d43ba0,panel.all.C_G_T_M1|C_G_T.arms.instructprotein,-0.00034799452415542855,-0.0013936186516682692,0.0005306681099471575,0
llama-2-7b,first_order_likelihood,C_G_T_M1|C_G_T,all,bpe,20260923,-1.56958922007378e-05,-0.0003572929572334214,0.0002982110009978882,0,0,-3.8232447461819356e-05,0.00016191457901311023,3.599541311685102e-05,64,8192,217,group-equal squared error reduction,kcal$^2$/mol$^2$,archive/logs/R3/pairwise_epistasis_20260924/panel/panel.json,65b5cc3cdf654ed523d97aa6c9e2c540246f3d7f7f8e48571a39419391d43ba0,panel.all.C_G_T_M1|C_G_T.arms.llama-2-7b,5.11757298098513e-05,-0.00024386631106494103,0.0003548749146668556,0
llama-3.2-3b,first_order_likelihood,C_G_T_M1|C_G_T,all,bpe,20260923,-0.00042368118263151535,-0.0008298321280429298,-5.7314797046630106e-05,0,1,-0.00042368118263151535,-0.00013094311883747123,-0.0002560371955395262,64,8192,217,group-equal squared error reduction,kcal$^2$/mol$^2$,archive/logs/R3/pairwise_epistasis_20260924/panel/panel.json,65b5cc3cdf654ed523d97aa6c9e2c540246f3d7f7f8e48571a39419391d43ba0,panel.all.C_G_T_M1|C_G_T.arms.llama-3.2-3b,-0.00033154692546385594,-0.0007267670338565023,1.798658077390192e-05,0
progen2-base,first_order_likelihood,C_G_T_M1|C_G_T,all,amino_acid,20260923,0.0009818714330843325,-0.001425919118730461,0.0033342757842715278,0,0,0.0004132136347203051,0.0014753587099899713,0.000956814592598203,64,8192,217,group-equal squared error reduction,kcal$^2$/mol$^2$,archive/logs/R3/pairwise_epistasis_20260924/panel/panel.json,65b5cc3cdf654ed523d97aa6c9e2c540246f3d7f7f8e48571a39419391d43ba0,panel.all.C_G_T_M1|C_G_T.arms.progen2-base,0.0009593850989581668,-0.0015812650581107537,0.003304126844100998,0
progen2-large,first_order_likelihood,C_G_T_M1|C_G_T,all,amino_acid,20260923,0.003487376127329304,0.0007435518643407846,0.006466406865038259,3,0,0.002876809453254949,0.0038941379806415985,0.003419441187075284,64,8192,217,group-equal squared error reduction,kcal$^2$/mol$^2$,archive/logs/R3/pairwise_epistasis_20260924/panel/panel.json,65b5cc3cdf654ed523d97aa6c9e2c540246f3d7f7f8e48571a39419391d43ba0,panel.all.C_G_T_M1|C_G_T.arms.progen2-large,0.003509058511866832,0.0006435216340870119,0.006452529745774175,2
progen2-medium,first_order_likelihood,C_G_T_M1|C_G_T,all,amino_acid,20260923,0.004258006254038899,0.0011601642025756882,0.007598206879289595,3,0,0.003380597702839794,0.004570693298048314,0.0040697657516423355,64,8192,217,group-equal squared error reduction,kcal$^2$/mol$^2$,archive/logs/R3/pairwise_epistasis_20260924/panel/panel.json,65b5cc3cdf654ed523d97aa6c9e2c540246f3d7f7f8e48571a39419391d43ba0,panel.all.C_G_T_M1|C_G_T.arms.progen2-medium,0.004167334494807151,0.0009122720207510993,0.00743818191718968,2
progen2-small,first_order_likelihood,C_G_T_M1|C_G_T,all,amino_acid,20260923,0.0010656419648220482,-0.0009230216324280975,0.0031256155770441794,0,0,0.00011333259130103142,0.0010656419648220482,0.0006491482758764665,64,8192,217,group-equal squared error reduction,kcal$^2$/mol$^2$,archive/logs/R3/pairwise_epistasis_20260924/panel/panel.json,65b5cc3cdf654ed523d97aa6c9e2c540246f3d7f7f8e48571a39419391d43ba0,panel.all.C_G_T_M1|C_G_T.arms.progen2-small,0.001071559747856234,-0.0010088885702174651,0.0031462140359345505,0
progen2-xlarge,first_order_likelihood,C_G_T_M1|C_G_T,all,amino_acid,20260923,0.007003003634553143,0.003310506330680123,0.01115407051179962,3,0,0.006735084768458624,0.007735108120895562,0.0071577321746357754,64,8192,217,group-equal squared error reduction,kcal$^2$/mol$^2$,archive/logs/R3/pairwise_epistasis_20260924/panel/panel.json,65b5cc3cdf654ed523d97aa6c9e2c540246f3d7f7f8e48571a39419391d43ba0,panel.all.C_G_T_M1|C_G_T.arms.progen2-xlarge,0.007111813873280016,0.003410834840616942,0.010993701832742042,3
progen3-112m,first_order_likelihood,C_G_T_M1|C_G_T,all,amino_acid,20260923,0.00031531845603759807,-0.0008581996944992909,0.0013981331079833369,0,0,0.00031531845603759807,0.0007990462239319544,0.0005027620843667056,64,8192,217,group-equal squared error reduction,kcal$^2$/mol$^2$,archive/logs/R3/pairwise_epistasis_20260924/panel/panel.json,65b5cc3cdf654ed523d97aa6c9e2c540246f3d7f7f8e48571a39419391d43ba0,panel.all.C_G_T_M1|C_G_T.arms.progen3-112m,0.0002806916556134793,-0.0009328907530175591,0.001452108226050999,0
progen3-3b,first_order_likelihood,C_G_T_M1|C_G_T,all,amino_acid,20260923,0.003909160958921274,0.0016421884957410786,0.006517542319918375,3,0,0.0037835744358192987,0.003909160958921274,0.00385198673418519,64,8192,217,group-equal squared error reduction,kcal$^2$/mol$^2$,archive/logs/R3/pairwise_epistasis_20260924/panel/panel.json,65b5cc3cdf654ed523d97aa6c9e2c540246f3d7f7f8e48571a39419391d43ba0,panel.all.C_G_T_M1|C_G_T.arms.progen3-3b,0.003694283119234182,0.0013625324916740596,0.0062993122943576394,3
prollama,first_order_likelihood,C_G_T_M1|C_G_T,all,amino_acid,20260923,0.00016984977766823462,-0.00042731172184911373,0.000763373937006871,0,0,0.00014344526533975025,0.00037975146340611427,0.00023101550213803305,64,8192,217,group-equal squared error reduction,kcal$^2$/mol$^2$,archive/logs/R3/pairwise_epistasis_20260924/panel/panel.json,65b5cc3cdf654ed523d97aa6c9e2c540246f3d7f7f8e48571a39419391d43ba0,panel.all.C_G_T_M1|C_G_T.arms.prollama,0.0001632320292083006,-0.00045300816469284814,0.0007900442765706507,0
prollama-stage-1,first_order_likelihood,C_G_T_M1|C_G_T,all,amino_acid,20260923,-4.669558524642557e-05,-0.0008707271604910575,0.0005492857561925454,0,0,-0.0005364147651295797,-4.669558524642557e-05,-0.00026197536181284386,64,8192,217,group-equal squared error reduction,kcal$^2$/mol$^2$,archive/logs/R3/pairwise_epistasis_20260924/panel/panel.json,65b5cc3cdf654ed523d97aa6c9e2c540246f3d7f7f8e48571a39419391d43ba0,panel.all.C_G_T_M1|C_G_T.arms.prollama-stage-1,-7.771567492214994e-05,-0.0009039930730979465,0.000519305956021867,0
proteinglm-7b-clm,first_order_likelihood,C_G_T_M1|C_G_T,all,amino_acid,20260923,0.008119385454002455,0.003733080964040014,0.012867539195902764,3,0,0.007704362805801305,0.008119385454002455,0.007968381576450348,64,8192,217,group-equal squared error reduction,kcal$^2$/mol$^2$,archive/logs/R3/pairwise_epistasis_20260924/panel/panel.json,65b5cc3cdf654ed523d97aa6c9e2c540246f3d7f7f8e48571a39419391d43ba0,panel.all.C_G_T_M1|C_G_T.arms.proteinglm-7b-clm,0.008173148256751774,0.003540218104969626,0.013118903558876705,3
protgpt2,first_order_likelihood,C_G_T_M1|C_G_T,all,bpe,20260923,0.00247902773741659,0.0002599858295198128,0.004770048487088131,2,0,0.001592579435181084,0.00311856979975832,0.002396725657451998,64,8192,217,group-equal squared error reduction,kcal$^2$/mol$^2$,archive/logs/R3/pairwise_epistasis_20260924/panel/panel.json,65b5cc3cdf654ed523d97aa6c9e2c540246f3d7f7f8e48571a39419391d43ba0,panel.all.C_G_T_M1|C_G_T.arms.protgpt2,0.002437402337481612,0.00015726799580431934,0.0048578959093073335,2
protgpt3-1.3b,first_order_likelihood,C_G_T_M1|C_G_T,all,bpe,20260923,9.368182958134717e-05,-0.000901866828371687,0.0009713851768465565,0,0,-0.00022804688618448103,0.00018957812294860695,1.840435544849103e-05,64,8192,217,group-equal squared error reduction,kcal$^2$/mol$^2$,archive/logs/R3/pairwise_epistasis_20260924/panel/panel.json,65b5cc3cdf654ed523d97aa6c9e2c540246f3d7f7f8e48571a39419391d43ba0,panel.all.C_G_T_M1|C_G_T.arms.protgpt3-1.3b,7.426680224350098e-05,-0.0009265535376214902,0.0009723140740811294,0
qwen2.5-0.5b,first_order_likelihood,C_G_T_M1|C_G_T,all,bpe,20260923,-0.0003600117037385836,-0.0010753059433928867,0.00022286501757054998,0,0,-0.00044077512022101264,-0.00035548250824350117,-0.0003854231107343658,64,8192,217,group-equal squared error reduction,kcal$^2$/mol$^2$,archive/logs/R3/pairwise_epistasis_20260924/panel/panel.json,65b5cc3cdf654ed523d97aa6c9e2c540246f3d7f7f8e48571a39419391d43ba0,panel.all.C_G_T_M1|C_G_T.arms.qwen2.5-0.5b,-0.0004146514180966281,-0.0011334453550085465,0.00015029327922192373,0
qwen2.5-0.5b-instruct,first_order_likelihood,C_G_T_M1|C_G_T,all,bpe,20260923,-0.00043459336919736543,-0.0009191079131750404,-3.30698905855141e-05,0,3,-0.009050682951337928,-0.00043459336919736543,-0.0033066740235258916,64,8192,217,group-equal squared error reduction,kcal$^2$/mol$^2$,archive/logs/R3/pairwise_epistasis_20260924/panel/panel.json,65b5cc3cdf654ed523d97aa6c9e2c540246f3d7f7f8e48571a39419391d43ba0,panel.all.C_G_T_M1|C_G_T.arms.qwen2.5-0.5b-instruct,-0.00036024317483510315,-0.00082510109695108,4.057797485995159e-06,0
qwen2.5-32b,first_order_likelihood,C_G_T_M1|C_G_T,all,bpe,20260923,-0.00020244117814141311,-0.001183127688400176,0.0007155350675016894,0,0,-0.0002524529215760527,0.0003119846468499887,-4.763648428915904e-05,64,8192,217,group-equal squared error reduction,kcal$^2$/mol$^2$,archive/logs/R3/pairwise_epistasis_20260924/panel/panel.json,65b5cc3cdf654ed523d97aa6c9e2c540246f3d7f7f8e48571a39419391d43ba0,panel.all.C_G_T_M1|C_G_T.arms.qwen2.5-32b,6.503123390667401e-05,-0.000595063704228641,0.0008530123121282784,1
qwen2.5-7b,first_order_likelihood,C_G_T_M1|C_G_T,all,bpe,20260923,1.173789170615374e-05,-0.00039709567660110715,0.0004623420380931216,0,0,-2.2217195895418967e-05,7.146716414973046e-05,2.032928665348841e-05,64,8192,217,group-equal squared error reduction,kcal$^2$/mol$^2$,archive/logs/R3/pairwise_epistasis_20260924/panel/panel.json,65b5cc3cdf654ed523d97aa6c9e2c540246f3d7f7f8e48571a39419391d43ba0,panel.all.C_G_T_M1|C_G_T.arms.qwen2.5-7b,-3.56576899120413e-05,-0.0004490133442897333,0.00044962048388833714,0
qwen3-8b-base,first_order_likelihood,C_G_T_M1|C_G_T,all,bpe,20260923,-5.8537353282041424e-05,-0.0004586087250822368,0.00031639437151319093,0,2,-0.008705559772370228,-5.8537353282041424e-05,-0.0032229159262594075,64,8192,217,group-equal squared error reduction,kcal$^2$/mol$^2$,archive/logs/R3/pairwise_epistasis_20260924/panel/panel.json,65b5cc3cdf654ed523d97aa6c9e2c540246f3d7f7f8e48571a39419391d43ba0,panel.all.C_G_T_M1|C_G_T.arms.qwen3-8b-base,-2.0106345441406633e-05,-0.0004228958048002854,0.000335714571496181,0
rita-xl,first_order_likelihood,C_G_T_M1|C_G_T,all,amino_acid,20260923,0.0015855208624273767,-0.00032617460223135895,0.003550706256231068,0,0,0.0004127887089903843,0.0015855208624273767,0.001092069483682201,64,8192,217,group-equal squared error reduction,kcal$^2$/mol$^2$,archive/logs/R3/pairwise_epistasis_20260924/panel/panel.json,65b5cc3cdf654ed523d97aa6c9e2c540246f3d7f7f8e48571a39419391d43ba0,panel.all.C_G_T_M1|C_G_T.arms.rita-xl,0.0017518613621238805,-0.0003476224844345415,0.0038560126184547985,0
bygpt5-base-en,likelihood_over_matched,C_G_T+M|C_G_T,all,byte,20260923,0.0004127255681941819,-0.00016022672189940995,0.0012933761189391376,0,0,8.887735695600968e-05,0.0004127255681941819,0.00024644968764543667,64,8192,217,group-equal squared error reduction,kcal$^2$/mol$^2$,archive/logs/R3/pairwise_epistasis_20260924/panel/panel.json,65b5cc3cdf654ed523d97aa6c9e2c540246f3d7f7f8e48571a39419391d43ba0,panel.all.C_G_T+M|C_G_T.arms.bygpt5-base-en,-7.059466730463097e-06,-0.0002519496941391664,0.00022559357232011397,0
bygpt5-medium-en,likelihood_over_matched,C_G_T+M|C_G_T,all,byte,20260923,7.942577448121846e-05,-0.00011759609111867805,0.0003186918131924307,0,0,2.2550975166520104e-05,0.00015875149556940902,8.690941507238253e-05,64,8192,217,group-equal squared error reduction,kcal$^2$/mol$^2$,archive/logs/R3/pairwise_epistasis_20260924/panel/panel.json,65b5cc3cdf654ed523d97aa6c9e2c540246f3d7f7f8e48571a39419391d43ba0,panel.all.C_G_T+M|C_G_T.arms.bygpt5-medium-en,-7.732741502334115e-05,-0.0001777408629643098,2.578297759504414e-05,0
bygpt5-small-en,likelihood_over_matched,C_G_T+M|C_G_T,all,byte,20260923,-7.952664724603315e-05,-0.00017325408719659702,6.665285399386297e-06,0,1,-0.00010837945677960245,-1.3860049666616827e-05,-6.725538456408414e-05,64,8192,217,group-equal squared error reduction,kcal$^2$/mol$^2$,archive/logs/R3/pairwise_epistasis_20260924/panel/panel.json,65b5cc3cdf654ed523d97aa6c9e2c540246f3d7f7f8e48571a39419391d43ba0,panel.all.C_G_T+M|C_G_T.arms.bygpt5-small-en,-4.115030774595168e-05,-0.00011062836009662527,2.527667785419864e-05,0
dialogpt-small,likelihood_over_matched,C_G_T+M|C_G_T,all,bpe,20260923,-0.00032357384838463507,-0.0007211282681134907,-2.722709283120352e-05,0,2,-0.00032357384838463507,-0.00013053960252459753,-0.00024982578808164716,64,8192,217,group-equal squared error reduction,kcal$^2$/mol$^2$,archive/logs/R3/pairwise_epistasis_20260924/panel/panel.json,65b5cc3cdf654ed523d97aa6c9e2c540246f3d7f7f8e48571a39419391d43ba0,panel.all.C_G_T+M|C_G_T.arms.dialogpt-small,-7.293966947113025e-05,-0.000231008102401449,5.284463150726874e-05,0
galactica-1.3b,likelihood_over_matched,C_G_T+M|C_G_T,all,bpe,20260923,-0.0008027972852929735,-0.0021433624586110465,-7.142465049342871e-06,0,3,-0.008710520126699754,-0.00023653708046485135,-0.0032499514974858603,64,8192,217,group-equal squared error reduction,kcal$^2$/mol$^2$,archive/logs/R3/pairwise_epistasis_20260924/panel/panel.json,65b5cc3cdf654ed523d97aa6c9e2c540246f3d7f7f8e48571a39419391d43ba0,panel.all.C_G_T+M|C_G_T.arms.galactica-1.3b,-0.0008044455875926482,-0.0021458566090272464,-7.3196817798210355e-06,0
galactica-125m,likelihood_over_matched,C_G_T+M|C_G_T,all,bpe,20260923,5.255501665263123e-05,-8.905619182203664e-05,0.00019886387788538854,0,0,2.8012863361754703e-05,5.747031043985243e-05,4.601273015141279e-05,64,8192,217,group-equal squared error reduction,kcal$^2$/mol$^2$,archive/logs/R3/pairwise_epistasis_20260924/panel/panel.json,65b5cc3cdf654ed523d97aa6c9e2c540246f3d7f7f8e48571a39419391d43ba0,panel.all.C_G_T+M|C_G_T.arms.galactica-125m,3.086299883782032e-05,-0.00011047936242704565,0.00017934558495258076,0
galactica-30b,likelihood_over_matched,C_G_T+M|C_G_T,all,bpe,20260923,-5.7517670716563654e-05,-0.000250063939141767,0.00010326148751246486,0,1,-0.0003017312653725464,-1.1863743095762201e-05,-0.00012370422639495742,64,8192,217,group-equal squared error reduction,kcal$^2$/mol$^2$,archive/logs/R3/pairwise_epistasis_20260924/panel/panel.json,65b5cc3cdf654ed523d97aa6c9e2c540246f3d7f7f8e48571a39419391d43ba0,panel.all.C_G_T+M|C_G_T.arms.galactica-30b,-8.133853214464253e-05,-0.0002768392724032186,8.121709498789241e-05,0
galactica-6.7b,likelihood_over_matched,C_G_T+M|C_G_T,all,bpe,20260923,-1.8210621069241883e-05,-5.5125091165189586e-05,1.1492472427775984e-05,0,1,-0.00011835154554308341,-5.815549186523675e-06,-4.745923859961632e-05,64,8192,217,group-equal squared error reduction,kcal$^2$/mol$^2$,archive/logs/R3/pairwise_epistasis_20260924/panel/panel.json,65b5cc3cdf654ed523d97aa6c9e2c540246f3d7f7f8e48571a39419391d43ba0,panel.all.C_G_T+M|C_G_T.arms.galactica-6.7b,-1.7784251444082892e-05,-5.324118106413862e-05,1.1299062216718686e-05,0
gpt2,likelihood_over_matched,C_G_T+M|C_G_T,all,bpe,20260923,-0.00044723010423099846,-0.00107774638603794,-1.2221498660941882e-05,0,1,-0.00044723010423099846,-0.0001301097363818342,-0.000245746942295587,64,8192,217,group-equal squared error reduction,kcal$^2$/mol$^2$,archive/logs/R3/pairwise_epistasis_20260924/panel/panel.json,65b5cc3cdf654ed523d97aa6c9e2c540246f3d7f7f8e48571a39419391d43ba0,panel.all.C_G_T+M|C_G_T.arms.gpt2,-0.00017626401063300224,-0.0004631850279440729,4.4076620716428604e-05,0
gpt2-large,likelihood_over_matched,C_G_T+M|C_G_T,all,bpe,20260923,-0.00011827531648667513,-0.0002579161834659558,-1.5227728099810962e-05,0,3,-0.0004845242533218269,-0.00011827531648667513,-0.00027777868640932875,64,8192,217,group-equal squared error reduction,kcal$^2$/mol$^2$,archive/logs/R3/pairwise_epistasis_20260924/panel/panel.json,65b5cc3cdf654ed523d97aa6c9e2c540246f3d7f7f8e48571a39419391d43ba0,panel.all.C_G_T+M|C_G_T.arms.gpt2-large,-7.380727007865854e-05,-0.00014078705801067197,-8.757537918267026e-06,0
gpt2-medium,likelihood_over_matched,C_G_T+M|C_G_T,all,bpe,20260923,-0.00014890010880125315,-0.0004522038475387274,6.432411000549017e-05,0,0,-0.00014890010880125315,-4.5439644548962146e-05,-9.4625530114095e-05,64,8192,217,group-equal squared error reduction,kcal$^2$/mol$^2$,archive/logs/R3/pairwise_epistasis_20260924/panel/panel.json,65b5cc3cdf654ed523d97aa6c9e2c540246f3d7f7f8e48571a39419391d43ba0,panel.all.C_G_T+M|C_G_T.arms.gpt2-medium,-0.00020140767408081102,-0.000507149940716793,4.600001682945155e-08,0
gpt2-xl,likelihood_over_matched,C_G_T+M|C_G_T,all,bpe,20260923,-0.0001478856926194691,-0.00034478421203312847,2.8120366531019147e-05,0,1,-0.00045973532043786696,-0.0001478856926194691,-0.00028297810920931496,64,8192,217,group-equal squared error reduction,kcal$^2$/mol$^2$,archive/logs/R3/pairwise_epistasis_20260924/panel/panel.json,65b5cc3cdf654ed523d97aa6c9e2c540246f3d7f7f8e48571a39419391d43ba0,panel.all.C_G_T+M|C_G_T.arms.gpt2-xl,-4.768020687452292e-05,-0.00015726671243127436,7.963661436886148e-05,0
instructprotein,likelihood_over_matched,C_G_T+M|C_G_T,all,bpe,20260923,0.000282968332691647,-0.00012936171544554822,0.0006931753414839855,0,0,0.00019581425806830077,0.0003302390753648649,0.0002696738887082709,64,8192,217,group-equal squared error reduction,kcal$^2$/mol$^2$,archive/logs/R3/pairwise_epistasis_20260924/panel/panel.json,65b5cc3cdf654ed523d97aa6c9e2c540246f3d7f7f8e48571a39419391d43ba0,panel.all.C_G_T+M|C_G_T.arms.instructprotein,0.00020912674905057283,-0.00020223178938521787,0.0006325435913224273,0
llama-2-7b,likelihood_over_matched,C_G_T+M|C_G_T,all,bpe,20260923,-7.731573064607587e-05,-0.00019629309670145175,2.726740144114161e-05,0,0,-8.767856538677461e-05,6.468632382603673e-08,-5.497653656967482e-05,64,8192,217,group-equal squared error reduction,kcal$^2$/mol$^2$,archive/logs/R3/pairwise_epistasis_20260924/panel/panel.json,65b5cc3cdf654ed523d97aa6c9e2c540246f3d7f7f8e48571a39419391d43ba0,panel.all.C_G_T+M|C_G_T.arms.llama-2-7b,-4.030810986488431e-05,-0.00012387695029752305,5.038413235440725e-05,0
llama-3.2-3b,likelihood_over_matched,C_G_T+M|C_G_T,all,bpe,20260923,0.0002467596821359732,1.3681440582814152e-05,0.0005189075478221837,1,0,0.00023113639807841035,0.0002783567336499956,0.00025208427128812637,64,8192,217,group-equal squared error reduction,kcal$^2$/mol$^2$,archive/logs/R3/pairwise_epistasis_20260924/panel/panel.json,65b5cc3cdf654ed523d97aa6c9e2c540246f3d7f7f8e48571a39419391d43ba0,panel.all.C_G_T+M|C_G_T.arms.llama-3.2-3b,0.00012932804387478342,-2.7285682949342404e-05,0.0002878177475784947,0
progen2-base,likelihood_over_matched,C_G_T+M|C_G_T,all,amino_acid,20260923,-0.0001715122709297313,-0.0008439703865617549,0.0002927283283792152,0,0,-0.0003342542149978177,-7.212653492393224e-05,-0.00019263100695049375,64,8192,217,group-equal squared error reduction,kcal$^2$/mol$^2$,archive/logs/R3/pairwise_epistasis_20260924/panel/panel.json,65b5cc3cdf654ed523d97aa6c9e2c540246f3d7f7f8e48571a39419391d43ba0,panel.all.C_G_T+M|C_G_T.arms.progen2-base,-0.00017411827699325813,-0.0008982991069606918,0.00028844452771685216,0
progen2-large,likelihood_over_matched,C_G_T+M|C_G_T,all,amino_acid,20260923,-0.00019840797654686014,-0.0006686920033853982,0.0001272454077505027,0,0,-0.00019840797654686014,5.860691790114019e-06,-0.0001047536349055079,64,8192,217,group-equal squared error reduction,kcal$^2$/mol$^2$,archive/logs/R3/pairwise_epistasis_20260924/panel/panel.json,65b5cc3cdf654ed523d97aa6c9e2c540246f3d7f7f8e48571a39419391d43ba0,panel.all.C_G_T+M|C_G_T.arms.progen2-large,-0.00014714386927275246,-0.0006144572440483516,0.00017624930972702776,0
progen2-medium,likelihood_over_matched,C_G_T+M|C_G_T,all,amino_acid,20260923,0.0005855249668902992,-0.00019135852540614953,0.0013707551246102065,0,0,0.0005855249668902992,0.0007769567868221106,0.0006770261271134169,64,8192,217,group-equal squared error reduction,kcal$^2$/mol$^2$,archive/logs/R3/pairwise_epistasis_20260924/panel/panel.json,65b5cc3cdf654ed523d97aa6c9e2c540246f3d7f7f8e48571a39419391d43ba0,panel.all.C_G_T+M|C_G_T.arms.progen2-medium,0.0004962428970143794,-0.00025849718384616654,0.001182038740481764,0
progen2-small,likelihood_over_matched,C_G_T+M|C_G_T,all,amino_acid,20260923,-0.000143254671440459,-0.0007496073801967384,0.00036872509562505104,0,0,-0.00021338164056673302,-7.569206556765746e-05,-0.0001441094591916165,64,8192,217,group-equal squared error reduction,kcal$^2$/mol$^2$,archive/logs/R3/pairwise_epistasis_20260924/panel/panel.json,65b5cc3cdf654ed523d97aa6c9e2c540246f3d7f7f8e48571a39419391d43ba0,panel.all.C_G_T+M|C_G_T.arms.progen2-small,-0.00018793252754480016,-0.0008820036123233767,0.00033758044320729604,0
progen2-xlarge,likelihood_over_matched,C_G_T+M|C_G_T,all,amino_acid,20260923,0.0008526149449859033,-0.00022381887842673877,0.0018747091988602783,2,0,0.0008526149449859033,0.0013147095774463167,0.0011368310452916598,64,8192,217,group-equal squared error reduction,kcal$^2$/mol$^2$,archive/logs/R3/pairwise_epistasis_20260924/panel/panel.json,65b5cc3cdf654ed523d97aa6c9e2c540246f3d7f7f8e48571a39419391d43ba0,panel.all.C_G_T+M|C_G_T.arms.progen2-xlarge,0.0008444644159894832,-0.0002525750359075262,0.0018956810374227953,2
progen3-112m,likelihood_over_matched,C_G_T+M|C_G_T,all,amino_acid,20260923,-6.493983930431352e-05,-0.0003615953574261409,0.00016273830267655998,0,0,-6.493983930431352e-05,9.485805696956662e-05,2.2359774740544657e-05,64,8192,217,group-equal squared error reduction,kcal$^2$/mol$^2$,archive/logs/R3/pairwise_epistasis_20260924/panel/panel.json,65b5cc3cdf654ed523d97aa6c9e2c540246f3d7f7f8e48571a39419391d43ba0,panel.all.C_G_T+M|C_G_T.arms.progen3-112m,-7.062498682025178e-05,-0.0003692010959816108,0.00015757985062710714,0
progen3-3b,likelihood_over_matched,C_G_T+M|C_G_T,all,amino_acid,20260923,0.0012624745096162949,0.000464564808388685,0.002137619011955454,3,0,0.0011592465487881287,0.0012624745096162949,0.0012232059434399499,64,8192,217,group-equal squared error reduction,kcal$^2$/mol$^2$,archive/logs/R3/pairwise_epistasis_20260924/panel/panel.json,65b5cc3cdf654ed523d97aa6c9e2c540246f3d7f7f8e48571a39419391d43ba0,panel.all.C_G_T+M|C_G_T.arms.progen3-3b,0.0010780419733633832,0.00030001243154959136,0.001958481262968445,3
prollama,likelihood_over_matched,C_G_T+M|C_G_T,all,amino_acid,20260923,0.0010040078729613162,0.00035754154738383743,0.0017310876852356103,3,0,0.0009584813110314096,0.0010760211608873283,0.0010128367816266848,64,8192,217,group-equal squared error reduction,kcal$^2$/mol$^2$,archive/logs/R3/pairwise_epistasis_20260924/panel/panel.json,65b5cc3cdf654ed523d97aa6c9e2c540246f3d7f7f8e48571a39419391d43ba0,panel.all.C_G_T+M|C_G_T.arms.prollama,0.0009298282230765291,0.00028727803061993847,0.0016480054692313163,3
prollama-stage-1,likelihood_over_matched,C_G_T+M|C_G_T,all,amino_acid,20260923,-7.5840620014614064e-06,-6.941581831307001e-05,5.566872932003029e-05,0,1,-0.0001913893896502536,-7.5840620014614064e-06,-0.00011408830522785294,64,8192,217,group-equal squared error reduction,kcal$^2$/mol$^2$,archive/logs/R3/pairwise_epistasis_20260924/panel/panel.json,65b5cc3cdf654ed523d97aa6c9e2c540246f3d7f7f8e48571a39419391d43ba0,panel.all.C_G_T+M|C_G_T.arms.prollama-stage-1,-8.684825770898294e-07,-6.15985424600782e-05,6.074492998269037e-05,0
proteinglm-7b-clm,likelihood_over_matched,C_G_T+M|C_G_T,all,amino_acid,20260923,0.001060513270645748,-7.631547605885288e-05,0.0022270996183782576,2,0,0.001060513270645748,0.0015847228374304373,0.001392855180066603,64,8192,217,group-equal squared error reduction,kcal$^2$/mol$^2$,archive/logs/R3/pairwise_epistasis_20260924/panel/panel.json,65b5cc3cdf654ed523d97aa6c9e2c540246f3d7f7f8e48571a39419391d43ba0,panel.all.C_G_T+M|C_G_T.arms.proteinglm-7b-clm,0.0010106965116465792,-0.00012230116744540876,0.002105704253470678,2
protgpt2,likelihood_over_matched,C_G_T+M|C_G_T,all,bpe,20260923,0.0008499500751383367,0.0004111276689717249,0.0013013028040409582,3,0,0.0008499500751383367,0.0010355911193252825,0.0009137190737998224,64,8192,217,group-equal squared error reduction,kcal$^2$/mol$^2$,archive/logs/R3/pairwise_epistasis_20260924/panel/panel.json,65b5cc3cdf654ed523d97aa6c9e2c540246f3d7f7f8e48571a39419391d43ba0,panel.all.C_G_T+M|C_G_T.arms.protgpt2,0.0007922885449044898,0.0003321144226967273,0.0012649010097505224,3
protgpt3-1.3b,likelihood_over_matched,C_G_T+M|C_G_T,all,bpe,20260923,-0.00014094226979365684,-0.00024045228192311587,-4.943465048888945e-05,0,2,-0.00014094226979365684,-3.8222058326919765e-05,-9.57259673900972e-05,64,8192,217,group-equal squared error reduction,kcal$^2$/mol$^2$,archive/logs/R3/pairwise_epistasis_20260924/panel/panel.json,65b5cc3cdf654ed523d97aa6c9e2c540246f3d7f7f8e48571a39419391d43ba0,panel.all.C_G_T+M|C_G_T.arms.protgpt3-1.3b,-0.00013058355861137963,-0.0002281650541650777,-4.187787203881868e-05,0
qwen2.5-0.5b,likelihood_over_matched,C_G_T+M|C_G_T,all,bpe,20260923,-4.621533758865392e-05,-0.00010445780041296996,5.633180001643847e-06,0,2,-0.00016680985612112296,-4.621533758865392e-05,-0.00010230786711764315,64,8192,217,group-equal squared error reduction,kcal$^2$/mol$^2$,archive/logs/R3/pairwise_epistasis_20260924/panel/panel.json,65b5cc3cdf654ed523d97aa6c9e2c540246f3d7f7f8e48571a39419391d43ba0,panel.all.C_G_T+M|C_G_T.arms.qwen2.5-0.5b,-5.006989076112252e-05,-0.00010862568922273894,1.5992635514824862e-06,0
qwen2.5-0.5b-instruct,likelihood_over_matched,C_G_T+M|C_G_T,all,bpe,20260923,0.00010879368500240271,-6.764720714272634e-05,0.000272383370395343,0,0,9.69638575912886e-05,0.0001298006726297347,0.00011185273840780867,64,8192,217,group-equal squared error reduction,kcal$^2$/mol$^2$,archive/logs/R3/pairwise_epistasis_20260924/panel/panel.json,65b5cc3cdf654ed523d97aa6c9e2c540246f3d7f7f8e48571a39419391d43ba0,panel.all.C_G_T+M|C_G_T.arms.qwen2.5-0.5b-instruct,7.666019514844722e-05,-0.00010349402792234438,0.0002493374148235525,0
qwen2.5-32b,likelihood_over_matched,C_G_T+M|C_G_T,all,bpe,20260923,-1.0011504170537224e-05,-0.0001524341610177448,0.00013823601119320852,0,0,-0.00013245152947057178,1.2782915245150312e-05,-4.322670613198623e-05,64,8192,217,group-equal squared error reduction,kcal$^2$/mol$^2$,archive/logs/R3/pairwise_epistasis_20260924/panel/panel.json,65b5cc3cdf654ed523d97aa6c9e2c540246f3d7f7f8e48571a39419391d43ba0,panel.all.C_G_T+M|C_G_T.arms.qwen2.5-32b,-5.2310672579749245e-05,-0.0001896220601556322,6.447498934399808e-05,0
qwen2.5-7b,likelihood_over_matched,C_G_T+M|C_G_T,all,bpe,20260923,-0.00017273491248316576,-0.00034311070617590143,-3.635596907950839e-05,0,2,-0.00017273491248316576,3.4982907315582934e-05,-9.234160236231647e-05,64,8192,217,group-equal squared error reduction,kcal$^2$/mol$^2$,archive/logs/R3/pairwise_epistasis_20260924/panel/panel.json,65b5cc3cdf654ed523d97aa6c9e2c540246f3d7f7f8e48571a39419391d43ba0,panel.all.C_G_T+M|C_G_T.arms.qwen2.5-7b,-0.00012207987109720168,-0.00023262246330442646,-1.7424268859321492e-05,0
qwen3-8b-base,likelihood_over_matched,C_G_T+M|C_G_T,all,bpe,20260923,-0.00018578949443218704,-0.0004137994809792434,1.965725645412147e-05,0,0,-0.00018578949443218704,0.0001744494036977247,2.4981338456396753e-05,64,8192,217,group-equal squared error reduction,kcal$^2$/mol$^2$,archive/logs/R3/pairwise_epistasis_20260924/panel/panel.json,65b5cc3cdf654ed523d97aa6c9e2c540246f3d7f7f8e48571a39419391d43ba0,panel.all.C_G_T+M|C_G_T.arms.qwen3-8b-base,-0.00012901803236400493,-0.0002832279856424724,1.423503682343298e-05,0
rita-xl,likelihood_over_matched,C_G_T+M|C_G_T,all,amino_acid,20260923,-9.020749433426745e-05,-0.00032589646680080325,7.821721211097154e-05,0,1,-0.00029515374407440586,-1.9261310864852974e-05,-0.00013487418309117544,64,8192,217,group-equal squared error reduction,kcal$^2$/mol$^2$,archive/logs/R3/pairwise_epistasis_20260924/panel/panel.json,65b5cc3cdf654ed523d97aa6c9e2c540246f3d7f7f8e48571a39419391d43ba0,panel.all.C_G_T+M|C_G_T.arms.rita-xl,-6.0494204877412873e-05,-0.00029462555472524547,0.00012349330293388793,0
bygpt5-base-en,likelihood_interaction_over_first_order,C_G_T_M1+M|C_G_T_M1,all,byte,20260923,0.0003804034932989586,-0.00015678646913838703,0.0012156813004366618,0,0,9.972127097798776e-05,0.0003804034932989586,0.00023936832809259888,64,8192,217,group-equal squared error reduction,kcal$^2$/mol$^2$,archive/logs/R3/pairwise_epistasis_20260924/panel/panel.json,65b5cc3cdf654ed523d97aa6c9e2c540246f3d7f7f8e48571a39419391d43ba0,panel.all.C_G_T_M1+M|C_G_T_M1.arms.bygpt5-base-en,-9.48708057581392e-06,-0.00024000151681010726,0.00021577825779611813,0
bygpt5-medium-en,likelihood_interaction_over_first_order,C_G_T_M1+M|C_G_T_M1,all,byte,20260923,5.302154375707029e-05,-0.00013218970557060179,0.0002655912573674103,0,0,1.77110292953525e-05,0.0001394573348466974,7.006330263304007e-05,64,8192,217,group-equal squared error reduction,kcal$^2$/mol$^2$,archive/logs/R3/pairwise_epistasis_20260924/panel/panel.json,65b5cc3cdf654ed523d97aa6c9e2c540246f3d7f7f8e48571a39419391d43ba0,panel.all.C_G_T_M1+M|C_G_T_M1.arms.bygpt5-medium-en,-8.347268428340375e-05,-0.00018137072070767183,1.607409013246228e-05,0
bygpt5-small-en,likelihood_interaction_over_first_order,C_G_T_M1+M|C_G_T_M1,all,byte,20260923,-8.19206917408678e-05,-0.00017693936627193946,6.101729243811063e-06,0,1,-0.00010260719925761041,-1.903708435857217e-05,-6.785499178568346e-05,64,8192,217,group-equal squared error reduction,kcal$^2$/mol$^2$,archive/logs/R3/pairwise_epistasis_20260924/panel/panel.json,65b5cc3cdf654ed523d97aa6c9e2c540246f3d7f7f8e48571a39419391d43ba0,panel.all.C_G_T_M1+M|C_G_T_M1.arms.bygpt5-small-en,-3.984905618179167e-05,-0.00011036924907488501,2.5844404356366253e-05,0
dialogpt-small,likelihood_interaction_over_first_order,C_G_T_M1+M|C_G_T_M1,all,bpe,20260923,-0.0003144897013622845,-0.0007042624461539212,-2.6045552714420024e-05,0,2,-0.0003144897013622845,-0.00012474868463039843,-0.0002385874091846464,64,8192,217,group-equal squared error reduction,kcal$^2$/mol$^2$,archive/logs/R3/pairwise_epistasis_20260924/panel/panel.json,65b5cc3cdf654ed523d97aa6c9e2c540246f3d7f7f8e48571a39419391d43ba0,panel.all.C_G_T_M1+M|C_G_T_M1.arms.dialogpt-small,-7.109401522581966e-05,-0.00022706220913625965,4.8449710210861126e-05,0
galactica-1.3b,likelihood_interaction_over_first_order,C_G_T_M1+M|C_G_T_M1,all,bpe,20260923,-0.0008969246616679957,-0.0024130060366141827,-1.0178723608050766e-05,0,3,-0.008646336004441615,-0.0002391322085569421,-0.0032607976248888505,64,8192,217,group-equal squared error reduction,kcal$^2$/mol$^2$,archive/logs/R3/pairwise_epistasis_20260924/panel/panel.json,65b5cc3cdf654ed523d97aa6c9e2c540246f3d7f7f8e48571a39419391d43ba0,panel.all.C_G_T_M1+M|C_G_T_M1.arms.galactica-1.3b,-0.0008961311720974729,-0.002422008666769838,-7.309444305724591e-06,0
galactica-125m,likelihood_interaction_over_first_order,C_G_T_M1+M|C_G_T_M1,all,bpe,20260923,6.11894482259144e-05,-7.972333547943736e-05,0.0002054062829590326,0,0,3.741121066608397e-05,6.821611676559834e-05,5.560559188586557e-05,64,8192,217,group-equal squared error reduction,kcal$^2$/mol$^2$,archive/logs/R3/pairwise_epistasis_20260924/panel/panel.json,65b5cc3cdf654ed523d97aa6c9e2c540246f3d7f7f8e48571a39419391d43ba0,panel.all.C_G_T_M1+M|C_G_T_M1.arms.galactica-125m,4.162236126237669e-05,-9.786587861944974e-05,0.00019058675173726024,0
galactica-30b,likelihood_interaction_over_first_order,C_G_T_M1+M|C_G_T_M1,all,bpe,20260923,-6.479630539153736e-05,-0.00024305893972380275,8.253578337852101e-05,0,1,-0.0002449567120966522,-1.4172259191884114e-05,-0.00010797509222669123,64,8192,217,group-equal squared error reduction,kcal$^2$/mol$^2$,archive/logs/R3/pairwise_epistasis_20260924/panel/panel.json,65b5cc3cdf654ed523d97aa6c9e2c540246f3d7f7f8e48571a39419391d43ba0,panel.all.C_G_T_M1+M|C_G_T_M1.arms.galactica-30b,-8.688802984564813e-05,-0.0002695569927244347,6.115844626937368e-05,0
galactica-6.7b,likelihood_interaction_over_first_order,C_G_T_M1+M|C_G_T_M1,all,bpe,20260923,-1.6766545754193663e-05,-5.707152977014318e-05,1.3156154550405547e-05,0,1,-0.008744487034054307,-4.705561556087468e-06,-0.002921986380454862,64,8192,217,group-equal squared error reduction,kcal$^2$/mol$^2$,archive/logs/R3/pairwise_epistasis_20260924/panel/panel.json,65b5cc3cdf654ed523d97aa6c9e2c540246f3d7f7f8e48571a39419391d43ba0,panel.all.C_G_T_M1+M|C_G_T_M1.arms.galactica-6.7b,-1.7529077672272308e-05,-5.508447910712733e-05,1.2894608764454772e-05,0
gpt2,likelihood_interaction_over_first_order,C_G_T_M1+M|C_G_T_M1,all,bpe,20260923,-0.00042715351416206426,-0.001041164327181894,-5.539037175937571e-06,0,1,-0.00042715351416206426,-0.0001288150546297751,-0.000236916558961398,64,8192,217,group-equal squared error reduction,kcal$^2$/mol$^2$,archive/logs/R3/pairwise_epistasis_20260924/panel/panel.json,65b5cc3cdf654ed523d97aa6c9e2c540246f3d7f7f8e48571a39419391d43ba0,panel.all.C_G_T_M1+M|C_G_T_M1.arms.gpt2,-0.0001675006741852822,-0.0004442283052397827,4.650419956572885e-05,0
gpt2-large,likelihood_interaction_over_first_order,C_G_T_M1+M|C_G_T_M1,all,bpe,20260923,-0.00011822747951025295,-0.00026291781959424316,-1.2135422168837877e-05,0,3,-0.00048823450498594123,-0.00011822747951025295,-0.00027921939348495326,64,8192,217,group-equal squared error reduction,kcal$^2$/mol$^2$,archive/logs/R3/pairwise_epistasis_20260924/panel/panel.json,65b5cc3cdf654ed523d97aa6c9e2c540246f3d7f7f8e48571a39419391d43ba0,panel.all.C_G_T_M1+M|C_G_T_M1.arms.gpt2-large,-7.12786867022145e-05,-0.00013713871578624107,-6.728224943543324e-06,0
gpt2-medium,likelihood_interaction_over_first_order,C_G_T_M1+M|C_G_T_M1,all,bpe,20260923,-0.00015095445507699932,-0.0004478522734562323,5.694374216621646e-05,0,0,-0.00015095445507699932,-4.895604246442299e-05,-9.618244703028728e-05,64,8192,217,group-equal squared error reduction,kcal$^2$/mol$^2$,archive/logs/R3/pairwise_epistasis_20260924/panel/panel.json,65b5cc3cdf654ed523d97aa6c9e2c540246f3d7f7f8e48571a39419391d43ba0,panel.all.C_G_T_M1+M|C_G_T_M1.arms.gpt2-medium,-0.0002012603953809018,-0.0004996791634031893,-8.000492161481831e-06,0
gpt2-xl,likelihood_interaction_over_first_order,C_G_T_M1+M|C_G_T_M1,all,bpe,20260923,-0.00014292070183968418,-0.0003361036464161123,3.210982710149807e-05,0,1,-0.000452558277619694,-0.00014292070183968418,-0.000274038796684202,64,8192,217,group-equal squared error reduction,kcal$^2$/mol$^2$,archive/logs/R3/pairwise_epistasis_20260924/panel/panel.json,65b5cc3cdf654ed523d97aa6c9e2c540246f3d7f7f8e48571a39419391d43ba0,panel.all.C_G_T_M1+M|C_G_T_M1.arms.gpt2-xl,-4.5114741820716165e-05,-0.00015366631966201114,8.201302985118296e-05,0
instructprotein,likelihood_interaction_over_first_order,C_G_T_M1+M|C_G_T_M1,all,bpe,20260923,0.00025260572363818945,-0.00013244786996537014,0.0006298297624997617,0,0,0.0001736451379025499,0.0002880828167112744,0.00023811122608400457,64,8192,217,group-equal squared error reduction,kcal$^2$/mol$^2$,archive/logs/R3/pairwise_epistasis_20260924/panel/panel.json,65b5cc3cdf654ed523d97aa6c9e2c540246f3d7f7f8e48571a39419391d43ba0,panel.all.C_G_T_M1+M|C_G_T_M1.arms.instructprotein,0.00018490910968144874,-0.00019424193159038282,0.0005836534571606054,0
llama-2-7b,likelihood_interaction_over_first_order,C_G_T_M1+M|C_G_T_M1,all,bpe,20260923,-7.031568387850379e-05,-0.00018819384964745064,3.5246662998171305e-05,0,1,-0.008507323415100337,4.1294221289588096e-06,-0.0028578365589499604,64,8192,217,group-equal squared error reduction,kcal$^2$/mol$^2$,archive/logs/R3/pairwise_epistasis_20260924/panel/panel.json,65b5cc3cdf654ed523d97aa6c9e2c540246f3d7f7f8e48571a39419391d43ba0,panel.all.C_G_T_M1+M|C_G_T_M1.arms.llama-2-7b,-3.3762774588143856e-05,-0.00011459621622035756,5.5852111984541526e-05,0
llama-3.2-3b,likelihood_interaction_over_first_order,C_G_T_M1+M|C_G_T_M1,all,bpe,20260923,0.0002489166205810454,1.4430277424678522e-05,0.0005296391114339698,1,0,0.00023291402364090442,0.0002820781425016334,0.0002546362622411944,64,8192,217,group-equal squared error reduction,kcal$^2$/mol$^2$,archive/logs/R3/pairwise_epistasis_20260924/panel/panel.json,65b5cc3cdf654ed523d97aa6c9e2c540246f3d7f7f8e48571a39419391d43ba0,panel.all.C_G_T_M1+M|C_G_T_M1.arms.llama-3.2-3b,0.00012711072470029928,-2.714974456139259e-05,0.00028502073182332116,0
progen2-base,likelihood_interaction_over_first_order,C_G_T_M1+M|C_G_T_M1,all,amino_acid,20260923,-0.00019802804788484935,-0.000770841570865984,0.0001774334857597143,0,0,-0.00036385544794511953,-0.00011450238042345884,-0.00022546195875114257,64,8192,217,group-equal squared error reduction,kcal$^2$/mol$^2$,archive/logs/R3/pairwise_epistasis_20260924/panel/panel.json,65b5cc3cdf654ed523d97aa6c9e2c540246f3d7f7f8e48571a39419391d43ba0,panel.all.C_G_T_M1+M|C_G_T_M1.arms.progen2-base,-0.00020021180838475613,-0.0007886993070434584,0.00017089435464242789,0
progen2-large,likelihood_interaction_over_first_order,C_G_T_M1+M|C_G_T_M1,all,amino_acid,20260923,-0.00021902585257404486,-0.0006126646996993405,5.469493948746962e-05,0,0,-0.00021902585257404486,-3.47857098147086e-05,-0.00013112511269770333,64,8192,217,group-equal squared error reduction,kcal$^2$/mol$^2$,archive/logs/R3/pairwise_epistasis_20260924/panel/panel.json,65b5cc3cdf654ed523d97aa6c9e2c540246f3d7f7f8e48571a39419391d43ba0,panel.all.C_G_T_M1+M|C_G_T_M1.arms.progen2-large,-0.00016720203773043266,-0.0005452194056848366,9.508779443917324e-05,0
progen2-medium,likelihood_interaction_over_first_order,C_G_T_M1+M|C_G_T_M1,all,amino_acid,20260923,0.0002974582497560208,-0.0004236236127588995,0.000990794171729265,0,0,0.0002974582497560208,0.0004917652975865868,0.0003778104484810335,64,8192,217,group-equal squared error reduction,kcal$^2$/mol$^2$,archive/logs/R3/pairwise_epistasis_20260924/panel/panel.json,65b5cc3cdf654ed523d97aa6c9e2c540246f3d7f7f8e48571a39419391d43ba0,panel.all.C_G_T_M1+M|C_G_T_M1.arms.progen2-medium,0.00021997894328829149,-0.0004699606652277839,0.0008469549687611453,0
progen2-small,likelihood_interaction_over_first_order,C_G_T_M1+M|C_G_T_M1,all,amino_acid,20260923,-0.00021550893706576884,-0.0007617099943981352,0.00023195803987706247,0,0,-0.0002570969693521455,-0.00015733475945612935,-0.00020998022195801457,64,8192,217,group-equal squared error reduction,kcal$^2$/mol$^2$,archive/logs/R3/pairwise_epistasis_20260924/panel/panel.json,65b5cc3cdf654ed523d97aa6c9e2c540246f3d7f7f8e48571a39419391d43ba0,panel.all.C_G_T_M1+M|C_G_T_M1.arms.progen2-small,-0.0002567366048548169,-0.0008724897941890004,0.0002016862680494211,0
progen2-xlarge,likelihood_interaction_over_first_order,C_G_T_M1+M|C_G_T_M1,all,amino_acid,20260923,0.0004653468330215536,-0.0005111889577409996,0.0013478920256066622,0,0,0.0004653468330215536,0.0008839760163713108,0.0007264465606259383,64,8192,217,group-equal squared error reduction,kcal$^2$/mol$^2$,archive/logs/R3/pairwise_epistasis_20260924/panel/panel.json,65b5cc3cdf654ed523d97aa6c9e2c540246f3d7f7f8e48571a39419391d43ba0,panel.all.C_G_T_M1+M|C_G_T_M1.arms.progen2-xlarge,0.0004543361944222938,-0.0005416426458427362,0.0013931882054852144,0
progen3-112m,likelihood_interaction_over_first_order,C_G_T_M1+M|C_G_T_M1,all,amino_acid,20260923,-8.8214946439052e-05,-0.0003454623907755949,0.00010084609143134064,0,0,-8.8214946439052e-05,5.1487448870295984e-05,-1.24828894771007e-05,64,8192,217,group-equal squared error reduction,kcal$^2$/mol$^2$,archive/logs/R3/pairwise_epistasis_20260924/panel/panel.json,65b5cc3cdf654ed523d97aa6c9e2c540246f3d7f7f8e48571a39419391d43ba0,panel.all.C_G_T_M1+M|C_G_T_M1.arms.progen3-112m,-9.363047033426753e-05,-0.0003604100425911306,9.736643908509428e-05,0
progen3-3b,likelihood_interaction_over_first_order,C_G_T_M1+M|C_G_T_M1,all,amino_acid,20260923,0.0009198874372472682,0.00024243085256064791,0.0016757199787229388,3,0,0.0007992388862634327,0.0009198874372472682,0.0008719259025569906,64,8192,217,group-equal squared error reduction,kcal$^2$/mol$^2$,archive/logs/R3/pairwise_epistasis_20260924/panel/panel.json,65b5cc3cdf654ed523d97aa6c9e2c540246f3d7f7f8e48571a39419391d43ba0,panel.all.C_G_T_M1+M|C_G_T_M1.arms.progen3-3b,0.0007673885554362135,6.870552618590077e-05,0.001520061802381065,2
prollama,likelihood_interaction_over_first_order,C_G_T_M1+M|C_G_T_M1,all,amino_acid,20260923,0.0009460819335614984,0.00032333006063935073,0.0016404064989470454,3,0,0.0008969439923333354,0.0010105069291103043,0.000951177618335046,64,8192,217,group-equal squared error reduction,kcal$^2$/mol$^2$,archive/logs/R3/pairwise_epistasis_20260924/panel/panel.json,65b5cc3cdf654ed523d97aa6c9e2c540246f3d7f7f8e48571a39419391d43ba0,panel.all.C_G_T_M1+M|C_G_T_M1.arms.prollama,0.0008706794429229581,0.00025877779553775413,0.001549063034731699,3
prollama-stage-1,likelihood_interaction_over_first_order,C_G_T_M1+M|C_G_T_M1,all,amino_acid,20260923,-6.779926516004486e-06,-6.797605465019328e-05,5.802617111892924e-05,0,1,-0.00018383735589779047,-6.779926516004486e-06,-0.00010869644403480581,64,8192,217,group-equal squared error reduction,kcal$^2$/mol$^2$,archive/logs/R3/pairwise_epistasis_20260924/panel/panel.json,65b5cc3cdf654ed523d97aa6c9e2c540246f3d7f7f8e48571a39419391d43ba0,panel.all.C_G_T_M1+M|C_G_T_M1.arms.prollama-stage-1,-1.7737405743693527e-08,-6.018086007633109e-05,6.206099582038358e-05,0
proteinglm-7b-clm,likelihood_interaction_over_first_order,C_G_T_M1+M|C_G_T_M1,all,amino_acid,20260923,0.0007405229985801424,-0.0003249045625864054,0.0017475810241185713,1,0,0.0007405229985801424,0.001213092256900732,0.0010315184366660997,64,8192,217,group-equal squared error reduction,kcal$^2$/mol$^2$,archive/logs/R3/pairwise_epistasis_20260924/panel/panel.json,65b5cc3cdf654ed523d97aa6c9e2c540246f3d7f7f8e48571a39419391d43ba0,panel.all.C_G_T_M1+M|C_G_T_M1.arms.proteinglm-7b-clm,0.0006952968804692573,-0.0003381769411635725,0.00165940908790015,0
protgpt2,likelihood_interaction_over_first_order,C_G_T_M1+M|C_G_T_M1,all,bpe,20260923,0.0005816099568190037,0.0002475076154006543,0.0009264698094816485,3,0,0.00046306426204842507,0.0007459790622096898,0.0005968844270257061,64,8192,217,group-equal squared error reduction,kcal$^2$/mol$^2$,archive/logs/R3/pairwise_epistasis_20260924/panel/panel.json,65b5cc3cdf654ed523d97aa6c9e2c540246f3d7f7f8e48571a39419391d43ba0,panel.all.C_G_T_M1+M|C_G_T_M1.arms.protgpt2,0.0005295295132920714,0.00017971724378242564,0.0008935137831885108,2
protgpt3-1.3b,likelihood_interaction_over_first_order,C_G_T_M1+M|C_G_T_M1,all,bpe,20260923,-0.0001340802919615018,-0.00022704747417660333,-4.793613774148627e-05,0,2,-0.0001340802919615018,-3.6042219808047216e-05,-9.159060147211934e-05,64,8192,217,group-equal squared error reduction,kcal$^2$/mol$^2$,archive/logs/R3/pairwise_epistasis_20260924/panel/panel.json,65b5cc3cdf654ed523d97aa6c9e2c540246f3d7f7f8e48571a39419391d43ba0,panel.all.C_G_T_M1+M|C_G_T_M1.arms.protgpt3-1.3b,-0.00012573562047986793,-0.00021510519886164196,-4.180436138324633e-05,0
qwen2.5-0.5b,likelihood_interaction_over_first_order,C_G_T_M1+M|C_G_T_M1,all,bpe,20260923,-4.648638619238221e-05,-0.00010266909441067595,3.2781801718245806e-06,0,2,-0.00016674558802808113,-4.648638619238221e-05,-0.00010227699430667638,64,8192,217,group-equal squared error reduction,kcal$^2$/mol$^2$,archive/logs/R3/pairwise_epistasis_20260924/panel/panel.json,65b5cc3cdf654ed523d97aa6c9e2c540246f3d7f7f8e48571a39419391d43ba0,panel.all.C_G_T_M1+M|C_G_T_M1.arms.qwen2.5-0.5b,-5.0145047469252414e-05,-0.00010687955679655972,-1.9937222376778167e-06,0
qwen2.5-0.5b-instruct,likelihood_interaction_over_first_order,C_G_T_M1+M|C_G_T_M1,all,bpe,20260923,0.00012429684193394214,-5.469049878006059e-05,0.00028948565270753854,1,0,0.00012429684193394214,0.008777749404027415,0.003014722317919555,64,8192,217,group-equal squared error reduction,kcal$^2$/mol$^2$,archive/logs/R3/pairwise_epistasis_20260924/panel/panel.json,65b5cc3cdf654ed523d97aa6c9e2c540246f3d7f7f8e48571a39419391d43ba0,panel.all.C_G_T_M1+M|C_G_T_M1.arms.qwen2.5-0.5b-instruct,9.279681895382973e-05,-9.143518152110573e-05,0.00026835343231338825,1
qwen2.5-32b,likelihood_interaction_over_first_order,C_G_T_M1+M|C_G_T_M1,all,bpe,20260923,6.610943080255158e-06,-0.0001431280179750923,0.0001714026796262948,0,0,-0.0001235916032058628,1.5178143191604647e-05,-3.3934172311334334e-05,64,8192,217,group-equal squared error reduction,kcal$^2$/mol$^2$,archive/logs/R3/pairwise_epistasis_20260924/panel/panel.json,65b5cc3cdf654ed523d97aa6c9e2c540246f3d7f7f8e48571a39419391d43ba0,panel.all.C_G_T_M1+M|C_G_T_M1.arms.qwen2.5-32b,-4.1537058212163706e-05,-0.0001848716285975512,8.676583620574707e-05,0
qwen2.5-7b,likelihood_interaction_over_first_order,C_G_T_M1+M|C_G_T_M1,all,bpe,20260923,-0.00017246190269917718,-0.00034426729087047624,-3.862900649639509e-05,0,2,-0.00017246190269917718,2.4293513046900203e-05,-9.843397025542965e-05,64,8192,217,group-equal squared error reduction,kcal$^2$/mol$^2$,archive/logs/R3/pairwise_epistasis_20260924/panel/panel.json,65b5cc3cdf654ed523d97aa6c9e2c540246f3d7f7f8e48571a39419391d43ba0,panel.all.C_G_T_M1+M|C_G_T_M1.arms.qwen2.5-7b,-0.0001210133191411743,-0.00022654644093999672,-2.0504821382238784e-05,0
qwen3-8b-base,likelihood_interaction_over_first_order,C_G_T_M1+M|C_G_T_M1,all,bpe,20260923,-0.00019887849103692032,-0.0004368268554021337,1.0616665128086473e-05,0,0,-0.00019887849103692032,0.00017333982752574671,5.797616572017783e-06,64,8192,217,group-equal squared error reduction,kcal$^2$/mol$^2$,archive/logs/R3/pairwise_epistasis_20260924/panel/panel.json,65b5cc3cdf654ed523d97aa6c9e2c540246f3d7f7f8e48571a39419391d43ba0,panel.all.C_G_T_M1+M|C_G_T_M1.arms.qwen3-8b-base,-0.00013270890454355723,-0.00028350670578575557,8.779347675775478e-06,0
rita-xl,likelihood_interaction_over_first_order,C_G_T_M1+M|C_G_T_M1,all,amino_acid,20260923,-9.503199616043927e-05,-0.0002875048117994307,4.5224468436383574e-05,0,1,-0.0002938997636205598,-2.6274429671028316e-05,-0.0001384020631506758,64,8192,217,group-equal squared error reduction,kcal$^2$/mol$^2$,archive/logs/R3/pairwise_epistasis_20260924/panel/panel.json,65b5cc3cdf654ed523d97aa6c9e2c540246f3d7f7f8e48571a39419391d43ba0,panel.all.C_G_T_M1+M|C_G_T_M1.arms.rita-xl,-6.943723656574144e-05,-0.00026290032689781903,8.467810930665699e-05,0
bygpt5-base-en,representation_over_matched,C_G_T+R|C_G_T,all,byte,20260923,-0.005550455326877998,-0.012095786524486124,0.0005728692036222283,0,1,-0.011095594484341418,-0.005550455326877998,-0.007628080661421716,64,8192,217,group-equal squared error reduction,kcal$^2$/mol$^2$,archive/logs/R3/pairwise_epistasis_20260924/panel/panel.json,65b5cc3cdf654ed523d97aa6c9e2c540246f3d7f7f8e48571a39419391d43ba0,panel.all.C_G_T+R|C_G_T.arms.bygpt5-base-en,-0.007588689085196691,-0.013519917715829697,-0.002237021260304257,0
bygpt5-medium-en,representation_over_matched,C_G_T+R|C_G_T,all,byte,20260923,-0.009372252829001258,-0.018009451245546718,-0.0020801904885230033,0,1,-0.009372252829001258,0.0012723350481427178,-0.004168423767286833,64,8192,217,group-equal squared error reduction,kcal$^2$/mol$^2$,archive/logs/R3/pairwise_epistasis_20260924/panel/panel.json,65b5cc3cdf654ed523d97aa6c9e2c540246f3d7f7f8e48571a39419391d43ba0,panel.all.C_G_T+R|C_G_T.arms.bygpt5-medium-en,-0.010609917473586876,-0.019128913054742822,-0.0028257543913591393,0
bygpt5-small-en,representation_over_matched,C_G_T+R|C_G_T,all,byte,20260923,-0.0048009944132959125,-0.010232481378963938,-5.063026474776613e-05,0,1,-0.0048009944132959125,-0.00034378669945814375,-0.0018506250554612628,64,8192,217,group-equal squared error reduction,kcal$^2$/mol$^2$,archive/logs/R3/pairwise_epistasis_20260924/panel/panel.json,65b5cc3cdf654ed523d97aa6c9e2c540246f3d7f7f8e48571a39419391d43ba0,panel.all.C_G_T+R|C_G_T.arms.bygpt5-small-en,-0.004863866134078645,-0.009558563892513555,-0.0004627983985339046,0
dialogpt-small,representation_over_matched,C_G_T+R|C_G_T,all,bpe,20260923,-0.0019706385999080428,-0.013047558040981065,0.00826668536457984,0,0,-0.009689726721898375,-0.0019706385999080428,-0.0057363897015882265,64,8192,217,group-equal squared error reduction,kcal$^2$/mol$^2$,archive/logs/R3/pairwise_epistasis_20260924/panel/panel.json,65b5cc3cdf654ed523d97aa6c9e2c540246f3d7f7f8e48571a39419391d43ba0,panel.all.C_G_T+R|C_G_T.arms.dialogpt-small,-0.002170186794711941,-0.013371260973261993,0.007975395828304113,0
galactica-1.3b,representation_over_matched,C_G_T+R|C_G_T,all,bpe,20260923,-0.004304976370478857,-0.009835333918373343,0.00038139588348742507,0,1,-0.006329888807282948,-0.0025167866452485282,-0.004383883941003444,64,8192,217,group-equal squared error reduction,kcal$^2$/mol$^2$,archive/logs/R3/pairwise_epistasis_20260924/panel/panel.json,65b5cc3cdf654ed523d97aa6c9e2c540246f3d7f7f8e48571a39419391d43ba0,panel.all.C_G_T+R|C_G_T.arms.galactica-1.3b,-0.004575690251059176,-0.01016851774904282,0.0003175026221258857,0
galactica-125m,representation_over_matched,C_G_T+R|C_G_T,all,bpe,20260923,-0.007741062754524874,-0.014057200980925985,-0.0021330029115318883,0,2,-0.015342742578785463,-0.003316976410800706,-0.008800260581370347,64,8192,217,group-equal squared error reduction,kcal$^2$/mol$^2$,archive/logs/R3/pairwise_epistasis_20260924/panel/panel.json,65b5cc3cdf654ed523d97aa6c9e2c540246f3d7f7f8e48571a39419391d43ba0,panel.all.C_G_T+R|C_G_T.arms.galactica-125m,-0.007996587209809992,-0.013652216852636397,-0.002876642017270717,0
galactica-30b,representation_over_matched,C_G_T+R|C_G_T,all,bpe,20260923,0.002385215030738506,-0.003764166642992186,0.008452983463857549,0,0,0.002385215030738506,0.004354955097781289,0.0032697603950265774,64,8192,217,group-equal squared error reduction,kcal$^2$/mol$^2$,archive/logs/R3/pairwise_epistasis_20260924/panel/panel.json,65b5cc3cdf654ed523d97aa6c9e2c540246f3d7f7f8e48571a39419391d43ba0,panel.all.C_G_T+R|C_G_T.arms.galactica-30b,0.0011652811906705067,-0.004988583824084123,0.0071739820103889984,0
galactica-6.7b,representation_over_matched,C_G_T+R|C_G_T,all,bpe,20260923,-0.0032701321103457584,-0.009207253248760842,0.0033934640220403887,0,1,-0.01038153006561893,-0.0032701321103457584,-0.005883690567904404,64,8192,217,group-equal squared error reduction,kcal$^2$/mol$^2$,archive/logs/R3/pairwise_epistasis_20260924/panel/panel.json,65b5cc3cdf654ed523d97aa6c9e2c540246f3d7f7f8e48571a39419391d43ba0,panel.all.C_G_T+R|C_G_T.arms.galactica-6.7b,-0.0030522641689191385,-0.009266126347813588,0.0034032554380909862,0
gpt2,representation_over_matched,C_G_T+R|C_G_T,all,bpe,20260923,-0.0073416335787191925,-0.015245594337443111,0.00037434681188735526,0,2,-0.01805773044272095,-0.0073416335787191925,-0.012673835681015015,64,8192,217,group-equal squared error reduction,kcal$^2$/mol$^2$,archive/logs/R3/pairwise_epistasis_20260924/panel/panel.json,65b5cc3cdf654ed523d97aa6c9e2c540246f3d7f7f8e48571a39419391d43ba0,panel.all.C_G_T+R|C_G_T.arms.gpt2,-0.008524172579814705,-0.015799416986938167,-0.0018222520897414121,0
gpt2-large,representation_over_matched,C_G_T+R|C_G_T,all,bpe,20260923,0.005708526799959961,-0.0013211674588301937,0.012615444338877686,0,0,0.0007733446079151948,0.005708526799959961,0.003758230366214837,64,8192,217,group-equal squared error reduction,kcal$^2$/mol$^2$,archive/logs/R3/pairwise_epistasis_20260924/panel/panel.json,65b5cc3cdf654ed523d97aa6c9e2c540246f3d7f7f8e48571a39419391d43ba0,panel.all.C_G_T+R|C_G_T.arms.gpt2-large,0.004753051150859221,-0.0016504096868772049,0.01190783756778016,0
gpt2-medium,representation_over_matched,C_G_T+R|C_G_T,all,bpe,20260923,-0.0034939644105217915,-0.014800631417037616,0.005661886194704808,0,1,-0.011674285396249158,-0.0034939644105217915,-0.006265140999553197,64,8192,217,group-equal squared error reduction,kcal$^2$/mol$^2$,archive/logs/R3/pairwise_epistasis_20260924/panel/panel.json,65b5cc3cdf654ed523d97aa6c9e2c540246f3d7f7f8e48571a39419391d43ba0,panel.all.C_G_T+R|C_G_T.arms.gpt2-medium,-0.0035720742871561363,-0.014690626839197644,0.0060037141899357315,0
gpt2-xl,representation_over_matched,C_G_T+R|C_G_T,all,bpe,20260923,-0.005258820080575075,-0.013138185552907454,0.0018033284258960705,0,0,-0.005258820080575075,-0.004044434886503703,-0.004613054496561137,64,8192,217,group-equal squared error reduction,kcal$^2$/mol$^2$,archive/logs/R3/pairwise_epistasis_20260924/panel/panel.json,65b5cc3cdf654ed523d97aa6c9e2c540246f3d7f7f8e48571a39419391d43ba0,panel.all.C_G_T+R|C_G_T.arms.gpt2-xl,-0.005679543413136132,-0.012709675537804244,0.0008420829514298537,0
instructprotein,representation_over_matched,C_G_T+R|C_G_T,all,bpe,20260923,-0.022753100230312566,-0.03500904645189792,-0.011143722217236713,0,2,-0.022753100230312566,-0.006081702289453566,-0.015262231574862927,64,8192,217,group-equal squared error reduction,kcal$^2$/mol$^2$,archive/logs/R3/pairwise_epistasis_20260924/panel/panel.json,65b5cc3cdf654ed523d97aa6c9e2c540246f3d7f7f8e48571a39419391d43ba0,panel.all.C_G_T+R|C_G_T.arms.instructprotein,-0.020250037480319567,-0.030306606347477918,-0.010046220964163537,0
llama-2-7b,representation_over_matched,C_G_T+R|C_G_T,all,bpe,20260923,-0.008047438511275321,-0.016920514697079392,-0.00016321883648848305,0,2,-0.011167653193964807,-0.0012128126372949995,-0.0068093014475117085,64,8192,217,group-equal squared error reduction,kcal$^2$/mol$^2$,archive/logs/R3/pairwise_epistasis_20260924/panel/panel.json,65b5cc3cdf654ed523d97aa6c9e2c540246f3d7f7f8e48571a39419391d43ba0,panel.all.C_G_T+R|C_G_T.arms.llama-2-7b,-0.006006143801239105,-0.013914124592902533,0.0007428553509487729,0
llama-3.2-3b,representation_over_matched,C_G_T+R|C_G_T,all,bpe,20260923,0.0007967902545614708,-0.004332747199721113,0.006327173431535522,0,2,-0.010157088538253235,0.0007967902545614708,-0.005199780293524856,64,8192,217,group-equal squared error reduction,kcal$^2$/mol$^2$,archive/logs/R3/pairwise_epistasis_20260924/panel/panel.json,65b5cc3cdf654ed523d97aa6c9e2c540246f3d7f7f8e48571a39419391d43ba0,panel.all.C_G_T+R|C_G_T.arms.llama-3.2-3b,0.0006338557929259132,-0.004869241474132948,0.006489142376690043,0
progen2-base,representation_over_matched,C_G_T+R|C_G_T,all,amino_acid,20260923,-0.023035699032554667,-0.035285936331244154,-0.011550949933028633,0,3,-0.023035699032554667,-0.018063190938363984,-0.02064960776359091,64,8192,217,group-equal squared error reduction,kcal$^2$/mol$^2$,archive/logs/R3/pairwise_epistasis_20260924/panel/panel.json,65b5cc3cdf654ed523d97aa6c9e2c540246f3d7f7f8e48571a39419391d43ba0,panel.all.C_G_T+R|C_G_T.arms.progen2-base,-0.020658350013360305,-0.031971134440680116,-0.010148586253106795,0
progen2-large,representation_over_matched,C_G_T+R|C_G_T,all,amino_acid,20260923,-0.016179278877459683,-0.035857928406925664,0.0003561654233126215,0,0,-0.016179278877459683,-0.007091192394526695,-0.011497638674683433,64,8192,217,group-equal squared error reduction,kcal$^2$/mol$^2$,archive/logs/R3/pairwise_epistasis_20260924/panel/panel.json,65b5cc3cdf654ed523d97aa6c9e2c540246f3d7f7f8e48571a39419391d43ba0,panel.all.C_G_T+R|C_G_T.arms.progen2-large,-0.016038218501900525,-0.036472035862649174,0.0007480481892626765,0
progen2-medium,representation_over_matched,C_G_T+R|C_G_T,all,amino_acid,20260923,-0.008187079904361594,-0.01975290654820586,0.002381136218101075,0,0,-0.008187079904361594,-0.0065551233208744125,-0.007201553675455634,64,8192,217,group-equal squared error reduction,kcal$^2$/mol$^2$,archive/logs/R3/pairwise_epistasis_20260924/panel/panel.json,65b5cc3cdf654ed523d97aa6c9e2c540246f3d7f7f8e48571a39419391d43ba0,panel.all.C_G_T+R|C_G_T.arms.progen2-medium,-0.008756731528623312,-0.02059633543006537,0.002343866686050101,0
progen2-small,representation_over_matched,C_G_T+R|C_G_T,all,amino_acid,20260923,-0.015489668973015992,-0.04098605144639418,0.002695734046558125,0,2,-0.021316379308998698,-0.013539653596983357,-0.016781900626332683,64,8192,217,group-equal squared error reduction,kcal$^2$/mol$^2$,archive/logs/R3/pairwise_epistasis_20260924/panel/panel.json,65b5cc3cdf654ed523d97aa6c9e2c540246f3d7f7f8e48571a39419391d43ba0,panel.all.C_G_T+R|C_G_T.arms.progen2-small,-0.007430633299558817,-0.01977957308830692,0.003851308000311143,0
progen2-xlarge,representation_over_matched,C_G_T+R|C_G_T,all,amino_acid,20260923,-0.0036474683505219106,-0.013933105368064485,0.006744114452886027,0,0,-0.0036474683505219106,-0.00047939373747680255,-0.0017296287810083884,64,8192,217,group-equal squared error reduction,kcal$^2$/mol$^2$,archive/logs/R3/pairwise_epistasis_20260924/panel/panel.json,65b5cc3cdf654ed523d97aa6c9e2c540246f3d7f7f8e48571a39419391d43ba0,panel.all.C_G_T+R|C_G_T.arms.progen2-xlarge,-0.004214842737141534,-0.014070323663159327,0.0058871070149423416,0
progen3-112m,representation_over_matched,C_G_T+R|C_G_T,all,amino_acid,20260923,-0.006724572750933775,-0.01698752130667627,0.0033521801592246657,0,1,-0.010899852238931425,0.0031513610302703887,-0.00482435465319827,64,8192,217,group-equal squared error reduction,kcal$^2$/mol$^2$,archive/logs/R3/pairwise_epistasis_20260924/panel/panel.json,65b5cc3cdf654ed523d97aa6c9e2c540246f3d7f7f8e48571a39419391d43ba0,panel.all.C_G_T+R|C_G_T.arms.progen3-112m,-0.006279919969071733,-0.0166222299993725,0.0040397144691592815,0
progen3-3b,representation_over_matched,C_G_T+R|C_G_T,all,amino_acid,20260923,-0.01925795657273742,-0.03494582047658143,-0.004183426676678773,0,3,-0.02471372176287564,-0.015950940630033487,-0.019974206321882182,64,8192,217,group-equal squared error reduction,kcal$^2$/mol$^2$,archive/logs/R3/pairwise_epistasis_20260924/panel/panel.json,65b5cc3cdf654ed523d97aa6c9e2c540246f3d7f7f8e48571a39419391d43ba0,panel.all.C_G_T+R|C_G_T.arms.progen3-3b,-0.01723249612838753,-0.033423815151615,-0.001675111627371793,0
prollama,representation_over_matched,C_G_T+R|C_G_T,all,amino_acid,20260923,-0.02351584715819552,-0.0443035001851593,-0.0101665686706429,0,3,-0.02351584715819552,-0.01820941527352102,-0.021701590045625718,64,8192,217,group-equal squared error reduction,kcal$^2$/mol$^2$,archive/logs/R3/pairwise_epistasis_20260924/panel/panel.json,65b5cc3cdf654ed523d97aa6c9e2c540246f3d7f7f8e48571a39419391d43ba0,panel.all.C_G_T+R|C_G_T.arms.prollama,-0.014564868441496064,-0.02187702619210596,-0.007572943480136572,0
prollama-stage-1,representation_over_matched,C_G_T+R|C_G_T,all,amino_acid,20260923,-0.018703651993729795,-0.02856353720228122,-0.010173687919244884,0,3,-0.019058621574741114,-0.012447119707907177,-0.01673646442545936,64,8192,217,group-equal squared error reduction,kcal$^2$/mol$^2$,archive/logs/R3/pairwise_epistasis_20260924/panel/panel.json,65b5cc3cdf654ed523d97aa6c9e2c540246f3d7f7f8e48571a39419391d43ba0,panel.all.C_G_T+R|C_G_T.arms.prollama-stage-1,-0.017338849730100147,-0.027309067274181916,-0.008441752372259479,0
proteinglm-7b-clm,representation_over_matched,C_G_T+R|C_G_T,all,amino_acid,20260923,-0.025981805309037945,-0.04264503429087518,-0.009620654856519325,0,3,-0.0361800029321125,-0.024082453139741195,-0.02874808712696388,64,8192,217,group-equal squared error reduction,kcal$^2$/mol$^2$,archive/logs/R3/pairwise_epistasis_20260924/panel/panel.json,65b5cc3cdf654ed523d97aa6c9e2c540246f3d7f7f8e48571a39419391d43ba0,panel.all.C_G_T+R|C_G_T.arms.proteinglm-7b-clm,-0.026991313417010627,-0.043961828635037496,-0.009699551926031147,0
protgpt2,representation_over_matched,C_G_T+R|C_G_T,all,bpe,20260923,-0.006207781449459458,-0.019118794543393585,0.003633989304142504,0,1,-0.012937458986006213,-0.0039373126135686205,-0.007694184349678098,64,8192,217,group-equal squared error reduction,kcal$^2$/mol$^2$,archive/logs/R3/pairwise_epistasis_20260924/panel/panel.json,65b5cc3cdf654ed523d97aa6c9e2c540246f3d7f7f8e48571a39419391d43ba0,panel.all.C_G_T+R|C_G_T.arms.protgpt2,-0.0064531286271102975,-0.018983986138524166,0.0032044995978203136,0
protgpt3-1.3b,representation_over_matched,C_G_T+R|C_G_T,all,bpe,20260923,-0.0190068000479195,-0.031027131070621505,-0.007410766078071192,0,2,-0.0190068000479195,-0.012770834164345653,-0.016286534718608508,64,8192,217,group-equal squared error reduction,kcal$^2$/mol$^2$,archive/logs/R3/pairwise_epistasis_20260924/panel/panel.json,65b5cc3cdf654ed523d97aa6c9e2c540246f3d7f7f8e48571a39419391d43ba0,panel.all.C_G_T+R|C_G_T.arms.protgpt3-1.3b,-0.01690344519427504,-0.02716114849596665,-0.006766656373035727,0
qwen2.5-0.5b,representation_over_matched,C_G_T+R|C_G_T,all,bpe,20260923,-0.006954964862097337,-0.015580377169768423,0.0008179702879088354,0,0,-0.006954964862097337,0.0034411111263241666,-0.0023013597752315177,64,8192,217,group-equal squared error reduction,kcal$^2$/mol$^2$,archive/logs/R3/pairwise_epistasis_20260924/panel/panel.json,65b5cc3cdf654ed523d97aa6c9e2c540246f3d7f7f8e48571a39419391d43ba0,panel.all.C_G_T+R|C_G_T.arms.qwen2.5-0.5b,-0.003982816427101268,-0.01125957911499672,0.0027605124949400747,0
qwen2.5-0.5b-instruct,representation_over_matched,C_G_T+R|C_G_T,all,bpe,20260923,0.00024891040850495553,-0.0068979108064787424,0.007147941931099355,1,0,0.00024891040850495553,0.007556383409070085,0.002885309905814914,64,8192,217,group-equal squared error reduction,kcal$^2$/mol$^2$,archive/logs/R3/pairwise_epistasis_20260924/panel/panel.json,65b5cc3cdf654ed523d97aa6c9e2c540246f3d7f7f8e48571a39419391d43ba0,panel.all.C_G_T+R|C_G_T.arms.qwen2.5-0.5b-instruct,0.0011710512632822617,-0.005772626992536175,0.007741430735574812,0
qwen2.5-32b,representation_over_matched,C_G_T+R|C_G_T,all,bpe,20260923,-0.0059838525913027026,-0.014759454701317983,0.001772747772855277,0,1,-0.012858006190585813,-0.0021775466196752085,-0.007006468467187908,64,8192,217,group-equal squared error reduction,kcal$^2$/mol$^2$,archive/logs/R3/pairwise_epistasis_20260924/panel/panel.json,65b5cc3cdf654ed523d97aa6c9e2c540246f3d7f7f8e48571a39419391d43ba0,panel.all.C_G_T+R|C_G_T.arms.qwen2.5-32b,-0.005666736616240466,-0.011653952397865033,-0.00031544555029453897,0
qwen2.5-7b,representation_over_matched,C_G_T+R|C_G_T,all,bpe,20260923,-0.009824120292759916,-0.018395615400073395,-0.0027495012043508753,0,3,-0.01714269857082085,-0.009461495468255672,-0.01214277144394548,64,8192,217,group-equal squared error reduction,kcal$^2$/mol$^2$,archive/logs/R3/pairwise_epistasis_20260924/panel/panel.json,65b5cc3cdf654ed523d97aa6c9e2c540246f3d7f7f8e48571a39419391d43ba0,panel.all.C_G_T+R|C_G_T.arms.qwen2.5-7b,-0.009543087876959372,-0.01827585667994525,-0.002738904257143577,0
qwen3-8b-base,representation_over_matched,C_G_T+R|C_G_T,all,bpe,20260923,-0.013323143468719502,-0.021683796355229087,-0.0054603816152903285,0,3,-0.017340957653592178,-0.007549511444819461,-0.012737870855710381,64,8192,217,group-equal squared error reduction,kcal$^2$/mol$^2$,archive/logs/R3/pairwise_epistasis_20260924/panel/panel.json,65b5cc3cdf654ed523d97aa6c9e2c540246f3d7f7f8e48571a39419391d43ba0,panel.all.C_G_T+R|C_G_T.arms.qwen3-8b-base,-0.012656436345428405,-0.02106771803965546,-0.005124786050074859,0
rita-xl,representation_over_matched,C_G_T+R|C_G_T,all,amino_acid,20260923,-0.020904507760141414,-0.03510748054439543,-0.008324094319376784,0,3,-0.020904507760141414,-0.017149144117282817,-0.018722490483688427,64,8192,217,group-equal squared error reduction,kcal$^2$/mol$^2$,archive/logs/R3/pairwise_epistasis_20260924/panel/panel.json,65b5cc3cdf654ed523d97aa6c9e2c540246f3d7f7f8e48571a39419391d43ba0,panel.all.C_G_T+R|C_G_T.arms.rita-xl,-0.02192271568349609,-0.03609456833537566,-0.009592015772336886,0
bygpt5-base-en,representation_interaction_over_first_order,C_G_T_R1+R|C_G_T_R1,all,byte,20260923,0.004400954791060077,-0.0038499235093148606,0.015113506950935144,0,0,0.002009625467871447,0.010278304993219266,0.00556296175071693,64,8192,217,group-equal squared error reduction,kcal$^2$/mol$^2$,archive/logs/R3/pairwise_epistasis_20260924/panel/panel.json,65b5cc3cdf654ed523d97aa6c9e2c540246f3d7f7f8e48571a39419391d43ba0,panel.all.C_G_T_R1+R|C_G_T_R1.arms.bygpt5-base-en,0.0030679827781175954,-0.0052201797040172795,0.013264206786803186,0
bygpt5-medium-en,representation_interaction_over_first_order,C_G_T_R1+R|C_G_T_R1,all,byte,20260923,-0.0007236279597176204,-0.003917927986322098,0.002534986725002949,0,0,-0.0007236279597176204,0.001229946676183708,0.0003931058431427517,64,8192,217,group-equal squared error reduction,kcal$^2$/mol$^2$,archive/logs/R3/pairwise_epistasis_20260924/panel/panel.json,65b5cc3cdf654ed523d97aa6c9e2c540246f3d7f7f8e48571a39419391d43ba0,panel.all.C_G_T_R1+R|C_G_T_R1.arms.bygpt5-medium-en,-0.002063411181532969,-0.004967149319417262,0.0005081314153809688,0
bygpt5-small-en,representation_interaction_over_first_order,C_G_T_R1+R|C_G_T_R1,all,byte,20260923,-0.0007971485501594006,-0.003031447886088456,0.0013482677538028125,0,0,-0.0007971485501594006,0.0005988294051057766,-0.00019306670153834498,64,8192,217,group-equal squared error reduction,kcal$^2$/mol$^2$,archive/logs/R3/pairwise_epistasis_20260924/panel/panel.json,65b5cc3cdf654ed523d97aa6c9e2c540246f3d7f7f8e48571a39419391d43ba0,panel.all.C_G_T_R1+R|C_G_T_R1.arms.bygpt5-small-en,-0.0012991701802642635,-0.0034479610752599925,0.0006316411267817006,0
dialogpt-small,representation_interaction_over_first_order,C_G_T_R1+R|C_G_T_R1,all,bpe,20260923,-5.9351636792793865e-05,-0.009807566846056414,0.00912083873709405,0,0,-0.0037222718708659758,-5.9351636792793865e-05,-0.0014837949617079692,64,8192,217,group-equal squared error reduction,kcal$^2$/mol$^2$,archive/logs/R3/pairwise_epistasis_20260924/panel/panel.json,65b5cc3cdf654ed523d97aa6c9e2c540246f3d7f7f8e48571a39419391d43ba0,panel.all.C_G_T_R1+R|C_G_T_R1.arms.dialogpt-small,-0.0008763294335264561,-0.010507580183470677,0.00823290550840983,0
galactica-1.3b,representation_interaction_over_first_order,C_G_T_R1+R|C_G_T_R1,all,bpe,20260923,7.668873584798053e-05,-0.00230146772545509,0.0023613855447735077,0,0,-0.0029497969477898325,0.0013580667855834702,-0.0005050138087861273,64,8192,217,group-equal squared error reduction,kcal$^2$/mol$^2$,archive/logs/R3/pairwise_epistasis_20260924/panel/panel.json,65b5cc3cdf654ed523d97aa6c9e2c540246f3d7f7f8e48571a39419391d43ba0,panel.all.C_G_T_R1+R|C_G_T_R1.arms.galactica-1.3b,-5.513152899684516e-06,-0.0024040552738403844,0.0022557696832720673,0
galactica-125m,representation_interaction_over_first_order,C_G_T_R1+R|C_G_T_R1,all,bpe,20260923,-0.0017445438400658562,-0.004387650024552011,0.000768361070596613,0,1,-0.0041600293603204185,-0.00030697487133948256,-0.002070516023908586,64,8192,217,group-equal squared error reduction,kcal$^2$/mol$^2$,archive/logs/R3/pairwise_epistasis_20260924/panel/panel.json,65b5cc3cdf654ed523d97aa6c9e2c540246f3d7f7f8e48571a39419391d43ba0,panel.all.C_G_T_R1+R|C_G_T_R1.arms.galactica-125m,-0.0015837665283800972,-0.004366449198459239,0.0011122916500396702,0
galactica-30b,representation_interaction_over_first_order,C_G_T_R1+R|C_G_T_R1,all,bpe,20260923,0.00396968342585919,-0.004516454675203111,0.013234204862843555,0,0,0.0012511275187730344,0.00396968342585919,0.002545080009899121,64,8192,217,group-equal squared error reduction,kcal$^2$/mol$^2$,archive/logs/R3/pairwise_epistasis_20260924/panel/panel.json,65b5cc3cdf654ed523d97aa6c9e2c540246f3d7f7f8e48571a39419391d43ba0,panel.all.C_G_T_R1+R|C_G_T_R1.arms.galactica-30b,0.004038329809010237,-0.004744423188623844,0.013897729807393221,0
galactica-6.7b,representation_interaction_over_first_order,C_G_T_R1+R|C_G_T_R1,all,bpe,20260923,0.000423076130442083,-0.0036473857654076448,0.0052358527710574644,0,0,-0.0011378759170387024,0.000423076130442083,-0.0005940766708564584,64,8192,217,group-equal squared error reduction,kcal$^2$/mol$^2$,archive/logs/R3/pairwise_epistasis_20260924/panel/panel.json,65b5cc3cdf654ed523d97aa6c9e2c540246f3d7f7f8e48571a39419391d43ba0,panel.all.C_G_T_R1+R|C_G_T_R1.arms.galactica-6.7b,0.0004330187477813227,-0.004028835032877981,0.00523337218978885,0
gpt2,representation_interaction_over_first_order,C_G_T_R1+R|C_G_T_R1,all,bpe,20260923,-0.012910577502957191,-0.023248831250776068,-0.004247005732053817,0,3,-0.012910577502957191,-0.003946906627096231,-0.007923655098096675,64,8192,217,group-equal squared error reduction,kcal$^2$/mol$^2$,archive/logs/R3/pairwise_epistasis_20260924/panel/panel.json,65b5cc3cdf654ed523d97aa6c9e2c540246f3d7f7f8e48571a39419391d43ba0,panel.all.C_G_T_R1+R|C_G_T_R1.arms.gpt2,-0.012168858905633238,-0.02320046982352156,-0.00319977157257259,0
gpt2-large,representation_interaction_over_first_order,C_G_T_R1+R|C_G_T_R1,all,bpe,20260923,0.004044902887399414,0.0005207073773124117,0.008128137596014532,2,0,0.0036592820260912184,0.005342707571138045,0.004348964161542893,64,8192,217,group-equal squared error reduction,kcal$^2$/mol$^2$,archive/logs/R3/pairwise_epistasis_20260924/panel/panel.json,65b5cc3cdf654ed523d97aa6c9e2c540246f3d7f7f8e48571a39419391d43ba0,panel.all.C_G_T_R1+R|C_G_T_R1.arms.gpt2-large,0.00403383431264054,0.0004350740365872352,0.007947730308367481,2
gpt2-medium,representation_interaction_over_first_order,C_G_T_R1+R|C_G_T_R1,all,bpe,20260923,-0.009394006297045468,-0.025267247745645892,0.00462350824417307,0,0,-0.009394006297045468,-0.0013824313089099542,-0.004431956432812197,64,8192,217,group-equal squared error reduction,kcal$^2$/mol$^2$,archive/logs/R3/pairwise_epistasis_20260924/panel/panel.json,65b5cc3cdf654ed523d97aa6c9e2c540246f3d7f7f8e48571a39419391d43ba0,panel.all.C_G_T_R1+R|C_G_T_R1.arms.gpt2-medium,-0.009311703877013989,-0.02582580963445191,0.0050424653355204884,0
gpt2-xl,representation_interaction_over_first_order,C_G_T_R1+R|C_G_T_R1,all,bpe,20260923,-0.005962658443613022,-0.016840569578387612,0.004633812055105322,0,0,-0.005962658443613022,0.0010684974497260518,-0.00219772962462049,64,8192,217,group-equal squared error reduction,kcal$^2$/mol$^2$,archive/logs/R3/pairwise_epistasis_20260924/panel/panel.json,65b5cc3cdf654ed523d97aa6c9e2c540246f3d7f7f8e48571a39419391d43ba0,panel.all.C_G_T_R1+R|C_G_T_R1.arms.gpt2-xl,-0.005020983612031653,-0.015919391074872717,0.005172210364182804,0
instructprotein,representation_interaction_over_first_order,C_G_T_R1+R|C_G_T_R1,all,bpe,20260923,-0.00034412728534450156,-0.008943852292802592,0.010348405728504637,0,0,-0.0042690703134019795,-0.00034412728534450156,-0.001999571926880468,64,8192,217,group-equal squared error reduction,kcal$^2$/mol$^2$,archive/logs/R3/pairwise_epistasis_20260924/panel/panel.json,65b5cc3cdf654ed523d97aa6c9e2c540246f3d7f7f8e48571a39419391d43ba0,panel.all.C_G_T_R1+R|C_G_T_R1.arms.instructprotein,0.001232245553835874,-0.006469712129684131,0.011999435976570596,0
llama-2-7b,representation_interaction_over_first_order,C_G_T_R1+R|C_G_T_R1,all,bpe,20260923,-0.005916719689006977,-0.020264507329127074,0.007085762693830368,0,0,-0.005916719689006977,0.0007957062125094575,-0.0023515427704864414,64,8192,217,group-equal squared error reduction,kcal$^2$/mol$^2$,archive/logs/R3/pairwise_epistasis_20260924/panel/panel.json,65b5cc3cdf654ed523d97aa6c9e2c540246f3d7f7f8e48571a39419391d43ba0,panel.all.C_G_T_R1+R|C_G_T_R1.arms.llama-2-7b,-0.00682829508764858,-0.021670789501006114,0.0066583037653867175,0
llama-3.2-3b,representation_interaction_over_first_order,C_G_T_R1+R|C_G_T_R1,all,bpe,20260923,-0.0007446532203531774,-0.004763095085311179,0.003453515238471056,0,0,-0.001490356909602569,0.0012047157458822898,-0.00034343146135781886,64,8192,217,group-equal squared error reduction,kcal$^2$/mol$^2$,archive/logs/R3/pairwise_epistasis_20260924/panel/panel.json,65b5cc3cdf654ed523d97aa6c9e2c540246f3d7f7f8e48571a39419391d43ba0,panel.all.C_G_T_R1+R|C_G_T_R1.arms.llama-3.2-3b,-0.000915518281600754,-0.004898703182057215,0.0035264608416150016,0
progen2-base,representation_interaction_over_first_order,C_G_T_R1+R|C_G_T_R1,all,amino_acid,20260923,-0.012897587050129222,-0.021509332505923878,-0.0044434357804460645,0,1,-0.012897587050129222,0.00035499579417912837,-0.0047163658935640345,64,8192,217,group-equal squared error reduction,kcal$^2$/mol$^2$,archive/logs/R3/pairwise_epistasis_20260924/panel/panel.json,65b5cc3cdf654ed523d97aa6c9e2c540246f3d7f7f8e48571a39419391d43ba0,panel.all.C_G_T_R1+R|C_G_T_R1.arms.progen2-base,-0.012010649056989578,-0.020597568424735927,-0.003791655180745365,0
progen2-large,representation_interaction_over_first_order,C_G_T_R1+R|C_G_T_R1,all,amino_acid,20260923,-0.006051573205041964,-0.017377376478342157,0.003751756170430069,0,0,-0.007483887349220075,0.010122444113489296,-0.0011376721469242479,64,8192,217,group-equal squared error reduction,kcal$^2$/mol$^2$,archive/logs/R3/pairwise_epistasis_20260924/panel/panel.json,65b5cc3cdf654ed523d97aa6c9e2c540246f3d7f7f8e48571a39419391d43ba0,panel.all.C_G_T_R1+R|C_G_T_R1.arms.progen2-large,-0.005644496758447532,-0.01763167453672847,0.004181811203533718,0
progen2-medium,representation_interaction_over_first_order,C_G_T_R1+R|C_G_T_R1,all,amino_acid,20260923,-0.0021425222589657946,-0.01249524897818256,0.008381589102547589,1,0,-0.004256401364078188,0.00715477862953485,0.0002519516688302894,64,8192,217,group-equal squared error reduction,kcal$^2$/mol$^2$,archive/logs/R3/pairwise_epistasis_20260924/panel/panel.json,65b5cc3cdf654ed523d97aa6c9e2c540246f3d7f7f8e48571a39419391d43ba0,panel.all.C_G_T_R1+R|C_G_T_R1.arms.progen2-medium,-0.002533892089690622,-0.013172796710275488,0.007757032258720426,1
progen2-small,representation_interaction_over_first_order,C_G_T_R1+R|C_G_T_R1,all,amino_acid,20260923,-0.011106043826530729,-0.0470970644376218,0.01185117514632993,0,0,-0.011106043826530729,-0.007877470987437395,-0.00946298986718596,64,8192,217,group-equal squared error reduction,kcal$^2$/mol$^2$,archive/logs/R3/pairwise_epistasis_20260924/panel/panel.json,65b5cc3cdf654ed523d97aa6c9e2c540246f3d7f7f8e48571a39419391d43ba0,panel.all.C_G_T_R1+R|C_G_T_R1.arms.progen2-small,0.0025219504197994073,-0.008047583141688451,0.013954371561873711,0
progen2-xlarge,representation_interaction_over_first_order,C_G_T_R1+R|C_G_T_R1,all,amino_acid,20260923,0.000900946733831615,-0.007734876256464612,0.009745812445572651,0,0,0.0003117809795613884,0.007407360027214007,0.0028733625802023367,64,8192,217,group-equal squared error reduction,kcal$^2$/mol$^2$,archive/logs/R3/pairwise_epistasis_20260924/panel/panel.json,65b5cc3cdf654ed523d97aa6c9e2c540246f3d7f7f8e48571a39419391d43ba0,panel.all.C_G_T_R1+R|C_G_T_R1.arms.progen2-xlarge,0.00015452448258256146,-0.00858848567488072,0.009135111553299316,0
progen3-112m,representation_interaction_over_first_order,C_G_T_R1+R|C_G_T_R1,all,amino_acid,20260923,0.014230683311926963,0.0011529760545361148,0.03020627211575675,1,0,0.004051433951858344,0.014230683311926963,0.008219476366875802,64,8192,217,group-equal squared error reduction,kcal$^2$/mol$^2$,archive/logs/R3/pairwise_epistasis_20260924/panel/panel.json,65b5cc3cdf654ed523d97aa6c9e2c540246f3d7f7f8e48571a39419391d43ba0,panel.all.C_G_T_R1+R|C_G_T_R1.arms.progen3-112m,0.014829963209485156,0.0017618119015556256,0.03147522626244314,1
progen3-3b,representation_interaction_over_first_order,C_G_T_R1+R|C_G_T_R1,all,amino_acid,20260923,-0.001684722746325092,-0.010484122669998439,0.006672861114340815,0,1,-0.015746593567923607,-0.001684722746325092,-0.007739183734906121,64,8192,217,group-equal squared error reduction,kcal$^2$/mol$^2$,archive/logs/R3/pairwise_epistasis_20260924/panel/panel.json,65b5cc3cdf654ed523d97aa6c9e2c540246f3d7f7f8e48571a39419391d43ba0,panel.all.C_G_T_R1+R|C_G_T_R1.arms.progen3-3b,-0.0003696835588909862,-0.009631103441201118,0.008306799633580102,0
prollama,representation_interaction_over_first_order,C_G_T_R1+R|C_G_T_R1,all,amino_acid,20260923,-0.02149318954791416,-0.038829949299775915,-0.00786802740087007,0,3,-0.02149318954791416,-0.01047100841670536,-0.015820117068128664,64,8192,217,group-equal squared error reduction,kcal$^2$/mol$^2$,archive/logs/R3/pairwise_epistasis_20260924/panel/panel.json,65b5cc3cdf654ed523d97aa6c9e2c540246f3d7f7f8e48571a39419391d43ba0,panel.all.C_G_T_R1+R|C_G_T_R1.arms.prollama,-0.016280834199202964,-0.02871047328814156,-0.005093829754744687,0
prollama-stage-1,representation_interaction_over_first_order,C_G_T_R1+R|C_G_T_R1,all,amino_acid,20260923,-0.0032024661129663595,-0.007165078277837041,0.0006728613365873459,0,0,-0.0032024661129663595,-0.00017457304533021758,-0.0016782064855983883,64,8192,217,group-equal squared error reduction,kcal$^2$/mol$^2$,archive/logs/R3/pairwise_epistasis_20260924/panel/panel.json,65b5cc3cdf654ed523d97aa6c9e2c540246f3d7f7f8e48571a39419391d43ba0,panel.all.C_G_T_R1+R|C_G_T_R1.arms.prollama-stage-1,-0.0027867161243476297,-0.006824701410528839,0.001074925130646163,0
proteinglm-7b-clm,representation_interaction_over_first_order,C_G_T_R1+R|C_G_T_R1,all,amino_acid,20260923,-0.016949156596510702,-0.03836054838106113,0.0039004397442099726,0,1,-0.02282941534738474,-0.00615555735373886,-0.015311376432544767,64,8192,217,group-equal squared error reduction,kcal$^2$/mol$^2$,archive/logs/R3/pairwise_epistasis_20260924/panel/panel.json,65b5cc3cdf654ed523d97aa6c9e2c540246f3d7f7f8e48571a39419391d43ba0,panel.all.C_G_T_R1+R|C_G_T_R1.arms.proteinglm-7b-clm,-0.016941109414540415,-0.0394205906566516,0.00475843206188753,0
protgpt2,representation_interaction_over_first_order,C_G_T_R1+R|C_G_T_R1,all,bpe,20260923,-0.0039079851901330735,-0.015611522429290915,0.0068400732932160525,0,0,-0.007409309633978392,-0.0016977261559915871,-0.004338340326701017,64,8192,217,group-equal squared error reduction,kcal$^2$/mol$^2$,archive/logs/R3/pairwise_epistasis_20260924/panel/panel.json,65b5cc3cdf654ed523d97aa6c9e2c540246f3d7f7f8e48571a39419391d43ba0,panel.all.C_G_T_R1+R|C_G_T_R1.arms.protgpt2,-0.004689248926573664,-0.0158987978614329,0.006016054968725354,0
protgpt3-1.3b,representation_interaction_over_first_order,C_G_T_R1+R|C_G_T_R1,all,bpe,20260923,-0.007300078876456483,-0.018731188902413907,0.003202752747888377,0,0,-0.007300078876456483,0.0003374570847151867,-0.0040219370065172,64,8192,217,group-equal squared error reduction,kcal$^2$/mol$^2$,archive/logs/R3/pairwise_epistasis_20260924/panel/panel.json,65b5cc3cdf654ed523d97aa6c9e2c540246f3d7f7f8e48571a39419391d43ba0,panel.all.C_G_T_R1+R|C_G_T_R1.arms.protgpt3-1.3b,-0.007374181461291951,-0.019555285280029394,0.0033833927160515555,0
qwen2.5-0.5b,representation_interaction_over_first_order,C_G_T_R1+R|C_G_T_R1,all,bpe,20260923,-0.001352445426179335,-0.0047887925859618945,0.0015687032183092106,0,0,-0.0038456112812118998,0.0014240051097402918,-0.001258017199216981,64,8192,217,group-equal squared error reduction,kcal$^2$/mol$^2$,archive/logs/R3/pairwise_epistasis_20260924/panel/panel.json,65b5cc3cdf654ed523d97aa6c9e2c540246f3d7f7f8e48571a39419391d43ba0,panel.all.C_G_T_R1+R|C_G_T_R1.arms.qwen2.5-0.5b,-0.0014583501068171566,-0.004972351304217448,0.0016258377775560274,0
qwen2.5-0.5b-instruct,representation_interaction_over_first_order,C_G_T_R1+R|C_G_T_R1,all,bpe,20260923,-0.00540787137668145,-0.014282290739060908,0.003369937602621832,0,0,-0.00540787137668145,0.002175477717763347,-0.0009717539565311474,64,8192,217,group-equal squared error reduction,kcal$^2$/mol$^2$,archive/logs/R3/pairwise_epistasis_20260924/panel/panel.json,65b5cc3cdf654ed523d97aa6c9e2c540246f3d7f7f8e48571a39419391d43ba0,panel.all.C_G_T_R1+R|C_G_T_R1.arms.qwen2.5-0.5b-instruct,-0.00593001355272329,-0.0146802731461285,0.0025062869343977843,0
qwen2.5-32b,representation_interaction_over_first_order,C_G_T_R1+R|C_G_T_R1,all,bpe,20260923,-0.001200135538955578,-0.004821405645434122,0.002511115013731977,0,0,-0.0014574340839064546,0.001728973902169304,-0.0003095319068975762,64,8192,217,group-equal squared error reduction,kcal$^2$/mol$^2$,archive/logs/R3/pairwise_epistasis_20260924/panel/panel.json,65b5cc3cdf654ed523d97aa6c9e2c540246f3d7f7f8e48571a39419391d43ba0,panel.all.C_G_T_R1+R|C_G_T_R1.arms.qwen2.5-32b,-0.0016150320380293218,-0.005025087247696764,0.0018179556505072047,0
qwen2.5-7b,representation_interaction_over_first_order,C_G_T_R1+R|C_G_T_R1,all,bpe,20260923,-0.0011953688157213824,-0.003287487507293465,0.0008446595009633832,0,0,-0.0011953688157213824,0.009452843855365057,0.004336599709057244,64,8192,217,group-equal squared error reduction,kcal$^2$/mol$^2$,archive/logs/R3/pairwise_epistasis_20260924/panel/panel.json,65b5cc3cdf654ed523d97aa6c9e2c540246f3d7f7f8e48571a39419391d43ba0,panel.all.C_G_T_R1+R|C_G_T_R1.arms.qwen2.5-7b,-0.0015702333144012328,-0.003637160340958981,0.0004334011762292995,0
qwen3-8b-base,representation_interaction_over_first_order,C_G_T_R1+R|C_G_T_R1,all,bpe,20260923,-0.0004215840108914106,-0.007002571727473326,0.00664914479107045,0,0,-0.002472222541838976,-1.1010804149783754e-05,-0.0009682724522933902,64,8192,217,group-equal squared error reduction,kcal$^2$/mol$^2$,archive/logs/R3/pairwise_epistasis_20260924/panel/panel.json,65b5cc3cdf654ed523d97aa6c9e2c540246f3d7f7f8e48571a39419391d43ba0,panel.all.C_G_T_R1+R|C_G_T_R1.arms.qwen3-8b-base,-0.0004306324798449266,-0.007123304155973503,0.006174200819674914,0
rita-xl,representation_interaction_over_first_order,C_G_T_R1+R|C_G_T_R1,all,amino_acid,20260923,-0.005750907936326511,-0.013862638285870803,0.0015533006737143311,0,0,-0.0064944833839587456,-0.0021724217203635617,-0.004805937680216273,64,8192,217,group-equal squared error reduction,kcal$^2$/mol$^2$,archive/logs/R3/pairwise_epistasis_20260924/panel/panel.json,65b5cc3cdf654ed523d97aa6c9e2c540246f3d7f7f8e48571a39419391d43ba0,panel.all.C_G_T_R1+R|C_G_T_R1.arms.rita-xl,-0.005690416408779006,-0.013646893295022779,0.001644871894786003,0
bygpt5-base-en,likelihood_after_comparator,C_G_T_Q+M|C_G_T_Q,q,byte,20260923,0.0011540283472045744,0.00014137170877390862,0.0023771992111709527,2,0,0.0011540283472045744,0.0014981231258620084,0.0013535823807427326,45,5760,163,group-equal squared error reduction,kcal$^2$/mol$^2$,archive/logs/R3/pairwise_epistasis_20260924/panel/panel.json,65b5cc3cdf654ed523d97aa6c9e2c540246f3d7f7f8e48571a39419391d43ba0,panel.q.C_G_T_Q+M|C_G_T_Q.arms.bygpt5-base-en,,,,
bygpt5-medium-en,likelihood_after_comparator,C_G_T_Q+M|C_G_T_Q,q,byte,20260923,0.0003089260613339769,-0.0005370870410882519,0.00116644435000729,2,0,0.0003089260613339769,0.000814401312204895,0.000618172475224374,45,5760,163,group-equal squared error reduction,kcal$^2$/mol$^2$,archive/logs/R3/pairwise_epistasis_20260924/panel/panel.json,65b5cc3cdf654ed523d97aa6c9e2c540246f3d7f7f8e48571a39419391d43ba0,panel.q.C_G_T_Q+M|C_G_T_Q.arms.bygpt5-medium-en,,,,
bygpt5-small-en,likelihood_after_comparator,C_G_T_Q+M|C_G_T_Q,q,byte,20260923,-0.00016879530591679188,-0.0003972355674164121,4.789212716901025e-05,0,0,-0.0001918359849478721,-1.397388629419775e-05,-0.00012486839238628726,45,5760,163,group-equal squared error reduction,kcal$^2$/mol$^2$,archive/logs/R3/pairwise_epistasis_20260924/panel/panel.json,65b5cc3cdf654ed523d97aa6c9e2c540246f3d7f7f8e48571a39419391d43ba0,panel.q.C_G_T_Q+M|C_G_T_Q.arms.bygpt5-small-en,,,,
dialogpt-small,likelihood_after_comparator,C_G_T_Q+M|C_G_T_Q,q,bpe,20260923,-0.0004281096627641232,-0.0008910369345127753,-3.7144205932259386e-05,0,2,-0.0004281096627641232,-0.00020286902654057033,-0.0003307932884152748,45,5760,163,group-equal squared error reduction,kcal$^2$/mol$^2$,archive/logs/R3/pairwise_epistasis_20260924/panel/panel.json,65b5cc3cdf654ed523d97aa6c9e2c540246f3d7f7f8e48571a39419391d43ba0,panel.q.C_G_T_Q+M|C_G_T_Q.arms.dialogpt-small,,,,
galactica-1.3b,likelihood_after_comparator,C_G_T_Q+M|C_G_T_Q,q,bpe,20260923,-0.0009166867822919644,-0.002717584152658978,0.00011282202263433784,0,0,-0.001339612871509143,-0.0005920225533543409,-0.0009494407357184828,45,5760,163,group-equal squared error reduction,kcal$^2$/mol$^2$,archive/logs/R3/pairwise_epistasis_20260924/panel/panel.json,65b5cc3cdf654ed523d97aa6c9e2c540246f3d7f7f8e48571a39419391d43ba0,panel.q.C_G_T_Q+M|C_G_T_Q.arms.galactica-1.3b,,,,
galactica-125m,likelihood_after_comparator,C_G_T_Q+M|C_G_T_Q,q,bpe,20260923,-7.665428948167698e-05,-0.00022367881789419076,7.966828680102962e-05,0,1,-0.00011393629802437398,-6.407050819912664e-05,-8.488703190172587e-05,45,5760,163,group-equal squared error reduction,kcal$^2$/mol$^2$,archive/logs/R3/pairwise_epistasis_20260924/panel/panel.json,65b5cc3cdf654ed523d97aa6c9e2c540246f3d7f7f8e48571a39419391d43ba0,panel.q.C_G_T_Q+M|C_G_T_Q.arms.galactica-125m,,,,
galactica-30b,likelihood_after_comparator,C_G_T_Q+M|C_G_T_Q,q,bpe,20260923,0.00014534177613572798,-0.0005516536108412027,0.0009578940788338097,0,0,7.22745395632755e-05,0.0002695391445769012,0.00016238515342530154,45,5760,163,group-equal squared error reduction,kcal$^2$/mol$^2$,archive/logs/R3/pairwise_epistasis_20260924/panel/panel.json,65b5cc3cdf654ed523d97aa6c9e2c540246f3d7f7f8e48571a39419391d43ba0,panel.q.C_G_T_Q+M|C_G_T_Q.arms.galactica-30b,,,,
galactica-6.7b,likelihood_after_comparator,C_G_T_Q+M|C_G_T_Q,q,bpe,20260923,-0.00012442452483818603,-0.0004780766544614554,0.00019517008128574302,0,0,-0.00012442452483818603,-2.4247557524403885e-05,-6.509584093145801e-05,45,5760,163,group-equal squared error reduction,kcal$^2$/mol$^2$,archive/logs/R3/pairwise_epistasis_20260924/panel/panel.json,65b5cc3cdf654ed523d97aa6c9e2c540246f3d7f7f8e48571a39419391d43ba0,panel.q.C_G_T_Q+M|C_G_T_Q.arms.galactica-6.7b,,,,
gpt2,likelihood_after_comparator,C_G_T_Q+M|C_G_T_Q,q,bpe,20260923,-0.0004540627455583091,-0.001401975777565698,0.00021982705227623997,0,0,-0.0006136763939637697,-0.0004540627455583091,-0.0005411928921566024,45,5760,163,group-equal squared error reduction,kcal$^2$/mol$^2$,archive/logs/R3/pairwise_epistasis_20260924/panel/panel.json,65b5cc3cdf654ed523d97aa6c9e2c540246f3d7f7f8e48571a39419391d43ba0,panel.q.C_G_T_Q+M|C_G_T_Q.arms.gpt2,,,,
gpt2-large,likelihood_after_comparator,C_G_T_Q+M|C_G_T_Q,q,bpe,20260923,-0.00033820680997105645,-0.0012021483300771662,0.00020802871729318302,0,0,-0.00033820680997105645,-0.00013207952073538112,-0.0002351089450065606,45,5760,163,group-equal squared error reduction,kcal$^2$/mol$^2$,archive/logs/R3/pairwise_epistasis_20260924/panel/panel.json,65b5cc3cdf654ed523d97aa6c9e2c540246f3d7f7f8e48571a39419391d43ba0,panel.q.C_G_T_Q+M|C_G_T_Q.arms.gpt2-large,,,,
gpt2-medium,likelihood_after_comparator,C_G_T_Q+M|C_G_T_Q,q,bpe,20260923,-0.00014268351439120148,-0.0005421206756111845,0.00023578404036997828,0,1,-0.00043055768717580446,-0.00013866075061965566,-0.0002373006507288872,45,5760,163,group-equal squared error reduction,kcal$^2$/mol$^2$,archive/logs/R3/pairwise_epistasis_20260924/panel/panel.json,65b5cc3cdf654ed523d97aa6c9e2c540246f3d7f7f8e48571a39419391d43ba0,panel.q.C_G_T_Q+M|C_G_T_Q.arms.gpt2-medium,,,,
gpt2-xl,likelihood_after_comparator,C_G_T_Q+M|C_G_T_Q,q,bpe,20260923,-0.0001204197893954299,-0.0008600805781125857,0.0006223775996715971,0,0,-0.00020721792007686498,-0.00011907508895360001,-0.00014890426614196496,45,5760,163,group-equal squared error reduction,kcal$^2$/mol$^2$,archive/logs/R3/pairwise_epistasis_20260924/panel/panel.json,65b5cc3cdf654ed523d97aa6c9e2c540246f3d7f7f8e48571a39419391d43ba0,panel.q.C_G_T_Q+M|C_G_T_Q.arms.gpt2-xl,,,,
instructprotein,likelihood_after_comparator,C_G_T_Q+M|C_G_T_Q,q,bpe,20260923,0.00016191282988924546,-0.0006156766537114596,0.0009155236372603324,0,0,-0.000215006902521712,0.00016191282988924546,-9.657126942965145e-06,45,5760,163,group-equal squared error reduction,kcal$^2$/mol$^2$,archive/logs/R3/pairwise_epistasis_20260924/panel/panel.json,65b5cc3cdf654ed523d97aa6c9e2c540246f3d7f7f8e48571a39419391d43ba0,panel.q.C_G_T_Q+M|C_G_T_Q.arms.instructprotein,,,,
llama-2-7b,likelihood_after_comparator,C_G_T_Q+M|C_G_T_Q,q,bpe,20260923,-1.7666315780224323e-05,-0.00024560253480638476,0.00021736652495401497,0,0,-1.7666315780224323e-05,0.00011019709882098735,4.517822644016419e-05,45,5760,163,group-equal squared error reduction,kcal$^2$/mol$^2$,archive/logs/R3/pairwise_epistasis_20260924/panel/panel.json,65b5cc3cdf654ed523d97aa6c9e2c540246f3d7f7f8e48571a39419391d43ba0,panel.q.C_G_T_Q+M|C_G_T_Q.arms.llama-2-7b,,,,
llama-3.2-3b,likelihood_after_comparator,C_G_T_Q+M|C_G_T_Q,q,bpe,20260923,0.0003937732642824907,-9.725901681382384e-05,0.0010059532779588753,1,0,0.0002558926713786837,0.0006929725186637758,0.0004475461514416501,45,5760,163,group-equal squared error reduction,kcal$^2$/mol$^2$,archive/logs/R3/pairwise_epistasis_20260924/panel/panel.json,65b5cc3cdf654ed523d97aa6c9e2c540246f3d7f7f8e48571a39419391d43ba0,panel.q.C_G_T_Q+M|C_G_T_Q.arms.llama-3.2-3b,,,,
progen2-base,likelihood_after_comparator,C_G_T_Q+M|C_G_T_Q,q,amino_acid,20260923,-0.0004026820531550901,-0.0014511414565010602,0.00038979532622974045,0,0,-0.0004026820531550901,0.006483041459217012,0.0019540983765955807,45,5760,163,group-equal squared error reduction,kcal$^2$/mol$^2$,archive/logs/R3/pairwise_epistasis_20260924/panel/panel.json,65b5cc3cdf654ed523d97aa6c9e2c540246f3d7f7f8e48571a39419391d43ba0,panel.q.C_G_T_Q+M|C_G_T_Q.arms.progen2-base,,,,
progen2-large,likelihood_after_comparator,C_G_T_Q+M|C_G_T_Q,q,amino_acid,20260923,-7.31238391211728e-05,-0.0007803427416131269,0.0007161874516212249,0,0,-0.00031413627860455367,0.007101454857034967,0.0022380649131030802,45,5760,163,group-equal squared error reduction,kcal$^2$/mol$^2$,archive/logs/R3/pairwise_epistasis_20260924/panel/panel.json,65b5cc3cdf654ed523d97aa6c9e2c540246f3d7f7f8e48571a39419391d43ba0,panel.q.C_G_T_Q+M|C_G_T_Q.arms.progen2-large,,,,
progen2-medium,likelihood_after_comparator,C_G_T_Q+M|C_G_T_Q,q,amino_acid,20260923,0.0008731261054772504,-0.00033996261926024375,0.002216183913826122,0,0,-6.692916787054415e-06,0.0010378051045413358,0.0006347460977438439,45,5760,163,group-equal squared error reduction,kcal$^2$/mol$^2$,archive/logs/R3/pairwise_epistasis_20260924/panel/panel.json,65b5cc3cdf654ed523d97aa6c9e2c540246f3d7f7f8e48571a39419391d43ba0,panel.q.C_G_T_Q+M|C_G_T_Q.arms.progen2-medium,,,,
progen2-small,likelihood_after_comparator,C_G_T_Q+M|C_G_T_Q,q,amino_acid,20260923,-1.3349165639546677e-05,-0.0011972593629487548,0.0010473433717146582,0,0,-0.00033542513219262873,0.0066632866330697624,0.0021048374450791957,45,5760,163,group-equal squared error reduction,kcal$^2$/mol$^2$,archive/logs/R3/pairwise_epistasis_20260924/panel/panel.json,65b5cc3cdf654ed523d97aa6c9e2c540246f3d7f7f8e48571a39419391d43ba0,panel.q.C_G_T_Q+M|C_G_T_Q.arms.progen2-small,,,,
progen2-xlarge,likelihood_after_comparator,C_G_T_Q+M|C_G_T_Q,q,amino_acid,20260923,0.0005988974388828777,-0.0008839031624009699,0.0021412216791950748,0,0,0.00017430587858518538,0.0076469991099704804,0.0028067341424795143,45,5760,163,group-equal squared error reduction,kcal$^2$/mol$^2$,archive/logs/R3/pairwise_epistasis_20260924/panel/panel.json,65b5cc3cdf654ed523d97aa6c9e2c540246f3d7f7f8e48571a39419391d43ba0,panel.q.C_G_T_Q+M|C_G_T_Q.arms.progen2-xlarge,,,,
progen3-112m,likelihood_after_comparator,C_G_T_Q+M|C_G_T_Q,q,amino_acid,20260923,0.0003652100316150159,-7.032392376289463e-05,0.000825419557931907,0,0,-0.0004977641415008659,0.00038623657375562665,8.456082128992556e-05,45,5760,163,group-equal squared error reduction,kcal$^2$/mol$^2$,archive/logs/R3/pairwise_epistasis_20260924/panel/panel.json,65b5cc3cdf654ed523d97aa6c9e2c540246f3d7f7f8e48571a39419391d43ba0,panel.q.C_G_T_Q+M|C_G_T_Q.arms.progen3-112m,,,,
progen3-3b,likelihood_after_comparator,C_G_T_Q+M|C_G_T_Q,q,amino_acid,20260923,0.0013856187818113688,-0.0002736092340407851,0.003081371785187111,0,0,0.0013856187818113688,0.001614436624673649,0.001464558130691734,45,5760,163,group-equal squared error reduction,kcal$^2$/mol$^2$,archive/logs/R3/pairwise_epistasis_20260924/panel/panel.json,65b5cc3cdf654ed523d97aa6c9e2c540246f3d7f7f8e48571a39419391d43ba0,panel.q.C_G_T_Q+M|C_G_T_Q.arms.progen3-3b,,,,
prollama,likelihood_after_comparator,C_G_T_Q+M|C_G_T_Q,q,amino_acid,20260923,0.0029895052693817035,0.0007991516848590358,0.005751260730394221,3,0,0.0018961089590488274,0.0029895052693817035,0.0023741622656029532,45,5760,163,group-equal squared error reduction,kcal$^2$/mol$^2$,archive/logs/R3/pairwise_epistasis_20260924/panel/panel.json,65b5cc3cdf654ed523d97aa6c9e2c540246f3d7f7f8e48571a39419391d43ba0,panel.q.C_G_T_Q+M|C_G_T_Q.arms.prollama,,,,
prollama-stage-1,likelihood_after_comparator,C_G_T_Q+M|C_G_T_Q,q,amino_acid,20260923,-0.00019359305357994166,-0.0004389575677066732,1.5605496112476953e-05,0,1,-0.0009436813600957649,-0.00019359305357994166,-0.0004598197941518139,45,5760,163,group-equal squared error reduction,kcal$^2$/mol$^2$,archive/logs/R3/pairwise_epistasis_20260924/panel/panel.json,65b5cc3cdf654ed523d97aa6c9e2c540246f3d7f7f8e48571a39419391d43ba0,panel.q.C_G_T_Q+M|C_G_T_Q.arms.prollama-stage-1,,,,
proteinglm-7b-clm,likelihood_after_comparator,C_G_T_Q+M|C_G_T_Q,q,amino_acid,20260923,0.0019504610288912107,-0.0011728678868620933,0.0047850255756790305,0,0,0.0015224866529463168,0.002410621613992686,0.0019611897652767377,45,5760,163,group-equal squared error reduction,kcal$^2$/mol$^2$,archive/logs/R3/pairwise_epistasis_20260924/panel/panel.json,65b5cc3cdf654ed523d97aa6c9e2c540246f3d7f7f8e48571a39419391d43ba0,panel.q.C_G_T_Q+M|C_G_T_Q.arms.proteinglm-7b-clm,,,,
protgpt2,likelihood_after_comparator,C_G_T_Q+M|C_G_T_Q,q,bpe,20260923,0.0008882579968284978,-0.0001134548218315086,0.0018125534822198658,0,0,0.00047624788865400163,0.0008882579968284978,0.0006387567677584039,45,5760,163,group-equal squared error reduction,kcal$^2$/mol$^2$,archive/logs/R3/pairwise_epistasis_20260924/panel/panel.json,65b5cc3cdf654ed523d97aa6c9e2c540246f3d7f7f8e48571a39419391d43ba0,panel.q.C_G_T_Q+M|C_G_T_Q.arms.protgpt2,,,,
protgpt3-1.3b,likelihood_after_comparator,C_G_T_Q+M|C_G_T_Q,q,bpe,20260923,-6.42713845382059e-05,-0.0004913047737248869,0.0002888063098886952,0,0,-6.42713845382059e-05,-3.219974004205299e-05,-4.833934653706809e-05,45,5760,163,group-equal squared error reduction,kcal$^2$/mol$^2$,archive/logs/R3/pairwise_epistasis_20260924/panel/panel.json,65b5cc3cdf654ed523d97aa6c9e2c540246f3d7f7f8e48571a39419391d43ba0,panel.q.C_G_T_Q+M|C_G_T_Q.arms.protgpt3-1.3b,,,,
qwen2.5-0.5b,likelihood_after_comparator,C_G_T_Q+M|C_G_T_Q,q,bpe,20260923,-0.00020982177143626194,-0.00045874099673206165,-1.932525311666156e-05,0,2,-0.00020982177143626194,-3.399423857100323e-05,-0.00012726882452065088,45,5760,163,group-equal squared error reduction,kcal$^2$/mol$^2$,archive/logs/R3/pairwise_epistasis_20260924/panel/panel.json,65b5cc3cdf654ed523d97aa6c9e2c540246f3d7f7f8e48571a39419391d43ba0,panel.q.C_G_T_Q+M|C_G_T_Q.arms.qwen2.5-0.5b,,,,
qwen2.5-0.5b-instruct,likelihood_after_comparator,C_G_T_Q+M|C_G_T_Q,q,bpe,20260923,0.00034917500403108446,7.679236134939168e-06,0.0006872010368325154,2,0,0.00029372803513491585,0.0005405238527446541,0.00039447563063688476,45,5760,163,group-equal squared error reduction,kcal$^2$/mol$^2$,archive/logs/R3/pairwise_epistasis_20260924/panel/panel.json,65b5cc3cdf654ed523d97aa6c9e2c540246f3d7f7f8e48571a39419391d43ba0,panel.q.C_G_T_Q+M|C_G_T_Q.arms.qwen2.5-0.5b-instruct,,,,
qwen2.5-32b,likelihood_after_comparator,C_G_T_Q+M|C_G_T_Q,q,bpe,20260923,-0.0002849822521460352,-0.0005610635860590459,-3.1373907668305384e-05,0,1,-0.0002849822521460352,-2.2166465229662826e-05,-0.0001578890931534999,45,5760,163,group-equal squared error reduction,kcal$^2$/mol$^2$,archive/logs/R3/pairwise_epistasis_20260924/panel/panel.json,65b5cc3cdf654ed523d97aa6c9e2c540246f3d7f7f8e48571a39419391d43ba0,panel.q.C_G_T_Q+M|C_G_T_Q.arms.qwen2.5-32b,,,,
qwen2.5-7b,likelihood_after_comparator,C_G_T_Q+M|C_G_T_Q,q,bpe,20260923,6.995837452228438e-05,-0.00023885042458141953,0.00036384673113662225,0,1,-0.00033427387400849617,0.00022529233245425711,-1.3007722343984885e-05,45,5760,163,group-equal squared error reduction,kcal$^2$/mol$^2$,archive/logs/R3/pairwise_epistasis_20260924/panel/panel.json,65b5cc3cdf654ed523d97aa6c9e2c540246f3d7f7f8e48571a39419391d43ba0,panel.q.C_G_T_Q+M|C_G_T_Q.arms.qwen2.5-7b,,,,
qwen3-8b-base,likelihood_after_comparator,C_G_T_Q+M|C_G_T_Q,q,bpe,20260923,0.00023707520994499984,-0.000645966526755598,0.0012511428770644133,0,0,0.00023707520994499984,0.00043055269459766157,0.0003271735601352211,45,5760,163,group-equal squared error reduction,kcal$^2$/mol$^2$,archive/logs/R3/pairwise_epistasis_20260924/panel/panel.json,65b5cc3cdf654ed523d97aa6c9e2c540246f3d7f7f8e48571a39419391d43ba0,panel.q.C_G_T_Q+M|C_G_T_Q.arms.qwen3-8b-base,,,,
rita-xl,likelihood_after_comparator,C_G_T_Q+M|C_G_T_Q,q,amino_acid,20260923,-0.0005402869793947428,-0.001469899979360398,0.00012630699792786203,0,0,-0.0005402869793947428,8.508833281816052e-06,-0.00029281685671364826,45,5760,163,group-equal squared error reduction,kcal$^2$/mol$^2$,archive/logs/R3/pairwise_epistasis_20260924/panel/panel.json,65b5cc3cdf654ed523d97aa6c9e2c540246f3d7f7f8e48571a39419391d43ba0,panel.q.C_G_T_Q+M|C_G_T_Q.arms.rita-xl,,,,
bygpt5-base-en,representation_after_comparator,C_G_T_Q+R|C_G_T_Q,q,byte,20260923,0.005939204893886598,-0.013328776173049523,0.026443802874402827,0,0,0.005939204893886598,0.007091070487754504,0.006645888576093829,45,5760,163,group-equal squared error reduction,kcal$^2$/mol$^2$,archive/logs/R3/pairwise_epistasis_20260924/panel/panel.json,65b5cc3cdf654ed523d97aa6c9e2c540246f3d7f7f8e48571a39419391d43ba0,panel.q.C_G_T_Q+R|C_G_T_Q.arms.bygpt5-base-en,,,,
bygpt5-medium-en,representation_after_comparator,C_G_T_Q+R|C_G_T_Q,q,byte,20260923,-0.006323683634307807,-0.018835889705208424,0.006502499898380788,1,0,-0.006323683634307807,0.019958714451538444,0.005296623655681264,45,5760,163,group-equal squared error reduction,kcal$^2$/mol$^2$,archive/logs/R3/pairwise_epistasis_20260924/panel/panel.json,65b5cc3cdf654ed523d97aa6c9e2c540246f3d7f7f8e48571a39419391d43ba0,panel.q.C_G_T_Q+R|C_G_T_Q.arms.bygpt5-medium-en,,,,
bygpt5-small-en,representation_after_comparator,C_G_T_Q+R|C_G_T_Q,q,byte,20260923,0.005409149160519856,-0.013137687376897297,0.025297379164737396,1,0,0.003879796135399507,0.019283409932905095,0.009524118409608153,45,5760,163,group-equal squared error reduction,kcal$^2$/mol$^2$,archive/logs/R3/pairwise_epistasis_20260924/panel/panel.json,65b5cc3cdf654ed523d97aa6c9e2c540246f3d7f7f8e48571a39419391d43ba0,panel.q.C_G_T_Q+R|C_G_T_Q.arms.bygpt5-small-en,,,,
dialogpt-small,representation_after_comparator,C_G_T_Q+R|C_G_T_Q,q,bpe,20260923,-0.011084145673718732,-0.03627920536391447,0.012595606308719184,0,0,-0.011084145673718732,0.004137980715154158,-0.002481877390709954,45,5760,163,group-equal squared error reduction,kcal$^2$/mol$^2$,archive/logs/R3/pairwise_epistasis_20260924/panel/panel.json,65b5cc3cdf654ed523d97aa6c9e2c540246f3d7f7f8e48571a39419391d43ba0,panel.q.C_G_T_Q+R|C_G_T_Q.arms.dialogpt-small,,,,
galactica-1.3b,representation_after_comparator,C_G_T_Q+R|C_G_T_Q,q,bpe,20260923,-0.004576777025897102,-0.024322363721721786,0.016034455860389613,0,0,-0.0056135026136966935,-0.00012398373889772977,-0.0034380877928305085,45,5760,163,group-equal squared error reduction,kcal$^2$/mol$^2$,archive/logs/R3/pairwise_epistasis_20260924/panel/panel.json,65b5cc3cdf654ed523d97aa6c9e2c540246f3d7f7f8e48571a39419391d43ba0,panel.q.C_G_T_Q+R|C_G_T_Q.arms.galactica-1.3b,,,,
galactica-125m,representation_after_comparator,C_G_T_Q+R|C_G_T_Q,q,bpe,20260923,-0.013149251462767044,-0.025250785644929725,-0.0023596480670042864,0,2,-0.017163629529727126,-0.002407220088986046,-0.010906700360493404,45,5760,163,group-equal squared error reduction,kcal$^2$/mol$^2$,archive/logs/R3/pairwise_epistasis_20260924/panel/panel.json,65b5cc3cdf654ed523d97aa6c9e2c540246f3d7f7f8e48571a39419391d43ba0,panel.q.C_G_T_Q+R|C_G_T_Q.arms.galactica-125m,,,,
galactica-30b,representation_after_comparator,C_G_T_Q+R|C_G_T_Q,q,bpe,20260923,-0.0036864518590437275,-0.012972253102344535,0.005936107862800619,1,0,-0.0036864518590437275,0.01780262334501597,0.0058103328274367455,45,5760,163,group-equal squared error reduction,kcal$^2$/mol$^2$,archive/logs/R3/pairwise_epistasis_20260924/panel/panel.json,65b5cc3cdf654ed523d97aa6c9e2c540246f3d7f7f8e48571a39419391d43ba0,panel.q.C_G_T_Q+R|C_G_T_Q.arms.galactica-30b,,,,
galactica-6.7b,representation_after_comparator,C_G_T_Q+R|C_G_T_Q,q,bpe,20260923,-0.019597129523626737,-0.035111001476385614,-0.0073733251939503055,0,1,-0.019597129523626737,0.006158696095412726,-0.004961716223680793,45,5760,163,group-equal squared error reduction,kcal$^2$/mol$^2$,archive/logs/R3/pairwise_epistasis_20260924/panel/panel.json,65b5cc3cdf654ed523d97aa6c9e2c540246f3d7f7f8e48571a39419391d43ba0,panel.q.C_G_T_Q+R|C_G_T_Q.arms.galactica-6.7b,,,,
gpt2,representation_after_comparator,C_G_T_Q+R|C_G_T_Q,q,bpe,20260923,-0.015611070405179475,-0.030534803986167095,-0.0017197299980475941,0,1,-0.015611070405179475,-0.006412330473937891,-0.010972405345278812,45,5760,163,group-equal squared error reduction,kcal$^2$/mol$^2$,archive/logs/R3/pairwise_epistasis_20260924/panel/panel.json,65b5cc3cdf654ed523d97aa6c9e2c540246f3d7f7f8e48571a39419391d43ba0,panel.q.C_G_T_Q+R|C_G_T_Q.arms.gpt2,,,,
gpt2-large,representation_after_comparator,C_G_T_Q+R|C_G_T_Q,q,bpe,20260923,0.0110563961311385,-0.005908468203676343,0.030141829933681745,1,0,0.003756868659339498,0.018750732264307138,0.01118799901826171,45,5760,163,group-equal squared error reduction,kcal$^2$/mol$^2$,archive/logs/R3/pairwise_epistasis_20260924/panel/panel.json,65b5cc3cdf654ed523d97aa6c9e2c540246f3d7f7f8e48571a39419391d43ba0,panel.q.C_G_T_Q+R|C_G_T_Q.arms.gpt2-large,,,,
gpt2-medium,representation_after_comparator,C_G_T_Q+R|C_G_T_Q,q,bpe,20260923,-0.021630412098293087,-0.05072539407464903,-0.0009524691661086524,0,1,-0.021630412098293087,0.008383829385215131,-0.0032904656122425507,45,5760,163,group-equal squared error reduction,kcal$^2$/mol$^2$,archive/logs/R3/pairwise_epistasis_20260924/panel/panel.json,65b5cc3cdf654ed523d97aa6c9e2c540246f3d7f7f8e48571a39419391d43ba0,panel.q.C_G_T_Q+R|C_G_T_Q.arms.gpt2-medium,,,,
gpt2-xl,representation_after_comparator,C_G_T_Q+R|C_G_T_Q,q,bpe,20260923,-0.00551027030992509,-0.020803597288658004,0.007570566336275911,0,0,-0.006601952716949216,-0.0046725577454325784,-0.005594926924102295,45,5760,163,group-equal squared error reduction,kcal$^2$/mol$^2$,archive/logs/R3/pairwise_epistasis_20260924/panel/panel.json,65b5cc3cdf654ed523d97aa6c9e2c540246f3d7f7f8e48571a39419391d43ba0,panel.q.C_G_T_Q+R|C_G_T_Q.arms.gpt2-xl,,,,
instructprotein,representation_after_comparator,C_G_T_Q+R|C_G_T_Q,q,bpe,20260923,0.004495414400830287,-0.016869006800183155,0.02727477738194485,0,0,0.0006406399950687326,0.005157527225533966,0.003431193873810995,45,5760,163,group-equal squared error reduction,kcal$^2$/mol$^2$,archive/logs/R3/pairwise_epistasis_20260924/panel/panel.json,65b5cc3cdf654ed523d97aa6c9e2c540246f3d7f7f8e48571a39419391d43ba0,panel.q.C_G_T_Q+R|C_G_T_Q.arms.instructprotein,,,,
llama-2-7b,representation_after_comparator,C_G_T_Q+R|C_G_T_Q,q,bpe,20260923,-0.002411025423473228,-0.025832462659759057,0.022692173115961528,0,0,-0.002411025423473228,0.002064994537919706,-0.0008527832525957885,45,5760,163,group-equal squared error reduction,kcal$^2$/mol$^2$,archive/logs/R3/pairwise_epistasis_20260924/panel/panel.json,65b5cc3cdf654ed523d97aa6c9e2c540246f3d7f7f8e48571a39419391d43ba0,panel.q.C_G_T_Q+R|C_G_T_Q.arms.llama-2-7b,,,,
llama-3.2-3b,representation_after_comparator,C_G_T_Q+R|C_G_T_Q,q,bpe,20260923,-0.006476592123158772,-0.01828426323404981,0.00564774505193577,0,0,-0.006476592123158772,0.01344338494941857,0.00028375570108435155,45,5760,163,group-equal squared error reduction,kcal$^2$/mol$^2$,archive/logs/R3/pairwise_epistasis_20260924/panel/panel.json,65b5cc3cdf654ed523d97aa6c9e2c540246f3d7f7f8e48571a39419391d43ba0,panel.q.C_G_T_Q+R|C_G_T_Q.arms.llama-3.2-3b,,,,
progen2-base,representation_after_comparator,C_G_T_Q+R|C_G_T_Q,q,amino_acid,20260923,-0.029610072540784547,-0.05415708938418861,-0.006257934778125782,0,1,-0.029610072540784547,-0.0044460202385937266,-0.013674951640384668,45,5760,163,group-equal squared error reduction,kcal$^2$/mol$^2$,archive/logs/R3/pairwise_epistasis_20260924/panel/panel.json,65b5cc3cdf654ed523d97aa6c9e2c540246f3d7f7f8e48571a39419391d43ba0,panel.q.C_G_T_Q+R|C_G_T_Q.arms.progen2-base,,,,
progen2-large,representation_after_comparator,C_G_T_Q+R|C_G_T_Q,q,amino_acid,20260923,-0.018530990313886418,-0.042719062469006856,0.0048843335673186454,0,0,-0.018530990313886418,0.023808820095628534,0.005061433689857721,45,5760,163,group-equal squared error reduction,kcal$^2$/mol$^2$,archive/logs/R3/pairwise_epistasis_20260924/panel/panel.json,65b5cc3cdf654ed523d97aa6c9e2c540246f3d7f7f8e48571a39419391d43ba0,panel.q.C_G_T_Q+R|C_G_T_Q.arms.progen2-large,,,,
progen2-medium,representation_after_comparator,C_G_T_Q+R|C_G_T_Q,q,amino_acid,20260923,-0.009870698517077297,-0.031571066658610626,0.0104059473726778,0,0,-0.019268078734347324,-0.002643286707439205,-0.010594021319621274,45,5760,163,group-equal squared error reduction,kcal$^2$/mol$^2$,archive/logs/R3/pairwise_epistasis_20260924/panel/panel.json,65b5cc3cdf654ed523d97aa6c9e2c540246f3d7f7f8e48571a39419391d43ba0,panel.q.C_G_T_Q+R|C_G_T_Q.arms.progen2-medium,,,,
progen2-small,representation_after_comparator,C_G_T_Q+R|C_G_T_Q,q,amino_acid,20260923,-0.018802747309511543,-0.052282350219128165,0.011786117580975426,0,0,-0.018802747309511543,-0.0013937148984677905,-0.01207929906005216,45,5760,163,group-equal squared error reduction,kcal$^2$/mol$^2$,archive/logs/R3/pairwise_epistasis_20260924/panel/panel.json,65b5cc3cdf654ed523d97aa6c9e2c540246f3d7f7f8e48571a39419391d43ba0,panel.q.C_G_T_Q+R|C_G_T_Q.arms.progen2-small,,,,
progen2-xlarge,representation_after_comparator,C_G_T_Q+R|C_G_T_Q,q,amino_acid,20260923,-0.004128964470092796,-0.021035995696352682,0.010605618703557175,0,0,-0.004128964470092796,0.002687983604292613,-6.822573061045433e-05,45,5760,163,group-equal squared error reduction,kcal$^2$/mol$^2$,archive/logs/R3/pairwise_epistasis_20260924/panel/panel.json,65b5cc3cdf654ed523d97aa6c9e2c540246f3d7f7f8e48571a39419391d43ba0,panel.q.C_G_T_Q+R|C_G_T_Q.arms.progen2-xlarge,,,,
progen3-112m,representation_after_comparator,C_G_T_Q+R|C_G_T_Q,q,amino_acid,20260923,-0.002878804737356452,-0.015851725163051097,0.010445560025114584,0,0,-0.004446626051159474,0.009617693366886783,0.0007640875261236193,45,5760,163,group-equal squared error reduction,kcal$^2$/mol$^2$,archive/logs/R3/pairwise_epistasis_20260924/panel/panel.json,65b5cc3cdf654ed523d97aa6c9e2c540246f3d7f7f8e48571a39419391d43ba0,panel.q.C_G_T_Q+R|C_G_T_Q.arms.progen3-112m,,,,
progen3-3b,representation_after_comparator,C_G_T_Q+R|C_G_T_Q,q,amino_acid,20260923,-0.04106527646878937,-0.0822457464790945,-0.007451004998960719,0,1,-0.04106527646878937,-0.00889997248786568,-0.0219370329098839,45,5760,163,group-equal squared error reduction,kcal$^2$/mol$^2$,archive/logs/R3/pairwise_epistasis_20260924/panel/panel.json,65b5cc3cdf654ed523d97aa6c9e2c540246f3d7f7f8e48571a39419391d43ba0,panel.q.C_G_T_Q+R|C_G_T_Q.arms.progen3-3b,,,,
prollama,representation_after_comparator,C_G_T_Q+R|C_G_T_Q,q,amino_acid,20260923,-0.012150143762117725,-0.03750822146491504,0.007848896605421044,0,0,-0.012150143762117725,0.004618935261476101,-0.005896583270610875,45,5760,163,group-equal squared error reduction,kcal$^2$/mol$^2$,archive/logs/R3/pairwise_epistasis_20260924/panel/panel.json,65b5cc3cdf654ed523d97aa6c9e2c540246f3d7f7f8e48571a39419391d43ba0,panel.q.C_G_T_Q+R|C_G_T_Q.arms.prollama,,,,
prollama-stage-1,representation_after_comparator,C_G_T_Q+R|C_G_T_Q,q,amino_acid,20260923,-0.01302494366304471,-0.04147911032564095,0.007481534442394885,0,0,-0.017397768767904807,0.004720290692292268,-0.00856747391288575,45,5760,163,group-equal squared error reduction,kcal$^2$/mol$^2$,archive/logs/R3/pairwise_epistasis_20260924/panel/panel.json,65b5cc3cdf654ed523d97aa6c9e2c540246f3d7f7f8e48571a39419391d43ba0,panel.q.C_G_T_Q+R|C_G_T_Q.arms.prollama-stage-1,,,,
proteinglm-7b-clm,representation_after_comparator,C_G_T_Q+R|C_G_T_Q,q,amino_acid,20260923,-0.014989941774406624,-0.04095355700259117,0.009188745479702826,0,0,-0.021738655466685883,-0.014989941774406624,-0.017672599637944625,45,5760,163,group-equal squared error reduction,kcal$^2$/mol$^2$,archive/logs/R3/pairwise_epistasis_20260924/panel/panel.json,65b5cc3cdf654ed523d97aa6c9e2c540246f3d7f7f8e48571a39419391d43ba0,panel.q.C_G_T_Q+R|C_G_T_Q.arms.proteinglm-7b-clm,,,,
protgpt2,representation_after_comparator,C_G_T_Q+R|C_G_T_Q,q,bpe,20260923,-0.01713279704377128,-0.0444297717459121,0.0059836313604817596,0,0,-0.01713279704377128,0.005338181108087849,-0.004080666252443618,45,5760,163,group-equal squared error reduction,kcal$^2$/mol$^2$,archive/logs/R3/pairwise_epistasis_20260924/panel/panel.json,65b5cc3cdf654ed523d97aa6c9e2c540246f3d7f7f8e48571a39419391d43ba0,panel.q.C_G_T_Q+R|C_G_T_Q.arms.protgpt2,,,,
protgpt3-1.3b,representation_after_comparator,C_G_T_Q+R|C_G_T_Q,q,bpe,20260923,-0.03555778879610152,-0.05411336913711928,-0.01620046821613411,0,1,-0.03555778879610152,-0.004134369231301689,-0.020961551064532163,45,5760,163,group-equal squared error reduction,kcal$^2$/mol$^2$,archive/logs/R3/pairwise_epistasis_20260924/panel/panel.json,65b5cc3cdf654ed523d97aa6c9e2c540246f3d7f7f8e48571a39419391d43ba0,panel.q.C_G_T_Q+R|C_G_T_Q.arms.protgpt3-1.3b,,,,
qwen2.5-0.5b,representation_after_comparator,C_G_T_Q+R|C_G_T_Q,q,bpe,20260923,-0.013268549174363339,-0.028749303459489717,0.0007518338551207345,0,0,-0.019952728494078864,-0.006873405843590443,-0.013364894504010882,45,5760,163,group-equal squared error reduction,kcal$^2$/mol$^2$,archive/logs/R3/pairwise_epistasis_20260924/panel/panel.json,65b5cc3cdf654ed523d97aa6c9e2c540246f3d7f7f8e48571a39419391d43ba0,panel.q.C_G_T_Q+R|C_G_T_Q.arms.qwen2.5-0.5b,,,,
qwen2.5-0.5b-instruct,representation_after_comparator,C_G_T_Q+R|C_G_T_Q,q,bpe,20260923,-0.0027118235661882824,-0.02380491340334214,0.018508379228012527,0,0,-0.010536260905164853,0.0017769330145424613,-0.003823717152270225,45,5760,163,group-equal squared error reduction,kcal$^2$/mol$^2$,archive/logs/R3/pairwise_epistasis_20260924/panel/panel.json,65b5cc3cdf654ed523d97aa6c9e2c540246f3d7f7f8e48571a39419391d43ba0,panel.q.C_G_T_Q+R|C_G_T_Q.arms.qwen2.5-0.5b-instruct,,,,
qwen2.5-32b,representation_after_comparator,C_G_T_Q+R|C_G_T_Q,q,bpe,20260923,-0.006992256651106933,-0.02148113872424355,0.0076009015112782395,0,0,-0.006992256651106933,0.004467499403465005,-0.0019716231928715447,45,5760,163,group-equal squared error reduction,kcal$^2$/mol$^2$,archive/logs/R3/pairwise_epistasis_20260924/panel/panel.json,65b5cc3cdf654ed523d97aa6c9e2c540246f3d7f7f8e48571a39419391d43ba0,panel.q.C_G_T_Q+R|C_G_T_Q.arms.qwen2.5-32b,,,,
qwen2.5-7b,representation_after_comparator,C_G_T_Q+R|C_G_T_Q,q,bpe,20260923,-0.0008556028011355626,-0.016841851300342738,0.014934853704510365,0,0,-0.020537138380378614,0.015853984564231195,-0.0018462522057609936,45,5760,163,group-equal squared error reduction,kcal$^2$/mol$^2$,archive/logs/R3/pairwise_epistasis_20260924/panel/panel.json,65b5cc3cdf654ed523d97aa6c9e2c540246f3d7f7f8e48571a39419391d43ba0,panel.q.C_G_T_Q+R|C_G_T_Q.arms.qwen2.5-7b,,,,
qwen3-8b-base,representation_after_comparator,C_G_T_Q+R|C_G_T_Q,q,bpe,20260923,-0.007321827383433723,-0.03295785717394189,0.019639941221531853,0,0,-0.007728940369504593,0.021183369582647556,0.0020442006099030802,45,5760,163,group-equal squared error reduction,kcal$^2$/mol$^2$,archive/logs/R3/pairwise_epistasis_20260924/panel/panel.json,65b5cc3cdf654ed523d97aa6c9e2c540246f3d7f7f8e48571a39419391d43ba0,panel.q.C_G_T_Q+R|C_G_T_Q.arms.qwen3-8b-base,,,,
rita-xl,representation_after_comparator,C_G_T_Q+R|C_G_T_Q,q,amino_acid,20260923,-0.03652118882679442,-0.059744321675778964,-0.016299062619679013,0,1,-0.03652118882679442,-0.006503226734415849,-0.022058772797885942,45,5760,163,group-equal squared error reduction,kcal$^2$/mol$^2$,archive/logs/R3/pairwise_epistasis_20260924/panel/panel.json,65b5cc3cdf654ed523d97aa6c9e2c540246f3d7f7f8e48571a39419391d43ba0,panel.q.C_G_T_Q+R|C_G_T_Q.arms.rita-xl,,,,
