arm,endpoint,estimate,ci_low,ci_high,n_assays,n_units,bootstrap_resamples,unit,split_seed,source_path,source_sha256,source_pointer
bygpt5-base-en,increment_M_C_P_wall,-0.00025359925993058603,-0.0004565548161407644,-5.336436927488513e-05,201,163,2000,wild-type family at 50% identity,20260923,results/R5/local_context_20260923/20260923233257_e429ce7f31e4/lcgp_admission/local_context_measurement.json,6d18d2f40c99e6c969121d0806794c8dd4017af4ef3bc344093e7014b160447e,summaries.bygpt5-base-en/20260923.increment_M_C_P_wall
bygpt5-base-en,increment_R_C_P_wall,-0.009292312348567656,-0.01747333828000713,-0.0014890400641978847,201,163,2000,wild-type family at 50% identity,20260923,results/R5/local_context_20260923/20260923233257_e429ce7f31e4/lcgp_admission/local_context_measurement.json,6d18d2f40c99e6c969121d0806794c8dd4017af4ef3bc344093e7014b160447e,summaries.bygpt5-base-en/20260923.increment_R_C_P_wall
bygpt5-base-en,C_P_wall_spearman,0.47954850909466296,0.4497565649787081,0.5076970887484331,201,163,2000,wild-type family at 50% identity,20260923,results/R5/local_context_20260923/20260923233257_e429ce7f31e4/lcgp_admission/local_context_measurement.json,6d18d2f40c99e6c969121d0806794c8dd4017af4ef3bc344093e7014b160447e,summaries.bygpt5-base-en/20260923.C_P_wall_spearman
bygpt5-base-en,C_P_spearman,0.4465876059906235,0.41803174424855116,0.4732575598326267,201,163,2000,wild-type family at 50% identity,20260923,results/R5/local_context_20260923/20260923233257_e429ce7f31e4/lcgp_admission/local_context_measurement.json,6d18d2f40c99e6c969121d0806794c8dd4017af4ef3bc344093e7014b160447e,summaries.bygpt5-base-en/20260923.C_P_spearman
bygpt5-base-en,increment_M_C_P_wall,-4.5179094167015266e-05,-0.00022721508906395514,0.00014173197813749602,201,163,2000,wild-type family at 50% identity,20260924,results/R5/local_context_20260923/20260923233257_e429ce7f31e4/lcgp_admission/local_context_measurement.json,6d18d2f40c99e6c969121d0806794c8dd4017af4ef3bc344093e7014b160447e,summaries.bygpt5-base-en/20260924.increment_M_C_P_wall
bygpt5-base-en,increment_R_C_P_wall,-0.008719434637746945,-0.016500659762053026,-0.0016627168170766763,201,163,2000,wild-type family at 50% identity,20260924,results/R5/local_context_20260923/20260923233257_e429ce7f31e4/lcgp_admission/local_context_measurement.json,6d18d2f40c99e6c969121d0806794c8dd4017af4ef3bc344093e7014b160447e,summaries.bygpt5-base-en/20260924.increment_R_C_P_wall
bygpt5-base-en,C_P_wall_spearman,0.47905916047942815,0.4494974452395906,0.5075871235938527,201,163,2000,wild-type family at 50% identity,20260924,results/R5/local_context_20260923/20260923233257_e429ce7f31e4/lcgp_admission/local_context_measurement.json,6d18d2f40c99e6c969121d0806794c8dd4017af4ef3bc344093e7014b160447e,summaries.bygpt5-base-en/20260924.C_P_wall_spearman
bygpt5-base-en,C_P_spearman,0.4458955452485646,0.4183243516229816,0.4722185494227307,201,163,2000,wild-type family at 50% identity,20260924,results/R5/local_context_20260923/20260923233257_e429ce7f31e4/lcgp_admission/local_context_measurement.json,6d18d2f40c99e6c969121d0806794c8dd4017af4ef3bc344093e7014b160447e,summaries.bygpt5-base-en/20260924.C_P_spearman
bygpt5-base-en,increment_M_C_P_wall,-6.93139889786262e-05,-0.0002317688987923239,0.00010023032092814316,201,163,2000,wild-type family at 50% identity,20260925,results/R5/local_context_20260923/20260923233257_e429ce7f31e4/lcgp_admission/local_context_measurement.json,6d18d2f40c99e6c969121d0806794c8dd4017af4ef3bc344093e7014b160447e,summaries.bygpt5-base-en/20260925.increment_M_C_P_wall
bygpt5-base-en,increment_R_C_P_wall,-0.013177257731405757,-0.021583740157387468,-0.005687885903083368,201,163,2000,wild-type family at 50% identity,20260925,results/R5/local_context_20260923/20260923233257_e429ce7f31e4/lcgp_admission/local_context_measurement.json,6d18d2f40c99e6c969121d0806794c8dd4017af4ef3bc344093e7014b160447e,summaries.bygpt5-base-en/20260925.increment_R_C_P_wall
bygpt5-base-en,C_P_wall_spearman,0.4828971724708546,0.4529562865997285,0.5117280346278283,201,163,2000,wild-type family at 50% identity,20260925,results/R5/local_context_20260923/20260923233257_e429ce7f31e4/lcgp_admission/local_context_measurement.json,6d18d2f40c99e6c969121d0806794c8dd4017af4ef3bc344093e7014b160447e,summaries.bygpt5-base-en/20260925.C_P_wall_spearman
bygpt5-base-en,C_P_spearman,0.4531628585686449,0.42463281550120213,0.4798998119270053,201,163,2000,wild-type family at 50% identity,20260925,results/R5/local_context_20260923/20260923233257_e429ce7f31e4/lcgp_admission/local_context_measurement.json,6d18d2f40c99e6c969121d0806794c8dd4017af4ef3bc344093e7014b160447e,summaries.bygpt5-base-en/20260925.C_P_spearman
bygpt5-medium-en,increment_M_C_P_wall,-0.00023758494248568386,-0.0007652252679407414,0.0002772695393142151,201,163,2000,wild-type family at 50% identity,20260923,results/R5/local_context_20260923/20260923233257_e429ce7f31e4/lcgp_admission/local_context_measurement.json,6d18d2f40c99e6c969121d0806794c8dd4017af4ef3bc344093e7014b160447e,summaries.bygpt5-medium-en/20260923.increment_M_C_P_wall
bygpt5-medium-en,increment_R_C_P_wall,-0.005844782411966783,-0.015904389361799862,0.002137243114703096,201,163,2000,wild-type family at 50% identity,20260923,results/R5/local_context_20260923/20260923233257_e429ce7f31e4/lcgp_admission/local_context_measurement.json,6d18d2f40c99e6c969121d0806794c8dd4017af4ef3bc344093e7014b160447e,summaries.bygpt5-medium-en/20260923.increment_R_C_P_wall
bygpt5-medium-en,C_P_wall_spearman,0.47954850909466296,0.4497565649787081,0.5076970887484331,201,163,2000,wild-type family at 50% identity,20260923,results/R5/local_context_20260923/20260923233257_e429ce7f31e4/lcgp_admission/local_context_measurement.json,6d18d2f40c99e6c969121d0806794c8dd4017af4ef3bc344093e7014b160447e,summaries.bygpt5-medium-en/20260923.C_P_wall_spearman
bygpt5-medium-en,C_P_spearman,0.4465876059906235,0.41803174424855116,0.4732575598326267,201,163,2000,wild-type family at 50% identity,20260923,results/R5/local_context_20260923/20260923233257_e429ce7f31e4/lcgp_admission/local_context_measurement.json,6d18d2f40c99e6c969121d0806794c8dd4017af4ef3bc344093e7014b160447e,summaries.bygpt5-medium-en/20260923.C_P_spearman
bygpt5-medium-en,increment_M_C_P_wall,-5.4866954373975233e-05,-0.0005885529177400647,0.0004793055695933045,201,163,2000,wild-type family at 50% identity,20260924,results/R5/local_context_20260923/20260923233257_e429ce7f31e4/lcgp_admission/local_context_measurement.json,6d18d2f40c99e6c969121d0806794c8dd4017af4ef3bc344093e7014b160447e,summaries.bygpt5-medium-en/20260924.increment_M_C_P_wall
bygpt5-medium-en,increment_R_C_P_wall,-0.008724133315273223,-0.019273718768859513,4.4124737664886456e-05,201,163,2000,wild-type family at 50% identity,20260924,results/R5/local_context_20260923/20260923233257_e429ce7f31e4/lcgp_admission/local_context_measurement.json,6d18d2f40c99e6c969121d0806794c8dd4017af4ef3bc344093e7014b160447e,summaries.bygpt5-medium-en/20260924.increment_R_C_P_wall
bygpt5-medium-en,C_P_wall_spearman,0.47905916047942815,0.4494974452395906,0.5075871235938527,201,163,2000,wild-type family at 50% identity,20260924,results/R5/local_context_20260923/20260923233257_e429ce7f31e4/lcgp_admission/local_context_measurement.json,6d18d2f40c99e6c969121d0806794c8dd4017af4ef3bc344093e7014b160447e,summaries.bygpt5-medium-en/20260924.C_P_wall_spearman
bygpt5-medium-en,C_P_spearman,0.4458955452485646,0.4183243516229816,0.4722185494227307,201,163,2000,wild-type family at 50% identity,20260924,results/R5/local_context_20260923/20260923233257_e429ce7f31e4/lcgp_admission/local_context_measurement.json,6d18d2f40c99e6c969121d0806794c8dd4017af4ef3bc344093e7014b160447e,summaries.bygpt5-medium-en/20260924.C_P_spearman
bygpt5-medium-en,increment_M_C_P_wall,-0.00015857299416055198,-0.0007277751128854686,0.00039263886992243726,201,163,2000,wild-type family at 50% identity,20260925,results/R5/local_context_20260923/20260923233257_e429ce7f31e4/lcgp_admission/local_context_measurement.json,6d18d2f40c99e6c969121d0806794c8dd4017af4ef3bc344093e7014b160447e,summaries.bygpt5-medium-en/20260925.increment_M_C_P_wall
bygpt5-medium-en,increment_R_C_P_wall,-0.010115397289261002,-0.01989642873290923,-0.0014475263827340905,201,163,2000,wild-type family at 50% identity,20260925,results/R5/local_context_20260923/20260923233257_e429ce7f31e4/lcgp_admission/local_context_measurement.json,6d18d2f40c99e6c969121d0806794c8dd4017af4ef3bc344093e7014b160447e,summaries.bygpt5-medium-en/20260925.increment_R_C_P_wall
bygpt5-medium-en,C_P_wall_spearman,0.4828971724708546,0.4529562865997285,0.5117280346278283,201,163,2000,wild-type family at 50% identity,20260925,results/R5/local_context_20260923/20260923233257_e429ce7f31e4/lcgp_admission/local_context_measurement.json,6d18d2f40c99e6c969121d0806794c8dd4017af4ef3bc344093e7014b160447e,summaries.bygpt5-medium-en/20260925.C_P_wall_spearman
bygpt5-medium-en,C_P_spearman,0.4531628585686449,0.42463281550120213,0.4798998119270053,201,163,2000,wild-type family at 50% identity,20260925,results/R5/local_context_20260923/20260923233257_e429ce7f31e4/lcgp_admission/local_context_measurement.json,6d18d2f40c99e6c969121d0806794c8dd4017af4ef3bc344093e7014b160447e,summaries.bygpt5-medium-en/20260925.C_P_spearman
bygpt5-small-en,increment_M_C_P_wall,-0.00013658214323411007,-0.0004716195660128542,0.00020220518225963084,201,163,2000,wild-type family at 50% identity,20260923,results/R5/local_context_20260923/20260923233257_e429ce7f31e4/lcgp_admission/local_context_measurement.json,6d18d2f40c99e6c969121d0806794c8dd4017af4ef3bc344093e7014b160447e,summaries.bygpt5-small-en/20260923.increment_M_C_P_wall
bygpt5-small-en,increment_R_C_P_wall,-0.005909425691408689,-0.015240526134801317,0.00203710171751402,201,163,2000,wild-type family at 50% identity,20260923,results/R5/local_context_20260923/20260923233257_e429ce7f31e4/lcgp_admission/local_context_measurement.json,6d18d2f40c99e6c969121d0806794c8dd4017af4ef3bc344093e7014b160447e,summaries.bygpt5-small-en/20260923.increment_R_C_P_wall
bygpt5-small-en,C_P_wall_spearman,0.47954850909466296,0.4497565649787081,0.5076970887484331,201,163,2000,wild-type family at 50% identity,20260923,results/R5/local_context_20260923/20260923233257_e429ce7f31e4/lcgp_admission/local_context_measurement.json,6d18d2f40c99e6c969121d0806794c8dd4017af4ef3bc344093e7014b160447e,summaries.bygpt5-small-en/20260923.C_P_wall_spearman
bygpt5-small-en,C_P_spearman,0.4465876059906235,0.41803174424855116,0.4732575598326267,201,163,2000,wild-type family at 50% identity,20260923,results/R5/local_context_20260923/20260923233257_e429ce7f31e4/lcgp_admission/local_context_measurement.json,6d18d2f40c99e6c969121d0806794c8dd4017af4ef3bc344093e7014b160447e,summaries.bygpt5-small-en/20260923.C_P_spearman
bygpt5-small-en,increment_M_C_P_wall,-0.00011352303596306757,-0.0004095729857359522,0.00017760910509424945,201,163,2000,wild-type family at 50% identity,20260924,results/R5/local_context_20260923/20260923233257_e429ce7f31e4/lcgp_admission/local_context_measurement.json,6d18d2f40c99e6c969121d0806794c8dd4017af4ef3bc344093e7014b160447e,summaries.bygpt5-small-en/20260924.increment_M_C_P_wall
bygpt5-small-en,increment_R_C_P_wall,-0.008594108923253973,-0.01693890526831879,-0.0013674027458286048,201,163,2000,wild-type family at 50% identity,20260924,results/R5/local_context_20260923/20260923233257_e429ce7f31e4/lcgp_admission/local_context_measurement.json,6d18d2f40c99e6c969121d0806794c8dd4017af4ef3bc344093e7014b160447e,summaries.bygpt5-small-en/20260924.increment_R_C_P_wall
bygpt5-small-en,C_P_wall_spearman,0.47905916047942815,0.4494974452395906,0.5075871235938527,201,163,2000,wild-type family at 50% identity,20260924,results/R5/local_context_20260923/20260923233257_e429ce7f31e4/lcgp_admission/local_context_measurement.json,6d18d2f40c99e6c969121d0806794c8dd4017af4ef3bc344093e7014b160447e,summaries.bygpt5-small-en/20260924.C_P_wall_spearman
bygpt5-small-en,C_P_spearman,0.4458955452485646,0.4183243516229816,0.4722185494227307,201,163,2000,wild-type family at 50% identity,20260924,results/R5/local_context_20260923/20260923233257_e429ce7f31e4/lcgp_admission/local_context_measurement.json,6d18d2f40c99e6c969121d0806794c8dd4017af4ef3bc344093e7014b160447e,summaries.bygpt5-small-en/20260924.C_P_spearman
bygpt5-small-en,increment_M_C_P_wall,6.656931598350108e-05,-0.00022030185968736465,0.0003615367376569782,201,163,2000,wild-type family at 50% identity,20260925,results/R5/local_context_20260923/20260923233257_e429ce7f31e4/lcgp_admission/local_context_measurement.json,6d18d2f40c99e6c969121d0806794c8dd4017af4ef3bc344093e7014b160447e,summaries.bygpt5-small-en/20260925.increment_M_C_P_wall
bygpt5-small-en,increment_R_C_P_wall,-0.010221364613534026,-0.019353573281709766,-0.0020723759942280705,201,163,2000,wild-type family at 50% identity,20260925,results/R5/local_context_20260923/20260923233257_e429ce7f31e4/lcgp_admission/local_context_measurement.json,6d18d2f40c99e6c969121d0806794c8dd4017af4ef3bc344093e7014b160447e,summaries.bygpt5-small-en/20260925.increment_R_C_P_wall
bygpt5-small-en,C_P_wall_spearman,0.4828971724708546,0.4529562865997285,0.5117280346278283,201,163,2000,wild-type family at 50% identity,20260925,results/R5/local_context_20260923/20260923233257_e429ce7f31e4/lcgp_admission/local_context_measurement.json,6d18d2f40c99e6c969121d0806794c8dd4017af4ef3bc344093e7014b160447e,summaries.bygpt5-small-en/20260925.C_P_wall_spearman
bygpt5-small-en,C_P_spearman,0.4531628585686449,0.42463281550120213,0.4798998119270053,201,163,2000,wild-type family at 50% identity,20260925,results/R5/local_context_20260923/20260923233257_e429ce7f31e4/lcgp_admission/local_context_measurement.json,6d18d2f40c99e6c969121d0806794c8dd4017af4ef3bc344093e7014b160447e,summaries.bygpt5-small-en/20260925.C_P_spearman
dialogpt-small,increment_M_C_P_wall,-0.0002440947053749084,-0.0005195777426049053,5.1143804690592536e-05,201,163,2000,wild-type family at 50% identity,20260923,results/R5/local_context_20260923/20260923233257_e429ce7f31e4/lcgp_admission/local_context_measurement.json,6d18d2f40c99e6c969121d0806794c8dd4017af4ef3bc344093e7014b160447e,summaries.dialogpt-small/20260923.increment_M_C_P_wall
dialogpt-small,increment_R_C_P_wall,-0.013614392217239514,-0.021988113764885124,-0.006495310876622581,201,163,2000,wild-type family at 50% identity,20260923,results/R5/local_context_20260923/20260923233257_e429ce7f31e4/lcgp_admission/local_context_measurement.json,6d18d2f40c99e6c969121d0806794c8dd4017af4ef3bc344093e7014b160447e,summaries.dialogpt-small/20260923.increment_R_C_P_wall
dialogpt-small,C_P_wall_spearman,0.47954850909466296,0.4497565649787081,0.5076970887484331,201,163,2000,wild-type family at 50% identity,20260923,results/R5/local_context_20260923/20260923233257_e429ce7f31e4/lcgp_admission/local_context_measurement.json,6d18d2f40c99e6c969121d0806794c8dd4017af4ef3bc344093e7014b160447e,summaries.dialogpt-small/20260923.C_P_wall_spearman
dialogpt-small,C_P_spearman,0.4465876059906235,0.41803174424855116,0.4732575598326267,201,163,2000,wild-type family at 50% identity,20260923,results/R5/local_context_20260923/20260923233257_e429ce7f31e4/lcgp_admission/local_context_measurement.json,6d18d2f40c99e6c969121d0806794c8dd4017af4ef3bc344093e7014b160447e,summaries.dialogpt-small/20260923.C_P_spearman
dialogpt-small,increment_M_C_P_wall,-0.00020403705590563075,-0.0004038009612349946,1.090578838572045e-05,201,163,2000,wild-type family at 50% identity,20260924,results/R5/local_context_20260923/20260923233257_e429ce7f31e4/lcgp_admission/local_context_measurement.json,6d18d2f40c99e6c969121d0806794c8dd4017af4ef3bc344093e7014b160447e,summaries.dialogpt-small/20260924.increment_M_C_P_wall
dialogpt-small,increment_R_C_P_wall,-0.013687074081325624,-0.020773451266282723,-0.00735540502073424,201,163,2000,wild-type family at 50% identity,20260924,results/R5/local_context_20260923/20260923233257_e429ce7f31e4/lcgp_admission/local_context_measurement.json,6d18d2f40c99e6c969121d0806794c8dd4017af4ef3bc344093e7014b160447e,summaries.dialogpt-small/20260924.increment_R_C_P_wall
dialogpt-small,C_P_wall_spearman,0.47905916047942815,0.4494974452395906,0.5075871235938527,201,163,2000,wild-type family at 50% identity,20260924,results/R5/local_context_20260923/20260923233257_e429ce7f31e4/lcgp_admission/local_context_measurement.json,6d18d2f40c99e6c969121d0806794c8dd4017af4ef3bc344093e7014b160447e,summaries.dialogpt-small/20260924.C_P_wall_spearman
dialogpt-small,C_P_spearman,0.4458955452485646,0.4183243516229816,0.4722185494227307,201,163,2000,wild-type family at 50% identity,20260924,results/R5/local_context_20260923/20260923233257_e429ce7f31e4/lcgp_admission/local_context_measurement.json,6d18d2f40c99e6c969121d0806794c8dd4017af4ef3bc344093e7014b160447e,summaries.dialogpt-small/20260924.C_P_spearman
dialogpt-small,increment_M_C_P_wall,3.8654084733441725e-05,-0.00019100872919841337,0.0002754846200622694,201,163,2000,wild-type family at 50% identity,20260925,results/R5/local_context_20260923/20260923233257_e429ce7f31e4/lcgp_admission/local_context_measurement.json,6d18d2f40c99e6c969121d0806794c8dd4017af4ef3bc344093e7014b160447e,summaries.dialogpt-small/20260925.increment_M_C_P_wall
dialogpt-small,increment_R_C_P_wall,-0.01585664982176984,-0.02337839106859097,-0.009178469200431565,201,163,2000,wild-type family at 50% identity,20260925,results/R5/local_context_20260923/20260923233257_e429ce7f31e4/lcgp_admission/local_context_measurement.json,6d18d2f40c99e6c969121d0806794c8dd4017af4ef3bc344093e7014b160447e,summaries.dialogpt-small/20260925.increment_R_C_P_wall
dialogpt-small,C_P_wall_spearman,0.4828971724708546,0.4529562865997285,0.5117280346278283,201,163,2000,wild-type family at 50% identity,20260925,results/R5/local_context_20260923/20260923233257_e429ce7f31e4/lcgp_admission/local_context_measurement.json,6d18d2f40c99e6c969121d0806794c8dd4017af4ef3bc344093e7014b160447e,summaries.dialogpt-small/20260925.C_P_wall_spearman
dialogpt-small,C_P_spearman,0.4531628585686449,0.42463281550120213,0.4798998119270053,201,163,2000,wild-type family at 50% identity,20260925,results/R5/local_context_20260923/20260923233257_e429ce7f31e4/lcgp_admission/local_context_measurement.json,6d18d2f40c99e6c969121d0806794c8dd4017af4ef3bc344093e7014b160447e,summaries.dialogpt-small/20260925.C_P_spearman
galactica-1.3b,increment_M_C_P_wall,-7.145458021430599e-05,-0.0006612139799625929,0.0004867176580247906,201,163,2000,wild-type family at 50% identity,20260923,results/R5/local_context_20260923/20260923233257_e429ce7f31e4/lcgp_admission/local_context_measurement.json,6d18d2f40c99e6c969121d0806794c8dd4017af4ef3bc344093e7014b160447e,summaries.galactica-1.3b/20260923.increment_M_C_P_wall
galactica-1.3b,increment_R_C_P_wall,0.004434003360037468,-0.0046661267855547,0.013516782847364102,201,163,2000,wild-type family at 50% identity,20260923,results/R5/local_context_20260923/20260923233257_e429ce7f31e4/lcgp_admission/local_context_measurement.json,6d18d2f40c99e6c969121d0806794c8dd4017af4ef3bc344093e7014b160447e,summaries.galactica-1.3b/20260923.increment_R_C_P_wall
galactica-1.3b,C_P_wall_spearman,0.47954850909466296,0.4497565649787081,0.5076970887484331,201,163,2000,wild-type family at 50% identity,20260923,results/R5/local_context_20260923/20260923233257_e429ce7f31e4/lcgp_admission/local_context_measurement.json,6d18d2f40c99e6c969121d0806794c8dd4017af4ef3bc344093e7014b160447e,summaries.galactica-1.3b/20260923.C_P_wall_spearman
galactica-1.3b,C_P_spearman,0.4465876059906235,0.41803174424855116,0.4732575598326267,201,163,2000,wild-type family at 50% identity,20260923,results/R5/local_context_20260923/20260923233257_e429ce7f31e4/lcgp_admission/local_context_measurement.json,6d18d2f40c99e6c969121d0806794c8dd4017af4ef3bc344093e7014b160447e,summaries.galactica-1.3b/20260923.C_P_spearman
galactica-1.3b,increment_M_C_P_wall,2.2541517150491372e-05,-0.0004833356724105626,0.0005056767356438393,201,163,2000,wild-type family at 50% identity,20260924,results/R5/local_context_20260923/20260923233257_e429ce7f31e4/lcgp_admission/local_context_measurement.json,6d18d2f40c99e6c969121d0806794c8dd4017af4ef3bc344093e7014b160447e,summaries.galactica-1.3b/20260924.increment_M_C_P_wall
galactica-1.3b,increment_R_C_P_wall,0.0013265203842709509,-0.00643732545443731,0.009254149837270098,201,163,2000,wild-type family at 50% identity,20260924,results/R5/local_context_20260923/20260923233257_e429ce7f31e4/lcgp_admission/local_context_measurement.json,6d18d2f40c99e6c969121d0806794c8dd4017af4ef3bc344093e7014b160447e,summaries.galactica-1.3b/20260924.increment_R_C_P_wall
galactica-1.3b,C_P_wall_spearman,0.47905916047942815,0.4494974452395906,0.5075871235938527,201,163,2000,wild-type family at 50% identity,20260924,results/R5/local_context_20260923/20260923233257_e429ce7f31e4/lcgp_admission/local_context_measurement.json,6d18d2f40c99e6c969121d0806794c8dd4017af4ef3bc344093e7014b160447e,summaries.galactica-1.3b/20260924.C_P_wall_spearman
galactica-1.3b,C_P_spearman,0.4458955452485646,0.4183243516229816,0.4722185494227307,201,163,2000,wild-type family at 50% identity,20260924,results/R5/local_context_20260923/20260923233257_e429ce7f31e4/lcgp_admission/local_context_measurement.json,6d18d2f40c99e6c969121d0806794c8dd4017af4ef3bc344093e7014b160447e,summaries.galactica-1.3b/20260924.C_P_spearman
galactica-1.3b,increment_M_C_P_wall,0.00046271995719760373,-3.1700362692135695e-05,0.0009359653655230998,201,163,2000,wild-type family at 50% identity,20260925,results/R5/local_context_20260923/20260923233257_e429ce7f31e4/lcgp_admission/local_context_measurement.json,6d18d2f40c99e6c969121d0806794c8dd4017af4ef3bc344093e7014b160447e,summaries.galactica-1.3b/20260925.increment_M_C_P_wall
galactica-1.3b,increment_R_C_P_wall,0.000772573057816075,-0.00795211091654895,0.009721222143906371,201,163,2000,wild-type family at 50% identity,20260925,results/R5/local_context_20260923/20260923233257_e429ce7f31e4/lcgp_admission/local_context_measurement.json,6d18d2f40c99e6c969121d0806794c8dd4017af4ef3bc344093e7014b160447e,summaries.galactica-1.3b/20260925.increment_R_C_P_wall
galactica-1.3b,C_P_wall_spearman,0.4828971724708546,0.4529562865997285,0.5117280346278283,201,163,2000,wild-type family at 50% identity,20260925,results/R5/local_context_20260923/20260923233257_e429ce7f31e4/lcgp_admission/local_context_measurement.json,6d18d2f40c99e6c969121d0806794c8dd4017af4ef3bc344093e7014b160447e,summaries.galactica-1.3b/20260925.C_P_wall_spearman
galactica-1.3b,C_P_spearman,0.4531628585686449,0.42463281550120213,0.4798998119270053,201,163,2000,wild-type family at 50% identity,20260925,results/R5/local_context_20260923/20260923233257_e429ce7f31e4/lcgp_admission/local_context_measurement.json,6d18d2f40c99e6c969121d0806794c8dd4017af4ef3bc344093e7014b160447e,summaries.galactica-1.3b/20260925.C_P_spearman
galactica-125m,increment_M_C_P_wall,-0.00018973764923896862,-0.0004162831965015623,5.659776546150827e-05,201,163,2000,wild-type family at 50% identity,20260923,results/R5/local_context_20260923/20260923233257_e429ce7f31e4/lcgp_admission/local_context_measurement.json,6d18d2f40c99e6c969121d0806794c8dd4017af4ef3bc344093e7014b160447e,summaries.galactica-125m/20260923.increment_M_C_P_wall
galactica-125m,increment_R_C_P_wall,-0.00031655279493109193,-0.009660668652078756,0.008932587039309142,201,163,2000,wild-type family at 50% identity,20260923,results/R5/local_context_20260923/20260923233257_e429ce7f31e4/lcgp_admission/local_context_measurement.json,6d18d2f40c99e6c969121d0806794c8dd4017af4ef3bc344093e7014b160447e,summaries.galactica-125m/20260923.increment_R_C_P_wall
galactica-125m,C_P_wall_spearman,0.47954850909466296,0.4497565649787081,0.5076970887484331,201,163,2000,wild-type family at 50% identity,20260923,results/R5/local_context_20260923/20260923233257_e429ce7f31e4/lcgp_admission/local_context_measurement.json,6d18d2f40c99e6c969121d0806794c8dd4017af4ef3bc344093e7014b160447e,summaries.galactica-125m/20260923.C_P_wall_spearman
galactica-125m,C_P_spearman,0.4465876059906235,0.41803174424855116,0.4732575598326267,201,163,2000,wild-type family at 50% identity,20260923,results/R5/local_context_20260923/20260923233257_e429ce7f31e4/lcgp_admission/local_context_measurement.json,6d18d2f40c99e6c969121d0806794c8dd4017af4ef3bc344093e7014b160447e,summaries.galactica-125m/20260923.C_P_spearman
galactica-125m,increment_M_C_P_wall,3.17716361382503e-05,-0.0002058315146669275,0.00027891089496984053,201,163,2000,wild-type family at 50% identity,20260924,results/R5/local_context_20260923/20260923233257_e429ce7f31e4/lcgp_admission/local_context_measurement.json,6d18d2f40c99e6c969121d0806794c8dd4017af4ef3bc344093e7014b160447e,summaries.galactica-125m/20260924.increment_M_C_P_wall
galactica-125m,increment_R_C_P_wall,-0.003924889629287707,-0.01210936774983448,0.0036272232922667067,201,163,2000,wild-type family at 50% identity,20260924,results/R5/local_context_20260923/20260923233257_e429ce7f31e4/lcgp_admission/local_context_measurement.json,6d18d2f40c99e6c969121d0806794c8dd4017af4ef3bc344093e7014b160447e,summaries.galactica-125m/20260924.increment_R_C_P_wall
galactica-125m,C_P_wall_spearman,0.47905916047942815,0.4494974452395906,0.5075871235938527,201,163,2000,wild-type family at 50% identity,20260924,results/R5/local_context_20260923/20260923233257_e429ce7f31e4/lcgp_admission/local_context_measurement.json,6d18d2f40c99e6c969121d0806794c8dd4017af4ef3bc344093e7014b160447e,summaries.galactica-125m/20260924.C_P_wall_spearman
galactica-125m,C_P_spearman,0.4458955452485646,0.4183243516229816,0.4722185494227307,201,163,2000,wild-type family at 50% identity,20260924,results/R5/local_context_20260923/20260923233257_e429ce7f31e4/lcgp_admission/local_context_measurement.json,6d18d2f40c99e6c969121d0806794c8dd4017af4ef3bc344093e7014b160447e,summaries.galactica-125m/20260924.C_P_spearman
galactica-125m,increment_M_C_P_wall,2.6346525792344872e-05,-0.00015045020402110684,0.00019565221598734947,201,163,2000,wild-type family at 50% identity,20260925,results/R5/local_context_20260923/20260923233257_e429ce7f31e4/lcgp_admission/local_context_measurement.json,6d18d2f40c99e6c969121d0806794c8dd4017af4ef3bc344093e7014b160447e,summaries.galactica-125m/20260925.increment_M_C_P_wall
galactica-125m,increment_R_C_P_wall,-0.0034651897963386027,-0.012732421574496977,0.005560726360653691,201,163,2000,wild-type family at 50% identity,20260925,results/R5/local_context_20260923/20260923233257_e429ce7f31e4/lcgp_admission/local_context_measurement.json,6d18d2f40c99e6c969121d0806794c8dd4017af4ef3bc344093e7014b160447e,summaries.galactica-125m/20260925.increment_R_C_P_wall
galactica-125m,C_P_wall_spearman,0.4828971724708546,0.4529562865997285,0.5117280346278283,201,163,2000,wild-type family at 50% identity,20260925,results/R5/local_context_20260923/20260923233257_e429ce7f31e4/lcgp_admission/local_context_measurement.json,6d18d2f40c99e6c969121d0806794c8dd4017af4ef3bc344093e7014b160447e,summaries.galactica-125m/20260925.C_P_wall_spearman
galactica-125m,C_P_spearman,0.4531628585686449,0.42463281550120213,0.4798998119270053,201,163,2000,wild-type family at 50% identity,20260925,results/R5/local_context_20260923/20260923233257_e429ce7f31e4/lcgp_admission/local_context_measurement.json,6d18d2f40c99e6c969121d0806794c8dd4017af4ef3bc344093e7014b160447e,summaries.galactica-125m/20260925.C_P_spearman
galactica-30b,increment_M_C_P_wall,0.0013392336770045807,-0.0003092301296012393,0.00306856454165471,201,163,2000,wild-type family at 50% identity,20260923,results/R5/local_context_20260923/20260923233257_e429ce7f31e4/lcgp_admission/local_context_measurement.json,6d18d2f40c99e6c969121d0806794c8dd4017af4ef3bc344093e7014b160447e,summaries.galactica-30b/20260923.increment_M_C_P_wall
galactica-30b,increment_R_C_P_wall,0.002399832897322012,-0.00885214975278767,0.012586743564792597,201,163,2000,wild-type family at 50% identity,20260923,results/R5/local_context_20260923/20260923233257_e429ce7f31e4/lcgp_admission/local_context_measurement.json,6d18d2f40c99e6c969121d0806794c8dd4017af4ef3bc344093e7014b160447e,summaries.galactica-30b/20260923.increment_R_C_P_wall
galactica-30b,C_P_wall_spearman,0.47954850909466296,0.4497565649787081,0.5076970887484331,201,163,2000,wild-type family at 50% identity,20260923,results/R5/local_context_20260923/20260923233257_e429ce7f31e4/lcgp_admission/local_context_measurement.json,6d18d2f40c99e6c969121d0806794c8dd4017af4ef3bc344093e7014b160447e,summaries.galactica-30b/20260923.C_P_wall_spearman
galactica-30b,C_P_spearman,0.4465876059906235,0.41803174424855116,0.4732575598326267,201,163,2000,wild-type family at 50% identity,20260923,results/R5/local_context_20260923/20260923233257_e429ce7f31e4/lcgp_admission/local_context_measurement.json,6d18d2f40c99e6c969121d0806794c8dd4017af4ef3bc344093e7014b160447e,summaries.galactica-30b/20260923.C_P_spearman
galactica-30b,increment_M_C_P_wall,0.0014294193994132227,-0.0001853108209514638,0.0030444730076158847,201,163,2000,wild-type family at 50% identity,20260924,results/R5/local_context_20260923/20260923233257_e429ce7f31e4/lcgp_admission/local_context_measurement.json,6d18d2f40c99e6c969121d0806794c8dd4017af4ef3bc344093e7014b160447e,summaries.galactica-30b/20260924.increment_M_C_P_wall
galactica-30b,increment_R_C_P_wall,-0.004000484522751036,-0.015641227727439144,0.006450625763495723,201,163,2000,wild-type family at 50% identity,20260924,results/R5/local_context_20260923/20260923233257_e429ce7f31e4/lcgp_admission/local_context_measurement.json,6d18d2f40c99e6c969121d0806794c8dd4017af4ef3bc344093e7014b160447e,summaries.galactica-30b/20260924.increment_R_C_P_wall
galactica-30b,C_P_wall_spearman,0.47905916047942815,0.4494974452395906,0.5075871235938527,201,163,2000,wild-type family at 50% identity,20260924,results/R5/local_context_20260923/20260923233257_e429ce7f31e4/lcgp_admission/local_context_measurement.json,6d18d2f40c99e6c969121d0806794c8dd4017af4ef3bc344093e7014b160447e,summaries.galactica-30b/20260924.C_P_wall_spearman
galactica-30b,C_P_spearman,0.4458955452485646,0.4183243516229816,0.4722185494227307,201,163,2000,wild-type family at 50% identity,20260924,results/R5/local_context_20260923/20260923233257_e429ce7f31e4/lcgp_admission/local_context_measurement.json,6d18d2f40c99e6c969121d0806794c8dd4017af4ef3bc344093e7014b160447e,summaries.galactica-30b/20260924.C_P_spearman
galactica-30b,increment_M_C_P_wall,0.001778657214966136,0.00024591566946958657,0.0033802711593844664,201,163,2000,wild-type family at 50% identity,20260925,results/R5/local_context_20260923/20260923233257_e429ce7f31e4/lcgp_admission/local_context_measurement.json,6d18d2f40c99e6c969121d0806794c8dd4017af4ef3bc344093e7014b160447e,summaries.galactica-30b/20260925.increment_M_C_P_wall
galactica-30b,increment_R_C_P_wall,-0.004241743537317666,-0.016353248587611252,0.006515627647030527,201,163,2000,wild-type family at 50% identity,20260925,results/R5/local_context_20260923/20260923233257_e429ce7f31e4/lcgp_admission/local_context_measurement.json,6d18d2f40c99e6c969121d0806794c8dd4017af4ef3bc344093e7014b160447e,summaries.galactica-30b/20260925.increment_R_C_P_wall
galactica-30b,C_P_wall_spearman,0.4828971724708546,0.4529562865997285,0.5117280346278283,201,163,2000,wild-type family at 50% identity,20260925,results/R5/local_context_20260923/20260923233257_e429ce7f31e4/lcgp_admission/local_context_measurement.json,6d18d2f40c99e6c969121d0806794c8dd4017af4ef3bc344093e7014b160447e,summaries.galactica-30b/20260925.C_P_wall_spearman
galactica-30b,C_P_spearman,0.4531628585686449,0.42463281550120213,0.4798998119270053,201,163,2000,wild-type family at 50% identity,20260925,results/R5/local_context_20260923/20260923233257_e429ce7f31e4/lcgp_admission/local_context_measurement.json,6d18d2f40c99e6c969121d0806794c8dd4017af4ef3bc344093e7014b160447e,summaries.galactica-30b/20260925.C_P_spearman
galactica-6.7b,increment_M_C_P_wall,0.00016895123649573042,-0.0008020383102896537,0.0010954739692852588,201,163,2000,wild-type family at 50% identity,20260923,results/R5/local_context_20260923/20260923233257_e429ce7f31e4/lcgp_admission/local_context_measurement.json,6d18d2f40c99e6c969121d0806794c8dd4017af4ef3bc344093e7014b160447e,summaries.galactica-6.7b/20260923.increment_M_C_P_wall
galactica-6.7b,increment_R_C_P_wall,0.002228628105762881,-0.006957691883624032,0.010775578103977581,201,163,2000,wild-type family at 50% identity,20260923,results/R5/local_context_20260923/20260923233257_e429ce7f31e4/lcgp_admission/local_context_measurement.json,6d18d2f40c99e6c969121d0806794c8dd4017af4ef3bc344093e7014b160447e,summaries.galactica-6.7b/20260923.increment_R_C_P_wall
galactica-6.7b,C_P_wall_spearman,0.47954850909466296,0.4497565649787081,0.5076970887484331,201,163,2000,wild-type family at 50% identity,20260923,results/R5/local_context_20260923/20260923233257_e429ce7f31e4/lcgp_admission/local_context_measurement.json,6d18d2f40c99e6c969121d0806794c8dd4017af4ef3bc344093e7014b160447e,summaries.galactica-6.7b/20260923.C_P_wall_spearman
galactica-6.7b,C_P_spearman,0.4465876059906235,0.41803174424855116,0.4732575598326267,201,163,2000,wild-type family at 50% identity,20260923,results/R5/local_context_20260923/20260923233257_e429ce7f31e4/lcgp_admission/local_context_measurement.json,6d18d2f40c99e6c969121d0806794c8dd4017af4ef3bc344093e7014b160447e,summaries.galactica-6.7b/20260923.C_P_spearman
galactica-6.7b,increment_M_C_P_wall,0.0006927044341029506,-0.00024990999898372954,0.0016341670743469689,201,163,2000,wild-type family at 50% identity,20260924,results/R5/local_context_20260923/20260923233257_e429ce7f31e4/lcgp_admission/local_context_measurement.json,6d18d2f40c99e6c969121d0806794c8dd4017af4ef3bc344093e7014b160447e,summaries.galactica-6.7b/20260924.increment_M_C_P_wall
galactica-6.7b,increment_R_C_P_wall,-0.001936821173970228,-0.010568107320435963,0.005980837547033088,201,163,2000,wild-type family at 50% identity,20260924,results/R5/local_context_20260923/20260923233257_e429ce7f31e4/lcgp_admission/local_context_measurement.json,6d18d2f40c99e6c969121d0806794c8dd4017af4ef3bc344093e7014b160447e,summaries.galactica-6.7b/20260924.increment_R_C_P_wall
galactica-6.7b,C_P_wall_spearman,0.47905916047942815,0.4494974452395906,0.5075871235938527,201,163,2000,wild-type family at 50% identity,20260924,results/R5/local_context_20260923/20260923233257_e429ce7f31e4/lcgp_admission/local_context_measurement.json,6d18d2f40c99e6c969121d0806794c8dd4017af4ef3bc344093e7014b160447e,summaries.galactica-6.7b/20260924.C_P_wall_spearman
galactica-6.7b,C_P_spearman,0.4458955452485646,0.4183243516229816,0.4722185494227307,201,163,2000,wild-type family at 50% identity,20260924,results/R5/local_context_20260923/20260923233257_e429ce7f31e4/lcgp_admission/local_context_measurement.json,6d18d2f40c99e6c969121d0806794c8dd4017af4ef3bc344093e7014b160447e,summaries.galactica-6.7b/20260924.C_P_spearman
galactica-6.7b,increment_M_C_P_wall,0.0005061760143439011,-0.00039412163902208095,0.0014210981801133838,201,163,2000,wild-type family at 50% identity,20260925,results/R5/local_context_20260923/20260923233257_e429ce7f31e4/lcgp_admission/local_context_measurement.json,6d18d2f40c99e6c969121d0806794c8dd4017af4ef3bc344093e7014b160447e,summaries.galactica-6.7b/20260925.increment_M_C_P_wall
galactica-6.7b,increment_R_C_P_wall,-0.0005798933957937234,-0.009543659337662495,0.008167050278770962,201,163,2000,wild-type family at 50% identity,20260925,results/R5/local_context_20260923/20260923233257_e429ce7f31e4/lcgp_admission/local_context_measurement.json,6d18d2f40c99e6c969121d0806794c8dd4017af4ef3bc344093e7014b160447e,summaries.galactica-6.7b/20260925.increment_R_C_P_wall
galactica-6.7b,C_P_wall_spearman,0.4828971724708546,0.4529562865997285,0.5117280346278283,201,163,2000,wild-type family at 50% identity,20260925,results/R5/local_context_20260923/20260923233257_e429ce7f31e4/lcgp_admission/local_context_measurement.json,6d18d2f40c99e6c969121d0806794c8dd4017af4ef3bc344093e7014b160447e,summaries.galactica-6.7b/20260925.C_P_wall_spearman
galactica-6.7b,C_P_spearman,0.4531628585686449,0.42463281550120213,0.4798998119270053,201,163,2000,wild-type family at 50% identity,20260925,results/R5/local_context_20260923/20260923233257_e429ce7f31e4/lcgp_admission/local_context_measurement.json,6d18d2f40c99e6c969121d0806794c8dd4017af4ef3bc344093e7014b160447e,summaries.galactica-6.7b/20260925.C_P_spearman
gpt2-large,increment_M_C_P_wall,0.0002912050132386057,-0.00017202963711565242,0.0007928300403059773,201,163,2000,wild-type family at 50% identity,20260923,results/R5/local_context_20260923/20260923233257_e429ce7f31e4/lcgp_admission/local_context_measurement.json,6d18d2f40c99e6c969121d0806794c8dd4017af4ef3bc344093e7014b160447e,summaries.gpt2-large/20260923.increment_M_C_P_wall
gpt2-large,increment_R_C_P_wall,-0.01619342851175602,-0.027677109627221964,-0.007079707882138504,201,163,2000,wild-type family at 50% identity,20260923,results/R5/local_context_20260923/20260923233257_e429ce7f31e4/lcgp_admission/local_context_measurement.json,6d18d2f40c99e6c969121d0806794c8dd4017af4ef3bc344093e7014b160447e,summaries.gpt2-large/20260923.increment_R_C_P_wall
gpt2-large,C_P_wall_spearman,0.47954850909466296,0.4497565649787081,0.5076970887484331,201,163,2000,wild-type family at 50% identity,20260923,results/R5/local_context_20260923/20260923233257_e429ce7f31e4/lcgp_admission/local_context_measurement.json,6d18d2f40c99e6c969121d0806794c8dd4017af4ef3bc344093e7014b160447e,summaries.gpt2-large/20260923.C_P_wall_spearman
gpt2-large,C_P_spearman,0.4465876059906235,0.41803174424855116,0.4732575598326267,201,163,2000,wild-type family at 50% identity,20260923,results/R5/local_context_20260923/20260923233257_e429ce7f31e4/lcgp_admission/local_context_measurement.json,6d18d2f40c99e6c969121d0806794c8dd4017af4ef3bc344093e7014b160447e,summaries.gpt2-large/20260923.C_P_spearman
gpt2-large,increment_M_C_P_wall,-0.00010247030171213263,-0.0005921642598929445,0.00038366508329440793,201,163,2000,wild-type family at 50% identity,20260924,results/R5/local_context_20260923/20260923233257_e429ce7f31e4/lcgp_admission/local_context_measurement.json,6d18d2f40c99e6c969121d0806794c8dd4017af4ef3bc344093e7014b160447e,summaries.gpt2-large/20260924.increment_M_C_P_wall
gpt2-large,increment_R_C_P_wall,-0.02064298957682453,-0.031428296935032164,-0.011543542340512691,201,163,2000,wild-type family at 50% identity,20260924,results/R5/local_context_20260923/20260923233257_e429ce7f31e4/lcgp_admission/local_context_measurement.json,6d18d2f40c99e6c969121d0806794c8dd4017af4ef3bc344093e7014b160447e,summaries.gpt2-large/20260924.increment_R_C_P_wall
gpt2-large,C_P_wall_spearman,0.47905916047942815,0.4494974452395906,0.5075871235938527,201,163,2000,wild-type family at 50% identity,20260924,results/R5/local_context_20260923/20260923233257_e429ce7f31e4/lcgp_admission/local_context_measurement.json,6d18d2f40c99e6c969121d0806794c8dd4017af4ef3bc344093e7014b160447e,summaries.gpt2-large/20260924.C_P_wall_spearman
gpt2-large,C_P_spearman,0.4458955452485646,0.4183243516229816,0.4722185494227307,201,163,2000,wild-type family at 50% identity,20260924,results/R5/local_context_20260923/20260923233257_e429ce7f31e4/lcgp_admission/local_context_measurement.json,6d18d2f40c99e6c969121d0806794c8dd4017af4ef3bc344093e7014b160447e,summaries.gpt2-large/20260924.C_P_spearman
gpt2-large,increment_M_C_P_wall,-9.952552372069784e-05,-0.0005714689450928017,0.00040458850306722345,201,163,2000,wild-type family at 50% identity,20260925,results/R5/local_context_20260923/20260923233257_e429ce7f31e4/lcgp_admission/local_context_measurement.json,6d18d2f40c99e6c969121d0806794c8dd4017af4ef3bc344093e7014b160447e,summaries.gpt2-large/20260925.increment_M_C_P_wall
gpt2-large,increment_R_C_P_wall,-0.01707851952373677,-0.02626352633996184,-0.008997878474367544,201,163,2000,wild-type family at 50% identity,20260925,results/R5/local_context_20260923/20260923233257_e429ce7f31e4/lcgp_admission/local_context_measurement.json,6d18d2f40c99e6c969121d0806794c8dd4017af4ef3bc344093e7014b160447e,summaries.gpt2-large/20260925.increment_R_C_P_wall
gpt2-large,C_P_wall_spearman,0.4828971724708546,0.4529562865997285,0.5117280346278283,201,163,2000,wild-type family at 50% identity,20260925,results/R5/local_context_20260923/20260923233257_e429ce7f31e4/lcgp_admission/local_context_measurement.json,6d18d2f40c99e6c969121d0806794c8dd4017af4ef3bc344093e7014b160447e,summaries.gpt2-large/20260925.C_P_wall_spearman
gpt2-large,C_P_spearman,0.4531628585686449,0.42463281550120213,0.4798998119270053,201,163,2000,wild-type family at 50% identity,20260925,results/R5/local_context_20260923/20260923233257_e429ce7f31e4/lcgp_admission/local_context_measurement.json,6d18d2f40c99e6c969121d0806794c8dd4017af4ef3bc344093e7014b160447e,summaries.gpt2-large/20260925.C_P_spearman
gpt2-medium,increment_M_C_P_wall,4.687590393442041e-05,-0.0003086422092107511,0.00038963475991863196,201,163,2000,wild-type family at 50% identity,20260923,results/R5/local_context_20260923/20260923233257_e429ce7f31e4/lcgp_admission/local_context_measurement.json,6d18d2f40c99e6c969121d0806794c8dd4017af4ef3bc344093e7014b160447e,summaries.gpt2-medium/20260923.increment_M_C_P_wall
gpt2-medium,increment_R_C_P_wall,-0.011336741025512612,-0.01974052184451602,-0.004100853902102482,201,163,2000,wild-type family at 50% identity,20260923,results/R5/local_context_20260923/20260923233257_e429ce7f31e4/lcgp_admission/local_context_measurement.json,6d18d2f40c99e6c969121d0806794c8dd4017af4ef3bc344093e7014b160447e,summaries.gpt2-medium/20260923.increment_R_C_P_wall
gpt2-medium,C_P_wall_spearman,0.47954850909466296,0.4497565649787081,0.5076970887484331,201,163,2000,wild-type family at 50% identity,20260923,results/R5/local_context_20260923/20260923233257_e429ce7f31e4/lcgp_admission/local_context_measurement.json,6d18d2f40c99e6c969121d0806794c8dd4017af4ef3bc344093e7014b160447e,summaries.gpt2-medium/20260923.C_P_wall_spearman
gpt2-medium,C_P_spearman,0.4465876059906235,0.41803174424855116,0.4732575598326267,201,163,2000,wild-type family at 50% identity,20260923,results/R5/local_context_20260923/20260923233257_e429ce7f31e4/lcgp_admission/local_context_measurement.json,6d18d2f40c99e6c969121d0806794c8dd4017af4ef3bc344093e7014b160447e,summaries.gpt2-medium/20260923.C_P_spearman
gpt2-medium,increment_M_C_P_wall,2.564856585216491e-05,-0.0002810643314388026,0.000321278817121486,201,163,2000,wild-type family at 50% identity,20260924,results/R5/local_context_20260923/20260923233257_e429ce7f31e4/lcgp_admission/local_context_measurement.json,6d18d2f40c99e6c969121d0806794c8dd4017af4ef3bc344093e7014b160447e,summaries.gpt2-medium/20260924.increment_M_C_P_wall
gpt2-medium,increment_R_C_P_wall,-0.010125644306976806,-0.01681669464737647,-0.004058835875254748,201,163,2000,wild-type family at 50% identity,20260924,results/R5/local_context_20260923/20260923233257_e429ce7f31e4/lcgp_admission/local_context_measurement.json,6d18d2f40c99e6c969121d0806794c8dd4017af4ef3bc344093e7014b160447e,summaries.gpt2-medium/20260924.increment_R_C_P_wall
gpt2-medium,C_P_wall_spearman,0.47905916047942815,0.4494974452395906,0.5075871235938527,201,163,2000,wild-type family at 50% identity,20260924,results/R5/local_context_20260923/20260923233257_e429ce7f31e4/lcgp_admission/local_context_measurement.json,6d18d2f40c99e6c969121d0806794c8dd4017af4ef3bc344093e7014b160447e,summaries.gpt2-medium/20260924.C_P_wall_spearman
gpt2-medium,C_P_spearman,0.4458955452485646,0.4183243516229816,0.4722185494227307,201,163,2000,wild-type family at 50% identity,20260924,results/R5/local_context_20260923/20260923233257_e429ce7f31e4/lcgp_admission/local_context_measurement.json,6d18d2f40c99e6c969121d0806794c8dd4017af4ef3bc344093e7014b160447e,summaries.gpt2-medium/20260924.C_P_spearman
gpt2-medium,increment_M_C_P_wall,4.859571806463901e-05,-0.00029141152275270814,0.00037975340204923427,201,163,2000,wild-type family at 50% identity,20260925,results/R5/local_context_20260923/20260923233257_e429ce7f31e4/lcgp_admission/local_context_measurement.json,6d18d2f40c99e6c969121d0806794c8dd4017af4ef3bc344093e7014b160447e,summaries.gpt2-medium/20260925.increment_M_C_P_wall
gpt2-medium,increment_R_C_P_wall,-0.015014170714977513,-0.022823233930121225,-0.007843971101868333,201,163,2000,wild-type family at 50% identity,20260925,results/R5/local_context_20260923/20260923233257_e429ce7f31e4/lcgp_admission/local_context_measurement.json,6d18d2f40c99e6c969121d0806794c8dd4017af4ef3bc344093e7014b160447e,summaries.gpt2-medium/20260925.increment_R_C_P_wall
gpt2-medium,C_P_wall_spearman,0.4828971724708546,0.4529562865997285,0.5117280346278283,201,163,2000,wild-type family at 50% identity,20260925,results/R5/local_context_20260923/20260923233257_e429ce7f31e4/lcgp_admission/local_context_measurement.json,6d18d2f40c99e6c969121d0806794c8dd4017af4ef3bc344093e7014b160447e,summaries.gpt2-medium/20260925.C_P_wall_spearman
gpt2-medium,C_P_spearman,0.4531628585686449,0.42463281550120213,0.4798998119270053,201,163,2000,wild-type family at 50% identity,20260925,results/R5/local_context_20260923/20260923233257_e429ce7f31e4/lcgp_admission/local_context_measurement.json,6d18d2f40c99e6c969121d0806794c8dd4017af4ef3bc344093e7014b160447e,summaries.gpt2-medium/20260925.C_P_spearman
gpt2-xl,increment_M_C_P_wall,0.00012345837854629135,-0.00022529568755825494,0.00047413311727662494,201,163,2000,wild-type family at 50% identity,20260923,results/R5/local_context_20260923/20260923233257_e429ce7f31e4/lcgp_admission/local_context_measurement.json,6d18d2f40c99e6c969121d0806794c8dd4017af4ef3bc344093e7014b160447e,summaries.gpt2-xl/20260923.increment_M_C_P_wall
gpt2-xl,increment_R_C_P_wall,-0.00955014863579984,-0.016916313035438058,-0.002589841398712273,201,163,2000,wild-type family at 50% identity,20260923,results/R5/local_context_20260923/20260923233257_e429ce7f31e4/lcgp_admission/local_context_measurement.json,6d18d2f40c99e6c969121d0806794c8dd4017af4ef3bc344093e7014b160447e,summaries.gpt2-xl/20260923.increment_R_C_P_wall
gpt2-xl,C_P_wall_spearman,0.47954850909466296,0.4497565649787081,0.5076970887484331,201,163,2000,wild-type family at 50% identity,20260923,results/R5/local_context_20260923/20260923233257_e429ce7f31e4/lcgp_admission/local_context_measurement.json,6d18d2f40c99e6c969121d0806794c8dd4017af4ef3bc344093e7014b160447e,summaries.gpt2-xl/20260923.C_P_wall_spearman
gpt2-xl,C_P_spearman,0.4465876059906235,0.41803174424855116,0.4732575598326267,201,163,2000,wild-type family at 50% identity,20260923,results/R5/local_context_20260923/20260923233257_e429ce7f31e4/lcgp_admission/local_context_measurement.json,6d18d2f40c99e6c969121d0806794c8dd4017af4ef3bc344093e7014b160447e,summaries.gpt2-xl/20260923.C_P_spearman
gpt2-xl,increment_M_C_P_wall,-0.00010665874019228695,-0.0005820032759435478,0.00037537596289326507,201,163,2000,wild-type family at 50% identity,20260924,results/R5/local_context_20260923/20260923233257_e429ce7f31e4/lcgp_admission/local_context_measurement.json,6d18d2f40c99e6c969121d0806794c8dd4017af4ef3bc344093e7014b160447e,summaries.gpt2-xl/20260924.increment_M_C_P_wall
gpt2-xl,increment_R_C_P_wall,-0.014100028516572513,-0.0205745005871525,-0.008051975122897619,201,163,2000,wild-type family at 50% identity,20260924,results/R5/local_context_20260923/20260923233257_e429ce7f31e4/lcgp_admission/local_context_measurement.json,6d18d2f40c99e6c969121d0806794c8dd4017af4ef3bc344093e7014b160447e,summaries.gpt2-xl/20260924.increment_R_C_P_wall
gpt2-xl,C_P_wall_spearman,0.47905916047942815,0.4494974452395906,0.5075871235938527,201,163,2000,wild-type family at 50% identity,20260924,results/R5/local_context_20260923/20260923233257_e429ce7f31e4/lcgp_admission/local_context_measurement.json,6d18d2f40c99e6c969121d0806794c8dd4017af4ef3bc344093e7014b160447e,summaries.gpt2-xl/20260924.C_P_wall_spearman
gpt2-xl,C_P_spearman,0.4458955452485646,0.4183243516229816,0.4722185494227307,201,163,2000,wild-type family at 50% identity,20260924,results/R5/local_context_20260923/20260923233257_e429ce7f31e4/lcgp_admission/local_context_measurement.json,6d18d2f40c99e6c969121d0806794c8dd4017af4ef3bc344093e7014b160447e,summaries.gpt2-xl/20260924.C_P_spearman
gpt2-xl,increment_M_C_P_wall,0.00026953865318378125,-0.000196240023674444,0.0007560445356247125,201,163,2000,wild-type family at 50% identity,20260925,results/R5/local_context_20260923/20260923233257_e429ce7f31e4/lcgp_admission/local_context_measurement.json,6d18d2f40c99e6c969121d0806794c8dd4017af4ef3bc344093e7014b160447e,summaries.gpt2-xl/20260925.increment_M_C_P_wall
gpt2-xl,increment_R_C_P_wall,-0.014462097267601972,-0.021683331789253392,-0.008072278072854901,201,163,2000,wild-type family at 50% identity,20260925,results/R5/local_context_20260923/20260923233257_e429ce7f31e4/lcgp_admission/local_context_measurement.json,6d18d2f40c99e6c969121d0806794c8dd4017af4ef3bc344093e7014b160447e,summaries.gpt2-xl/20260925.increment_R_C_P_wall
gpt2-xl,C_P_wall_spearman,0.4828971724708546,0.4529562865997285,0.5117280346278283,201,163,2000,wild-type family at 50% identity,20260925,results/R5/local_context_20260923/20260923233257_e429ce7f31e4/lcgp_admission/local_context_measurement.json,6d18d2f40c99e6c969121d0806794c8dd4017af4ef3bc344093e7014b160447e,summaries.gpt2-xl/20260925.C_P_wall_spearman
gpt2-xl,C_P_spearman,0.4531628585686449,0.42463281550120213,0.4798998119270053,201,163,2000,wild-type family at 50% identity,20260925,results/R5/local_context_20260923/20260923233257_e429ce7f31e4/lcgp_admission/local_context_measurement.json,6d18d2f40c99e6c969121d0806794c8dd4017af4ef3bc344093e7014b160447e,summaries.gpt2-xl/20260925.C_P_spearman
gpt2,increment_M_C_P_wall,0.0002249830684883749,-7.134027274616858e-05,0.00051954081924059,201,163,2000,wild-type family at 50% identity,20260923,results/R5/local_context_20260923/20260923233257_e429ce7f31e4/lcgp_admission/local_context_measurement.json,6d18d2f40c99e6c969121d0806794c8dd4017af4ef3bc344093e7014b160447e,summaries.gpt2/20260923.increment_M_C_P_wall
gpt2,increment_R_C_P_wall,-0.012623141247296792,-0.021904994945950655,-0.004892741076940908,201,163,2000,wild-type family at 50% identity,20260923,results/R5/local_context_20260923/20260923233257_e429ce7f31e4/lcgp_admission/local_context_measurement.json,6d18d2f40c99e6c969121d0806794c8dd4017af4ef3bc344093e7014b160447e,summaries.gpt2/20260923.increment_R_C_P_wall
gpt2,C_P_wall_spearman,0.47954850909466296,0.4497565649787081,0.5076970887484331,201,163,2000,wild-type family at 50% identity,20260923,results/R5/local_context_20260923/20260923233257_e429ce7f31e4/lcgp_admission/local_context_measurement.json,6d18d2f40c99e6c969121d0806794c8dd4017af4ef3bc344093e7014b160447e,summaries.gpt2/20260923.C_P_wall_spearman
gpt2,C_P_spearman,0.4465876059906235,0.41803174424855116,0.4732575598326267,201,163,2000,wild-type family at 50% identity,20260923,results/R5/local_context_20260923/20260923233257_e429ce7f31e4/lcgp_admission/local_context_measurement.json,6d18d2f40c99e6c969121d0806794c8dd4017af4ef3bc344093e7014b160447e,summaries.gpt2/20260923.C_P_spearman
gpt2,increment_M_C_P_wall,2.320136952751413e-05,-0.00025090656956122236,0.0003097665704858335,201,163,2000,wild-type family at 50% identity,20260924,results/R5/local_context_20260923/20260923233257_e429ce7f31e4/lcgp_admission/local_context_measurement.json,6d18d2f40c99e6c969121d0806794c8dd4017af4ef3bc344093e7014b160447e,summaries.gpt2/20260924.increment_M_C_P_wall
gpt2,increment_R_C_P_wall,-0.0144448761917989,-0.02310459147356355,-0.007227651690548174,201,163,2000,wild-type family at 50% identity,20260924,results/R5/local_context_20260923/20260923233257_e429ce7f31e4/lcgp_admission/local_context_measurement.json,6d18d2f40c99e6c969121d0806794c8dd4017af4ef3bc344093e7014b160447e,summaries.gpt2/20260924.increment_R_C_P_wall
gpt2,C_P_wall_spearman,0.47905916047942815,0.4494974452395906,0.5075871235938527,201,163,2000,wild-type family at 50% identity,20260924,results/R5/local_context_20260923/20260923233257_e429ce7f31e4/lcgp_admission/local_context_measurement.json,6d18d2f40c99e6c969121d0806794c8dd4017af4ef3bc344093e7014b160447e,summaries.gpt2/20260924.C_P_wall_spearman
gpt2,C_P_spearman,0.4458955452485646,0.4183243516229816,0.4722185494227307,201,163,2000,wild-type family at 50% identity,20260924,results/R5/local_context_20260923/20260923233257_e429ce7f31e4/lcgp_admission/local_context_measurement.json,6d18d2f40c99e6c969121d0806794c8dd4017af4ef3bc344093e7014b160447e,summaries.gpt2/20260924.C_P_spearman
gpt2,increment_M_C_P_wall,-2.5631356805196865e-05,-0.0002894799065527122,0.00024575350988258616,201,163,2000,wild-type family at 50% identity,20260925,results/R5/local_context_20260923/20260923233257_e429ce7f31e4/lcgp_admission/local_context_measurement.json,6d18d2f40c99e6c969121d0806794c8dd4017af4ef3bc344093e7014b160447e,summaries.gpt2/20260925.increment_M_C_P_wall
gpt2,increment_R_C_P_wall,-0.013993837375969645,-0.023037924883807518,-0.006457598088936181,201,163,2000,wild-type family at 50% identity,20260925,results/R5/local_context_20260923/20260923233257_e429ce7f31e4/lcgp_admission/local_context_measurement.json,6d18d2f40c99e6c969121d0806794c8dd4017af4ef3bc344093e7014b160447e,summaries.gpt2/20260925.increment_R_C_P_wall
gpt2,C_P_wall_spearman,0.4828971724708546,0.4529562865997285,0.5117280346278283,201,163,2000,wild-type family at 50% identity,20260925,results/R5/local_context_20260923/20260923233257_e429ce7f31e4/lcgp_admission/local_context_measurement.json,6d18d2f40c99e6c969121d0806794c8dd4017af4ef3bc344093e7014b160447e,summaries.gpt2/20260925.C_P_wall_spearman
gpt2,C_P_spearman,0.4531628585686449,0.42463281550120213,0.4798998119270053,201,163,2000,wild-type family at 50% identity,20260925,results/R5/local_context_20260923/20260923233257_e429ce7f31e4/lcgp_admission/local_context_measurement.json,6d18d2f40c99e6c969121d0806794c8dd4017af4ef3bc344093e7014b160447e,summaries.gpt2/20260925.C_P_spearman
instructprotein,increment_M_C_P_wall,0.008053999900064451,0.0040050782141709835,0.011823703768330768,201,163,2000,wild-type family at 50% identity,20260923,results/R5/local_context_20260923/20260923233257_e429ce7f31e4/lcgp_admission/local_context_measurement.json,6d18d2f40c99e6c969121d0806794c8dd4017af4ef3bc344093e7014b160447e,summaries.instructprotein/20260923.increment_M_C_P_wall
instructprotein,increment_R_C_P_wall,-0.0010979544796153064,-0.011187117180605595,0.008052872432920037,201,163,2000,wild-type family at 50% identity,20260923,results/R5/local_context_20260923/20260923233257_e429ce7f31e4/lcgp_admission/local_context_measurement.json,6d18d2f40c99e6c969121d0806794c8dd4017af4ef3bc344093e7014b160447e,summaries.instructprotein/20260923.increment_R_C_P_wall
instructprotein,C_P_wall_spearman,0.47954850909466296,0.4497565649787081,0.5076970887484331,201,163,2000,wild-type family at 50% identity,20260923,results/R5/local_context_20260923/20260923233257_e429ce7f31e4/lcgp_admission/local_context_measurement.json,6d18d2f40c99e6c969121d0806794c8dd4017af4ef3bc344093e7014b160447e,summaries.instructprotein/20260923.C_P_wall_spearman
instructprotein,C_P_spearman,0.4465876059906235,0.41803174424855116,0.4732575598326267,201,163,2000,wild-type family at 50% identity,20260923,results/R5/local_context_20260923/20260923233257_e429ce7f31e4/lcgp_admission/local_context_measurement.json,6d18d2f40c99e6c969121d0806794c8dd4017af4ef3bc344093e7014b160447e,summaries.instructprotein/20260923.C_P_spearman
instructprotein,increment_M_C_P_wall,0.009188444073772862,0.005089748509868069,0.013116062600518837,201,163,2000,wild-type family at 50% identity,20260924,results/R5/local_context_20260923/20260923233257_e429ce7f31e4/lcgp_admission/local_context_measurement.json,6d18d2f40c99e6c969121d0806794c8dd4017af4ef3bc344093e7014b160447e,summaries.instructprotein/20260924.increment_M_C_P_wall
instructprotein,increment_R_C_P_wall,-0.003941402291764604,-0.0132230114916156,0.0046432353683967505,201,163,2000,wild-type family at 50% identity,20260924,results/R5/local_context_20260923/20260923233257_e429ce7f31e4/lcgp_admission/local_context_measurement.json,6d18d2f40c99e6c969121d0806794c8dd4017af4ef3bc344093e7014b160447e,summaries.instructprotein/20260924.increment_R_C_P_wall
instructprotein,C_P_wall_spearman,0.47905916047942815,0.4494974452395906,0.5075871235938527,201,163,2000,wild-type family at 50% identity,20260924,results/R5/local_context_20260923/20260923233257_e429ce7f31e4/lcgp_admission/local_context_measurement.json,6d18d2f40c99e6c969121d0806794c8dd4017af4ef3bc344093e7014b160447e,summaries.instructprotein/20260924.C_P_wall_spearman
instructprotein,C_P_spearman,0.4458955452485646,0.4183243516229816,0.4722185494227307,201,163,2000,wild-type family at 50% identity,20260924,results/R5/local_context_20260923/20260923233257_e429ce7f31e4/lcgp_admission/local_context_measurement.json,6d18d2f40c99e6c969121d0806794c8dd4017af4ef3bc344093e7014b160447e,summaries.instructprotein/20260924.C_P_spearman
instructprotein,increment_M_C_P_wall,0.00850497010302874,0.004670677551279835,0.01221644471181431,201,163,2000,wild-type family at 50% identity,20260925,results/R5/local_context_20260923/20260923233257_e429ce7f31e4/lcgp_admission/local_context_measurement.json,6d18d2f40c99e6c969121d0806794c8dd4017af4ef3bc344093e7014b160447e,summaries.instructprotein/20260925.increment_M_C_P_wall
instructprotein,increment_R_C_P_wall,-0.0034920467292504508,-0.014497640002172872,0.006922450386596215,201,163,2000,wild-type family at 50% identity,20260925,results/R5/local_context_20260923/20260923233257_e429ce7f31e4/lcgp_admission/local_context_measurement.json,6d18d2f40c99e6c969121d0806794c8dd4017af4ef3bc344093e7014b160447e,summaries.instructprotein/20260925.increment_R_C_P_wall
instructprotein,C_P_wall_spearman,0.4828971724708546,0.4529562865997285,0.5117280346278283,201,163,2000,wild-type family at 50% identity,20260925,results/R5/local_context_20260923/20260923233257_e429ce7f31e4/lcgp_admission/local_context_measurement.json,6d18d2f40c99e6c969121d0806794c8dd4017af4ef3bc344093e7014b160447e,summaries.instructprotein/20260925.C_P_wall_spearman
instructprotein,C_P_spearman,0.4531628585686449,0.42463281550120213,0.4798998119270053,201,163,2000,wild-type family at 50% identity,20260925,results/R5/local_context_20260923/20260923233257_e429ce7f31e4/lcgp_admission/local_context_measurement.json,6d18d2f40c99e6c969121d0806794c8dd4017af4ef3bc344093e7014b160447e,summaries.instructprotein/20260925.C_P_spearman
llama-2-7b,increment_M_C_P_wall,-4.5683188555919586e-05,-0.00038526783149724325,0.00031703533466946783,201,163,2000,wild-type family at 50% identity,20260923,results/R5/local_context_20260923/20260923233257_e429ce7f31e4/lcgp_admission/local_context_measurement.json,6d18d2f40c99e6c969121d0806794c8dd4017af4ef3bc344093e7014b160447e,summaries.llama-2-7b/20260923.increment_M_C_P_wall
llama-2-7b,increment_R_C_P_wall,-0.007031066710789022,-0.014461142390754335,-0.0006060846916122307,201,163,2000,wild-type family at 50% identity,20260923,results/R5/local_context_20260923/20260923233257_e429ce7f31e4/lcgp_admission/local_context_measurement.json,6d18d2f40c99e6c969121d0806794c8dd4017af4ef3bc344093e7014b160447e,summaries.llama-2-7b/20260923.increment_R_C_P_wall
llama-2-7b,C_P_wall_spearman,0.47954850909466296,0.4497565649787081,0.5076970887484331,201,163,2000,wild-type family at 50% identity,20260923,results/R5/local_context_20260923/20260923233257_e429ce7f31e4/lcgp_admission/local_context_measurement.json,6d18d2f40c99e6c969121d0806794c8dd4017af4ef3bc344093e7014b160447e,summaries.llama-2-7b/20260923.C_P_wall_spearman
llama-2-7b,C_P_spearman,0.4465876059906235,0.41803174424855116,0.4732575598326267,201,163,2000,wild-type family at 50% identity,20260923,results/R5/local_context_20260923/20260923233257_e429ce7f31e4/lcgp_admission/local_context_measurement.json,6d18d2f40c99e6c969121d0806794c8dd4017af4ef3bc344093e7014b160447e,summaries.llama-2-7b/20260923.C_P_spearman
llama-2-7b,increment_M_C_P_wall,-3.9768858580353734e-05,-0.00041904627946433,0.0003392867679943877,201,163,2000,wild-type family at 50% identity,20260924,results/R5/local_context_20260923/20260923233257_e429ce7f31e4/lcgp_admission/local_context_measurement.json,6d18d2f40c99e6c969121d0806794c8dd4017af4ef3bc344093e7014b160447e,summaries.llama-2-7b/20260924.increment_M_C_P_wall
llama-2-7b,increment_R_C_P_wall,-0.00583044531838107,-0.01295450232163023,0.0002767210375232732,201,163,2000,wild-type family at 50% identity,20260924,results/R5/local_context_20260923/20260923233257_e429ce7f31e4/lcgp_admission/local_context_measurement.json,6d18d2f40c99e6c969121d0806794c8dd4017af4ef3bc344093e7014b160447e,summaries.llama-2-7b/20260924.increment_R_C_P_wall
llama-2-7b,C_P_wall_spearman,0.47905916047942815,0.4494974452395906,0.5075871235938527,201,163,2000,wild-type family at 50% identity,20260924,results/R5/local_context_20260923/20260923233257_e429ce7f31e4/lcgp_admission/local_context_measurement.json,6d18d2f40c99e6c969121d0806794c8dd4017af4ef3bc344093e7014b160447e,summaries.llama-2-7b/20260924.C_P_wall_spearman
llama-2-7b,C_P_spearman,0.4458955452485646,0.4183243516229816,0.4722185494227307,201,163,2000,wild-type family at 50% identity,20260924,results/R5/local_context_20260923/20260923233257_e429ce7f31e4/lcgp_admission/local_context_measurement.json,6d18d2f40c99e6c969121d0806794c8dd4017af4ef3bc344093e7014b160447e,summaries.llama-2-7b/20260924.C_P_spearman
llama-2-7b,increment_M_C_P_wall,-0.00015807027952435764,-0.00048064432177542837,0.00015754537859573772,201,163,2000,wild-type family at 50% identity,20260925,results/R5/local_context_20260923/20260923233257_e429ce7f31e4/lcgp_admission/local_context_measurement.json,6d18d2f40c99e6c969121d0806794c8dd4017af4ef3bc344093e7014b160447e,summaries.llama-2-7b/20260925.increment_M_C_P_wall
llama-2-7b,increment_R_C_P_wall,-0.009583154904110042,-0.0175103055878615,-0.0030515122649877125,201,163,2000,wild-type family at 50% identity,20260925,results/R5/local_context_20260923/20260923233257_e429ce7f31e4/lcgp_admission/local_context_measurement.json,6d18d2f40c99e6c969121d0806794c8dd4017af4ef3bc344093e7014b160447e,summaries.llama-2-7b/20260925.increment_R_C_P_wall
llama-2-7b,C_P_wall_spearman,0.4828971724708546,0.4529562865997285,0.5117280346278283,201,163,2000,wild-type family at 50% identity,20260925,results/R5/local_context_20260923/20260923233257_e429ce7f31e4/lcgp_admission/local_context_measurement.json,6d18d2f40c99e6c969121d0806794c8dd4017af4ef3bc344093e7014b160447e,summaries.llama-2-7b/20260925.C_P_wall_spearman
llama-2-7b,C_P_spearman,0.4531628585686449,0.42463281550120213,0.4798998119270053,201,163,2000,wild-type family at 50% identity,20260925,results/R5/local_context_20260923/20260923233257_e429ce7f31e4/lcgp_admission/local_context_measurement.json,6d18d2f40c99e6c969121d0806794c8dd4017af4ef3bc344093e7014b160447e,summaries.llama-2-7b/20260925.C_P_spearman
llama-3.2-3b,increment_M_C_P_wall,-9.204106706427583e-05,-0.0003434300131328405,0.0001531276135940105,201,163,2000,wild-type family at 50% identity,20260923,results/R5/local_context_20260923/20260923233257_e429ce7f31e4/lcgp_admission/local_context_measurement.json,6d18d2f40c99e6c969121d0806794c8dd4017af4ef3bc344093e7014b160447e,summaries.llama-3.2-3b/20260923.increment_M_C_P_wall
llama-3.2-3b,increment_R_C_P_wall,-0.0071437182788175275,-0.015718939434625358,0.00031327400588404276,201,163,2000,wild-type family at 50% identity,20260923,results/R5/local_context_20260923/20260923233257_e429ce7f31e4/lcgp_admission/local_context_measurement.json,6d18d2f40c99e6c969121d0806794c8dd4017af4ef3bc344093e7014b160447e,summaries.llama-3.2-3b/20260923.increment_R_C_P_wall
llama-3.2-3b,C_P_wall_spearman,0.47954850909466296,0.4497565649787081,0.5076970887484331,201,163,2000,wild-type family at 50% identity,20260923,results/R5/local_context_20260923/20260923233257_e429ce7f31e4/lcgp_admission/local_context_measurement.json,6d18d2f40c99e6c969121d0806794c8dd4017af4ef3bc344093e7014b160447e,summaries.llama-3.2-3b/20260923.C_P_wall_spearman
llama-3.2-3b,C_P_spearman,0.4465876059906235,0.41803174424855116,0.4732575598326267,201,163,2000,wild-type family at 50% identity,20260923,results/R5/local_context_20260923/20260923233257_e429ce7f31e4/lcgp_admission/local_context_measurement.json,6d18d2f40c99e6c969121d0806794c8dd4017af4ef3bc344093e7014b160447e,summaries.llama-3.2-3b/20260923.C_P_spearman
llama-3.2-3b,increment_M_C_P_wall,-4.8942058853559436e-05,-0.0003123647100347101,0.00022029360303180557,201,163,2000,wild-type family at 50% identity,20260924,results/R5/local_context_20260923/20260923233257_e429ce7f31e4/lcgp_admission/local_context_measurement.json,6d18d2f40c99e6c969121d0806794c8dd4017af4ef3bc344093e7014b160447e,summaries.llama-3.2-3b/20260924.increment_M_C_P_wall
llama-3.2-3b,increment_R_C_P_wall,-0.009800072888605493,-0.017463785162424004,-0.0028470189138381677,201,163,2000,wild-type family at 50% identity,20260924,results/R5/local_context_20260923/20260923233257_e429ce7f31e4/lcgp_admission/local_context_measurement.json,6d18d2f40c99e6c969121d0806794c8dd4017af4ef3bc344093e7014b160447e,summaries.llama-3.2-3b/20260924.increment_R_C_P_wall
llama-3.2-3b,C_P_wall_spearman,0.47905916047942815,0.4494974452395906,0.5075871235938527,201,163,2000,wild-type family at 50% identity,20260924,results/R5/local_context_20260923/20260923233257_e429ce7f31e4/lcgp_admission/local_context_measurement.json,6d18d2f40c99e6c969121d0806794c8dd4017af4ef3bc344093e7014b160447e,summaries.llama-3.2-3b/20260924.C_P_wall_spearman
llama-3.2-3b,C_P_spearman,0.4458955452485646,0.4183243516229816,0.4722185494227307,201,163,2000,wild-type family at 50% identity,20260924,results/R5/local_context_20260923/20260923233257_e429ce7f31e4/lcgp_admission/local_context_measurement.json,6d18d2f40c99e6c969121d0806794c8dd4017af4ef3bc344093e7014b160447e,summaries.llama-3.2-3b/20260924.C_P_spearman
llama-3.2-3b,increment_M_C_P_wall,9.258926190562943e-05,-9.937187858261743e-05,0.0002971827394690959,201,163,2000,wild-type family at 50% identity,20260925,results/R5/local_context_20260923/20260923233257_e429ce7f31e4/lcgp_admission/local_context_measurement.json,6d18d2f40c99e6c969121d0806794c8dd4017af4ef3bc344093e7014b160447e,summaries.llama-3.2-3b/20260925.increment_M_C_P_wall
llama-3.2-3b,increment_R_C_P_wall,-0.011111883356759644,-0.018393584531704355,-0.004606486368709441,201,163,2000,wild-type family at 50% identity,20260925,results/R5/local_context_20260923/20260923233257_e429ce7f31e4/lcgp_admission/local_context_measurement.json,6d18d2f40c99e6c969121d0806794c8dd4017af4ef3bc344093e7014b160447e,summaries.llama-3.2-3b/20260925.increment_R_C_P_wall
llama-3.2-3b,C_P_wall_spearman,0.4828971724708546,0.4529562865997285,0.5117280346278283,201,163,2000,wild-type family at 50% identity,20260925,results/R5/local_context_20260923/20260923233257_e429ce7f31e4/lcgp_admission/local_context_measurement.json,6d18d2f40c99e6c969121d0806794c8dd4017af4ef3bc344093e7014b160447e,summaries.llama-3.2-3b/20260925.C_P_wall_spearman
llama-3.2-3b,C_P_spearman,0.4531628585686449,0.42463281550120213,0.4798998119270053,201,163,2000,wild-type family at 50% identity,20260925,results/R5/local_context_20260923/20260923233257_e429ce7f31e4/lcgp_admission/local_context_measurement.json,6d18d2f40c99e6c969121d0806794c8dd4017af4ef3bc344093e7014b160447e,summaries.llama-3.2-3b/20260925.C_P_spearman
progen2-base,increment_M_C_P_wall,0.019510020648461114,0.013636660487558922,0.025513757551902206,201,163,2000,wild-type family at 50% identity,20260923,results/R5/local_context_20260923/20260923233257_e429ce7f31e4/lcgp_admission/local_context_measurement.json,6d18d2f40c99e6c969121d0806794c8dd4017af4ef3bc344093e7014b160447e,summaries.progen2-base/20260923.increment_M_C_P_wall
progen2-base,increment_R_C_P_wall,0.0191648101644723,0.008911795083034729,0.029997672159852495,201,163,2000,wild-type family at 50% identity,20260923,results/R5/local_context_20260923/20260923233257_e429ce7f31e4/lcgp_admission/local_context_measurement.json,6d18d2f40c99e6c969121d0806794c8dd4017af4ef3bc344093e7014b160447e,summaries.progen2-base/20260923.increment_R_C_P_wall
progen2-base,C_P_wall_spearman,0.47954850909466296,0.4497565649787081,0.5076970887484331,201,163,2000,wild-type family at 50% identity,20260923,results/R5/local_context_20260923/20260923233257_e429ce7f31e4/lcgp_admission/local_context_measurement.json,6d18d2f40c99e6c969121d0806794c8dd4017af4ef3bc344093e7014b160447e,summaries.progen2-base/20260923.C_P_wall_spearman
progen2-base,C_P_spearman,0.4465876059906235,0.41803174424855116,0.4732575598326267,201,163,2000,wild-type family at 50% identity,20260923,results/R5/local_context_20260923/20260923233257_e429ce7f31e4/lcgp_admission/local_context_measurement.json,6d18d2f40c99e6c969121d0806794c8dd4017af4ef3bc344093e7014b160447e,summaries.progen2-base/20260923.C_P_spearman
progen2-base,increment_M_C_P_wall,0.019547245693937232,0.013794998569480937,0.025757421680172636,201,163,2000,wild-type family at 50% identity,20260924,results/R5/local_context_20260923/20260923233257_e429ce7f31e4/lcgp_admission/local_context_measurement.json,6d18d2f40c99e6c969121d0806794c8dd4017af4ef3bc344093e7014b160447e,summaries.progen2-base/20260924.increment_M_C_P_wall
progen2-base,increment_R_C_P_wall,0.01598926405445963,0.006320365816444754,0.02619599325066245,201,163,2000,wild-type family at 50% identity,20260924,results/R5/local_context_20260923/20260923233257_e429ce7f31e4/lcgp_admission/local_context_measurement.json,6d18d2f40c99e6c969121d0806794c8dd4017af4ef3bc344093e7014b160447e,summaries.progen2-base/20260924.increment_R_C_P_wall
progen2-base,C_P_wall_spearman,0.47905916047942815,0.4494974452395906,0.5075871235938527,201,163,2000,wild-type family at 50% identity,20260924,results/R5/local_context_20260923/20260923233257_e429ce7f31e4/lcgp_admission/local_context_measurement.json,6d18d2f40c99e6c969121d0806794c8dd4017af4ef3bc344093e7014b160447e,summaries.progen2-base/20260924.C_P_wall_spearman
progen2-base,C_P_spearman,0.4458955452485646,0.4183243516229816,0.4722185494227307,201,163,2000,wild-type family at 50% identity,20260924,results/R5/local_context_20260923/20260923233257_e429ce7f31e4/lcgp_admission/local_context_measurement.json,6d18d2f40c99e6c969121d0806794c8dd4017af4ef3bc344093e7014b160447e,summaries.progen2-base/20260924.C_P_spearman
progen2-base,increment_M_C_P_wall,0.02097199874440756,0.014899878745389157,0.027561966008502352,201,163,2000,wild-type family at 50% identity,20260925,results/R5/local_context_20260923/20260923233257_e429ce7f31e4/lcgp_admission/local_context_measurement.json,6d18d2f40c99e6c969121d0806794c8dd4017af4ef3bc344093e7014b160447e,summaries.progen2-base/20260925.increment_M_C_P_wall
progen2-base,increment_R_C_P_wall,0.010223204758093123,1.659022020297928e-05,0.0212066697081685,201,163,2000,wild-type family at 50% identity,20260925,results/R5/local_context_20260923/20260923233257_e429ce7f31e4/lcgp_admission/local_context_measurement.json,6d18d2f40c99e6c969121d0806794c8dd4017af4ef3bc344093e7014b160447e,summaries.progen2-base/20260925.increment_R_C_P_wall
progen2-base,C_P_wall_spearman,0.4828971724708546,0.4529562865997285,0.5117280346278283,201,163,2000,wild-type family at 50% identity,20260925,results/R5/local_context_20260923/20260923233257_e429ce7f31e4/lcgp_admission/local_context_measurement.json,6d18d2f40c99e6c969121d0806794c8dd4017af4ef3bc344093e7014b160447e,summaries.progen2-base/20260925.C_P_wall_spearman
progen2-base,C_P_spearman,0.4531628585686449,0.42463281550120213,0.4798998119270053,201,163,2000,wild-type family at 50% identity,20260925,results/R5/local_context_20260923/20260923233257_e429ce7f31e4/lcgp_admission/local_context_measurement.json,6d18d2f40c99e6c969121d0806794c8dd4017af4ef3bc344093e7014b160447e,summaries.progen2-base/20260925.C_P_spearman
progen2-large,increment_M_C_P_wall,0.019781719138552215,0.013917965565243412,0.02573480428218383,201,163,2000,wild-type family at 50% identity,20260923,results/R5/local_context_20260923/20260923233257_e429ce7f31e4/lcgp_admission/local_context_measurement.json,6d18d2f40c99e6c969121d0806794c8dd4017af4ef3bc344093e7014b160447e,summaries.progen2-large/20260923.increment_M_C_P_wall
progen2-large,increment_R_C_P_wall,0.016106646769486765,0.005553744893935548,0.026686086220076847,201,163,2000,wild-type family at 50% identity,20260923,results/R5/local_context_20260923/20260923233257_e429ce7f31e4/lcgp_admission/local_context_measurement.json,6d18d2f40c99e6c969121d0806794c8dd4017af4ef3bc344093e7014b160447e,summaries.progen2-large/20260923.increment_R_C_P_wall
progen2-large,C_P_wall_spearman,0.47954850909466296,0.4497565649787081,0.5076970887484331,201,163,2000,wild-type family at 50% identity,20260923,results/R5/local_context_20260923/20260923233257_e429ce7f31e4/lcgp_admission/local_context_measurement.json,6d18d2f40c99e6c969121d0806794c8dd4017af4ef3bc344093e7014b160447e,summaries.progen2-large/20260923.C_P_wall_spearman
progen2-large,C_P_spearman,0.4465876059906235,0.41803174424855116,0.4732575598326267,201,163,2000,wild-type family at 50% identity,20260923,results/R5/local_context_20260923/20260923233257_e429ce7f31e4/lcgp_admission/local_context_measurement.json,6d18d2f40c99e6c969121d0806794c8dd4017af4ef3bc344093e7014b160447e,summaries.progen2-large/20260923.C_P_spearman
progen2-large,increment_M_C_P_wall,0.021334897980842753,0.015759944382636806,0.027018713053697515,201,163,2000,wild-type family at 50% identity,20260924,results/R5/local_context_20260923/20260923233257_e429ce7f31e4/lcgp_admission/local_context_measurement.json,6d18d2f40c99e6c969121d0806794c8dd4017af4ef3bc344093e7014b160447e,summaries.progen2-large/20260924.increment_M_C_P_wall
progen2-large,increment_R_C_P_wall,0.015973693135999546,0.0066320989553730215,0.02533344976673978,201,163,2000,wild-type family at 50% identity,20260924,results/R5/local_context_20260923/20260923233257_e429ce7f31e4/lcgp_admission/local_context_measurement.json,6d18d2f40c99e6c969121d0806794c8dd4017af4ef3bc344093e7014b160447e,summaries.progen2-large/20260924.increment_R_C_P_wall
progen2-large,C_P_wall_spearman,0.47905916047942815,0.4494974452395906,0.5075871235938527,201,163,2000,wild-type family at 50% identity,20260924,results/R5/local_context_20260923/20260923233257_e429ce7f31e4/lcgp_admission/local_context_measurement.json,6d18d2f40c99e6c969121d0806794c8dd4017af4ef3bc344093e7014b160447e,summaries.progen2-large/20260924.C_P_wall_spearman
progen2-large,C_P_spearman,0.4458955452485646,0.4183243516229816,0.4722185494227307,201,163,2000,wild-type family at 50% identity,20260924,results/R5/local_context_20260923/20260923233257_e429ce7f31e4/lcgp_admission/local_context_measurement.json,6d18d2f40c99e6c969121d0806794c8dd4017af4ef3bc344093e7014b160447e,summaries.progen2-large/20260924.C_P_spearman
progen2-large,increment_M_C_P_wall,0.021532433070059736,0.015288292178983053,0.02810495602479747,201,163,2000,wild-type family at 50% identity,20260925,results/R5/local_context_20260923/20260923233257_e429ce7f31e4/lcgp_admission/local_context_measurement.json,6d18d2f40c99e6c969121d0806794c8dd4017af4ef3bc344093e7014b160447e,summaries.progen2-large/20260925.increment_M_C_P_wall
progen2-large,increment_R_C_P_wall,0.012757155522747903,0.002326081164073625,0.02275585342916457,201,163,2000,wild-type family at 50% identity,20260925,results/R5/local_context_20260923/20260923233257_e429ce7f31e4/lcgp_admission/local_context_measurement.json,6d18d2f40c99e6c969121d0806794c8dd4017af4ef3bc344093e7014b160447e,summaries.progen2-large/20260925.increment_R_C_P_wall
progen2-large,C_P_wall_spearman,0.4828971724708546,0.4529562865997285,0.5117280346278283,201,163,2000,wild-type family at 50% identity,20260925,results/R5/local_context_20260923/20260923233257_e429ce7f31e4/lcgp_admission/local_context_measurement.json,6d18d2f40c99e6c969121d0806794c8dd4017af4ef3bc344093e7014b160447e,summaries.progen2-large/20260925.C_P_wall_spearman
progen2-large,C_P_spearman,0.4531628585686449,0.42463281550120213,0.4798998119270053,201,163,2000,wild-type family at 50% identity,20260925,results/R5/local_context_20260923/20260923233257_e429ce7f31e4/lcgp_admission/local_context_measurement.json,6d18d2f40c99e6c969121d0806794c8dd4017af4ef3bc344093e7014b160447e,summaries.progen2-large/20260925.C_P_spearman
progen2-medium,increment_M_C_P_wall,0.019442108469036847,0.01365648934284261,0.025447714504636617,201,163,2000,wild-type family at 50% identity,20260923,results/R5/local_context_20260923/20260923233257_e429ce7f31e4/lcgp_admission/local_context_measurement.json,6d18d2f40c99e6c969121d0806794c8dd4017af4ef3bc344093e7014b160447e,summaries.progen2-medium/20260923.increment_M_C_P_wall
progen2-medium,increment_R_C_P_wall,0.01431394908254362,0.005620013173253276,0.023297988561673005,201,163,2000,wild-type family at 50% identity,20260923,results/R5/local_context_20260923/20260923233257_e429ce7f31e4/lcgp_admission/local_context_measurement.json,6d18d2f40c99e6c969121d0806794c8dd4017af4ef3bc344093e7014b160447e,summaries.progen2-medium/20260923.increment_R_C_P_wall
progen2-medium,C_P_wall_spearman,0.47954850909466296,0.4497565649787081,0.5076970887484331,201,163,2000,wild-type family at 50% identity,20260923,results/R5/local_context_20260923/20260923233257_e429ce7f31e4/lcgp_admission/local_context_measurement.json,6d18d2f40c99e6c969121d0806794c8dd4017af4ef3bc344093e7014b160447e,summaries.progen2-medium/20260923.C_P_wall_spearman
progen2-medium,C_P_spearman,0.4465876059906235,0.41803174424855116,0.4732575598326267,201,163,2000,wild-type family at 50% identity,20260923,results/R5/local_context_20260923/20260923233257_e429ce7f31e4/lcgp_admission/local_context_measurement.json,6d18d2f40c99e6c969121d0806794c8dd4017af4ef3bc344093e7014b160447e,summaries.progen2-medium/20260923.C_P_spearman
progen2-medium,increment_M_C_P_wall,0.02031558210625238,0.014735114690323872,0.026173472085239367,201,163,2000,wild-type family at 50% identity,20260924,results/R5/local_context_20260923/20260923233257_e429ce7f31e4/lcgp_admission/local_context_measurement.json,6d18d2f40c99e6c969121d0806794c8dd4017af4ef3bc344093e7014b160447e,summaries.progen2-medium/20260924.increment_M_C_P_wall
progen2-medium,increment_R_C_P_wall,0.011140289984067657,0.0027508786907675872,0.01892334597112453,201,163,2000,wild-type family at 50% identity,20260924,results/R5/local_context_20260923/20260923233257_e429ce7f31e4/lcgp_admission/local_context_measurement.json,6d18d2f40c99e6c969121d0806794c8dd4017af4ef3bc344093e7014b160447e,summaries.progen2-medium/20260924.increment_R_C_P_wall
progen2-medium,C_P_wall_spearman,0.47905916047942815,0.4494974452395906,0.5075871235938527,201,163,2000,wild-type family at 50% identity,20260924,results/R5/local_context_20260923/20260923233257_e429ce7f31e4/lcgp_admission/local_context_measurement.json,6d18d2f40c99e6c969121d0806794c8dd4017af4ef3bc344093e7014b160447e,summaries.progen2-medium/20260924.C_P_wall_spearman
progen2-medium,C_P_spearman,0.4458955452485646,0.4183243516229816,0.4722185494227307,201,163,2000,wild-type family at 50% identity,20260924,results/R5/local_context_20260923/20260923233257_e429ce7f31e4/lcgp_admission/local_context_measurement.json,6d18d2f40c99e6c969121d0806794c8dd4017af4ef3bc344093e7014b160447e,summaries.progen2-medium/20260924.C_P_spearman
progen2-medium,increment_M_C_P_wall,0.02036639679848688,0.014277646262657913,0.026825798372284142,201,163,2000,wild-type family at 50% identity,20260925,results/R5/local_context_20260923/20260923233257_e429ce7f31e4/lcgp_admission/local_context_measurement.json,6d18d2f40c99e6c969121d0806794c8dd4017af4ef3bc344093e7014b160447e,summaries.progen2-medium/20260925.increment_M_C_P_wall
progen2-medium,increment_R_C_P_wall,0.010056900395804041,0.0014354738480365139,0.018559241788818324,201,163,2000,wild-type family at 50% identity,20260925,results/R5/local_context_20260923/20260923233257_e429ce7f31e4/lcgp_admission/local_context_measurement.json,6d18d2f40c99e6c969121d0806794c8dd4017af4ef3bc344093e7014b160447e,summaries.progen2-medium/20260925.increment_R_C_P_wall
progen2-medium,C_P_wall_spearman,0.4828971724708546,0.4529562865997285,0.5117280346278283,201,163,2000,wild-type family at 50% identity,20260925,results/R5/local_context_20260923/20260923233257_e429ce7f31e4/lcgp_admission/local_context_measurement.json,6d18d2f40c99e6c969121d0806794c8dd4017af4ef3bc344093e7014b160447e,summaries.progen2-medium/20260925.C_P_wall_spearman
progen2-medium,C_P_spearman,0.4531628585686449,0.42463281550120213,0.4798998119270053,201,163,2000,wild-type family at 50% identity,20260925,results/R5/local_context_20260923/20260923233257_e429ce7f31e4/lcgp_admission/local_context_measurement.json,6d18d2f40c99e6c969121d0806794c8dd4017af4ef3bc344093e7014b160447e,summaries.progen2-medium/20260925.C_P_spearman
progen2-small,increment_M_C_P_wall,0.013164451588600998,0.008222866926573646,0.017837966293192547,201,163,2000,wild-type family at 50% identity,20260923,results/R5/local_context_20260923/20260923233257_e429ce7f31e4/lcgp_admission/local_context_measurement.json,6d18d2f40c99e6c969121d0806794c8dd4017af4ef3bc344093e7014b160447e,summaries.progen2-small/20260923.increment_M_C_P_wall
progen2-small,increment_R_C_P_wall,0.01667139194332491,0.006565176664580634,0.02679493016578722,201,163,2000,wild-type family at 50% identity,20260923,results/R5/local_context_20260923/20260923233257_e429ce7f31e4/lcgp_admission/local_context_measurement.json,6d18d2f40c99e6c969121d0806794c8dd4017af4ef3bc344093e7014b160447e,summaries.progen2-small/20260923.increment_R_C_P_wall
progen2-small,C_P_wall_spearman,0.47954850909466296,0.4497565649787081,0.5076970887484331,201,163,2000,wild-type family at 50% identity,20260923,results/R5/local_context_20260923/20260923233257_e429ce7f31e4/lcgp_admission/local_context_measurement.json,6d18d2f40c99e6c969121d0806794c8dd4017af4ef3bc344093e7014b160447e,summaries.progen2-small/20260923.C_P_wall_spearman
progen2-small,C_P_spearman,0.4465876059906235,0.41803174424855116,0.4732575598326267,201,163,2000,wild-type family at 50% identity,20260923,results/R5/local_context_20260923/20260923233257_e429ce7f31e4/lcgp_admission/local_context_measurement.json,6d18d2f40c99e6c969121d0806794c8dd4017af4ef3bc344093e7014b160447e,summaries.progen2-small/20260923.C_P_spearman
progen2-small,increment_M_C_P_wall,0.014321674400080284,0.00963523532536169,0.01916738096684327,201,163,2000,wild-type family at 50% identity,20260924,results/R5/local_context_20260923/20260923233257_e429ce7f31e4/lcgp_admission/local_context_measurement.json,6d18d2f40c99e6c969121d0806794c8dd4017af4ef3bc344093e7014b160447e,summaries.progen2-small/20260924.increment_M_C_P_wall
progen2-small,increment_R_C_P_wall,0.013547811478942243,0.004442588555347731,0.023105596524868776,201,163,2000,wild-type family at 50% identity,20260924,results/R5/local_context_20260923/20260923233257_e429ce7f31e4/lcgp_admission/local_context_measurement.json,6d18d2f40c99e6c969121d0806794c8dd4017af4ef3bc344093e7014b160447e,summaries.progen2-small/20260924.increment_R_C_P_wall
progen2-small,C_P_wall_spearman,0.47905916047942815,0.4494974452395906,0.5075871235938527,201,163,2000,wild-type family at 50% identity,20260924,results/R5/local_context_20260923/20260923233257_e429ce7f31e4/lcgp_admission/local_context_measurement.json,6d18d2f40c99e6c969121d0806794c8dd4017af4ef3bc344093e7014b160447e,summaries.progen2-small/20260924.C_P_wall_spearman
progen2-small,C_P_spearman,0.4458955452485646,0.4183243516229816,0.4722185494227307,201,163,2000,wild-type family at 50% identity,20260924,results/R5/local_context_20260923/20260923233257_e429ce7f31e4/lcgp_admission/local_context_measurement.json,6d18d2f40c99e6c969121d0806794c8dd4017af4ef3bc344093e7014b160447e,summaries.progen2-small/20260924.C_P_spearman
progen2-small,increment_M_C_P_wall,0.014411813990918275,0.0092570401101357,0.01972853003269537,201,163,2000,wild-type family at 50% identity,20260925,results/R5/local_context_20260923/20260923233257_e429ce7f31e4/lcgp_admission/local_context_measurement.json,6d18d2f40c99e6c969121d0806794c8dd4017af4ef3bc344093e7014b160447e,summaries.progen2-small/20260925.increment_M_C_P_wall
progen2-small,increment_R_C_P_wall,0.011662631675849381,0.0016836029809287297,0.021998161457363184,201,163,2000,wild-type family at 50% identity,20260925,results/R5/local_context_20260923/20260923233257_e429ce7f31e4/lcgp_admission/local_context_measurement.json,6d18d2f40c99e6c969121d0806794c8dd4017af4ef3bc344093e7014b160447e,summaries.progen2-small/20260925.increment_R_C_P_wall
progen2-small,C_P_wall_spearman,0.4828971724708546,0.4529562865997285,0.5117280346278283,201,163,2000,wild-type family at 50% identity,20260925,results/R5/local_context_20260923/20260923233257_e429ce7f31e4/lcgp_admission/local_context_measurement.json,6d18d2f40c99e6c969121d0806794c8dd4017af4ef3bc344093e7014b160447e,summaries.progen2-small/20260925.C_P_wall_spearman
progen2-small,C_P_spearman,0.4531628585686449,0.42463281550120213,0.4798998119270053,201,163,2000,wild-type family at 50% identity,20260925,results/R5/local_context_20260923/20260923233257_e429ce7f31e4/lcgp_admission/local_context_measurement.json,6d18d2f40c99e6c969121d0806794c8dd4017af4ef3bc344093e7014b160447e,summaries.progen2-small/20260925.C_P_spearman
progen2-xlarge,increment_M_C_P_wall,0.025930862679762717,0.019061363890899633,0.03293863403810773,201,163,2000,wild-type family at 50% identity,20260923,results/R5/local_context_20260923/20260923233257_e429ce7f31e4/lcgp_admission/local_context_measurement.json,6d18d2f40c99e6c969121d0806794c8dd4017af4ef3bc344093e7014b160447e,summaries.progen2-xlarge/20260923.increment_M_C_P_wall
progen2-xlarge,increment_R_C_P_wall,0.013523073587940785,0.005702645000238848,0.02146336356439591,201,163,2000,wild-type family at 50% identity,20260923,results/R5/local_context_20260923/20260923233257_e429ce7f31e4/lcgp_admission/local_context_measurement.json,6d18d2f40c99e6c969121d0806794c8dd4017af4ef3bc344093e7014b160447e,summaries.progen2-xlarge/20260923.increment_R_C_P_wall
progen2-xlarge,C_P_wall_spearman,0.47954850909466296,0.4497565649787081,0.5076970887484331,201,163,2000,wild-type family at 50% identity,20260923,results/R5/local_context_20260923/20260923233257_e429ce7f31e4/lcgp_admission/local_context_measurement.json,6d18d2f40c99e6c969121d0806794c8dd4017af4ef3bc344093e7014b160447e,summaries.progen2-xlarge/20260923.C_P_wall_spearman
progen2-xlarge,C_P_spearman,0.4465876059906235,0.41803174424855116,0.4732575598326267,201,163,2000,wild-type family at 50% identity,20260923,results/R5/local_context_20260923/20260923233257_e429ce7f31e4/lcgp_admission/local_context_measurement.json,6d18d2f40c99e6c969121d0806794c8dd4017af4ef3bc344093e7014b160447e,summaries.progen2-xlarge/20260923.C_P_spearman
progen2-xlarge,increment_M_C_P_wall,0.026172760000224383,0.018493924462677554,0.03384466379434576,201,163,2000,wild-type family at 50% identity,20260924,results/R5/local_context_20260923/20260923233257_e429ce7f31e4/lcgp_admission/local_context_measurement.json,6d18d2f40c99e6c969121d0806794c8dd4017af4ef3bc344093e7014b160447e,summaries.progen2-xlarge/20260924.increment_M_C_P_wall
progen2-xlarge,increment_R_C_P_wall,0.013383462240024444,0.0057898731658280475,0.021063303390109808,201,163,2000,wild-type family at 50% identity,20260924,results/R5/local_context_20260923/20260923233257_e429ce7f31e4/lcgp_admission/local_context_measurement.json,6d18d2f40c99e6c969121d0806794c8dd4017af4ef3bc344093e7014b160447e,summaries.progen2-xlarge/20260924.increment_R_C_P_wall
progen2-xlarge,C_P_wall_spearman,0.47905916047942815,0.4494974452395906,0.5075871235938527,201,163,2000,wild-type family at 50% identity,20260924,results/R5/local_context_20260923/20260923233257_e429ce7f31e4/lcgp_admission/local_context_measurement.json,6d18d2f40c99e6c969121d0806794c8dd4017af4ef3bc344093e7014b160447e,summaries.progen2-xlarge/20260924.C_P_wall_spearman
progen2-xlarge,C_P_spearman,0.4458955452485646,0.4183243516229816,0.4722185494227307,201,163,2000,wild-type family at 50% identity,20260924,results/R5/local_context_20260923/20260923233257_e429ce7f31e4/lcgp_admission/local_context_measurement.json,6d18d2f40c99e6c969121d0806794c8dd4017af4ef3bc344093e7014b160447e,summaries.progen2-xlarge/20260924.C_P_spearman
progen2-xlarge,increment_M_C_P_wall,0.023909139926921508,0.016356681696371826,0.03128019866635905,201,163,2000,wild-type family at 50% identity,20260925,results/R5/local_context_20260923/20260923233257_e429ce7f31e4/lcgp_admission/local_context_measurement.json,6d18d2f40c99e6c969121d0806794c8dd4017af4ef3bc344093e7014b160447e,summaries.progen2-xlarge/20260925.increment_M_C_P_wall
progen2-xlarge,increment_R_C_P_wall,0.012053454311761823,0.00423510269774649,0.019672526991974353,201,163,2000,wild-type family at 50% identity,20260925,results/R5/local_context_20260923/20260923233257_e429ce7f31e4/lcgp_admission/local_context_measurement.json,6d18d2f40c99e6c969121d0806794c8dd4017af4ef3bc344093e7014b160447e,summaries.progen2-xlarge/20260925.increment_R_C_P_wall
progen2-xlarge,C_P_wall_spearman,0.4828971724708546,0.4529562865997285,0.5117280346278283,201,163,2000,wild-type family at 50% identity,20260925,results/R5/local_context_20260923/20260923233257_e429ce7f31e4/lcgp_admission/local_context_measurement.json,6d18d2f40c99e6c969121d0806794c8dd4017af4ef3bc344093e7014b160447e,summaries.progen2-xlarge/20260925.C_P_wall_spearman
progen2-xlarge,C_P_spearman,0.4531628585686449,0.42463281550120213,0.4798998119270053,201,163,2000,wild-type family at 50% identity,20260925,results/R5/local_context_20260923/20260923233257_e429ce7f31e4/lcgp_admission/local_context_measurement.json,6d18d2f40c99e6c969121d0806794c8dd4017af4ef3bc344093e7014b160447e,summaries.progen2-xlarge/20260925.C_P_spearman
progen3-112m,increment_M_C_P_wall,0.010965630531651073,0.006656324933012384,0.015025772051843087,201,163,2000,wild-type family at 50% identity,20260923,results/R5/local_context_20260923/20260923233257_e429ce7f31e4/lcgp_admission/local_context_measurement.json,6d18d2f40c99e6c969121d0806794c8dd4017af4ef3bc344093e7014b160447e,summaries.progen3-112m/20260923.increment_M_C_P_wall
progen3-112m,increment_R_C_P_wall,0.015679429408525774,0.005886935910473388,0.025161634825503282,201,163,2000,wild-type family at 50% identity,20260923,results/R5/local_context_20260923/20260923233257_e429ce7f31e4/lcgp_admission/local_context_measurement.json,6d18d2f40c99e6c969121d0806794c8dd4017af4ef3bc344093e7014b160447e,summaries.progen3-112m/20260923.increment_R_C_P_wall
progen3-112m,C_P_wall_spearman,0.47954850909466296,0.4497565649787081,0.5076970887484331,201,163,2000,wild-type family at 50% identity,20260923,results/R5/local_context_20260923/20260923233257_e429ce7f31e4/lcgp_admission/local_context_measurement.json,6d18d2f40c99e6c969121d0806794c8dd4017af4ef3bc344093e7014b160447e,summaries.progen3-112m/20260923.C_P_wall_spearman
progen3-112m,C_P_spearman,0.4465876059906235,0.41803174424855116,0.4732575598326267,201,163,2000,wild-type family at 50% identity,20260923,results/R5/local_context_20260923/20260923233257_e429ce7f31e4/lcgp_admission/local_context_measurement.json,6d18d2f40c99e6c969121d0806794c8dd4017af4ef3bc344093e7014b160447e,summaries.progen3-112m/20260923.C_P_spearman
progen3-112m,increment_M_C_P_wall,0.012204193935881227,0.007908593297475713,0.0163406359989197,201,163,2000,wild-type family at 50% identity,20260924,results/R5/local_context_20260923/20260923233257_e429ce7f31e4/lcgp_admission/local_context_measurement.json,6d18d2f40c99e6c969121d0806794c8dd4017af4ef3bc344093e7014b160447e,summaries.progen3-112m/20260924.increment_M_C_P_wall
progen3-112m,increment_R_C_P_wall,0.011706629785652619,0.0015727893601554927,0.020784875421654185,201,163,2000,wild-type family at 50% identity,20260924,results/R5/local_context_20260923/20260923233257_e429ce7f31e4/lcgp_admission/local_context_measurement.json,6d18d2f40c99e6c969121d0806794c8dd4017af4ef3bc344093e7014b160447e,summaries.progen3-112m/20260924.increment_R_C_P_wall
progen3-112m,C_P_wall_spearman,0.47905916047942815,0.4494974452395906,0.5075871235938527,201,163,2000,wild-type family at 50% identity,20260924,results/R5/local_context_20260923/20260923233257_e429ce7f31e4/lcgp_admission/local_context_measurement.json,6d18d2f40c99e6c969121d0806794c8dd4017af4ef3bc344093e7014b160447e,summaries.progen3-112m/20260924.C_P_wall_spearman
progen3-112m,C_P_spearman,0.4458955452485646,0.4183243516229816,0.4722185494227307,201,163,2000,wild-type family at 50% identity,20260924,results/R5/local_context_20260923/20260923233257_e429ce7f31e4/lcgp_admission/local_context_measurement.json,6d18d2f40c99e6c969121d0806794c8dd4017af4ef3bc344093e7014b160447e,summaries.progen3-112m/20260924.C_P_spearman
progen3-112m,increment_M_C_P_wall,0.012271078967985537,0.008113627684682947,0.01623230002228037,201,163,2000,wild-type family at 50% identity,20260925,results/R5/local_context_20260923/20260923233257_e429ce7f31e4/lcgp_admission/local_context_measurement.json,6d18d2f40c99e6c969121d0806794c8dd4017af4ef3bc344093e7014b160447e,summaries.progen3-112m/20260925.increment_M_C_P_wall
progen3-112m,increment_R_C_P_wall,0.010459898098197074,0.00015160010802828296,0.020180145123417186,201,163,2000,wild-type family at 50% identity,20260925,results/R5/local_context_20260923/20260923233257_e429ce7f31e4/lcgp_admission/local_context_measurement.json,6d18d2f40c99e6c969121d0806794c8dd4017af4ef3bc344093e7014b160447e,summaries.progen3-112m/20260925.increment_R_C_P_wall
progen3-112m,C_P_wall_spearman,0.4828971724708546,0.4529562865997285,0.5117280346278283,201,163,2000,wild-type family at 50% identity,20260925,results/R5/local_context_20260923/20260923233257_e429ce7f31e4/lcgp_admission/local_context_measurement.json,6d18d2f40c99e6c969121d0806794c8dd4017af4ef3bc344093e7014b160447e,summaries.progen3-112m/20260925.C_P_wall_spearman
progen3-112m,C_P_spearman,0.4531628585686449,0.42463281550120213,0.4798998119270053,201,163,2000,wild-type family at 50% identity,20260925,results/R5/local_context_20260923/20260923233257_e429ce7f31e4/lcgp_admission/local_context_measurement.json,6d18d2f40c99e6c969121d0806794c8dd4017af4ef3bc344093e7014b160447e,summaries.progen3-112m/20260925.C_P_spearman
progen3-3b,increment_M_C_P_wall,0.02327881118634402,0.017314499070526148,0.029489715805238015,201,163,2000,wild-type family at 50% identity,20260923,results/R5/local_context_20260923/20260923233257_e429ce7f31e4/lcgp_admission/local_context_measurement.json,6d18d2f40c99e6c969121d0806794c8dd4017af4ef3bc344093e7014b160447e,summaries.progen3-3b/20260923.increment_M_C_P_wall
progen3-3b,increment_R_C_P_wall,0.024868382472723747,0.015160833379436184,0.03475384021204415,201,163,2000,wild-type family at 50% identity,20260923,results/R5/local_context_20260923/20260923233257_e429ce7f31e4/lcgp_admission/local_context_measurement.json,6d18d2f40c99e6c969121d0806794c8dd4017af4ef3bc344093e7014b160447e,summaries.progen3-3b/20260923.increment_R_C_P_wall
progen3-3b,C_P_wall_spearman,0.47954850909466296,0.4497565649787081,0.5076970887484331,201,163,2000,wild-type family at 50% identity,20260923,results/R5/local_context_20260923/20260923233257_e429ce7f31e4/lcgp_admission/local_context_measurement.json,6d18d2f40c99e6c969121d0806794c8dd4017af4ef3bc344093e7014b160447e,summaries.progen3-3b/20260923.C_P_wall_spearman
progen3-3b,C_P_spearman,0.4465876059906235,0.41803174424855116,0.4732575598326267,201,163,2000,wild-type family at 50% identity,20260923,results/R5/local_context_20260923/20260923233257_e429ce7f31e4/lcgp_admission/local_context_measurement.json,6d18d2f40c99e6c969121d0806794c8dd4017af4ef3bc344093e7014b160447e,summaries.progen3-3b/20260923.C_P_spearman
progen3-3b,increment_M_C_P_wall,0.025030443585864127,0.01937359528718236,0.031082064697539,201,163,2000,wild-type family at 50% identity,20260924,results/R5/local_context_20260923/20260923233257_e429ce7f31e4/lcgp_admission/local_context_measurement.json,6d18d2f40c99e6c969121d0806794c8dd4017af4ef3bc344093e7014b160447e,summaries.progen3-3b/20260924.increment_M_C_P_wall
progen3-3b,increment_R_C_P_wall,0.022734727795610504,0.013684367365834406,0.032103907623208305,201,163,2000,wild-type family at 50% identity,20260924,results/R5/local_context_20260923/20260923233257_e429ce7f31e4/lcgp_admission/local_context_measurement.json,6d18d2f40c99e6c969121d0806794c8dd4017af4ef3bc344093e7014b160447e,summaries.progen3-3b/20260924.increment_R_C_P_wall
progen3-3b,C_P_wall_spearman,0.47905916047942815,0.4494974452395906,0.5075871235938527,201,163,2000,wild-type family at 50% identity,20260924,results/R5/local_context_20260923/20260923233257_e429ce7f31e4/lcgp_admission/local_context_measurement.json,6d18d2f40c99e6c969121d0806794c8dd4017af4ef3bc344093e7014b160447e,summaries.progen3-3b/20260924.C_P_wall_spearman
progen3-3b,C_P_spearman,0.4458955452485646,0.4183243516229816,0.4722185494227307,201,163,2000,wild-type family at 50% identity,20260924,results/R5/local_context_20260923/20260923233257_e429ce7f31e4/lcgp_admission/local_context_measurement.json,6d18d2f40c99e6c969121d0806794c8dd4017af4ef3bc344093e7014b160447e,summaries.progen3-3b/20260924.C_P_spearman
progen3-3b,increment_M_C_P_wall,0.024479512632173562,0.017737144859847575,0.03157118271246686,201,163,2000,wild-type family at 50% identity,20260925,results/R5/local_context_20260923/20260923233257_e429ce7f31e4/lcgp_admission/local_context_measurement.json,6d18d2f40c99e6c969121d0806794c8dd4017af4ef3bc344093e7014b160447e,summaries.progen3-3b/20260925.increment_M_C_P_wall
progen3-3b,increment_R_C_P_wall,0.02173821585738937,0.011832843706164827,0.03173398769017656,201,163,2000,wild-type family at 50% identity,20260925,results/R5/local_context_20260923/20260923233257_e429ce7f31e4/lcgp_admission/local_context_measurement.json,6d18d2f40c99e6c969121d0806794c8dd4017af4ef3bc344093e7014b160447e,summaries.progen3-3b/20260925.increment_R_C_P_wall
progen3-3b,C_P_wall_spearman,0.4828971724708546,0.4529562865997285,0.5117280346278283,201,163,2000,wild-type family at 50% identity,20260925,results/R5/local_context_20260923/20260923233257_e429ce7f31e4/lcgp_admission/local_context_measurement.json,6d18d2f40c99e6c969121d0806794c8dd4017af4ef3bc344093e7014b160447e,summaries.progen3-3b/20260925.C_P_wall_spearman
progen3-3b,C_P_spearman,0.4531628585686449,0.42463281550120213,0.4798998119270053,201,163,2000,wild-type family at 50% identity,20260925,results/R5/local_context_20260923/20260923233257_e429ce7f31e4/lcgp_admission/local_context_measurement.json,6d18d2f40c99e6c969121d0806794c8dd4017af4ef3bc344093e7014b160447e,summaries.progen3-3b/20260925.C_P_spearman
prollama-stage-1,increment_M_C_P_wall,0.002800105215699093,0.000686075408407039,0.0049679423400322475,201,163,2000,wild-type family at 50% identity,20260923,results/R5/local_context_20260923/20260923233257_e429ce7f31e4/lcgp_admission/local_context_measurement.json,6d18d2f40c99e6c969121d0806794c8dd4017af4ef3bc344093e7014b160447e,summaries.prollama-stage-1/20260923.increment_M_C_P_wall
prollama-stage-1,increment_R_C_P_wall,0.006929868920452254,-0.004258155355682574,0.017295167536497548,201,163,2000,wild-type family at 50% identity,20260923,results/R5/local_context_20260923/20260923233257_e429ce7f31e4/lcgp_admission/local_context_measurement.json,6d18d2f40c99e6c969121d0806794c8dd4017af4ef3bc344093e7014b160447e,summaries.prollama-stage-1/20260923.increment_R_C_P_wall
prollama-stage-1,C_P_wall_spearman,0.47954850909466296,0.4497565649787081,0.5076970887484331,201,163,2000,wild-type family at 50% identity,20260923,results/R5/local_context_20260923/20260923233257_e429ce7f31e4/lcgp_admission/local_context_measurement.json,6d18d2f40c99e6c969121d0806794c8dd4017af4ef3bc344093e7014b160447e,summaries.prollama-stage-1/20260923.C_P_wall_spearman
prollama-stage-1,C_P_spearman,0.4465876059906235,0.41803174424855116,0.4732575598326267,201,163,2000,wild-type family at 50% identity,20260923,results/R5/local_context_20260923/20260923233257_e429ce7f31e4/lcgp_admission/local_context_measurement.json,6d18d2f40c99e6c969121d0806794c8dd4017af4ef3bc344093e7014b160447e,summaries.prollama-stage-1/20260923.C_P_spearman
prollama-stage-1,increment_M_C_P_wall,0.0031246311317958382,0.000906926570521206,0.005295530072718228,201,163,2000,wild-type family at 50% identity,20260924,results/R5/local_context_20260923/20260923233257_e429ce7f31e4/lcgp_admission/local_context_measurement.json,6d18d2f40c99e6c969121d0806794c8dd4017af4ef3bc344093e7014b160447e,summaries.prollama-stage-1/20260924.increment_M_C_P_wall
prollama-stage-1,increment_R_C_P_wall,0.0028494039716392104,-0.007843701426882677,0.01286671086049132,201,163,2000,wild-type family at 50% identity,20260924,results/R5/local_context_20260923/20260923233257_e429ce7f31e4/lcgp_admission/local_context_measurement.json,6d18d2f40c99e6c969121d0806794c8dd4017af4ef3bc344093e7014b160447e,summaries.prollama-stage-1/20260924.increment_R_C_P_wall
prollama-stage-1,C_P_wall_spearman,0.47905916047942815,0.4494974452395906,0.5075871235938527,201,163,2000,wild-type family at 50% identity,20260924,results/R5/local_context_20260923/20260923233257_e429ce7f31e4/lcgp_admission/local_context_measurement.json,6d18d2f40c99e6c969121d0806794c8dd4017af4ef3bc344093e7014b160447e,summaries.prollama-stage-1/20260924.C_P_wall_spearman
prollama-stage-1,C_P_spearman,0.4458955452485646,0.4183243516229816,0.4722185494227307,201,163,2000,wild-type family at 50% identity,20260924,results/R5/local_context_20260923/20260923233257_e429ce7f31e4/lcgp_admission/local_context_measurement.json,6d18d2f40c99e6c969121d0806794c8dd4017af4ef3bc344093e7014b160447e,summaries.prollama-stage-1/20260924.C_P_spearman
prollama-stage-1,increment_M_C_P_wall,0.003482020115432975,0.0014245829749626258,0.005508424752104093,201,163,2000,wild-type family at 50% identity,20260925,results/R5/local_context_20260923/20260923233257_e429ce7f31e4/lcgp_admission/local_context_measurement.json,6d18d2f40c99e6c969121d0806794c8dd4017af4ef3bc344093e7014b160447e,summaries.prollama-stage-1/20260925.increment_M_C_P_wall
prollama-stage-1,increment_R_C_P_wall,-0.0016462695501396924,-0.01388329743063934,0.009353740934029643,201,163,2000,wild-type family at 50% identity,20260925,results/R5/local_context_20260923/20260923233257_e429ce7f31e4/lcgp_admission/local_context_measurement.json,6d18d2f40c99e6c969121d0806794c8dd4017af4ef3bc344093e7014b160447e,summaries.prollama-stage-1/20260925.increment_R_C_P_wall
prollama-stage-1,C_P_wall_spearman,0.4828971724708546,0.4529562865997285,0.5117280346278283,201,163,2000,wild-type family at 50% identity,20260925,results/R5/local_context_20260923/20260923233257_e429ce7f31e4/lcgp_admission/local_context_measurement.json,6d18d2f40c99e6c969121d0806794c8dd4017af4ef3bc344093e7014b160447e,summaries.prollama-stage-1/20260925.C_P_wall_spearman
prollama-stage-1,C_P_spearman,0.4531628585686449,0.42463281550120213,0.4798998119270053,201,163,2000,wild-type family at 50% identity,20260925,results/R5/local_context_20260923/20260923233257_e429ce7f31e4/lcgp_admission/local_context_measurement.json,6d18d2f40c99e6c969121d0806794c8dd4017af4ef3bc344093e7014b160447e,summaries.prollama-stage-1/20260925.C_P_spearman
prollama,increment_M_C_P_wall,0.0035616858956972718,0.001111855646697041,0.005981283433480825,201,163,2000,wild-type family at 50% identity,20260923,results/R5/local_context_20260923/20260923233257_e429ce7f31e4/lcgp_admission/local_context_measurement.json,6d18d2f40c99e6c969121d0806794c8dd4017af4ef3bc344093e7014b160447e,summaries.prollama/20260923.increment_M_C_P_wall
prollama,increment_R_C_P_wall,0.005950047676996385,-0.005981411599209142,0.01687253069041841,201,163,2000,wild-type family at 50% identity,20260923,results/R5/local_context_20260923/20260923233257_e429ce7f31e4/lcgp_admission/local_context_measurement.json,6d18d2f40c99e6c969121d0806794c8dd4017af4ef3bc344093e7014b160447e,summaries.prollama/20260923.increment_R_C_P_wall
prollama,C_P_wall_spearman,0.47954850909466296,0.4497565649787081,0.5076970887484331,201,163,2000,wild-type family at 50% identity,20260923,results/R5/local_context_20260923/20260923233257_e429ce7f31e4/lcgp_admission/local_context_measurement.json,6d18d2f40c99e6c969121d0806794c8dd4017af4ef3bc344093e7014b160447e,summaries.prollama/20260923.C_P_wall_spearman
prollama,C_P_spearman,0.4465876059906235,0.41803174424855116,0.4732575598326267,201,163,2000,wild-type family at 50% identity,20260923,results/R5/local_context_20260923/20260923233257_e429ce7f31e4/lcgp_admission/local_context_measurement.json,6d18d2f40c99e6c969121d0806794c8dd4017af4ef3bc344093e7014b160447e,summaries.prollama/20260923.C_P_spearman
prollama,increment_M_C_P_wall,0.00440296604850641,0.0019017270214419146,0.006848819220346889,201,163,2000,wild-type family at 50% identity,20260924,results/R5/local_context_20260923/20260923233257_e429ce7f31e4/lcgp_admission/local_context_measurement.json,6d18d2f40c99e6c969121d0806794c8dd4017af4ef3bc344093e7014b160447e,summaries.prollama/20260924.increment_M_C_P_wall
prollama,increment_R_C_P_wall,0.004627563347781771,-0.006805529415758672,0.014773018372208525,201,163,2000,wild-type family at 50% identity,20260924,results/R5/local_context_20260923/20260923233257_e429ce7f31e4/lcgp_admission/local_context_measurement.json,6d18d2f40c99e6c969121d0806794c8dd4017af4ef3bc344093e7014b160447e,summaries.prollama/20260924.increment_R_C_P_wall
prollama,C_P_wall_spearman,0.47905916047942815,0.4494974452395906,0.5075871235938527,201,163,2000,wild-type family at 50% identity,20260924,results/R5/local_context_20260923/20260923233257_e429ce7f31e4/lcgp_admission/local_context_measurement.json,6d18d2f40c99e6c969121d0806794c8dd4017af4ef3bc344093e7014b160447e,summaries.prollama/20260924.C_P_wall_spearman
prollama,C_P_spearman,0.4458955452485646,0.4183243516229816,0.4722185494227307,201,163,2000,wild-type family at 50% identity,20260924,results/R5/local_context_20260923/20260923233257_e429ce7f31e4/lcgp_admission/local_context_measurement.json,6d18d2f40c99e6c969121d0806794c8dd4017af4ef3bc344093e7014b160447e,summaries.prollama/20260924.C_P_spearman
prollama,increment_M_C_P_wall,0.004228149578775985,0.0018760859539913915,0.0065769874573036015,201,163,2000,wild-type family at 50% identity,20260925,results/R5/local_context_20260923/20260923233257_e429ce7f31e4/lcgp_admission/local_context_measurement.json,6d18d2f40c99e6c969121d0806794c8dd4017af4ef3bc344093e7014b160447e,summaries.prollama/20260925.increment_M_C_P_wall
prollama,increment_R_C_P_wall,-3.853550161857599e-05,-0.013377516148634284,0.011509749522154902,201,163,2000,wild-type family at 50% identity,20260925,results/R5/local_context_20260923/20260923233257_e429ce7f31e4/lcgp_admission/local_context_measurement.json,6d18d2f40c99e6c969121d0806794c8dd4017af4ef3bc344093e7014b160447e,summaries.prollama/20260925.increment_R_C_P_wall
prollama,C_P_wall_spearman,0.4828971724708546,0.4529562865997285,0.5117280346278283,201,163,2000,wild-type family at 50% identity,20260925,results/R5/local_context_20260923/20260923233257_e429ce7f31e4/lcgp_admission/local_context_measurement.json,6d18d2f40c99e6c969121d0806794c8dd4017af4ef3bc344093e7014b160447e,summaries.prollama/20260925.C_P_wall_spearman
prollama,C_P_spearman,0.4531628585686449,0.42463281550120213,0.4798998119270053,201,163,2000,wild-type family at 50% identity,20260925,results/R5/local_context_20260923/20260923233257_e429ce7f31e4/lcgp_admission/local_context_measurement.json,6d18d2f40c99e6c969121d0806794c8dd4017af4ef3bc344093e7014b160447e,summaries.prollama/20260925.C_P_spearman
proteinglm-7b-clm,increment_M_C_P_wall,0.023404844065777024,0.017247317511607477,0.02960767128873713,201,163,2000,wild-type family at 50% identity,20260923,results/R5/local_context_20260923/20260923233257_e429ce7f31e4/lcgp_admission/local_context_measurement.json,6d18d2f40c99e6c969121d0806794c8dd4017af4ef3bc344093e7014b160447e,summaries.proteinglm-7b-clm/20260923.increment_M_C_P_wall
proteinglm-7b-clm,increment_R_C_P_wall,0.0296830267913903,0.019069563007447214,0.04071993053789626,201,163,2000,wild-type family at 50% identity,20260923,results/R5/local_context_20260923/20260923233257_e429ce7f31e4/lcgp_admission/local_context_measurement.json,6d18d2f40c99e6c969121d0806794c8dd4017af4ef3bc344093e7014b160447e,summaries.proteinglm-7b-clm/20260923.increment_R_C_P_wall
proteinglm-7b-clm,C_P_wall_spearman,0.47954850909466296,0.4497565649787081,0.5076970887484331,201,163,2000,wild-type family at 50% identity,20260923,results/R5/local_context_20260923/20260923233257_e429ce7f31e4/lcgp_admission/local_context_measurement.json,6d18d2f40c99e6c969121d0806794c8dd4017af4ef3bc344093e7014b160447e,summaries.proteinglm-7b-clm/20260923.C_P_wall_spearman
proteinglm-7b-clm,C_P_spearman,0.4465876059906235,0.41803174424855116,0.4732575598326267,201,163,2000,wild-type family at 50% identity,20260923,results/R5/local_context_20260923/20260923233257_e429ce7f31e4/lcgp_admission/local_context_measurement.json,6d18d2f40c99e6c969121d0806794c8dd4017af4ef3bc344093e7014b160447e,summaries.proteinglm-7b-clm/20260923.C_P_spearman
proteinglm-7b-clm,increment_M_C_P_wall,0.02445036580019335,0.01845866337272097,0.030706080049623056,201,163,2000,wild-type family at 50% identity,20260924,results/R5/local_context_20260923/20260923233257_e429ce7f31e4/lcgp_admission/local_context_measurement.json,6d18d2f40c99e6c969121d0806794c8dd4017af4ef3bc344093e7014b160447e,summaries.proteinglm-7b-clm/20260924.increment_M_C_P_wall
proteinglm-7b-clm,increment_R_C_P_wall,0.03033178203632226,0.020233544289579013,0.04062733501256443,201,163,2000,wild-type family at 50% identity,20260924,results/R5/local_context_20260923/20260923233257_e429ce7f31e4/lcgp_admission/local_context_measurement.json,6d18d2f40c99e6c969121d0806794c8dd4017af4ef3bc344093e7014b160447e,summaries.proteinglm-7b-clm/20260924.increment_R_C_P_wall
proteinglm-7b-clm,C_P_wall_spearman,0.47905916047942815,0.4494974452395906,0.5075871235938527,201,163,2000,wild-type family at 50% identity,20260924,results/R5/local_context_20260923/20260923233257_e429ce7f31e4/lcgp_admission/local_context_measurement.json,6d18d2f40c99e6c969121d0806794c8dd4017af4ef3bc344093e7014b160447e,summaries.proteinglm-7b-clm/20260924.C_P_wall_spearman
proteinglm-7b-clm,C_P_spearman,0.4458955452485646,0.4183243516229816,0.4722185494227307,201,163,2000,wild-type family at 50% identity,20260924,results/R5/local_context_20260923/20260923233257_e429ce7f31e4/lcgp_admission/local_context_measurement.json,6d18d2f40c99e6c969121d0806794c8dd4017af4ef3bc344093e7014b160447e,summaries.proteinglm-7b-clm/20260924.C_P_spearman
proteinglm-7b-clm,increment_M_C_P_wall,0.023583788608997045,0.016889601675602006,0.030372699436875462,201,163,2000,wild-type family at 50% identity,20260925,results/R5/local_context_20260923/20260923233257_e429ce7f31e4/lcgp_admission/local_context_measurement.json,6d18d2f40c99e6c969121d0806794c8dd4017af4ef3bc344093e7014b160447e,summaries.proteinglm-7b-clm/20260925.increment_M_C_P_wall
proteinglm-7b-clm,increment_R_C_P_wall,0.02605242142909114,0.016047310226690085,0.03648811079656896,201,163,2000,wild-type family at 50% identity,20260925,results/R5/local_context_20260923/20260923233257_e429ce7f31e4/lcgp_admission/local_context_measurement.json,6d18d2f40c99e6c969121d0806794c8dd4017af4ef3bc344093e7014b160447e,summaries.proteinglm-7b-clm/20260925.increment_R_C_P_wall
proteinglm-7b-clm,C_P_wall_spearman,0.4828971724708546,0.4529562865997285,0.5117280346278283,201,163,2000,wild-type family at 50% identity,20260925,results/R5/local_context_20260923/20260923233257_e429ce7f31e4/lcgp_admission/local_context_measurement.json,6d18d2f40c99e6c969121d0806794c8dd4017af4ef3bc344093e7014b160447e,summaries.proteinglm-7b-clm/20260925.C_P_wall_spearman
proteinglm-7b-clm,C_P_spearman,0.4531628585686449,0.42463281550120213,0.4798998119270053,201,163,2000,wild-type family at 50% identity,20260925,results/R5/local_context_20260923/20260923233257_e429ce7f31e4/lcgp_admission/local_context_measurement.json,6d18d2f40c99e6c969121d0806794c8dd4017af4ef3bc344093e7014b160447e,summaries.proteinglm-7b-clm/20260925.C_P_spearman
protgpt2,increment_M_C_P_wall,0.014771548231508762,0.010009883874022426,0.01950870756312132,201,163,2000,wild-type family at 50% identity,20260923,results/R5/local_context_20260923/20260923233257_e429ce7f31e4/lcgp_admission/local_context_measurement.json,6d18d2f40c99e6c969121d0806794c8dd4017af4ef3bc344093e7014b160447e,summaries.protgpt2/20260923.increment_M_C_P_wall
protgpt2,increment_R_C_P_wall,0.014314132253813753,0.004989047117471808,0.02370830334792881,201,163,2000,wild-type family at 50% identity,20260923,results/R5/local_context_20260923/20260923233257_e429ce7f31e4/lcgp_admission/local_context_measurement.json,6d18d2f40c99e6c969121d0806794c8dd4017af4ef3bc344093e7014b160447e,summaries.protgpt2/20260923.increment_R_C_P_wall
protgpt2,C_P_wall_spearman,0.47954850909466296,0.4497565649787081,0.5076970887484331,201,163,2000,wild-type family at 50% identity,20260923,results/R5/local_context_20260923/20260923233257_e429ce7f31e4/lcgp_admission/local_context_measurement.json,6d18d2f40c99e6c969121d0806794c8dd4017af4ef3bc344093e7014b160447e,summaries.protgpt2/20260923.C_P_wall_spearman
protgpt2,C_P_spearman,0.4465876059906235,0.41803174424855116,0.4732575598326267,201,163,2000,wild-type family at 50% identity,20260923,results/R5/local_context_20260923/20260923233257_e429ce7f31e4/lcgp_admission/local_context_measurement.json,6d18d2f40c99e6c969121d0806794c8dd4017af4ef3bc344093e7014b160447e,summaries.protgpt2/20260923.C_P_spearman
protgpt2,increment_M_C_P_wall,0.015528064085354397,0.010990823093160879,0.020129779663632854,201,163,2000,wild-type family at 50% identity,20260924,results/R5/local_context_20260923/20260923233257_e429ce7f31e4/lcgp_admission/local_context_measurement.json,6d18d2f40c99e6c969121d0806794c8dd4017af4ef3bc344093e7014b160447e,summaries.protgpt2/20260924.increment_M_C_P_wall
protgpt2,increment_R_C_P_wall,0.010756588470837682,0.0016940803857991471,0.019606414769718746,201,163,2000,wild-type family at 50% identity,20260924,results/R5/local_context_20260923/20260923233257_e429ce7f31e4/lcgp_admission/local_context_measurement.json,6d18d2f40c99e6c969121d0806794c8dd4017af4ef3bc344093e7014b160447e,summaries.protgpt2/20260924.increment_R_C_P_wall
protgpt2,C_P_wall_spearman,0.47905916047942815,0.4494974452395906,0.5075871235938527,201,163,2000,wild-type family at 50% identity,20260924,results/R5/local_context_20260923/20260923233257_e429ce7f31e4/lcgp_admission/local_context_measurement.json,6d18d2f40c99e6c969121d0806794c8dd4017af4ef3bc344093e7014b160447e,summaries.protgpt2/20260924.C_P_wall_spearman
protgpt2,C_P_spearman,0.4458955452485646,0.4183243516229816,0.4722185494227307,201,163,2000,wild-type family at 50% identity,20260924,results/R5/local_context_20260923/20260923233257_e429ce7f31e4/lcgp_admission/local_context_measurement.json,6d18d2f40c99e6c969121d0806794c8dd4017af4ef3bc344093e7014b160447e,summaries.protgpt2/20260924.C_P_spearman
protgpt2,increment_M_C_P_wall,0.015696990851817916,0.010539986246887205,0.021031248774918767,201,163,2000,wild-type family at 50% identity,20260925,results/R5/local_context_20260923/20260923233257_e429ce7f31e4/lcgp_admission/local_context_measurement.json,6d18d2f40c99e6c969121d0806794c8dd4017af4ef3bc344093e7014b160447e,summaries.protgpt2/20260925.increment_M_C_P_wall
protgpt2,increment_R_C_P_wall,0.00752395443244249,-0.002547823523551044,0.017624444177950012,201,163,2000,wild-type family at 50% identity,20260925,results/R5/local_context_20260923/20260923233257_e429ce7f31e4/lcgp_admission/local_context_measurement.json,6d18d2f40c99e6c969121d0806794c8dd4017af4ef3bc344093e7014b160447e,summaries.protgpt2/20260925.increment_R_C_P_wall
protgpt2,C_P_wall_spearman,0.4828971724708546,0.4529562865997285,0.5117280346278283,201,163,2000,wild-type family at 50% identity,20260925,results/R5/local_context_20260923/20260923233257_e429ce7f31e4/lcgp_admission/local_context_measurement.json,6d18d2f40c99e6c969121d0806794c8dd4017af4ef3bc344093e7014b160447e,summaries.protgpt2/20260925.C_P_wall_spearman
protgpt2,C_P_spearman,0.4531628585686449,0.42463281550120213,0.4798998119270053,201,163,2000,wild-type family at 50% identity,20260925,results/R5/local_context_20260923/20260923233257_e429ce7f31e4/lcgp_admission/local_context_measurement.json,6d18d2f40c99e6c969121d0806794c8dd4017af4ef3bc344093e7014b160447e,summaries.protgpt2/20260925.C_P_spearman
protgpt3-1.3b,increment_M_C_P_wall,0.01055535200314483,0.006369850020184714,0.014711206294961742,201,163,2000,wild-type family at 50% identity,20260923,results/R5/local_context_20260923/20260923233257_e429ce7f31e4/lcgp_admission/local_context_measurement.json,6d18d2f40c99e6c969121d0806794c8dd4017af4ef3bc344093e7014b160447e,summaries.protgpt3-1.3b/20260923.increment_M_C_P_wall
protgpt3-1.3b,increment_R_C_P_wall,0.007507293403422976,-0.0021464516100511057,0.016726954240527028,201,163,2000,wild-type family at 50% identity,20260923,results/R5/local_context_20260923/20260923233257_e429ce7f31e4/lcgp_admission/local_context_measurement.json,6d18d2f40c99e6c969121d0806794c8dd4017af4ef3bc344093e7014b160447e,summaries.protgpt3-1.3b/20260923.increment_R_C_P_wall
protgpt3-1.3b,C_P_wall_spearman,0.47954850909466296,0.4497565649787081,0.5076970887484331,201,163,2000,wild-type family at 50% identity,20260923,results/R5/local_context_20260923/20260923233257_e429ce7f31e4/lcgp_admission/local_context_measurement.json,6d18d2f40c99e6c969121d0806794c8dd4017af4ef3bc344093e7014b160447e,summaries.protgpt3-1.3b/20260923.C_P_wall_spearman
protgpt3-1.3b,C_P_spearman,0.4465876059906235,0.41803174424855116,0.4732575598326267,201,163,2000,wild-type family at 50% identity,20260923,results/R5/local_context_20260923/20260923233257_e429ce7f31e4/lcgp_admission/local_context_measurement.json,6d18d2f40c99e6c969121d0806794c8dd4017af4ef3bc344093e7014b160447e,summaries.protgpt3-1.3b/20260923.C_P_spearman
protgpt3-1.3b,increment_M_C_P_wall,0.010847287458988468,0.006564487911985216,0.015094945975779877,201,163,2000,wild-type family at 50% identity,20260924,results/R5/local_context_20260923/20260923233257_e429ce7f31e4/lcgp_admission/local_context_measurement.json,6d18d2f40c99e6c969121d0806794c8dd4017af4ef3bc344093e7014b160447e,summaries.protgpt3-1.3b/20260924.increment_M_C_P_wall
protgpt3-1.3b,increment_R_C_P_wall,0.00558975501550911,-0.003643479568633074,0.014444517793021014,201,163,2000,wild-type family at 50% identity,20260924,results/R5/local_context_20260923/20260923233257_e429ce7f31e4/lcgp_admission/local_context_measurement.json,6d18d2f40c99e6c969121d0806794c8dd4017af4ef3bc344093e7014b160447e,summaries.protgpt3-1.3b/20260924.increment_R_C_P_wall
protgpt3-1.3b,C_P_wall_spearman,0.47905916047942815,0.4494974452395906,0.5075871235938527,201,163,2000,wild-type family at 50% identity,20260924,results/R5/local_context_20260923/20260923233257_e429ce7f31e4/lcgp_admission/local_context_measurement.json,6d18d2f40c99e6c969121d0806794c8dd4017af4ef3bc344093e7014b160447e,summaries.protgpt3-1.3b/20260924.C_P_wall_spearman
protgpt3-1.3b,C_P_spearman,0.4458955452485646,0.4183243516229816,0.4722185494227307,201,163,2000,wild-type family at 50% identity,20260924,results/R5/local_context_20260923/20260923233257_e429ce7f31e4/lcgp_admission/local_context_measurement.json,6d18d2f40c99e6c969121d0806794c8dd4017af4ef3bc344093e7014b160447e,summaries.protgpt3-1.3b/20260924.C_P_spearman
protgpt3-1.3b,increment_M_C_P_wall,0.01152954347494466,0.007416200402850746,0.015639842907277574,201,163,2000,wild-type family at 50% identity,20260925,results/R5/local_context_20260923/20260923233257_e429ce7f31e4/lcgp_admission/local_context_measurement.json,6d18d2f40c99e6c969121d0806794c8dd4017af4ef3bc344093e7014b160447e,summaries.protgpt3-1.3b/20260925.increment_M_C_P_wall
protgpt3-1.3b,increment_R_C_P_wall,0.009609658811089196,-0.0011307149340959541,0.019936776060166386,201,163,2000,wild-type family at 50% identity,20260925,results/R5/local_context_20260923/20260923233257_e429ce7f31e4/lcgp_admission/local_context_measurement.json,6d18d2f40c99e6c969121d0806794c8dd4017af4ef3bc344093e7014b160447e,summaries.protgpt3-1.3b/20260925.increment_R_C_P_wall
protgpt3-1.3b,C_P_wall_spearman,0.4828971724708546,0.4529562865997285,0.5117280346278283,201,163,2000,wild-type family at 50% identity,20260925,results/R5/local_context_20260923/20260923233257_e429ce7f31e4/lcgp_admission/local_context_measurement.json,6d18d2f40c99e6c969121d0806794c8dd4017af4ef3bc344093e7014b160447e,summaries.protgpt3-1.3b/20260925.C_P_wall_spearman
protgpt3-1.3b,C_P_spearman,0.4531628585686449,0.42463281550120213,0.4798998119270053,201,163,2000,wild-type family at 50% identity,20260925,results/R5/local_context_20260923/20260923233257_e429ce7f31e4/lcgp_admission/local_context_measurement.json,6d18d2f40c99e6c969121d0806794c8dd4017af4ef3bc344093e7014b160447e,summaries.protgpt3-1.3b/20260925.C_P_spearman
qwen2.5-0.5b-instruct,increment_M_C_P_wall,-0.00016797499550873202,-0.0003855895577502638,5.1829349462906775e-05,201,163,2000,wild-type family at 50% identity,20260923,results/R5/local_context_20260923/20260923233257_e429ce7f31e4/lcgp_admission/local_context_measurement.json,6d18d2f40c99e6c969121d0806794c8dd4017af4ef3bc344093e7014b160447e,summaries.qwen2.5-0.5b-instruct/20260923.increment_M_C_P_wall
qwen2.5-0.5b-instruct,increment_R_C_P_wall,-0.009287645343943768,-0.016842552267703564,-0.002783043724619465,201,163,2000,wild-type family at 50% identity,20260923,results/R5/local_context_20260923/20260923233257_e429ce7f31e4/lcgp_admission/local_context_measurement.json,6d18d2f40c99e6c969121d0806794c8dd4017af4ef3bc344093e7014b160447e,summaries.qwen2.5-0.5b-instruct/20260923.increment_R_C_P_wall
qwen2.5-0.5b-instruct,C_P_wall_spearman,0.47954850909466296,0.4497565649787081,0.5076970887484331,201,163,2000,wild-type family at 50% identity,20260923,results/R5/local_context_20260923/20260923233257_e429ce7f31e4/lcgp_admission/local_context_measurement.json,6d18d2f40c99e6c969121d0806794c8dd4017af4ef3bc344093e7014b160447e,summaries.qwen2.5-0.5b-instruct/20260923.C_P_wall_spearman
qwen2.5-0.5b-instruct,C_P_spearman,0.4465876059906235,0.41803174424855116,0.4732575598326267,201,163,2000,wild-type family at 50% identity,20260923,results/R5/local_context_20260923/20260923233257_e429ce7f31e4/lcgp_admission/local_context_measurement.json,6d18d2f40c99e6c969121d0806794c8dd4017af4ef3bc344093e7014b160447e,summaries.qwen2.5-0.5b-instruct/20260923.C_P_spearman
qwen2.5-0.5b-instruct,increment_M_C_P_wall,-4.091859868575516e-05,-0.00023484869857780816,0.00015664779627410638,201,163,2000,wild-type family at 50% identity,20260924,results/R5/local_context_20260923/20260923233257_e429ce7f31e4/lcgp_admission/local_context_measurement.json,6d18d2f40c99e6c969121d0806794c8dd4017af4ef3bc344093e7014b160447e,summaries.qwen2.5-0.5b-instruct/20260924.increment_M_C_P_wall
qwen2.5-0.5b-instruct,increment_R_C_P_wall,-0.010174919222419847,-0.016862553967935835,-0.004310067729840376,201,163,2000,wild-type family at 50% identity,20260924,results/R5/local_context_20260923/20260923233257_e429ce7f31e4/lcgp_admission/local_context_measurement.json,6d18d2f40c99e6c969121d0806794c8dd4017af4ef3bc344093e7014b160447e,summaries.qwen2.5-0.5b-instruct/20260924.increment_R_C_P_wall
qwen2.5-0.5b-instruct,C_P_wall_spearman,0.47905916047942815,0.4494974452395906,0.5075871235938527,201,163,2000,wild-type family at 50% identity,20260924,results/R5/local_context_20260923/20260923233257_e429ce7f31e4/lcgp_admission/local_context_measurement.json,6d18d2f40c99e6c969121d0806794c8dd4017af4ef3bc344093e7014b160447e,summaries.qwen2.5-0.5b-instruct/20260924.C_P_wall_spearman
qwen2.5-0.5b-instruct,C_P_spearman,0.4458955452485646,0.4183243516229816,0.4722185494227307,201,163,2000,wild-type family at 50% identity,20260924,results/R5/local_context_20260923/20260923233257_e429ce7f31e4/lcgp_admission/local_context_measurement.json,6d18d2f40c99e6c969121d0806794c8dd4017af4ef3bc344093e7014b160447e,summaries.qwen2.5-0.5b-instruct/20260924.C_P_spearman
qwen2.5-0.5b-instruct,increment_M_C_P_wall,1.8755485606558043e-05,-0.00018916498081892697,0.00023611227815025586,201,163,2000,wild-type family at 50% identity,20260925,results/R5/local_context_20260923/20260923233257_e429ce7f31e4/lcgp_admission/local_context_measurement.json,6d18d2f40c99e6c969121d0806794c8dd4017af4ef3bc344093e7014b160447e,summaries.qwen2.5-0.5b-instruct/20260925.increment_M_C_P_wall
qwen2.5-0.5b-instruct,increment_R_C_P_wall,-0.014609936697641714,-0.023684576075003343,-0.007267421282528602,201,163,2000,wild-type family at 50% identity,20260925,results/R5/local_context_20260923/20260923233257_e429ce7f31e4/lcgp_admission/local_context_measurement.json,6d18d2f40c99e6c969121d0806794c8dd4017af4ef3bc344093e7014b160447e,summaries.qwen2.5-0.5b-instruct/20260925.increment_R_C_P_wall
qwen2.5-0.5b-instruct,C_P_wall_spearman,0.4828971724708546,0.4529562865997285,0.5117280346278283,201,163,2000,wild-type family at 50% identity,20260925,results/R5/local_context_20260923/20260923233257_e429ce7f31e4/lcgp_admission/local_context_measurement.json,6d18d2f40c99e6c969121d0806794c8dd4017af4ef3bc344093e7014b160447e,summaries.qwen2.5-0.5b-instruct/20260925.C_P_wall_spearman
qwen2.5-0.5b-instruct,C_P_spearman,0.4531628585686449,0.42463281550120213,0.4798998119270053,201,163,2000,wild-type family at 50% identity,20260925,results/R5/local_context_20260923/20260923233257_e429ce7f31e4/lcgp_admission/local_context_measurement.json,6d18d2f40c99e6c969121d0806794c8dd4017af4ef3bc344093e7014b160447e,summaries.qwen2.5-0.5b-instruct/20260925.C_P_spearman
qwen2.5-0.5b,increment_M_C_P_wall,3.620440752208367e-05,-0.00032746281847593654,0.00037686413115560366,201,163,2000,wild-type family at 50% identity,20260923,results/R5/local_context_20260923/20260923233257_e429ce7f31e4/lcgp_admission/local_context_measurement.json,6d18d2f40c99e6c969121d0806794c8dd4017af4ef3bc344093e7014b160447e,summaries.qwen2.5-0.5b/20260923.increment_M_C_P_wall
qwen2.5-0.5b,increment_R_C_P_wall,-0.008161952760321854,-0.014994235142380958,-0.0019255953265622475,201,163,2000,wild-type family at 50% identity,20260923,results/R5/local_context_20260923/20260923233257_e429ce7f31e4/lcgp_admission/local_context_measurement.json,6d18d2f40c99e6c969121d0806794c8dd4017af4ef3bc344093e7014b160447e,summaries.qwen2.5-0.5b/20260923.increment_R_C_P_wall
qwen2.5-0.5b,C_P_wall_spearman,0.47954850909466296,0.4497565649787081,0.5076970887484331,201,163,2000,wild-type family at 50% identity,20260923,results/R5/local_context_20260923/20260923233257_e429ce7f31e4/lcgp_admission/local_context_measurement.json,6d18d2f40c99e6c969121d0806794c8dd4017af4ef3bc344093e7014b160447e,summaries.qwen2.5-0.5b/20260923.C_P_wall_spearman
qwen2.5-0.5b,C_P_spearman,0.4465876059906235,0.41803174424855116,0.4732575598326267,201,163,2000,wild-type family at 50% identity,20260923,results/R5/local_context_20260923/20260923233257_e429ce7f31e4/lcgp_admission/local_context_measurement.json,6d18d2f40c99e6c969121d0806794c8dd4017af4ef3bc344093e7014b160447e,summaries.qwen2.5-0.5b/20260923.C_P_spearman
qwen2.5-0.5b,increment_M_C_P_wall,-8.493960295777484e-06,-0.00032034872628967757,0.0002965060354355076,201,163,2000,wild-type family at 50% identity,20260924,results/R5/local_context_20260923/20260923233257_e429ce7f31e4/lcgp_admission/local_context_measurement.json,6d18d2f40c99e6c969121d0806794c8dd4017af4ef3bc344093e7014b160447e,summaries.qwen2.5-0.5b/20260924.increment_M_C_P_wall
qwen2.5-0.5b,increment_R_C_P_wall,-0.0071919672428489454,-0.013193594259385244,-0.0017496250008902498,201,163,2000,wild-type family at 50% identity,20260924,results/R5/local_context_20260923/20260923233257_e429ce7f31e4/lcgp_admission/local_context_measurement.json,6d18d2f40c99e6c969121d0806794c8dd4017af4ef3bc344093e7014b160447e,summaries.qwen2.5-0.5b/20260924.increment_R_C_P_wall
qwen2.5-0.5b,C_P_wall_spearman,0.47905916047942815,0.4494974452395906,0.5075871235938527,201,163,2000,wild-type family at 50% identity,20260924,results/R5/local_context_20260923/20260923233257_e429ce7f31e4/lcgp_admission/local_context_measurement.json,6d18d2f40c99e6c969121d0806794c8dd4017af4ef3bc344093e7014b160447e,summaries.qwen2.5-0.5b/20260924.C_P_wall_spearman
qwen2.5-0.5b,C_P_spearman,0.4458955452485646,0.4183243516229816,0.4722185494227307,201,163,2000,wild-type family at 50% identity,20260924,results/R5/local_context_20260923/20260923233257_e429ce7f31e4/lcgp_admission/local_context_measurement.json,6d18d2f40c99e6c969121d0806794c8dd4017af4ef3bc344093e7014b160447e,summaries.qwen2.5-0.5b/20260924.C_P_spearman
qwen2.5-0.5b,increment_M_C_P_wall,9.492693902398412e-05,-0.00023360284400985427,0.0003977049001114888,201,163,2000,wild-type family at 50% identity,20260925,results/R5/local_context_20260923/20260923233257_e429ce7f31e4/lcgp_admission/local_context_measurement.json,6d18d2f40c99e6c969121d0806794c8dd4017af4ef3bc344093e7014b160447e,summaries.qwen2.5-0.5b/20260925.increment_M_C_P_wall
qwen2.5-0.5b,increment_R_C_P_wall,-0.013108310151727032,-0.021321208408587554,-0.0060875502990309464,201,163,2000,wild-type family at 50% identity,20260925,results/R5/local_context_20260923/20260923233257_e429ce7f31e4/lcgp_admission/local_context_measurement.json,6d18d2f40c99e6c969121d0806794c8dd4017af4ef3bc344093e7014b160447e,summaries.qwen2.5-0.5b/20260925.increment_R_C_P_wall
qwen2.5-0.5b,C_P_wall_spearman,0.4828971724708546,0.4529562865997285,0.5117280346278283,201,163,2000,wild-type family at 50% identity,20260925,results/R5/local_context_20260923/20260923233257_e429ce7f31e4/lcgp_admission/local_context_measurement.json,6d18d2f40c99e6c969121d0806794c8dd4017af4ef3bc344093e7014b160447e,summaries.qwen2.5-0.5b/20260925.C_P_wall_spearman
qwen2.5-0.5b,C_P_spearman,0.4531628585686449,0.42463281550120213,0.4798998119270053,201,163,2000,wild-type family at 50% identity,20260925,results/R5/local_context_20260923/20260923233257_e429ce7f31e4/lcgp_admission/local_context_measurement.json,6d18d2f40c99e6c969121d0806794c8dd4017af4ef3bc344093e7014b160447e,summaries.qwen2.5-0.5b/20260925.C_P_spearman
qwen2.5-32b,increment_M_C_P_wall,6.493002168204824e-05,-0.00023347199160276928,0.0003800861556591494,201,163,2000,wild-type family at 50% identity,20260923,results/R5/local_context_20260923/20260923233257_e429ce7f31e4/lcgp_admission/local_context_measurement.json,6d18d2f40c99e6c969121d0806794c8dd4017af4ef3bc344093e7014b160447e,summaries.qwen2.5-32b/20260923.increment_M_C_P_wall
qwen2.5-32b,increment_R_C_P_wall,-0.0002714296201833879,-0.008245907766229276,0.007736125426163971,201,163,2000,wild-type family at 50% identity,20260923,results/R5/local_context_20260923/20260923233257_e429ce7f31e4/lcgp_admission/local_context_measurement.json,6d18d2f40c99e6c969121d0806794c8dd4017af4ef3bc344093e7014b160447e,summaries.qwen2.5-32b/20260923.increment_R_C_P_wall
qwen2.5-32b,C_P_wall_spearman,0.47954850909466296,0.4497565649787081,0.5076970887484331,201,163,2000,wild-type family at 50% identity,20260923,results/R5/local_context_20260923/20260923233257_e429ce7f31e4/lcgp_admission/local_context_measurement.json,6d18d2f40c99e6c969121d0806794c8dd4017af4ef3bc344093e7014b160447e,summaries.qwen2.5-32b/20260923.C_P_wall_spearman
qwen2.5-32b,C_P_spearman,0.4465876059906235,0.41803174424855116,0.4732575598326267,201,163,2000,wild-type family at 50% identity,20260923,results/R5/local_context_20260923/20260923233257_e429ce7f31e4/lcgp_admission/local_context_measurement.json,6d18d2f40c99e6c969121d0806794c8dd4017af4ef3bc344093e7014b160447e,summaries.qwen2.5-32b/20260923.C_P_spearman
qwen2.5-32b,increment_M_C_P_wall,0.00037062116949583963,8.088201417216212e-05,0.0006579864078840725,201,163,2000,wild-type family at 50% identity,20260924,results/R5/local_context_20260923/20260923233257_e429ce7f31e4/lcgp_admission/local_context_measurement.json,6d18d2f40c99e6c969121d0806794c8dd4017af4ef3bc344093e7014b160447e,summaries.qwen2.5-32b/20260924.increment_M_C_P_wall
qwen2.5-32b,increment_R_C_P_wall,-0.005455670233908347,-0.013310683924441775,0.0017094936197282959,201,163,2000,wild-type family at 50% identity,20260924,results/R5/local_context_20260923/20260923233257_e429ce7f31e4/lcgp_admission/local_context_measurement.json,6d18d2f40c99e6c969121d0806794c8dd4017af4ef3bc344093e7014b160447e,summaries.qwen2.5-32b/20260924.increment_R_C_P_wall
qwen2.5-32b,C_P_wall_spearman,0.47905916047942815,0.4494974452395906,0.5075871235938527,201,163,2000,wild-type family at 50% identity,20260924,results/R5/local_context_20260923/20260923233257_e429ce7f31e4/lcgp_admission/local_context_measurement.json,6d18d2f40c99e6c969121d0806794c8dd4017af4ef3bc344093e7014b160447e,summaries.qwen2.5-32b/20260924.C_P_wall_spearman
qwen2.5-32b,C_P_spearman,0.4458955452485646,0.4183243516229816,0.4722185494227307,201,163,2000,wild-type family at 50% identity,20260924,results/R5/local_context_20260923/20260923233257_e429ce7f31e4/lcgp_admission/local_context_measurement.json,6d18d2f40c99e6c969121d0806794c8dd4017af4ef3bc344093e7014b160447e,summaries.qwen2.5-32b/20260924.C_P_spearman
qwen2.5-32b,increment_M_C_P_wall,0.0002682738493911528,-4.736817820072104e-05,0.0005778400875216514,201,163,2000,wild-type family at 50% identity,20260925,results/R5/local_context_20260923/20260923233257_e429ce7f31e4/lcgp_admission/local_context_measurement.json,6d18d2f40c99e6c969121d0806794c8dd4017af4ef3bc344093e7014b160447e,summaries.qwen2.5-32b/20260925.increment_M_C_P_wall
qwen2.5-32b,increment_R_C_P_wall,-0.004473428308616885,-0.01339731439924054,0.003936151449176008,201,163,2000,wild-type family at 50% identity,20260925,results/R5/local_context_20260923/20260923233257_e429ce7f31e4/lcgp_admission/local_context_measurement.json,6d18d2f40c99e6c969121d0806794c8dd4017af4ef3bc344093e7014b160447e,summaries.qwen2.5-32b/20260925.increment_R_C_P_wall
qwen2.5-32b,C_P_wall_spearman,0.4828971724708546,0.4529562865997285,0.5117280346278283,201,163,2000,wild-type family at 50% identity,20260925,results/R5/local_context_20260923/20260923233257_e429ce7f31e4/lcgp_admission/local_context_measurement.json,6d18d2f40c99e6c969121d0806794c8dd4017af4ef3bc344093e7014b160447e,summaries.qwen2.5-32b/20260925.C_P_wall_spearman
qwen2.5-32b,C_P_spearman,0.4531628585686449,0.42463281550120213,0.4798998119270053,201,163,2000,wild-type family at 50% identity,20260925,results/R5/local_context_20260923/20260923233257_e429ce7f31e4/lcgp_admission/local_context_measurement.json,6d18d2f40c99e6c969121d0806794c8dd4017af4ef3bc344093e7014b160447e,summaries.qwen2.5-32b/20260925.C_P_spearman
qwen2.5-7b,increment_M_C_P_wall,-0.0001775443018464615,-0.0005154097986922395,0.00014816116989024728,201,163,2000,wild-type family at 50% identity,20260923,results/R5/local_context_20260923/20260923233257_e429ce7f31e4/lcgp_admission/local_context_measurement.json,6d18d2f40c99e6c969121d0806794c8dd4017af4ef3bc344093e7014b160447e,summaries.qwen2.5-7b/20260923.increment_M_C_P_wall
qwen2.5-7b,increment_R_C_P_wall,-0.006379681288825575,-0.01351218144434814,0.00041400382471057823,201,163,2000,wild-type family at 50% identity,20260923,results/R5/local_context_20260923/20260923233257_e429ce7f31e4/lcgp_admission/local_context_measurement.json,6d18d2f40c99e6c969121d0806794c8dd4017af4ef3bc344093e7014b160447e,summaries.qwen2.5-7b/20260923.increment_R_C_P_wall
qwen2.5-7b,C_P_wall_spearman,0.47954850909466296,0.4497565649787081,0.5076970887484331,201,163,2000,wild-type family at 50% identity,20260923,results/R5/local_context_20260923/20260923233257_e429ce7f31e4/lcgp_admission/local_context_measurement.json,6d18d2f40c99e6c969121d0806794c8dd4017af4ef3bc344093e7014b160447e,summaries.qwen2.5-7b/20260923.C_P_wall_spearman
qwen2.5-7b,C_P_spearman,0.4465876059906235,0.41803174424855116,0.4732575598326267,201,163,2000,wild-type family at 50% identity,20260923,results/R5/local_context_20260923/20260923233257_e429ce7f31e4/lcgp_admission/local_context_measurement.json,6d18d2f40c99e6c969121d0806794c8dd4017af4ef3bc344093e7014b160447e,summaries.qwen2.5-7b/20260923.C_P_spearman
qwen2.5-7b,increment_M_C_P_wall,4.033000275030041e-05,-0.0002768127386251061,0.00035168056187349423,201,163,2000,wild-type family at 50% identity,20260924,results/R5/local_context_20260923/20260923233257_e429ce7f31e4/lcgp_admission/local_context_measurement.json,6d18d2f40c99e6c969121d0806794c8dd4017af4ef3bc344093e7014b160447e,summaries.qwen2.5-7b/20260924.increment_M_C_P_wall
qwen2.5-7b,increment_R_C_P_wall,-0.006563560293841436,-0.012996296049140989,-0.0005050107772619183,201,163,2000,wild-type family at 50% identity,20260924,results/R5/local_context_20260923/20260923233257_e429ce7f31e4/lcgp_admission/local_context_measurement.json,6d18d2f40c99e6c969121d0806794c8dd4017af4ef3bc344093e7014b160447e,summaries.qwen2.5-7b/20260924.increment_R_C_P_wall
qwen2.5-7b,C_P_wall_spearman,0.47905916047942815,0.4494974452395906,0.5075871235938527,201,163,2000,wild-type family at 50% identity,20260924,results/R5/local_context_20260923/20260923233257_e429ce7f31e4/lcgp_admission/local_context_measurement.json,6d18d2f40c99e6c969121d0806794c8dd4017af4ef3bc344093e7014b160447e,summaries.qwen2.5-7b/20260924.C_P_wall_spearman
qwen2.5-7b,C_P_spearman,0.4458955452485646,0.4183243516229816,0.4722185494227307,201,163,2000,wild-type family at 50% identity,20260924,results/R5/local_context_20260923/20260923233257_e429ce7f31e4/lcgp_admission/local_context_measurement.json,6d18d2f40c99e6c969121d0806794c8dd4017af4ef3bc344093e7014b160447e,summaries.qwen2.5-7b/20260924.C_P_spearman
qwen2.5-7b,increment_M_C_P_wall,-5.373668093134804e-05,-0.00033482768540457,0.00020826900897403548,201,163,2000,wild-type family at 50% identity,20260925,results/R5/local_context_20260923/20260923233257_e429ce7f31e4/lcgp_admission/local_context_measurement.json,6d18d2f40c99e6c969121d0806794c8dd4017af4ef3bc344093e7014b160447e,summaries.qwen2.5-7b/20260925.increment_M_C_P_wall
qwen2.5-7b,increment_R_C_P_wall,-0.009985133193925678,-0.017617247239187773,-0.0028647147929771635,201,163,2000,wild-type family at 50% identity,20260925,results/R5/local_context_20260923/20260923233257_e429ce7f31e4/lcgp_admission/local_context_measurement.json,6d18d2f40c99e6c969121d0806794c8dd4017af4ef3bc344093e7014b160447e,summaries.qwen2.5-7b/20260925.increment_R_C_P_wall
qwen2.5-7b,C_P_wall_spearman,0.4828971724708546,0.4529562865997285,0.5117280346278283,201,163,2000,wild-type family at 50% identity,20260925,results/R5/local_context_20260923/20260923233257_e429ce7f31e4/lcgp_admission/local_context_measurement.json,6d18d2f40c99e6c969121d0806794c8dd4017af4ef3bc344093e7014b160447e,summaries.qwen2.5-7b/20260925.C_P_wall_spearman
qwen2.5-7b,C_P_spearman,0.4531628585686449,0.42463281550120213,0.4798998119270053,201,163,2000,wild-type family at 50% identity,20260925,results/R5/local_context_20260923/20260923233257_e429ce7f31e4/lcgp_admission/local_context_measurement.json,6d18d2f40c99e6c969121d0806794c8dd4017af4ef3bc344093e7014b160447e,summaries.qwen2.5-7b/20260925.C_P_spearman
qwen3-8b-base,increment_M_C_P_wall,-0.00010897208276861664,-0.00039419500372415,0.0001532620099823983,201,163,2000,wild-type family at 50% identity,20260923,results/R5/local_context_20260923/20260923233257_e429ce7f31e4/lcgp_admission/local_context_measurement.json,6d18d2f40c99e6c969121d0806794c8dd4017af4ef3bc344093e7014b160447e,summaries.qwen3-8b-base/20260923.increment_M_C_P_wall
qwen3-8b-base,increment_R_C_P_wall,-0.008557114338383484,-0.01607375003641199,-0.0017454779609261104,201,163,2000,wild-type family at 50% identity,20260923,results/R5/local_context_20260923/20260923233257_e429ce7f31e4/lcgp_admission/local_context_measurement.json,6d18d2f40c99e6c969121d0806794c8dd4017af4ef3bc344093e7014b160447e,summaries.qwen3-8b-base/20260923.increment_R_C_P_wall
qwen3-8b-base,C_P_wall_spearman,0.47954850909466296,0.4497565649787081,0.5076970887484331,201,163,2000,wild-type family at 50% identity,20260923,results/R5/local_context_20260923/20260923233257_e429ce7f31e4/lcgp_admission/local_context_measurement.json,6d18d2f40c99e6c969121d0806794c8dd4017af4ef3bc344093e7014b160447e,summaries.qwen3-8b-base/20260923.C_P_wall_spearman
qwen3-8b-base,C_P_spearman,0.4465876059906235,0.41803174424855116,0.4732575598326267,201,163,2000,wild-type family at 50% identity,20260923,results/R5/local_context_20260923/20260923233257_e429ce7f31e4/lcgp_admission/local_context_measurement.json,6d18d2f40c99e6c969121d0806794c8dd4017af4ef3bc344093e7014b160447e,summaries.qwen3-8b-base/20260923.C_P_spearman
qwen3-8b-base,increment_M_C_P_wall,-0.00014589427626879092,-0.00043072193272076213,0.00012558009343051468,201,163,2000,wild-type family at 50% identity,20260924,results/R5/local_context_20260923/20260923233257_e429ce7f31e4/lcgp_admission/local_context_measurement.json,6d18d2f40c99e6c969121d0806794c8dd4017af4ef3bc344093e7014b160447e,summaries.qwen3-8b-base/20260924.increment_M_C_P_wall
qwen3-8b-base,increment_R_C_P_wall,-0.012467244818007765,-0.019591969576150635,-0.005704233452671305,201,163,2000,wild-type family at 50% identity,20260924,results/R5/local_context_20260923/20260923233257_e429ce7f31e4/lcgp_admission/local_context_measurement.json,6d18d2f40c99e6c969121d0806794c8dd4017af4ef3bc344093e7014b160447e,summaries.qwen3-8b-base/20260924.increment_R_C_P_wall
qwen3-8b-base,C_P_wall_spearman,0.47905916047942815,0.4494974452395906,0.5075871235938527,201,163,2000,wild-type family at 50% identity,20260924,results/R5/local_context_20260923/20260923233257_e429ce7f31e4/lcgp_admission/local_context_measurement.json,6d18d2f40c99e6c969121d0806794c8dd4017af4ef3bc344093e7014b160447e,summaries.qwen3-8b-base/20260924.C_P_wall_spearman
qwen3-8b-base,C_P_spearman,0.4458955452485646,0.4183243516229816,0.4722185494227307,201,163,2000,wild-type family at 50% identity,20260924,results/R5/local_context_20260923/20260923233257_e429ce7f31e4/lcgp_admission/local_context_measurement.json,6d18d2f40c99e6c969121d0806794c8dd4017af4ef3bc344093e7014b160447e,summaries.qwen3-8b-base/20260924.C_P_spearman
qwen3-8b-base,increment_M_C_P_wall,-9.670318497923743e-05,-0.00039048146979389577,0.0001985587616758296,201,163,2000,wild-type family at 50% identity,20260925,results/R5/local_context_20260923/20260923233257_e429ce7f31e4/lcgp_admission/local_context_measurement.json,6d18d2f40c99e6c969121d0806794c8dd4017af4ef3bc344093e7014b160447e,summaries.qwen3-8b-base/20260925.increment_M_C_P_wall
qwen3-8b-base,increment_R_C_P_wall,-0.01449565583329109,-0.022881624490461567,-0.006523448514881923,201,163,2000,wild-type family at 50% identity,20260925,results/R5/local_context_20260923/20260923233257_e429ce7f31e4/lcgp_admission/local_context_measurement.json,6d18d2f40c99e6c969121d0806794c8dd4017af4ef3bc344093e7014b160447e,summaries.qwen3-8b-base/20260925.increment_R_C_P_wall
qwen3-8b-base,C_P_wall_spearman,0.4828971724708546,0.4529562865997285,0.5117280346278283,201,163,2000,wild-type family at 50% identity,20260925,results/R5/local_context_20260923/20260923233257_e429ce7f31e4/lcgp_admission/local_context_measurement.json,6d18d2f40c99e6c969121d0806794c8dd4017af4ef3bc344093e7014b160447e,summaries.qwen3-8b-base/20260925.C_P_wall_spearman
qwen3-8b-base,C_P_spearman,0.4531628585686449,0.42463281550120213,0.4798998119270053,201,163,2000,wild-type family at 50% identity,20260925,results/R5/local_context_20260923/20260923233257_e429ce7f31e4/lcgp_admission/local_context_measurement.json,6d18d2f40c99e6c969121d0806794c8dd4017af4ef3bc344093e7014b160447e,summaries.qwen3-8b-base/20260925.C_P_spearman
rita-xl,increment_M_C_P_wall,0.01921895729017932,0.013929856426743067,0.024825770131091888,201,163,2000,wild-type family at 50% identity,20260923,results/R5/local_context_20260923/20260923233257_e429ce7f31e4/lcgp_admission/local_context_measurement.json,6d18d2f40c99e6c969121d0806794c8dd4017af4ef3bc344093e7014b160447e,summaries.rita-xl/20260923.increment_M_C_P_wall
rita-xl,increment_R_C_P_wall,0.013991990824459124,0.005508881644476571,0.022988221076118552,201,163,2000,wild-type family at 50% identity,20260923,results/R5/local_context_20260923/20260923233257_e429ce7f31e4/lcgp_admission/local_context_measurement.json,6d18d2f40c99e6c969121d0806794c8dd4017af4ef3bc344093e7014b160447e,summaries.rita-xl/20260923.increment_R_C_P_wall
rita-xl,C_P_wall_spearman,0.47954850909466296,0.4497565649787081,0.5076970887484331,201,163,2000,wild-type family at 50% identity,20260923,results/R5/local_context_20260923/20260923233257_e429ce7f31e4/lcgp_admission/local_context_measurement.json,6d18d2f40c99e6c969121d0806794c8dd4017af4ef3bc344093e7014b160447e,summaries.rita-xl/20260923.C_P_wall_spearman
rita-xl,C_P_spearman,0.4465876059906235,0.41803174424855116,0.4732575598326267,201,163,2000,wild-type family at 50% identity,20260923,results/R5/local_context_20260923/20260923233257_e429ce7f31e4/lcgp_admission/local_context_measurement.json,6d18d2f40c99e6c969121d0806794c8dd4017af4ef3bc344093e7014b160447e,summaries.rita-xl/20260923.C_P_spearman
rita-xl,increment_M_C_P_wall,0.0191956173106218,0.01362639828869736,0.02493587574307242,201,163,2000,wild-type family at 50% identity,20260924,results/R5/local_context_20260923/20260923233257_e429ce7f31e4/lcgp_admission/local_context_measurement.json,6d18d2f40c99e6c969121d0806794c8dd4017af4ef3bc344093e7014b160447e,summaries.rita-xl/20260924.increment_M_C_P_wall
rita-xl,increment_R_C_P_wall,0.011838535322120295,0.003438284441490308,0.02024465618001774,201,163,2000,wild-type family at 50% identity,20260924,results/R5/local_context_20260923/20260923233257_e429ce7f31e4/lcgp_admission/local_context_measurement.json,6d18d2f40c99e6c969121d0806794c8dd4017af4ef3bc344093e7014b160447e,summaries.rita-xl/20260924.increment_R_C_P_wall
rita-xl,C_P_wall_spearman,0.47905916047942815,0.4494974452395906,0.5075871235938527,201,163,2000,wild-type family at 50% identity,20260924,results/R5/local_context_20260923/20260923233257_e429ce7f31e4/lcgp_admission/local_context_measurement.json,6d18d2f40c99e6c969121d0806794c8dd4017af4ef3bc344093e7014b160447e,summaries.rita-xl/20260924.C_P_wall_spearman
rita-xl,C_P_spearman,0.4458955452485646,0.4183243516229816,0.4722185494227307,201,163,2000,wild-type family at 50% identity,20260924,results/R5/local_context_20260923/20260923233257_e429ce7f31e4/lcgp_admission/local_context_measurement.json,6d18d2f40c99e6c969121d0806794c8dd4017af4ef3bc344093e7014b160447e,summaries.rita-xl/20260924.C_P_spearman
rita-xl,increment_M_C_P_wall,0.019346080584116444,0.013319581858851286,0.025646128797473484,201,163,2000,wild-type family at 50% identity,20260925,results/R5/local_context_20260923/20260923233257_e429ce7f31e4/lcgp_admission/local_context_measurement.json,6d18d2f40c99e6c969121d0806794c8dd4017af4ef3bc344093e7014b160447e,summaries.rita-xl/20260925.increment_M_C_P_wall
rita-xl,increment_R_C_P_wall,0.009105236670035294,-0.0004069665480411488,0.018217960221770243,201,163,2000,wild-type family at 50% identity,20260925,results/R5/local_context_20260923/20260923233257_e429ce7f31e4/lcgp_admission/local_context_measurement.json,6d18d2f40c99e6c969121d0806794c8dd4017af4ef3bc344093e7014b160447e,summaries.rita-xl/20260925.increment_R_C_P_wall
rita-xl,C_P_wall_spearman,0.4828971724708546,0.4529562865997285,0.5117280346278283,201,163,2000,wild-type family at 50% identity,20260925,results/R5/local_context_20260923/20260923233257_e429ce7f31e4/lcgp_admission/local_context_measurement.json,6d18d2f40c99e6c969121d0806794c8dd4017af4ef3bc344093e7014b160447e,summaries.rita-xl/20260925.C_P_wall_spearman
rita-xl,C_P_spearman,0.4531628585686449,0.42463281550120213,0.4798998119270053,201,163,2000,wild-type family at 50% identity,20260925,results/R5/local_context_20260923/20260923233257_e429ce7f31e4/lcgp_admission/local_context_measurement.json,6d18d2f40c99e6c969121d0806794c8dd4017af4ef3bc344093e7014b160447e,summaries.rita-xl/20260925.C_P_spearman
